[{"path":"src/main/java/Duke.java","fileType":"java","lines":[{"lineNumber":1,"author":{"gitId":"JayL33z"},"content":"import java.util.Scanner;","lastModifiedDate":"2022-02-20"},{"lineNumber":2,"author":{"gitId":"JayL33z"},"content":"import java.lang.String;","lastModifiedDate":"2022-02-20"},{"lineNumber":3,"author":{"gitId":"JayL33z"},"content":"","lastModifiedDate":"2022-02-20"},{"lineNumber":4,"author":{"gitId":"-"},"content":"public class Duke {","lastModifiedDate":"2019-07-29"},{"lineNumber":5,"author":{"gitId":"-"},"content":"    public static void main(String[] args) {","lastModifiedDate":"2019-07-29"},{"lineNumber":6,"author":{"gitId":"JayL33z"},"content":"        Task[] list \u003d new Task[100];","lastModifiedDate":"2022-02-21"},{"lineNumber":7,"author":{"gitId":"JayL33z"},"content":"        int index \u003d0;","lastModifiedDate":"2022-02-20"},{"lineNumber":8,"author":{"gitId":"JayL33z"},"content":"        Scanner scanner \u003d new Scanner(System.in);","lastModifiedDate":"2022-02-20"},{"lineNumber":9,"author":{"gitId":"JayL33z"},"content":"","lastModifiedDate":"2022-02-20"},{"lineNumber":10,"author":{"gitId":"-"},"content":"        String logo \u003d \" ____        _        \\n\"","lastModifiedDate":"2019-07-29"},{"lineNumber":11,"author":{"gitId":"-"},"content":"                + \"|  _ \\\\ _   _| | _____ \\n\"","lastModifiedDate":"2019-07-29"},{"lineNumber":12,"author":{"gitId":"-"},"content":"                + \"| | | | | | | |/ / _ \\\\\\n\"","lastModifiedDate":"2019-07-29"},{"lineNumber":13,"author":{"gitId":"-"},"content":"                + \"| |_| | |_| |   \u003c  __/\\n\"","lastModifiedDate":"2019-07-29"},{"lineNumber":14,"author":{"gitId":"-"},"content":"                + \"|____/ \\\\__,_|_|\\\\_\\\\___|\\n\";","lastModifiedDate":"2019-07-29"},{"lineNumber":15,"author":{"gitId":"-"},"content":"        System.out.println(\"Hello from\\n\" + logo);","lastModifiedDate":"2019-07-29"},{"lineNumber":16,"author":{"gitId":"JayL33z"},"content":"","lastModifiedDate":"2022-02-20"},{"lineNumber":17,"author":{"gitId":"JayL33z"},"content":"        System.out.println(\"\\t____________________________________________________________\\n\"","lastModifiedDate":"2022-02-20"},{"lineNumber":18,"author":{"gitId":"JayL33z"},"content":"        + \"\\t Hello! I\u0027m Duke\\n\"","lastModifiedDate":"2022-02-20"},{"lineNumber":19,"author":{"gitId":"JayL33z"},"content":"        + \"\\t What can I do for you?\\n\"","lastModifiedDate":"2022-02-20"},{"lineNumber":20,"author":{"gitId":"JayL33z"},"content":"        +\"\\t____________________________________________________________\\n\");","lastModifiedDate":"2022-02-20"},{"lineNumber":21,"author":{"gitId":"JayL33z"},"content":"","lastModifiedDate":"2022-02-20"},{"lineNumber":22,"author":{"gitId":"JayL33z"},"content":"        String input;","lastModifiedDate":"2022-02-20"},{"lineNumber":23,"author":{"gitId":"JayL33z"},"content":"","lastModifiedDate":"2022-02-20"},{"lineNumber":24,"author":{"gitId":"JayL33z"},"content":"        while (true) {","lastModifiedDate":"2022-02-20"},{"lineNumber":25,"author":{"gitId":"JayL33z"},"content":"            input \u003d scanner.nextLine();","lastModifiedDate":"2022-02-20"},{"lineNumber":26,"author":{"gitId":"JayL33z"},"content":"","lastModifiedDate":"2022-02-20"},{"lineNumber":27,"author":{"gitId":"JayL33z"},"content":"            if(input.equals(\"bye\")){","lastModifiedDate":"2022-02-20"},{"lineNumber":28,"author":{"gitId":"JayL33z"},"content":"                break;","lastModifiedDate":"2022-02-20"},{"lineNumber":29,"author":{"gitId":"JayL33z"},"content":"            }","lastModifiedDate":"2022-02-20"},{"lineNumber":30,"author":{"gitId":"JayL33z"},"content":"","lastModifiedDate":"2022-02-21"},{"lineNumber":31,"author":{"gitId":"JayL33z"},"content":"            else if(input.equals(\"list\")){","lastModifiedDate":"2022-02-20"},{"lineNumber":32,"author":{"gitId":"JayL33z"},"content":"","lastModifiedDate":"2022-02-20"},{"lineNumber":33,"author":{"gitId":"JayL33z"},"content":"                System.out.println(\"\\t____________________________________________________________\\n\");","lastModifiedDate":"2022-02-20"},{"lineNumber":34,"author":{"gitId":"JayL33z"},"content":"                System.out.println(\"\\t Here are the tasks in your list:\\n\");","lastModifiedDate":"2022-02-21"},{"lineNumber":35,"author":{"gitId":"JayL33z"},"content":"                for(int i \u003d 0; i \u003c index; i ++){","lastModifiedDate":"2022-02-20"},{"lineNumber":36,"author":{"gitId":"JayL33z"},"content":"                    System.out.println(\"\\t \" + (i+1) + \".[\" + list[i].getStatusIcon() + \"] \" + list[i].getDescription() + \"\\n\");","lastModifiedDate":"2022-02-21"},{"lineNumber":37,"author":{"gitId":"JayL33z"},"content":"                }","lastModifiedDate":"2022-02-21"},{"lineNumber":38,"author":{"gitId":"JayL33z"},"content":"                ","lastModifiedDate":"2022-02-21"},{"lineNumber":39,"author":{"gitId":"JayL33z"},"content":"                System.out.println(\"\\t____________________________________________________________\\n\");","lastModifiedDate":"2022-02-21"},{"lineNumber":40,"author":{"gitId":"JayL33z"},"content":"            }","lastModifiedDate":"2022-02-21"},{"lineNumber":41,"author":{"gitId":"JayL33z"},"content":"","lastModifiedDate":"2022-02-21"},{"lineNumber":42,"author":{"gitId":"JayL33z"},"content":"            else if(input.substring(0, 4).equals(\"mark\")){","lastModifiedDate":"2022-02-21"},{"lineNumber":43,"author":{"gitId":"JayL33z"},"content":"","lastModifiedDate":"2022-02-21"},{"lineNumber":44,"author":{"gitId":"JayL33z"},"content":"                int taskToUpdate \u003d Integer.parseInt(input.substring(5)); //get the task to update","lastModifiedDate":"2022-02-21"},{"lineNumber":45,"author":{"gitId":"JayL33z"},"content":"                list[taskToUpdate - 1].markDone(); //mark the task as done","lastModifiedDate":"2022-02-21"},{"lineNumber":46,"author":{"gitId":"JayL33z"},"content":"","lastModifiedDate":"2022-02-21"},{"lineNumber":47,"author":{"gitId":"JayL33z"},"content":"                System.out.println(\"\\t____________________________________________________________\\n\");","lastModifiedDate":"2022-02-21"},{"lineNumber":48,"author":{"gitId":"JayL33z"},"content":"                System.out.println(\"\\t Nice! I\u0027ve marked this task as done: \\n\");","lastModifiedDate":"2022-02-21"},{"lineNumber":49,"author":{"gitId":"JayL33z"},"content":"                System.out.println(\"\\t \"+ \"[\" + list[taskToUpdate - 1].getStatusIcon() + \"] \" + list[taskToUpdate - 1].getDescription() +\"\\n\");","lastModifiedDate":"2022-02-21"},{"lineNumber":50,"author":{"gitId":"JayL33z"},"content":"                System.out.println(\"\\t____________________________________________________________\\n\");","lastModifiedDate":"2022-02-21"},{"lineNumber":51,"author":{"gitId":"JayL33z"},"content":"                ","lastModifiedDate":"2022-02-21"},{"lineNumber":52,"author":{"gitId":"JayL33z"},"content":"            }","lastModifiedDate":"2022-02-20"},{"lineNumber":53,"author":{"gitId":"JayL33z"},"content":"","lastModifiedDate":"2022-02-20"},{"lineNumber":54,"author":{"gitId":"JayL33z"},"content":"            else if(input.substring(0, 6).equals(\"unmark\")){","lastModifiedDate":"2022-02-21"},{"lineNumber":55,"author":{"gitId":"JayL33z"},"content":"","lastModifiedDate":"2022-02-21"},{"lineNumber":56,"author":{"gitId":"JayL33z"},"content":"                int taskToUpdate \u003d Integer.parseInt(input.substring(7)); //get the task to update","lastModifiedDate":"2022-02-21"},{"lineNumber":57,"author":{"gitId":"JayL33z"},"content":"                list[taskToUpdate - 1].unmarkDone();","lastModifiedDate":"2022-02-21"},{"lineNumber":58,"author":{"gitId":"JayL33z"},"content":"","lastModifiedDate":"2022-02-21"},{"lineNumber":59,"author":{"gitId":"JayL33z"},"content":"                System.out.println(\"\\t____________________________________________________________\\n\");","lastModifiedDate":"2022-02-21"},{"lineNumber":60,"author":{"gitId":"JayL33z"},"content":"                System.out.println(\"\\t OK, I\u0027ve marked this task as not done yet: \\n\");","lastModifiedDate":"2022-02-21"},{"lineNumber":61,"author":{"gitId":"JayL33z"},"content":"                System.out.println(\"\\t \"+ \"[\" + list[taskToUpdate - 1].getStatusIcon() + \"] \" + list[taskToUpdate - 1].getDescription() +\"\\n\");","lastModifiedDate":"2022-02-21"},{"lineNumber":62,"author":{"gitId":"JayL33z"},"content":"                System.out.println(\"\\t____________________________________________________________\\n\");","lastModifiedDate":"2022-02-20"},{"lineNumber":63,"author":{"gitId":"JayL33z"},"content":"","lastModifiedDate":"2022-02-21"},{"lineNumber":64,"author":{"gitId":"-"},"content":"            }","lastModifiedDate":"2019-07-29"},{"lineNumber":65,"author":{"gitId":"JayL33z"},"content":"","lastModifiedDate":"2022-02-21"},{"lineNumber":66,"author":{"gitId":"JayL33z"},"content":"            else{","lastModifiedDate":"2022-02-20"},{"lineNumber":67,"author":{"gitId":"JayL33z"},"content":"                System.out.println(\"\\t____________________________________________________________\\n\"","lastModifiedDate":"2022-02-20"},{"lineNumber":68,"author":{"gitId":"JayL33z"},"content":"                        +\"\\t added: \"+input +\"\\n\"","lastModifiedDate":"2022-02-20"},{"lineNumber":69,"author":{"gitId":"JayL33z"},"content":"                        +\"\\t____________________________________________________________\\n\");","lastModifiedDate":"2022-02-20"},{"lineNumber":70,"author":{"gitId":"JayL33z"},"content":"","lastModifiedDate":"2022-02-20"},{"lineNumber":71,"author":{"gitId":"JayL33z"},"content":"                list[index] \u003d new Task(input); //creates new Task","lastModifiedDate":"2022-02-21"},{"lineNumber":72,"author":{"gitId":"JayL33z"},"content":"                index +\u003d1 ;","lastModifiedDate":"2022-02-20"},{"lineNumber":73,"author":{"gitId":"JayL33z"},"content":"            }","lastModifiedDate":"2022-02-20"},{"lineNumber":74,"author":{"gitId":"JayL33z"},"content":"        } ","lastModifiedDate":"2022-02-20"},{"lineNumber":75,"author":{"gitId":"JayL33z"},"content":"        System.out.println(\"\\t____________________________________________________________\\n\"","lastModifiedDate":"2022-02-20"},{"lineNumber":76,"author":{"gitId":"JayL33z"},"content":"        + \"\\t Bye. Hope to see you again soon!\\n\"","lastModifiedDate":"2022-02-20"},{"lineNumber":77,"author":{"gitId":"JayL33z"},"content":"        +\"\\t____________________________________________________________\\n\");","lastModifiedDate":"2022-02-20"},{"lineNumber":78,"author":{"gitId":"JayL33z"},"content":"","lastModifiedDate":"2022-02-20"},{"lineNumber":79,"author":{"gitId":"-"},"content":"    }","lastModifiedDate":"2022-02-20"},{"lineNumber":80,"author":{"gitId":"JayL33z"},"content":"","lastModifiedDate":"2022-02-20"},{"lineNumber":81,"author":{"gitId":"-"},"content":"}","lastModifiedDate":"2019-07-29"}],"authorContributionMap":{"JayL33z":70,"-":11}},{"path":"src/main/java/Task.java","fileType":"java","lines":[{"lineNumber":1,"author":{"gitId":"JayL33z"},"content":"public class Task {","lastModifiedDate":"2022-02-21"},{"lineNumber":2,"author":{"gitId":"JayL33z"},"content":"    protected String description;","lastModifiedDate":"2022-02-21"},{"lineNumber":3,"author":{"gitId":"JayL33z"},"content":"    protected boolean isDone;","lastModifiedDate":"2022-02-21"},{"lineNumber":4,"author":{"gitId":"JayL33z"},"content":"","lastModifiedDate":"2022-02-21"},{"lineNumber":5,"author":{"gitId":"JayL33z"},"content":"    public Task(String description) {","lastModifiedDate":"2022-02-21"},{"lineNumber":6,"author":{"gitId":"JayL33z"},"content":"        this.description \u003d description;","lastModifiedDate":"2022-02-21"},{"lineNumber":7,"author":{"gitId":"JayL33z"},"content":"        this.isDone \u003d false;","lastModifiedDate":"2022-02-21"},{"lineNumber":8,"author":{"gitId":"JayL33z"},"content":"    }","lastModifiedDate":"2022-02-21"},{"lineNumber":9,"author":{"gitId":"JayL33z"},"content":"    public void markDone() {","lastModifiedDate":"2022-02-21"},{"lineNumber":10,"author":{"gitId":"JayL33z"},"content":"        this.isDone \u003d true;} // modifier to mark","lastModifiedDate":"2022-02-21"},{"lineNumber":11,"author":{"gitId":"JayL33z"},"content":"","lastModifiedDate":"2022-02-21"},{"lineNumber":12,"author":{"gitId":"JayL33z"},"content":"    public void unmarkDone() {","lastModifiedDate":"2022-02-21"},{"lineNumber":13,"author":{"gitId":"JayL33z"},"content":"            this.isDone \u003d false;} //modifier to unmark","lastModifiedDate":"2022-02-21"},{"lineNumber":14,"author":{"gitId":"JayL33z"},"content":"","lastModifiedDate":"2022-02-21"},{"lineNumber":15,"author":{"gitId":"JayL33z"},"content":"    public String getStatusIcon() {","lastModifiedDate":"2022-02-21"},{"lineNumber":16,"author":{"gitId":"JayL33z"},"content":"        return (isDone ? \"X\" : \" \");","lastModifiedDate":"2022-02-21"},{"lineNumber":17,"author":{"gitId":"JayL33z"},"content":"    } // mark done task with X","lastModifiedDate":"2022-02-21"},{"lineNumber":18,"author":{"gitId":"JayL33z"},"content":"","lastModifiedDate":"2022-02-21"},{"lineNumber":19,"author":{"gitId":"JayL33z"},"content":"    public String getDescription() {","lastModifiedDate":"2022-02-21"},{"lineNumber":20,"author":{"gitId":"JayL33z"},"content":"        return description;","lastModifiedDate":"2022-02-21"},{"lineNumber":21,"author":{"gitId":"JayL33z"},"content":"    } // return description","lastModifiedDate":"2022-02-21"},{"lineNumber":22,"author":{"gitId":"JayL33z"},"content":"}","lastModifiedDate":"2022-02-21"}],"authorContributionMap":{"JayL33z":22}}]
