{"authorDailyContributionsMap":{"JayL33z":[{"date":"2022-02-20","commitResults":[{"hash":"569b4ee09f674ce676f9c97ee7cc11b10de6a553","messageTitle":"Greet, Echo, Exit","messageBody":"","tags":["Level-1"],"fileTypesAndContributionMap":{"java":{"insertions":31,"deletions":1}}},{"hash":"b7b8ef8859191087a107f773ffcc21ce0470e9ce","messageTitle":"Add, List","messageBody":"","tags":["Level-2"],"fileTypesAndContributionMap":{"java":{"insertions":24,"deletions":6}}}]},{"date":"2022-02-21","commitResults":[{"hash":"c73cf2211daa232d670ebba31e0a1d1eca16db7a","messageTitle":"Mark as Done","messageBody":"","tags":["Level-3"],"fileTypesAndContributionMap":{"java":{"insertions":58,"deletions":13}}}]}]},"authorFileTypeContributionMap":{"JayL33z":{"java":92,"md":0,"fxml":0,"sh":0,"bat":0,"gradle":0,"txt":0}},"authorContributionVariance":{"JayL33z":197.06111},"authorDisplayNameMap":{"JayL33z":"LIM .. JAY"}}
