{"authorDailyContributionsMap":{"JayL33z":[{"date":"2022-02-20","commitResults":[{"hash":"569b4ee09f674ce676f9c97ee7cc11b10de6a553","messageTitle":"Greet, Echo, Exit","messageBody":"","tags":["Level-1"],"fileTypesAndContributionMap":{"java":{"insertions":31,"deletions":1}}},{"hash":"b7b8ef8859191087a107f773ffcc21ce0470e9ce","messageTitle":"Add, List","messageBody":"","tags":["Level-2"],"fileTypesAndContributionMap":{"java":{"insertions":24,"deletions":6}}}]},{"date":"2022-02-21","commitResults":[{"hash":"c73cf2211daa232d670ebba31e0a1d1eca16db7a","messageTitle":"Mark as Done","messageBody":"","tags":["Level-3"],"fileTypesAndContributionMap":{"java":{"insertions":58,"deletions":13}}}]},{"date":"2022-02-22","commitResults":[{"hash":"3e87e1128df926022972ceb34184e31d913a3329","messageTitle":"ToDos, Events, Deadlines","messageBody":"","tags":["Level-4"],"fileTypesAndContributionMap":{"java":{"insertions":113,"deletions":29}}}]},{"date":"2022-03-06","commitResults":[{"hash":"9c7d3d15b58b5ef72b1780afc67872a3bd1bb043","messageTitle":"Handle Errors","messageBody":"","tags":["Level-5"],"fileTypesAndContributionMap":{"java":{"insertions":88,"deletions":50}}},{"hash":"090127b4917e339d239c9fb76900a5c2a9c3f244","messageTitle":"Delete","messageBody":"","tags":["Level-6"],"fileTypesAndContributionMap":{"java":{"insertions":34,"deletions":45}}}]},{"date":"2022-03-26","commitResults":[{"hash":"8f63ab1396a224e53f0febb51b19f12c9c6ef3d1","messageTitle":"Save","messageBody":"","tags":["Level-6.5"],"fileTypesAndContributionMap":{"txt":{"insertions":9,"deletions":0},"java":{"insertions":157,"deletions":6}}}]},{"date":"2022-03-27","commitResults":[{"hash":"98c9d23a49411c9eb10ea5ec1ffe8f148695170c","messageTitle":"Save, MoreOOP, Packages","messageBody":"","tags":["Level-7"],"fileTypesAndContributionMap":{"txt":{"insertions":3,"deletions":9},"java":{"insertions":841,"deletions":278}}}]},{"date":"2022-04-05","commitResults":[{"hash":"d392b0fb533f2df9585ddda95368c19af608e96b","messageTitle":"Features - Find, ViewSchedules, FixedDurationTasks","messageBody":"","fileTypesAndContributionMap":{"txt":{"insertions":4,"deletions":3},"java":{"insertions":290,"deletions":44}}}]}]},"authorFileTypeContributionMap":{"JayL33z":{"java":1169,"md":0,"fxml":0,"sh":0,"bat":0,"gradle":0,"txt":4}},"authorContributionVariance":{"JayL33z":16838.508},"authorDisplayNameMap":{"JayL33z":"LIM .. JAY"}}
