[{"path":"src/main/java/Duke.java","fileType":"java","lines":[{"lineNumber":1,"author":{"gitId":"wjyeoh1"},"content":"import java.util.Scanner;","lastModifiedDate":"2022-01-26"},{"lineNumber":2,"author":{"gitId":"wjyeoh1"},"content":"import java.util.Arrays;","lastModifiedDate":"2022-01-27"},{"lineNumber":3,"author":{"gitId":"wjyeoh1"},"content":"import java.io.FileReader;","lastModifiedDate":"2022-01-31"},{"lineNumber":4,"author":{"gitId":"wjyeoh1"},"content":"import java.io.IOException;","lastModifiedDate":"2022-01-31"},{"lineNumber":5,"author":{"gitId":"wjyeoh1"},"content":"","lastModifiedDate":"2022-01-26"},{"lineNumber":6,"author":{"gitId":"-"},"content":"public class Duke {","lastModifiedDate":"2019-07-29"},{"lineNumber":7,"author":{"gitId":"wjyeoh1"},"content":"","lastModifiedDate":"2022-01-26"},{"lineNumber":8,"author":{"gitId":"wjyeoh1"},"content":"    public static void greet() {","lastModifiedDate":"2022-01-26"},{"lineNumber":9,"author":{"gitId":"wjyeoh1"},"content":"        System.out.println(\"Hello! I\u0027m Duke.\\nWhat can I do for you?\");","lastModifiedDate":"2022-01-31"},{"lineNumber":10,"author":{"gitId":"wjyeoh1"},"content":"    }","lastModifiedDate":"2022-01-31"},{"lineNumber":11,"author":{"gitId":"wjyeoh1"},"content":"","lastModifiedDate":"2022-01-26"},{"lineNumber":12,"author":{"gitId":"wjyeoh1"},"content":"    public static void echo(String commands) {","lastModifiedDate":"2022-01-31"},{"lineNumber":13,"author":{"gitId":"wjyeoh1"},"content":"        System.out.println(\"\\tadded: \" + commands);","lastModifiedDate":"2022-01-31"},{"lineNumber":14,"author":{"gitId":"wjyeoh1"},"content":"    }","lastModifiedDate":"2022-01-31"},{"lineNumber":15,"author":{"gitId":"wjyeoh1"},"content":"","lastModifiedDate":"2022-01-26"},{"lineNumber":16,"author":{"gitId":"wjyeoh1"},"content":"    public static void exit() {","lastModifiedDate":"2022-01-31"},{"lineNumber":17,"author":{"gitId":"wjyeoh1"},"content":"        System.out.println(\"\\tBye. Hope to see you again soon!\");","lastModifiedDate":"2022-01-26"},{"lineNumber":18,"author":{"gitId":"wjyeoh1"},"content":"    }","lastModifiedDate":"2022-01-26"},{"lineNumber":19,"author":{"gitId":"wjyeoh1"},"content":"","lastModifiedDate":"2022-01-31"},{"lineNumber":20,"author":{"gitId":"wjyeoh1"},"content":"    public static void displayTask(Task[] tasks) {","lastModifiedDate":"2022-01-31"},{"lineNumber":21,"author":{"gitId":"wjyeoh1"},"content":"        System.out.println(\"\\tHere are the tasks in your list:\");","lastModifiedDate":"2022-01-31"},{"lineNumber":22,"author":{"gitId":"wjyeoh1"},"content":"        for (int i \u003d 0; i \u003c tasks.length; i++) {","lastModifiedDate":"2022-01-31"},{"lineNumber":23,"author":{"gitId":"wjyeoh1"},"content":"            System.out.println(\"\\t\" + (i+1) + \".[\" + tasks[i].getStatusIcon() + \"] \" + tasks[i].getDescription());","lastModifiedDate":"2022-01-31"},{"lineNumber":24,"author":{"gitId":"wjyeoh1"},"content":"        }","lastModifiedDate":"2022-01-27"},{"lineNumber":25,"author":{"gitId":"wjyeoh1"},"content":"    }","lastModifiedDate":"2022-01-27"},{"lineNumber":26,"author":{"gitId":"wjyeoh1"},"content":"","lastModifiedDate":"2022-01-31"},{"lineNumber":27,"author":{"gitId":"wjyeoh1"},"content":"    public static int getTaskNumber(String commands) {","lastModifiedDate":"2022-01-31"},{"lineNumber":28,"author":{"gitId":"wjyeoh1"},"content":"        return Integer.parseInt(commands.substring(commands.indexOf(\" \")+1, commands.length()));","lastModifiedDate":"2022-01-31"},{"lineNumber":29,"author":{"gitId":"wjyeoh1"},"content":"    }","lastModifiedDate":"2022-01-31"},{"lineNumber":30,"author":{"gitId":"wjyeoh1"},"content":"","lastModifiedDate":"2022-01-31"},{"lineNumber":31,"author":{"gitId":"wjyeoh1"},"content":"    public static void markTaskAsDone(Task[] tasks, int taskNumber) {","lastModifiedDate":"2022-01-31"},{"lineNumber":32,"author":{"gitId":"wjyeoh1"},"content":"        tasks[taskNumber-1].markAsDone();","lastModifiedDate":"2022-01-31"},{"lineNumber":33,"author":{"gitId":"wjyeoh1"},"content":"        System.out.println(\"\\tNice! I\u0027ve marked this task as done:\");","lastModifiedDate":"2022-01-31"},{"lineNumber":34,"author":{"gitId":"wjyeoh1"},"content":"        System.out.println(\"\\t [X] \" + tasks[taskNumber-1].description);","lastModifiedDate":"2022-01-31"},{"lineNumber":35,"author":{"gitId":"wjyeoh1"},"content":"    }","lastModifiedDate":"2022-01-31"},{"lineNumber":36,"author":{"gitId":"wjyeoh1"},"content":"","lastModifiedDate":"2022-01-31"},{"lineNumber":37,"author":{"gitId":"wjyeoh1"},"content":"    public static void unmarkTask(Task[] tasks, int taskNumber) {","lastModifiedDate":"2022-01-31"},{"lineNumber":38,"author":{"gitId":"wjyeoh1"},"content":"        tasks[taskNumber-1].unmark();","lastModifiedDate":"2022-01-31"},{"lineNumber":39,"author":{"gitId":"wjyeoh1"},"content":"        System.out.println(\"\\tOK, I\u0027ve marked this task as not done yet:\");","lastModifiedDate":"2022-01-31"},{"lineNumber":40,"author":{"gitId":"wjyeoh1"},"content":"        System.out.println(\"\\t [ ] \" + tasks[taskNumber-1].description);","lastModifiedDate":"2022-01-31"},{"lineNumber":41,"author":{"gitId":"wjyeoh1"},"content":"    }","lastModifiedDate":"2022-01-26"},{"lineNumber":42,"author":{"gitId":"wjyeoh1"},"content":"","lastModifiedDate":"2022-01-26"},{"lineNumber":43,"author":{"gitId":"wjyeoh1"},"content":"    public static void main(String[] args) throws IOException {","lastModifiedDate":"2022-01-31"},{"lineNumber":44,"author":{"gitId":"-"},"content":"        String logo \u003d \" ____        _        \\n\"","lastModifiedDate":"2019-07-29"},{"lineNumber":45,"author":{"gitId":"-"},"content":"                + \"|  _ \\\\ _   _| | _____ \\n\"","lastModifiedDate":"2019-07-29"},{"lineNumber":46,"author":{"gitId":"-"},"content":"                + \"| | | | | | | |/ / _ \\\\\\n\"","lastModifiedDate":"2019-07-29"},{"lineNumber":47,"author":{"gitId":"-"},"content":"                + \"| |_| | |_| |   \u003c  __/\\n\"","lastModifiedDate":"2019-07-29"},{"lineNumber":48,"author":{"gitId":"-"},"content":"                + \"|____/ \\\\__,_|_|\\\\_\\\\___|\\n\";","lastModifiedDate":"2019-07-29"},{"lineNumber":49,"author":{"gitId":"-"},"content":"        System.out.println(\"Hello from\\n\" + logo);","lastModifiedDate":"2022-01-31"},{"lineNumber":50,"author":{"gitId":"wjyeoh1"},"content":"","lastModifiedDate":"2022-01-31"},{"lineNumber":51,"author":{"gitId":"wjyeoh1"},"content":"        String line;","lastModifiedDate":"2022-01-31"},{"lineNumber":52,"author":{"gitId":"wjyeoh1"},"content":"        int taskCount \u003d 0;","lastModifiedDate":"2022-01-31"},{"lineNumber":53,"author":{"gitId":"wjyeoh1"},"content":"        Task[] tasks \u003d new Task[100];","lastModifiedDate":"2022-01-31"},{"lineNumber":54,"author":{"gitId":"wjyeoh1"},"content":"        FileReader fr \u003d new FileReader(\"C:\\\\Users\\\\Jason Yeoh\\\\git\\\\duke\\\\text-ui-test\\\\input.txt\");","lastModifiedDate":"2022-01-31"},{"lineNumber":55,"author":{"gitId":"wjyeoh1"},"content":"        Scanner in \u003d new Scanner(fr);","lastModifiedDate":"2022-01-31"},{"lineNumber":56,"author":{"gitId":"wjyeoh1"},"content":"","lastModifiedDate":"2022-01-26"},{"lineNumber":57,"author":{"gitId":"wjyeoh1"},"content":"        Duke.greet();","lastModifiedDate":"2022-01-26"},{"lineNumber":58,"author":{"gitId":"wjyeoh1"},"content":"","lastModifiedDate":"2022-01-31"},{"lineNumber":59,"author":{"gitId":"wjyeoh1"},"content":"        do {","lastModifiedDate":"2022-01-31"},{"lineNumber":60,"author":{"gitId":"wjyeoh1"},"content":"//            Scanner in \u003d new Scanner(System.in);","lastModifiedDate":"2022-01-31"},{"lineNumber":61,"author":{"gitId":"wjyeoh1"},"content":"            line \u003d in.nextLine();","lastModifiedDate":"2022-01-31"},{"lineNumber":62,"author":{"gitId":"wjyeoh1"},"content":"            if (line.toLowerCase().contains(\"bye\")) {","lastModifiedDate":"2022-01-31"},{"lineNumber":63,"author":{"gitId":"wjyeoh1"},"content":"                Duke.exit();","lastModifiedDate":"2022-01-31"},{"lineNumber":64,"author":{"gitId":"wjyeoh1"},"content":"                break;","lastModifiedDate":"2022-01-31"},{"lineNumber":65,"author":{"gitId":"wjyeoh1"},"content":"            }","lastModifiedDate":"2022-01-31"},{"lineNumber":66,"author":{"gitId":"wjyeoh1"},"content":"            if (line.toLowerCase().startsWith(\"list\")) {","lastModifiedDate":"2022-01-31"},{"lineNumber":67,"author":{"gitId":"wjyeoh1"},"content":"                Duke.displayTask(Arrays.copyOf(tasks,taskCount));","lastModifiedDate":"2022-01-31"},{"lineNumber":68,"author":{"gitId":"wjyeoh1"},"content":"                continue;","lastModifiedDate":"2022-01-31"},{"lineNumber":69,"author":{"gitId":"wjyeoh1"},"content":"            }","lastModifiedDate":"2022-01-31"},{"lineNumber":70,"author":{"gitId":"wjyeoh1"},"content":"            if (line.toLowerCase().startsWith(\"mark\")) {","lastModifiedDate":"2022-01-31"},{"lineNumber":71,"author":{"gitId":"wjyeoh1"},"content":"                Duke.markTaskAsDone(Arrays.copyOf(tasks,taskCount),Duke.getTaskNumber(line));","lastModifiedDate":"2022-01-31"},{"lineNumber":72,"author":{"gitId":"wjyeoh1"},"content":"                continue;","lastModifiedDate":"2022-01-31"},{"lineNumber":73,"author":{"gitId":"wjyeoh1"},"content":"            }","lastModifiedDate":"2022-01-31"},{"lineNumber":74,"author":{"gitId":"wjyeoh1"},"content":"            if (line.toLowerCase().startsWith(\"unmark\")) {","lastModifiedDate":"2022-01-31"},{"lineNumber":75,"author":{"gitId":"wjyeoh1"},"content":"                Duke.unmarkTask(Arrays.copyOf(tasks,taskCount),Duke.getTaskNumber(line));","lastModifiedDate":"2022-01-31"},{"lineNumber":76,"author":{"gitId":"wjyeoh1"},"content":"                continue;","lastModifiedDate":"2022-01-31"},{"lineNumber":77,"author":{"gitId":"wjyeoh1"},"content":"            }","lastModifiedDate":"2022-01-31"},{"lineNumber":78,"author":{"gitId":"wjyeoh1"},"content":"            // create and save tasks to Task[]","lastModifiedDate":"2022-01-31"},{"lineNumber":79,"author":{"gitId":"wjyeoh1"},"content":"            tasks[taskCount] \u003d new Task(line);","lastModifiedDate":"2022-01-31"},{"lineNumber":80,"author":{"gitId":"wjyeoh1"},"content":"            taskCount++;","lastModifiedDate":"2022-01-31"},{"lineNumber":81,"author":{"gitId":"wjyeoh1"},"content":"","lastModifiedDate":"2022-01-31"},{"lineNumber":82,"author":{"gitId":"wjyeoh1"},"content":"            Duke.echo(line);","lastModifiedDate":"2022-01-31"},{"lineNumber":83,"author":{"gitId":"wjyeoh1"},"content":"        } while (true);","lastModifiedDate":"2022-01-31"},{"lineNumber":84,"author":{"gitId":"wjyeoh1"},"content":"","lastModifiedDate":"2022-01-31"},{"lineNumber":85,"author":{"gitId":"-"},"content":"    }","lastModifiedDate":"2019-07-29"},{"lineNumber":86,"author":{"gitId":"-"},"content":"}","lastModifiedDate":"2019-07-29"}],"authorContributionMap":{"wjyeoh1":77,"-":9}},{"path":"src/main/java/Task.java","fileType":"java","lines":[{"lineNumber":1,"author":{"gitId":"wjyeoh1"},"content":"public class Task {","lastModifiedDate":"2022-01-31"},{"lineNumber":2,"author":{"gitId":"wjyeoh1"},"content":"    protected String description;","lastModifiedDate":"2022-01-31"},{"lineNumber":3,"author":{"gitId":"wjyeoh1"},"content":"    protected boolean isDone;","lastModifiedDate":"2022-01-31"},{"lineNumber":4,"author":{"gitId":"wjyeoh1"},"content":"","lastModifiedDate":"2022-01-31"},{"lineNumber":5,"author":{"gitId":"wjyeoh1"},"content":"    public Task(String description) {","lastModifiedDate":"2022-01-31"},{"lineNumber":6,"author":{"gitId":"wjyeoh1"},"content":"        this.description \u003d description;","lastModifiedDate":"2022-01-31"},{"lineNumber":7,"author":{"gitId":"wjyeoh1"},"content":"        this.isDone \u003d false;","lastModifiedDate":"2022-01-31"},{"lineNumber":8,"author":{"gitId":"wjyeoh1"},"content":"    }","lastModifiedDate":"2022-01-31"},{"lineNumber":9,"author":{"gitId":"wjyeoh1"},"content":"","lastModifiedDate":"2022-01-31"},{"lineNumber":10,"author":{"gitId":"wjyeoh1"},"content":"    public String getDescription() {","lastModifiedDate":"2022-01-31"},{"lineNumber":11,"author":{"gitId":"wjyeoh1"},"content":"        return description;","lastModifiedDate":"2022-01-31"},{"lineNumber":12,"author":{"gitId":"wjyeoh1"},"content":"    }","lastModifiedDate":"2022-01-31"},{"lineNumber":13,"author":{"gitId":"wjyeoh1"},"content":"","lastModifiedDate":"2022-01-31"},{"lineNumber":14,"author":{"gitId":"wjyeoh1"},"content":"    public void markAsDone() {","lastModifiedDate":"2022-01-31"},{"lineNumber":15,"author":{"gitId":"wjyeoh1"},"content":"        isDone \u003d true;","lastModifiedDate":"2022-01-31"},{"lineNumber":16,"author":{"gitId":"wjyeoh1"},"content":"    }","lastModifiedDate":"2022-01-31"},{"lineNumber":17,"author":{"gitId":"wjyeoh1"},"content":"","lastModifiedDate":"2022-01-31"},{"lineNumber":18,"author":{"gitId":"wjyeoh1"},"content":"    public void unmark() {","lastModifiedDate":"2022-01-31"},{"lineNumber":19,"author":{"gitId":"wjyeoh1"},"content":"        isDone \u003d false;","lastModifiedDate":"2022-01-31"},{"lineNumber":20,"author":{"gitId":"wjyeoh1"},"content":"    }","lastModifiedDate":"2022-01-31"},{"lineNumber":21,"author":{"gitId":"wjyeoh1"},"content":"","lastModifiedDate":"2022-01-31"},{"lineNumber":22,"author":{"gitId":"wjyeoh1"},"content":"    public String getStatusIcon() {","lastModifiedDate":"2022-01-31"},{"lineNumber":23,"author":{"gitId":"wjyeoh1"},"content":"        return (isDone? \"X\" : \" \"); //mark done task with X","lastModifiedDate":"2022-01-31"},{"lineNumber":24,"author":{"gitId":"wjyeoh1"},"content":"    }","lastModifiedDate":"2022-01-31"},{"lineNumber":25,"author":{"gitId":"wjyeoh1"},"content":"","lastModifiedDate":"2022-01-31"},{"lineNumber":26,"author":{"gitId":"wjyeoh1"},"content":"}","lastModifiedDate":"2022-01-31"}],"authorContributionMap":{"wjyeoh1":26}},{"path":"text-ui-test/input.txt","fileType":"txt","lines":[{"lineNumber":1,"author":{"gitId":"wjyeoh1"},"content":"read book","lastModifiedDate":"2022-01-31"},{"lineNumber":2,"author":{"gitId":"wjyeoh1"},"content":"return book","lastModifiedDate":"2022-01-31"},{"lineNumber":3,"author":{"gitId":"wjyeoh1"},"content":"buy bread","lastModifiedDate":"2022-01-31"},{"lineNumber":4,"author":{"gitId":"wjyeoh1"},"content":"list","lastModifiedDate":"2022-01-31"},{"lineNumber":5,"author":{"gitId":"wjyeoh1"},"content":"mark 2","lastModifiedDate":"2022-01-31"},{"lineNumber":6,"author":{"gitId":"wjyeoh1"},"content":"list","lastModifiedDate":"2022-01-31"},{"lineNumber":7,"author":{"gitId":"wjyeoh1"},"content":"unmark 2","lastModifiedDate":"2022-01-31"},{"lineNumber":8,"author":{"gitId":"wjyeoh1"},"content":"lists","lastModifiedDate":"2022-01-31"},{"lineNumber":9,"author":{"gitId":"wjyeoh1"},"content":"bye","lastModifiedDate":"2022-01-31"}],"authorContributionMap":{"wjyeoh1":9}}]
