{"authorDailyContributionsMap":{"wjyeoh1":[{"date":"2022-01-26","commitResults":[{"hash":"6a4ba743219f5ef5779a967cacf3e2c24ff32894","messageTitle":"added Level 1 changes","messageBody":"","fileTypesAndContributionMap":{"java":{"insertions":21,"deletions":0}}}]},{"date":"2022-01-27","commitResults":[{"hash":"05c5d295d0c03432b448f1de5a82745b0f454cf3","messageTitle":"Added Level 2 changes","messageBody":"","fileTypesAndContributionMap":{"java":{"insertions":13,"deletions":2}}}]},{"date":"2022-01-31","commitResults":[{"hash":"6687a0362a9579202c3d1a6988000e57c8b2b2e5","messageTitle":"Added Level 3 changes","messageBody":"","fileTypesAndContributionMap":{"java":{"insertions":87,"deletions":21}}},{"hash":"007e9550be4a71064eada84940d7428a5b11c313","messageTitle":"Added Text UI Testing","messageBody":"","fileTypesAndContributionMap":{"txt":{"insertions":9,"deletions":0}}},{"hash":"bb33f19c54b1e5e3564a47c4cfd01bdf5bb80044","messageTitle":"Remove unnessary comments","messageBody":"","fileTypesAndContributionMap":{"java":{"insertions":7,"deletions":3}}}]},{"date":"2022-02-20","commitResults":[{"hash":"a7eedc60e227db6bd9e2f61721552eeda2e30674","messageTitle":"Added Level 4 changes","messageBody":"","fileTypesAndContributionMap":{"java":{"insertions":126,"deletions":9}}}]}]},"authorFileTypeContributionMap":{"wjyeoh1":{"java":220,"md":0,"fxml":0,"sh":0,"bat":0,"gradle":0,"txt":9}},"authorContributionVariance":{"wjyeoh1":783.46716},"authorDisplayNameMap":{"wjyeoh1":"YEOH.. JEN"}}
