{"authorDailyContributionsMap":{"wjyeoh1":[{"date":"2022-01-26","commitResults":[{"hash":"6a4ba743219f5ef5779a967cacf3e2c24ff32894","messageTitle":"added Level 1 changes","messageBody":"","fileTypesAndContributionMap":{"java":{"insertions":21,"deletions":0}}}]},{"date":"2022-01-27","commitResults":[{"hash":"05c5d295d0c03432b448f1de5a82745b0f454cf3","messageTitle":"Added Level 2 changes","messageBody":"","fileTypesAndContributionMap":{"java":{"insertions":13,"deletions":2}}}]},{"date":"2022-01-31","commitResults":[{"hash":"6687a0362a9579202c3d1a6988000e57c8b2b2e5","messageTitle":"Added Level 3 changes","messageBody":"","fileTypesAndContributionMap":{"java":{"insertions":87,"deletions":21}}},{"hash":"007e9550be4a71064eada84940d7428a5b11c313","messageTitle":"Added Text UI Testing","messageBody":"","fileTypesAndContributionMap":{"txt":{"insertions":9,"deletions":0}}},{"hash":"bb33f19c54b1e5e3564a47c4cfd01bdf5bb80044","messageTitle":"Remove unnessary comments","messageBody":"","fileTypesAndContributionMap":{"java":{"insertions":7,"deletions":3}}}]},{"date":"2022-02-20","commitResults":[{"hash":"a7eedc60e227db6bd9e2f61721552eeda2e30674","messageTitle":"Added Level 4 changes","messageBody":"","fileTypesAndContributionMap":{"java":{"insertions":126,"deletions":9}}}]},{"date":"2022-04-02","commitResults":[{"hash":"682bc5a871c8b57a2bcca562d6821e9f20d09954","messageTitle":"Level 7 WIP","messageBody":"","fileTypesAndContributionMap":{"txt":{"insertions":4,"deletions":0},"java":{"insertions":567,"deletions":186}}}]},{"date":"2022-04-14","commitResults":[{"hash":"be18c513a50addb1ec7ff58684206885f86ae6ec","messageTitle":"Level 9 done","messageBody":"","tags":["v0.1"],"fileTypesAndContributionMap":{"gradle":{"insertions":7,"deletions":1},"txt":{"insertions":13,"deletions":9},"java":{"insertions":862,"deletions":220},"bat":{"insertions":2,"deletions":2},"sh":{"insertions":2,"deletions":2},"md":{"insertions":1,"deletions":1}}}]},{"date":"2022-04-15","commitResults":[{"hash":"6ea72fd64c596dd19ff43ad3e92ce36e4f2b0066","messageTitle":"A-Jar","messageBody":"","fileTypesAndContributionMap":{"txt":{"insertions":2,"deletions":3},"java":{"insertions":36,"deletions":4},"md":{"insertions":16,"deletions":14}}},{"hash":"9be2cd4c7e059d6d8460e3d973e0be1b972a4c8a","messageTitle":"update README","messageBody":"","fileTypesAndContributionMap":{"md":{"insertions":11,"deletions":7}}},{"hash":"879502aaaa760835d8920e94fa5c5a70a726ffdd","messageTitle":"update help command","messageBody":"","fileTypesAndContributionMap":{"java":{"insertions":10,"deletions":10},"md":{"insertions":1,"deletions":1}}}]}]},"authorFileTypeContributionMap":{"wjyeoh1":{"java":1281,"md":15,"fxml":0,"sh":2,"bat":2,"gradle":7,"txt":16}},"authorContributionVariance":{"wjyeoh1":19015.17},"authorDisplayNameMap":{"wjyeoh1":"YEOH.. JEN"}}
