[{"path":"src/main/java/Duke.java","fileType":"java","lines":[{"lineNumber":1,"author":{"gitId":"acidwuf"},"content":"import java.util.Scanner;","lastModifiedDate":"2022-04-15"},{"lineNumber":2,"author":{"gitId":"acidwuf"},"content":"import java.util.ArrayList;","lastModifiedDate":"2022-04-15"},{"lineNumber":3,"author":{"gitId":"acidwuf"},"content":"import java.util.Arrays;","lastModifiedDate":"2022-04-15"},{"lineNumber":4,"author":{"gitId":"acidwuf"},"content":"","lastModifiedDate":"2022-04-15"},{"lineNumber":5,"author":{"gitId":"-"},"content":"public class Duke {","lastModifiedDate":"2019-07-29"},{"lineNumber":6,"author":{"gitId":"acidwuf"},"content":"    public static class Task {","lastModifiedDate":"2022-04-15"},{"lineNumber":7,"author":{"gitId":"acidwuf"},"content":"        protected String description;","lastModifiedDate":"2022-04-15"},{"lineNumber":8,"author":{"gitId":"acidwuf"},"content":"        protected boolean isDone;","lastModifiedDate":"2022-04-15"},{"lineNumber":9,"author":{"gitId":"acidwuf"},"content":"","lastModifiedDate":"2022-04-15"},{"lineNumber":10,"author":{"gitId":"acidwuf"},"content":"        public Task(String description) {","lastModifiedDate":"2022-04-15"},{"lineNumber":11,"author":{"gitId":"acidwuf"},"content":"            this.description \u003d description;","lastModifiedDate":"2022-04-15"},{"lineNumber":12,"author":{"gitId":"acidwuf"},"content":"            this.isDone \u003d false;","lastModifiedDate":"2022-04-15"},{"lineNumber":13,"author":{"gitId":"acidwuf"},"content":"        }","lastModifiedDate":"2022-04-15"},{"lineNumber":14,"author":{"gitId":"acidwuf"},"content":"","lastModifiedDate":"2022-04-15"},{"lineNumber":15,"author":{"gitId":"acidwuf"},"content":"        public String getStatusIcon() {","lastModifiedDate":"2022-04-15"},{"lineNumber":16,"author":{"gitId":"acidwuf"},"content":"            return (isDone ? \"X\" : \" \"); // mark done task with X","lastModifiedDate":"2022-04-15"},{"lineNumber":17,"author":{"gitId":"acidwuf"},"content":"        }","lastModifiedDate":"2022-04-15"},{"lineNumber":18,"author":{"gitId":"acidwuf"},"content":"","lastModifiedDate":"2022-04-15"},{"lineNumber":19,"author":{"gitId":"acidwuf"},"content":"        public String getDescription() {","lastModifiedDate":"2022-04-15"},{"lineNumber":20,"author":{"gitId":"acidwuf"},"content":"            return description;","lastModifiedDate":"2022-04-15"},{"lineNumber":21,"author":{"gitId":"acidwuf"},"content":"        }","lastModifiedDate":"2022-04-15"},{"lineNumber":22,"author":{"gitId":"acidwuf"},"content":"","lastModifiedDate":"2022-04-15"},{"lineNumber":23,"author":{"gitId":"acidwuf"},"content":"        public void setDescription(String description) {","lastModifiedDate":"2022-04-15"},{"lineNumber":24,"author":{"gitId":"acidwuf"},"content":"            this.description \u003d description;","lastModifiedDate":"2022-04-15"},{"lineNumber":25,"author":{"gitId":"acidwuf"},"content":"        }","lastModifiedDate":"2022-04-15"},{"lineNumber":26,"author":{"gitId":"acidwuf"},"content":"        public void setIsDone() {","lastModifiedDate":"2022-04-15"},{"lineNumber":27,"author":{"gitId":"acidwuf"},"content":"            this.isDone \u003d true;","lastModifiedDate":"2022-04-15"},{"lineNumber":28,"author":{"gitId":"acidwuf"},"content":"        }","lastModifiedDate":"2022-04-15"},{"lineNumber":29,"author":{"gitId":"acidwuf"},"content":"        public void setNotDone() {","lastModifiedDate":"2022-04-15"},{"lineNumber":30,"author":{"gitId":"acidwuf"},"content":"            this.isDone \u003d false;","lastModifiedDate":"2022-04-15"},{"lineNumber":31,"author":{"gitId":"acidwuf"},"content":"        }","lastModifiedDate":"2022-04-15"},{"lineNumber":32,"author":{"gitId":"acidwuf"},"content":"        public void showTaskStatus() {","lastModifiedDate":"2022-04-15"},{"lineNumber":33,"author":{"gitId":"acidwuf"},"content":"            System.out.println(\"        \" + \"[\" + getStatusIcon() + \"] \" + getDescription());","lastModifiedDate":"2022-04-15"},{"lineNumber":34,"author":{"gitId":"acidwuf"},"content":"        }","lastModifiedDate":"2022-04-15"},{"lineNumber":35,"author":{"gitId":"acidwuf"},"content":"    }","lastModifiedDate":"2022-04-15"},{"lineNumber":36,"author":{"gitId":"acidwuf"},"content":"    public static void showTaskList(Task[] taskList, int taskCounter){","lastModifiedDate":"2022-04-15"},{"lineNumber":37,"author":{"gitId":"acidwuf"},"content":"        int counter \u003d 1;","lastModifiedDate":"2022-04-15"},{"lineNumber":38,"author":{"gitId":"acidwuf"},"content":"        for (int i \u003d 0; i \u003c taskCounter; i++) {","lastModifiedDate":"2022-04-15"},{"lineNumber":39,"author":{"gitId":"acidwuf"},"content":"            System.out.println(\"    \" + counter + \".[\" + taskList[i].getStatusIcon() + \"] \" + taskList[i].getDescription());","lastModifiedDate":"2022-04-15"},{"lineNumber":40,"author":{"gitId":"acidwuf"},"content":"            counter++;","lastModifiedDate":"2022-04-15"},{"lineNumber":41,"author":{"gitId":"acidwuf"},"content":"        }","lastModifiedDate":"2022-04-15"},{"lineNumber":42,"author":{"gitId":"acidwuf"},"content":"    }","lastModifiedDate":"2022-04-15"},{"lineNumber":43,"author":{"gitId":"-"},"content":"    public static void main(String[] args) {","lastModifiedDate":"2019-07-29"},{"lineNumber":44,"author":{"gitId":"acidwuf"},"content":"        /*","lastModifiedDate":"2022-04-15"},{"lineNumber":45,"author":{"gitId":"-"},"content":"        String logo \u003d \" ____        _        \\n\"","lastModifiedDate":"2019-07-29"},{"lineNumber":46,"author":{"gitId":"-"},"content":"                + \"|  _ \\\\ _   _| | _____ \\n\"","lastModifiedDate":"2019-07-29"},{"lineNumber":47,"author":{"gitId":"-"},"content":"                + \"| | | | | | | |/ / _ \\\\\\n\"","lastModifiedDate":"2019-07-29"},{"lineNumber":48,"author":{"gitId":"-"},"content":"                + \"| |_| | |_| |   \u003c  __/\\n\"","lastModifiedDate":"2019-07-29"},{"lineNumber":49,"author":{"gitId":"-"},"content":"                + \"|____/ \\\\__,_|_|\\\\_\\\\___|\\n\";","lastModifiedDate":"2019-07-29"},{"lineNumber":50,"author":{"gitId":"-"},"content":"        System.out.println(\"Hello from\\n\" + logo);","lastModifiedDate":"2022-04-15"},{"lineNumber":51,"author":{"gitId":"acidwuf"},"content":"         */","lastModifiedDate":"2022-04-15"},{"lineNumber":52,"author":{"gitId":"acidwuf"},"content":"        Task[] taskList \u003d new Task[100];","lastModifiedDate":"2022-04-15"},{"lineNumber":53,"author":{"gitId":"acidwuf"},"content":"        String userInput \u003d \"notBye\";","lastModifiedDate":"2022-04-15"},{"lineNumber":54,"author":{"gitId":"acidwuf"},"content":"        int taskCounter \u003d 0;","lastModifiedDate":"2022-04-15"},{"lineNumber":55,"author":{"gitId":"acidwuf"},"content":"        //ArrayList\u003cTask\u003e taskList \u003d new ArrayList\u003c\u003e();","lastModifiedDate":"2022-04-15"},{"lineNumber":56,"author":{"gitId":"acidwuf"},"content":"        Scanner in \u003d new Scanner(System.in);","lastModifiedDate":"2022-04-15"},{"lineNumber":57,"author":{"gitId":"acidwuf"},"content":"","lastModifiedDate":"2022-04-15"},{"lineNumber":58,"author":{"gitId":"acidwuf"},"content":"        System.out.println(\"    ____________________________________________________________\");","lastModifiedDate":"2022-04-15"},{"lineNumber":59,"author":{"gitId":"acidwuf"},"content":"        System.out.println(\"    What up! I\u0027m D. Spawn\");","lastModifiedDate":"2022-04-15"},{"lineNumber":60,"author":{"gitId":"acidwuf"},"content":"        System.out.println(\"    Something need doing?\");","lastModifiedDate":"2022-04-15"},{"lineNumber":61,"author":{"gitId":"acidwuf"},"content":"        System.out.println(\"    ____________________________________________________________\");","lastModifiedDate":"2022-04-15"},{"lineNumber":62,"author":{"gitId":"acidwuf"},"content":"","lastModifiedDate":"2022-04-15"},{"lineNumber":63,"author":{"gitId":"acidwuf"},"content":"        do {","lastModifiedDate":"2022-04-15"},{"lineNumber":64,"author":{"gitId":"acidwuf"},"content":"            userInput \u003d in.nextLine();","lastModifiedDate":"2022-04-15"},{"lineNumber":65,"author":{"gitId":"acidwuf"},"content":"            if(userInput.startsWith(\"mark\")){","lastModifiedDate":"2022-04-15"},{"lineNumber":66,"author":{"gitId":"acidwuf"},"content":"                taskList[Integer.parseInt(userInput.substring(5))-1].setIsDone();","lastModifiedDate":"2022-04-15"},{"lineNumber":67,"author":{"gitId":"acidwuf"},"content":"                System.out.println(\"    Job\u0027s done:\");","lastModifiedDate":"2022-04-15"},{"lineNumber":68,"author":{"gitId":"acidwuf"},"content":"                taskList[Integer.parseInt(userInput.substring(5))-1].showTaskStatus();","lastModifiedDate":"2022-04-15"},{"lineNumber":69,"author":{"gitId":"acidwuf"},"content":"            } else if(userInput.startsWith(\"unmark\")){","lastModifiedDate":"2022-04-15"},{"lineNumber":70,"author":{"gitId":"acidwuf"},"content":"                taskList[Integer.parseInt(userInput.substring(7))-1].setNotDone();","lastModifiedDate":"2022-04-15"},{"lineNumber":71,"author":{"gitId":"acidwuf"},"content":"                System.out.println(\"    Job IS NOT done:\");","lastModifiedDate":"2022-04-15"},{"lineNumber":72,"author":{"gitId":"acidwuf"},"content":"                taskList[Integer.parseInt(userInput.substring(7))-1].showTaskStatus();","lastModifiedDate":"2022-04-15"},{"lineNumber":73,"author":{"gitId":"acidwuf"},"content":"            } else if(userInput.startsWith(\"list\")){","lastModifiedDate":"2022-04-15"},{"lineNumber":74,"author":{"gitId":"acidwuf"},"content":"                showTaskList(taskList, taskCounter);","lastModifiedDate":"2022-04-15"},{"lineNumber":75,"author":{"gitId":"acidwuf"},"content":"            } else {","lastModifiedDate":"2022-04-15"},{"lineNumber":76,"author":{"gitId":"acidwuf"},"content":"                taskList[taskCounter] \u003d new Task(userInput);","lastModifiedDate":"2022-04-15"},{"lineNumber":77,"author":{"gitId":"acidwuf"},"content":"                System.out.println(\"    added: \" + userInput); //do stuff here after input","lastModifiedDate":"2022-04-15"},{"lineNumber":78,"author":{"gitId":"acidwuf"},"content":"                taskCounter++;","lastModifiedDate":"2022-04-15"},{"lineNumber":79,"author":{"gitId":"acidwuf"},"content":"            }","lastModifiedDate":"2022-04-15"},{"lineNumber":80,"author":{"gitId":"acidwuf"},"content":"","lastModifiedDate":"2022-04-15"},{"lineNumber":81,"author":{"gitId":"acidwuf"},"content":"            System.out.println(\"    ____________________________________________________________\");","lastModifiedDate":"2022-04-15"},{"lineNumber":82,"author":{"gitId":"acidwuf"},"content":"","lastModifiedDate":"2022-04-15"},{"lineNumber":83,"author":{"gitId":"acidwuf"},"content":" /*           switch (userInput) {","lastModifiedDate":"2022-04-15"},{"lineNumber":84,"author":{"gitId":"acidwuf"},"content":"                case \"list\": showTaskList(taskList, taskCounter);","lastModifiedDate":"2022-04-15"},{"lineNumber":85,"author":{"gitId":"acidwuf"},"content":"                    break;","lastModifiedDate":"2022-04-15"},{"lineNumber":86,"author":{"gitId":"acidwuf"},"content":"                case \"mark\": userInput","lastModifiedDate":"2022-04-15"},{"lineNumber":87,"author":{"gitId":"acidwuf"},"content":"                    break;","lastModifiedDate":"2022-04-15"},{"lineNumber":88,"author":{"gitId":"acidwuf"},"content":"","lastModifiedDate":"2022-04-15"},{"lineNumber":89,"author":{"gitId":"acidwuf"},"content":"                default: taskList[taskCounter] \u003d new Task(userInput);","lastModifiedDate":"2022-04-15"},{"lineNumber":90,"author":{"gitId":"acidwuf"},"content":"                    System.out.println(\"    added: \" + userInput); //do stuff here after input","lastModifiedDate":"2022-04-15"},{"lineNumber":91,"author":{"gitId":"acidwuf"},"content":"                    taskCounter++;","lastModifiedDate":"2022-04-15"},{"lineNumber":92,"author":{"gitId":"acidwuf"},"content":"                    break;","lastModifiedDate":"2022-04-15"},{"lineNumber":93,"author":{"gitId":"acidwuf"},"content":"            }*/","lastModifiedDate":"2022-04-15"},{"lineNumber":94,"author":{"gitId":"acidwuf"},"content":"            System.out.println(\"    ____________________________________________________________\");","lastModifiedDate":"2022-04-15"},{"lineNumber":95,"author":{"gitId":"acidwuf"},"content":"","lastModifiedDate":"2022-04-15"},{"lineNumber":96,"author":{"gitId":"acidwuf"},"content":"","lastModifiedDate":"2022-04-15"},{"lineNumber":97,"author":{"gitId":"acidwuf"},"content":"        } while (!userInput.equals(\"bye\"));","lastModifiedDate":"2022-04-15"},{"lineNumber":98,"author":{"gitId":"acidwuf"},"content":"","lastModifiedDate":"2022-04-15"},{"lineNumber":99,"author":{"gitId":"acidwuf"},"content":"","lastModifiedDate":"2022-04-15"},{"lineNumber":100,"author":{"gitId":"acidwuf"},"content":"        System.out.println(\"    Ciao!\");","lastModifiedDate":"2022-04-15"},{"lineNumber":101,"author":{"gitId":"acidwuf"},"content":"        System.out.println(\"    ____________________________________________________________\");","lastModifiedDate":"2022-04-15"},{"lineNumber":102,"author":{"gitId":"-"},"content":"    }","lastModifiedDate":"2019-07-29"},{"lineNumber":103,"author":{"gitId":"-"},"content":"}","lastModifiedDate":"2019-07-29"}],"authorContributionMap":{"acidwuf":93,"-":10}}]
