{"authorDailyContributionsMap":{"acidwuf":[{"date":"2022-04-15","commitResults":[{"hash":"4f40441cd8ea8e837c90a7da4ec72ff117a326b8","messageTitle":"Level-1: Greet, Echo, Exit","messageBody":"","tags":["Level-1"],"fileTypesAndContributionMap":{"java":{"insertions":22,"deletions":1}}},{"hash":"0dac8b005440e16a596b0d070b7fabbc58c1efa0","messageTitle":"Level 2. Add, List","messageBody":"","tags":["Level-2"],"fileTypesAndContributionMap":{"java":{"insertions":19,"deletions":1}}},{"hash":"270f8de89d12bec9515ec587b727b23b2d8a1b06","messageTitle":"Level 3. Mark as Done. Changed from ArrayList to Array. couldn\u0027t get arraylist to work. Added Task Class. Changed from switch to if else due to needing to read the number in the input","messageBody":"","tags":["Level-3"],"fileTypesAndContributionMap":{"java":{"insertions":64,"deletions":10}}}]}]},"authorFileTypeContributionMap":{"acidwuf":{"java":93,"md":0,"fxml":0,"sh":0,"bat":0,"gradle":0,"txt":0}},"authorContributionVariance":{"acidwuf":141.1084},"authorDisplayNameMap":{"acidwuf":"MUHA..SHIM"}}
