{"authorDailyContributionsMap":{"acidwuf":[{"date":"2022-04-15","commitResults":[{"hash":"4f40441cd8ea8e837c90a7da4ec72ff117a326b8","messageTitle":"Level-1: Greet, Echo, Exit","messageBody":"","tags":["Level-1"],"fileTypesAndContributionMap":{"java":{"insertions":22,"deletions":1}}},{"hash":"0dac8b005440e16a596b0d070b7fabbc58c1efa0","messageTitle":"Level 2. Add, List","messageBody":"","tags":["Level-2"],"fileTypesAndContributionMap":{"java":{"insertions":19,"deletions":1}}},{"hash":"270f8de89d12bec9515ec587b727b23b2d8a1b06","messageTitle":"Level 3. Mark as Done. Changed from ArrayList to Array. couldn\u0027t get arraylist to work. Added Task Class. Changed from switch to if else due to needing to read the number in the input","messageBody":"","tags":["Level-3"],"fileTypesAndContributionMap":{"java":{"insertions":64,"deletions":10}}}]},{"date":"2022-04-23","commitResults":[{"hash":"b5576f91fc67c267c79971c96b7fe194e8d281ec","messageTitle":"Level 4. ToDos, Events, Deadlines. Inheritance","messageBody":"","tags":["Level-4"],"fileTypesAndContributionMap":{"java":{"insertions":85,"deletions":21}}},{"hash":"e643944842d1156abcce54b26a63772619d505eb","messageTitle":"Level 5. Handle Errors Created DukeException class","messageBody":"","tags":["Level-5"],"fileTypesAndContributionMap":{"java":{"insertions":54,"deletions":26}}},{"hash":"ea925a02398e7f1ac3fa03b61257ef7a5a69a4be","messageTitle":"Level 6. Delete Re-introduced ArrayList. managed to use it correctly. Changed from if else to switch added \u0027number\u0027 checker through isNumber","messageBody":"","tags":["Level-6"],"fileTypesAndContributionMap":{"java":{"insertions":85,"deletions":67}}}]},{"date":"2022-04-24","commitResults":[{"hash":"72b24781cdf6f68b379d45847be1bbd831d636ee","messageTitle":"Level 7. Save only No A-MoreOOP: More OOP No A-Packages: Java Packages","messageBody":"","tags":["Level-7"],"fileTypesAndContributionMap":{"java":{"insertions":217,"deletions":20}}},{"hash":"1e7a425796b5821b421791122c4b98802b67fadf","messageTitle":"Level 8. Dates and Times Added A-JavaDoc No A-Gradle \u0026  A-JUnit","messageBody":"","tags":["Level-8"],"fileTypesAndContributionMap":{"java":{"insertions":205,"deletions":49}}},{"hash":"38058c2daf8e6c090df289190b1f6a8fd121e7f3","messageTitle":"Level 9. Find Add individual feature 1 - C-Tagging: only applied to todo No A-CodingStandard \u0026 A-CodeQuality","messageBody":"","tags":["Level-9"],"fileTypesAndContributionMap":{"java":{"insertions":91,"deletions":15}}},{"hash":"6adbc0ebd50e64a77afa3026ace5f0dd7f9f34b7","messageTitle":"A-Assertions A-Jar No  Level-10optional","messageBody":"","tags":["NoLevel-10"],"fileTypesAndContributionMap":{"java":{"insertions":4,"deletions":8}}},{"hash":"9ca1d1f2988de041a7a5cdc5a92ffdfcce22856b","messageTitle":"Final build","messageBody":"","tags":["reportmatchingbuild"],"fileTypesAndContributionMap":{"java":{"insertions":29,"deletions":21}}}]}]},"authorFileTypeContributionMap":{"acidwuf":{"java":636,"md":0,"fxml":0,"sh":0,"bat":0,"gradle":0,"txt":0}},"authorContributionVariance":{"acidwuf":5241.857},"authorDisplayNameMap":{"acidwuf":"MUHA..SHIM"}}
