{"authorDailyContributionsMap":{"acidwuf":[{"date":"2022-04-15","commitResults":[{"hash":"4f40441cd8ea8e837c90a7da4ec72ff117a326b8","messageTitle":"Level-1: Greet, Echo, Exit","messageBody":"","tags":["Level-1"],"fileTypesAndContributionMap":{"java":{"insertions":22,"deletions":1}}},{"hash":"0dac8b005440e16a596b0d070b7fabbc58c1efa0","messageTitle":"Level 2. Add, List","messageBody":"","tags":["Level-2"],"fileTypesAndContributionMap":{"java":{"insertions":19,"deletions":1}}},{"hash":"270f8de89d12bec9515ec587b727b23b2d8a1b06","messageTitle":"Level 3. Mark as Done. Changed from ArrayList to Array. couldn\u0027t get arraylist to work. Added Task Class. Changed from switch to if else due to needing to read the number in the input","messageBody":"","tags":["Level-3"],"fileTypesAndContributionMap":{"java":{"insertions":64,"deletions":10}}}]},{"date":"2022-04-23","commitResults":[{"hash":"b5576f91fc67c267c79971c96b7fe194e8d281ec","messageTitle":"Level 4. ToDos, Events, Deadlines. Inheritance","messageBody":"","tags":["Level-4"],"fileTypesAndContributionMap":{"java":{"insertions":85,"deletions":21}}},{"hash":"e643944842d1156abcce54b26a63772619d505eb","messageTitle":"Level 5. Handle Errors Created DukeException class","messageBody":"","tags":["Level-5"],"fileTypesAndContributionMap":{"java":{"insertions":54,"deletions":26}}},{"hash":"ea925a02398e7f1ac3fa03b61257ef7a5a69a4be","messageTitle":"Level 6. Delete Re-introduced ArrayList. managed to use it correctly. Changed from if else to switch added \u0027number\u0027 checker through isNumber","messageBody":"","tags":["Level-6"],"fileTypesAndContributionMap":{"java":{"insertions":85,"deletions":67}}}]},{"date":"2022-04-24","commitResults":[{"hash":"72b24781cdf6f68b379d45847be1bbd831d636ee","messageTitle":"Level 7. Save only No A-MoreOOP: More OOP No A-Packages: Java Packages","messageBody":"","tags":["Level-7"],"fileTypesAndContributionMap":{"java":{"insertions":217,"deletions":20}}}]}]},"authorFileTypeContributionMap":{"acidwuf":{"java":400,"md":0,"fxml":0,"sh":0,"bat":0,"gradle":0,"txt":0}},"authorContributionVariance":{"acidwuf":1709.9178},"authorDisplayNameMap":{"acidwuf":"MUHA..SHIM"}}
