[{"path":"data.txt","fileType":"txt","lines":[{"lineNumber":1,"author":{"gitId":"pennepenguin"},"content":"[E][X] test (at:test 1123)","lastModifiedDate":"2022-02-16"},{"lineNumber":2,"author":{"gitId":"pennepenguin"},"content":"[D][ ] test (by:test 1000)","lastModifiedDate":"2022-02-16"},{"lineNumber":3,"author":{"gitId":"pennepenguin"},"content":"[T][X] test123","lastModifiedDate":"2022-02-16"},{"lineNumber":4,"author":{"gitId":"pennepenguin"},"content":"[ ] asdf","lastModifiedDate":"2022-02-16"},{"lineNumber":5,"author":{"gitId":"pennepenguin"},"content":"[E][X] test (at:test 1230)","lastModifiedDate":"2022-02-16"},{"lineNumber":6,"author":{"gitId":"pennepenguin"},"content":"[D][X] test (by:test 2359)","lastModifiedDate":"2022-02-16"},{"lineNumber":7,"author":{"gitId":"pennepenguin"},"content":"[T][ ] test123","lastModifiedDate":"2022-02-16"},{"lineNumber":8,"author":{"gitId":"pennepenguin"},"content":"[X] asdf","lastModifiedDate":"2022-02-16"},{"lineNumber":9,"author":{"gitId":"pennepenguin"},"content":"[ ] asdftest","lastModifiedDate":"2022-02-16"}],"authorContributionMap":{"pennepenguin":9}},{"path":"fruits.txt","fileType":"txt","lines":[{"lineNumber":1,"author":{"gitId":"pennepenguin"},"content":"apples","lastModifiedDate":"2022-02-10"},{"lineNumber":2,"author":{"gitId":"pennepenguin"},"content":"bananas","lastModifiedDate":"2022-02-10"},{"lineNumber":3,"author":{"gitId":"pennepenguin"},"content":"cherries","lastModifiedDate":"2022-02-10"}],"authorContributionMap":{"pennepenguin":3}},{"path":"src/main/java/ChatBot.java","fileType":"java","lines":[{"lineNumber":1,"author":{"gitId":"pennepenguin"},"content":"import java.io.*;","lastModifiedDate":"2022-02-16"},{"lineNumber":2,"author":{"gitId":"pennepenguin"},"content":"import java.util.ArrayList;","lastModifiedDate":"2022-02-15"},{"lineNumber":3,"author":{"gitId":"pennepenguin"},"content":"import java.util.Scanner;","lastModifiedDate":"2022-02-15"},{"lineNumber":4,"author":{"gitId":"pennepenguin"},"content":"import java.util.regex.Pattern;","lastModifiedDate":"2022-02-15"},{"lineNumber":5,"author":{"gitId":"pennepenguin"},"content":"","lastModifiedDate":"2022-02-15"},{"lineNumber":6,"author":{"gitId":"pennepenguin"},"content":"import java.util.Scanner;","lastModifiedDate":"2022-02-15"},{"lineNumber":7,"author":{"gitId":"pennepenguin"},"content":"import java.util.*;","lastModifiedDate":"2022-02-15"},{"lineNumber":8,"author":{"gitId":"pennepenguin"},"content":"import java.util.regex.*;","lastModifiedDate":"2022-02-15"},{"lineNumber":9,"author":{"gitId":"pennepenguin"},"content":"","lastModifiedDate":"2022-02-15"},{"lineNumber":10,"author":{"gitId":"pennepenguin"},"content":"public class ChatBot {","lastModifiedDate":"2022-02-15"},{"lineNumber":11,"author":{"gitId":"pennepenguin"},"content":"    public Scanner in \u003d new Scanner(System.in);","lastModifiedDate":"2022-02-15"},{"lineNumber":12,"author":{"gitId":"pennepenguin"},"content":"    File f \u003d new File(\"data.txt\");","lastModifiedDate":"2022-02-16"},{"lineNumber":13,"author":{"gitId":"pennepenguin"},"content":"    String input;","lastModifiedDate":"2022-02-15"},{"lineNumber":14,"author":{"gitId":"pennepenguin"},"content":"    ArrayList\u003cTask\u003e taskArr \u003d new ArrayList\u003cTask\u003e(100);","lastModifiedDate":"2022-02-15"},{"lineNumber":15,"author":{"gitId":"pennepenguin"},"content":"    Pattern m \u003d Pattern.compile(\"^mark\\\\s[0-9]*$\");","lastModifiedDate":"2022-02-15"},{"lineNumber":16,"author":{"gitId":"pennepenguin"},"content":"    Pattern u \u003d Pattern.compile(\"^unmark\\\\s[0-9]*$\");","lastModifiedDate":"2022-02-15"},{"lineNumber":17,"author":{"gitId":"pennepenguin"},"content":"    Pattern t \u003d Pattern.compile(\"^todo\\\\s.*$\");","lastModifiedDate":"2022-02-15"},{"lineNumber":18,"author":{"gitId":"pennepenguin"},"content":"    Pattern d \u003d Pattern.compile(\"^deadline\\\\s.*$\");","lastModifiedDate":"2022-02-15"},{"lineNumber":19,"author":{"gitId":"pennepenguin"},"content":"    Pattern e \u003d Pattern.compile(\"^event\\\\s.*$\");","lastModifiedDate":"2022-02-15"},{"lineNumber":20,"author":{"gitId":"pennepenguin"},"content":"    Pattern rm \u003d Pattern.compile(\"^delete\\\\s.*$\");","lastModifiedDate":"2022-02-16"},{"lineNumber":21,"author":{"gitId":"pennepenguin"},"content":"","lastModifiedDate":"2022-02-15"},{"lineNumber":22,"author":{"gitId":"pennepenguin"},"content":"    public void query(){","lastModifiedDate":"2022-02-15"},{"lineNumber":23,"author":{"gitId":"pennepenguin"},"content":"        readFromFile();","lastModifiedDate":"2022-02-16"},{"lineNumber":24,"author":{"gitId":"pennepenguin"},"content":"        while(true) {","lastModifiedDate":"2022-02-15"},{"lineNumber":25,"author":{"gitId":"pennepenguin"},"content":"            input \u003d in.nextLine();","lastModifiedDate":"2022-02-15"},{"lineNumber":26,"author":{"gitId":"pennepenguin"},"content":"            if (input.equalsIgnoreCase(\"bye\")) {","lastModifiedDate":"2022-02-15"},{"lineNumber":27,"author":{"gitId":"pennepenguin"},"content":"                exit();","lastModifiedDate":"2022-02-15"},{"lineNumber":28,"author":{"gitId":"pennepenguin"},"content":"                break;","lastModifiedDate":"2022-02-15"},{"lineNumber":29,"author":{"gitId":"pennepenguin"},"content":"            } else {","lastModifiedDate":"2022-02-15"},{"lineNumber":30,"author":{"gitId":"pennepenguin"},"content":"                System.out.println(input);","lastModifiedDate":"2022-02-15"},{"lineNumber":31,"author":{"gitId":"pennepenguin"},"content":"            }","lastModifiedDate":"2022-02-15"},{"lineNumber":32,"author":{"gitId":"pennepenguin"},"content":"            switch(input) {","lastModifiedDate":"2022-02-15"},{"lineNumber":33,"author":{"gitId":"pennepenguin"},"content":"                case \"list\":","lastModifiedDate":"2022-02-15"},{"lineNumber":34,"author":{"gitId":"pennepenguin"},"content":"                    list();","lastModifiedDate":"2022-02-15"},{"lineNumber":35,"author":{"gitId":"pennepenguin"},"content":"                    break;","lastModifiedDate":"2022-02-15"},{"lineNumber":36,"author":{"gitId":"pennepenguin"},"content":"                case \"bye\":","lastModifiedDate":"2022-02-15"},{"lineNumber":37,"author":{"gitId":"pennepenguin"},"content":"                    exit();","lastModifiedDate":"2022-02-15"},{"lineNumber":38,"author":{"gitId":"pennepenguin"},"content":"                    break;","lastModifiedDate":"2022-02-15"},{"lineNumber":39,"author":{"gitId":"pennepenguin"},"content":"                default:","lastModifiedDate":"2022-02-15"},{"lineNumber":40,"author":{"gitId":"pennepenguin"},"content":"                    if(m.matcher(input).matches()){","lastModifiedDate":"2022-02-15"},{"lineNumber":41,"author":{"gitId":"pennepenguin"},"content":"                        input \u003d input.replaceAll(\"\\\\D+\",\"\");","lastModifiedDate":"2022-02-15"},{"lineNumber":42,"author":{"gitId":"pennepenguin"},"content":"                        if(Integer. parseInt(input) \u003c\u003d taskArr.size())","lastModifiedDate":"2022-02-15"},{"lineNumber":43,"author":{"gitId":"pennepenguin"},"content":"                            mark(Integer. parseInt(input));","lastModifiedDate":"2022-02-15"},{"lineNumber":44,"author":{"gitId":"pennepenguin"},"content":"                        else","lastModifiedDate":"2022-02-15"},{"lineNumber":45,"author":{"gitId":"pennepenguin"},"content":"                            System.out.println(\"Out of range!\");","lastModifiedDate":"2022-02-15"},{"lineNumber":46,"author":{"gitId":"pennepenguin"},"content":"                    }else if(u.matcher(input).matches()){","lastModifiedDate":"2022-02-15"},{"lineNumber":47,"author":{"gitId":"pennepenguin"},"content":"                        input \u003d input.replaceAll(\"\\\\D+\",\"\");","lastModifiedDate":"2022-02-15"},{"lineNumber":48,"author":{"gitId":"pennepenguin"},"content":"                        if(Integer. parseInt(input) \u003c\u003d taskArr.size())","lastModifiedDate":"2022-02-15"},{"lineNumber":49,"author":{"gitId":"pennepenguin"},"content":"                            unmark(Integer. parseInt(input));","lastModifiedDate":"2022-02-15"},{"lineNumber":50,"author":{"gitId":"pennepenguin"},"content":"                        else","lastModifiedDate":"2022-02-15"},{"lineNumber":51,"author":{"gitId":"pennepenguin"},"content":"                            System.out.println(\"Out of range!\");","lastModifiedDate":"2022-02-15"},{"lineNumber":52,"author":{"gitId":"pennepenguin"},"content":"                    }else if(rm.matcher(input).matches()){","lastModifiedDate":"2022-02-16"},{"lineNumber":53,"author":{"gitId":"pennepenguin"},"content":"                        input \u003d input.replaceAll(\"\\\\D+\",\"\");","lastModifiedDate":"2022-02-16"},{"lineNumber":54,"author":{"gitId":"pennepenguin"},"content":"                        if(Integer. parseInt(input) \u003c\u003d taskArr.size())","lastModifiedDate":"2022-02-16"},{"lineNumber":55,"author":{"gitId":"pennepenguin"},"content":"                            delete(Integer. parseInt(input));","lastModifiedDate":"2022-02-16"},{"lineNumber":56,"author":{"gitId":"pennepenguin"},"content":"                        else","lastModifiedDate":"2022-02-16"},{"lineNumber":57,"author":{"gitId":"pennepenguin"},"content":"                            System.out.println(\"Out of range!\");","lastModifiedDate":"2022-02-16"},{"lineNumber":58,"author":{"gitId":"pennepenguin"},"content":"                    }else if(t.matcher(input).matches()){","lastModifiedDate":"2022-02-15"},{"lineNumber":59,"author":{"gitId":"pennepenguin"},"content":"                        input \u003d input.replaceAll(\"^todo\\\\s\",\"\");","lastModifiedDate":"2022-02-15"},{"lineNumber":60,"author":{"gitId":"pennepenguin"},"content":"                        taskArr.add(new Todo(input));","lastModifiedDate":"2022-02-15"},{"lineNumber":61,"author":{"gitId":"pennepenguin"},"content":"                        System.out.println(\"Got it. I\u0027ve added this task: \\n\" + taskArr.get(taskArr.size() - 1).getDescription() + \"\\nNow you have \" + taskArr.size() + \" tasks in the list.\");","lastModifiedDate":"2022-02-15"},{"lineNumber":62,"author":{"gitId":"pennepenguin"},"content":"                    }else if(d.matcher(input).matches()){","lastModifiedDate":"2022-02-15"},{"lineNumber":63,"author":{"gitId":"pennepenguin"},"content":"                        try{","lastModifiedDate":"2022-02-15"},{"lineNumber":64,"author":{"gitId":"pennepenguin"},"content":"                            String[] check \u003d input.split(\"/by\");","lastModifiedDate":"2022-02-15"},{"lineNumber":65,"author":{"gitId":"pennepenguin"},"content":"                            if(check.length \u003c 2){","lastModifiedDate":"2022-02-15"},{"lineNumber":66,"author":{"gitId":"pennepenguin"},"content":"                                throw new DukeException(\"Insufficient arguments!\");","lastModifiedDate":"2022-02-15"},{"lineNumber":67,"author":{"gitId":"pennepenguin"},"content":"                            }","lastModifiedDate":"2022-02-15"},{"lineNumber":68,"author":{"gitId":"pennepenguin"},"content":"                            input \u003d input.replaceAll(\"^deadline\\\\s\",\"\");","lastModifiedDate":"2022-02-15"},{"lineNumber":69,"author":{"gitId":"pennepenguin"},"content":"                            String[] splited \u003d input.split(\"/by\", 2);","lastModifiedDate":"2022-02-15"},{"lineNumber":70,"author":{"gitId":"pennepenguin"},"content":"                            taskArr.add(new Deadline(splited[0], splited[1].replaceAll(\"^\\\\s\",\"\")));","lastModifiedDate":"2022-02-15"},{"lineNumber":71,"author":{"gitId":"pennepenguin"},"content":"                            System.out.println(\"Got it. I\u0027ve added this task: \\n\" + taskArr.get(taskArr.size() - 1).getDescription() + \"\\nNow you have \" + taskArr.size() + \" tasks in the list.\");","lastModifiedDate":"2022-02-15"},{"lineNumber":72,"author":{"gitId":"pennepenguin"},"content":"                        }catch(DukeException e){","lastModifiedDate":"2022-02-15"},{"lineNumber":73,"author":{"gitId":"pennepenguin"},"content":"                            System.out.println(\"Error: \" + e.getMessage());","lastModifiedDate":"2022-02-15"},{"lineNumber":74,"author":{"gitId":"pennepenguin"},"content":"                        }","lastModifiedDate":"2022-02-15"},{"lineNumber":75,"author":{"gitId":"pennepenguin"},"content":"                    }else if(e.matcher(input).matches()){","lastModifiedDate":"2022-02-15"},{"lineNumber":76,"author":{"gitId":"pennepenguin"},"content":"                        try{","lastModifiedDate":"2022-02-15"},{"lineNumber":77,"author":{"gitId":"pennepenguin"},"content":"                            String[] check \u003d input.split(\"/at\");","lastModifiedDate":"2022-02-15"},{"lineNumber":78,"author":{"gitId":"pennepenguin"},"content":"                            if(check.length \u003c 2){","lastModifiedDate":"2022-02-15"},{"lineNumber":79,"author":{"gitId":"pennepenguin"},"content":"                                throw new DukeException(\"Insufficient arguments!\");","lastModifiedDate":"2022-02-15"},{"lineNumber":80,"author":{"gitId":"pennepenguin"},"content":"                            }","lastModifiedDate":"2022-02-15"},{"lineNumber":81,"author":{"gitId":"pennepenguin"},"content":"                            input \u003d input.replaceAll(\"^event\\\\s\",\"\");","lastModifiedDate":"2022-02-15"},{"lineNumber":82,"author":{"gitId":"pennepenguin"},"content":"                            String[] splited \u003d input.split(\"/at\", 2);","lastModifiedDate":"2022-02-15"},{"lineNumber":83,"author":{"gitId":"pennepenguin"},"content":"                            taskArr.add(new Event(splited[0], splited[1].replaceAll(\"^\\\\s\",\"\")));","lastModifiedDate":"2022-02-15"},{"lineNumber":84,"author":{"gitId":"pennepenguin"},"content":"                            System.out.println(\"Got it. I\u0027ve added this task: \\n\" + taskArr.get(taskArr.size() - 1).getDescription() + \"\\nNow you have \" + taskArr.size() + \" tasks in the list.\");","lastModifiedDate":"2022-02-15"},{"lineNumber":85,"author":{"gitId":"pennepenguin"},"content":"                        }catch(DukeException e){","lastModifiedDate":"2022-02-15"},{"lineNumber":86,"author":{"gitId":"pennepenguin"},"content":"                            System.out.println(\"Error: \" + e.getMessage());","lastModifiedDate":"2022-02-15"},{"lineNumber":87,"author":{"gitId":"pennepenguin"},"content":"                        }","lastModifiedDate":"2022-02-15"},{"lineNumber":88,"author":{"gitId":"pennepenguin"},"content":"                    }else if(input.length() \u003e 0){","lastModifiedDate":"2022-02-16"},{"lineNumber":89,"author":{"gitId":"pennepenguin"},"content":"                        taskArr.add(new Task(input));","lastModifiedDate":"2022-02-15"},{"lineNumber":90,"author":{"gitId":"pennepenguin"},"content":"                        System.out.println(\"added: \" + input);","lastModifiedDate":"2022-02-15"},{"lineNumber":91,"author":{"gitId":"pennepenguin"},"content":"                    }else{","lastModifiedDate":"2022-02-16"},{"lineNumber":92,"author":{"gitId":"pennepenguin"},"content":"                        System.out.println(\"Please enter something!\");","lastModifiedDate":"2022-02-16"},{"lineNumber":93,"author":{"gitId":"pennepenguin"},"content":"                    }","lastModifiedDate":"2022-02-15"},{"lineNumber":94,"author":{"gitId":"pennepenguin"},"content":"            }","lastModifiedDate":"2022-02-15"},{"lineNumber":95,"author":{"gitId":"pennepenguin"},"content":"            saveToFile();","lastModifiedDate":"2022-02-16"},{"lineNumber":96,"author":{"gitId":"pennepenguin"},"content":"        }","lastModifiedDate":"2022-02-15"},{"lineNumber":97,"author":{"gitId":"pennepenguin"},"content":"    }","lastModifiedDate":"2022-02-15"},{"lineNumber":98,"author":{"gitId":"pennepenguin"},"content":"","lastModifiedDate":"2022-02-15"},{"lineNumber":99,"author":{"gitId":"pennepenguin"},"content":"    public void exit(){","lastModifiedDate":"2022-02-15"},{"lineNumber":100,"author":{"gitId":"pennepenguin"},"content":"        System.out.println(\"Bye. Hope to see you again soon!\");","lastModifiedDate":"2022-02-15"},{"lineNumber":101,"author":{"gitId":"pennepenguin"},"content":"        in.close();","lastModifiedDate":"2022-02-15"},{"lineNumber":102,"author":{"gitId":"pennepenguin"},"content":"    }","lastModifiedDate":"2022-02-15"},{"lineNumber":103,"author":{"gitId":"pennepenguin"},"content":"","lastModifiedDate":"2022-02-15"},{"lineNumber":104,"author":{"gitId":"pennepenguin"},"content":"    public void list(){","lastModifiedDate":"2022-02-15"},{"lineNumber":105,"author":{"gitId":"pennepenguin"},"content":"        for(int i\u003d0;i\u003ctaskArr.size();i++){","lastModifiedDate":"2022-02-15"},{"lineNumber":106,"author":{"gitId":"pennepenguin"},"content":"            System.out.println((i+1) + \". \" + taskArr.get(i).getDescription());","lastModifiedDate":"2022-02-15"},{"lineNumber":107,"author":{"gitId":"pennepenguin"},"content":"        }","lastModifiedDate":"2022-02-15"},{"lineNumber":108,"author":{"gitId":"pennepenguin"},"content":"    }","lastModifiedDate":"2022-02-15"},{"lineNumber":109,"author":{"gitId":"pennepenguin"},"content":"","lastModifiedDate":"2022-02-15"},{"lineNumber":110,"author":{"gitId":"pennepenguin"},"content":"    public void mark(int i){","lastModifiedDate":"2022-02-15"},{"lineNumber":111,"author":{"gitId":"pennepenguin"},"content":"        taskArr.get(i-1).setDone(true);","lastModifiedDate":"2022-02-15"},{"lineNumber":112,"author":{"gitId":"pennepenguin"},"content":"        System.out.println(\"Nice! I\u0027ve marked this task as done:\\n\" + taskArr.get(i-1).getDescription());","lastModifiedDate":"2022-02-15"},{"lineNumber":113,"author":{"gitId":"pennepenguin"},"content":"    }","lastModifiedDate":"2022-02-15"},{"lineNumber":114,"author":{"gitId":"pennepenguin"},"content":"","lastModifiedDate":"2022-02-15"},{"lineNumber":115,"author":{"gitId":"pennepenguin"},"content":"    public void unmark(int i){","lastModifiedDate":"2022-02-15"},{"lineNumber":116,"author":{"gitId":"pennepenguin"},"content":"        taskArr.get(i-1).setDone(false);","lastModifiedDate":"2022-02-15"},{"lineNumber":117,"author":{"gitId":"pennepenguin"},"content":"        System.out.println(\"OK, I\u0027ve marked this task as not done yet:\\n\" + taskArr.get(i-1).getDescription());","lastModifiedDate":"2022-02-15"},{"lineNumber":118,"author":{"gitId":"pennepenguin"},"content":"    }","lastModifiedDate":"2022-02-15"},{"lineNumber":119,"author":{"gitId":"pennepenguin"},"content":"    public void delete(int i){","lastModifiedDate":"2022-02-16"},{"lineNumber":120,"author":{"gitId":"pennepenguin"},"content":"        System.out.println(\"Noted. I\u0027ve removed this task: \\n\" + taskArr.get(i-1).getDescription() + \"\\nNow you have \" + taskArr.size() + \" tasks in the list.\");","lastModifiedDate":"2022-02-16"},{"lineNumber":121,"author":{"gitId":"pennepenguin"},"content":"        taskArr.remove(i-1);","lastModifiedDate":"2022-02-16"},{"lineNumber":122,"author":{"gitId":"pennepenguin"},"content":"","lastModifiedDate":"2022-02-15"},{"lineNumber":123,"author":{"gitId":"pennepenguin"},"content":"    }","lastModifiedDate":"2022-02-15"},{"lineNumber":124,"author":{"gitId":"pennepenguin"},"content":"    public void saveToFile()","lastModifiedDate":"2022-02-16"},{"lineNumber":125,"author":{"gitId":"pennepenguin"},"content":"    {","lastModifiedDate":"2022-02-16"},{"lineNumber":126,"author":{"gitId":"pennepenguin"},"content":"        try (PrintWriter out \u003d new PrintWriter(f.getAbsoluteFile())) {","lastModifiedDate":"2022-02-16"},{"lineNumber":127,"author":{"gitId":"pennepenguin"},"content":"            for(int i\u003d0;i\u003ctaskArr.size();i++){","lastModifiedDate":"2022-02-16"},{"lineNumber":128,"author":{"gitId":"pennepenguin"},"content":"                out.println(taskArr.get(i).getDescription());","lastModifiedDate":"2022-02-16"},{"lineNumber":129,"author":{"gitId":"pennepenguin"},"content":"            }","lastModifiedDate":"2022-02-16"},{"lineNumber":130,"author":{"gitId":"pennepenguin"},"content":"        }","lastModifiedDate":"2022-02-16"},{"lineNumber":131,"author":{"gitId":"pennepenguin"},"content":"        catch (Exception e) {","lastModifiedDate":"2022-02-16"},{"lineNumber":132,"author":{"gitId":"pennepenguin"},"content":"            System.out.println(e.getMessage());","lastModifiedDate":"2022-02-16"},{"lineNumber":133,"author":{"gitId":"pennepenguin"},"content":"        }","lastModifiedDate":"2022-02-16"},{"lineNumber":134,"author":{"gitId":"pennepenguin"},"content":"    }","lastModifiedDate":"2022-02-16"},{"lineNumber":135,"author":{"gitId":"pennepenguin"},"content":"    public void readFromFile(){","lastModifiedDate":"2022-02-16"},{"lineNumber":136,"author":{"gitId":"pennepenguin"},"content":"        int counter \u003d 0;","lastModifiedDate":"2022-02-16"},{"lineNumber":137,"author":{"gitId":"pennepenguin"},"content":"        Pattern event \u003d Pattern.compile(\"^\\\\[E\\\\].*$\");","lastModifiedDate":"2022-02-16"},{"lineNumber":138,"author":{"gitId":"pennepenguin"},"content":"        Pattern deadline \u003d Pattern.compile(\"^\\\\[D\\\\].*$\");","lastModifiedDate":"2022-02-16"},{"lineNumber":139,"author":{"gitId":"pennepenguin"},"content":"        Pattern todo \u003d Pattern.compile(\"^\\\\[T\\\\].*$\");","lastModifiedDate":"2022-02-16"},{"lineNumber":140,"author":{"gitId":"pennepenguin"},"content":"        Pattern isMarked \u003d Pattern.compile(\"^\\\\[X\\\\]\\\\s.*$\");","lastModifiedDate":"2022-02-16"},{"lineNumber":141,"author":{"gitId":"pennepenguin"},"content":"        try {","lastModifiedDate":"2022-02-16"},{"lineNumber":142,"author":{"gitId":"pennepenguin"},"content":"            BufferedReader br \u003d new BufferedReader(new FileReader(f.getAbsoluteFile()));","lastModifiedDate":"2022-02-16"},{"lineNumber":143,"author":{"gitId":"pennepenguin"},"content":"            String st;","lastModifiedDate":"2022-02-16"},{"lineNumber":144,"author":{"gitId":"pennepenguin"},"content":"            while ((st \u003d br.readLine()) !\u003d null){","lastModifiedDate":"2022-02-16"},{"lineNumber":145,"author":{"gitId":"pennepenguin"},"content":"                if(event.matcher(st).matches()){","lastModifiedDate":"2022-02-16"},{"lineNumber":146,"author":{"gitId":"pennepenguin"},"content":"                    st \u003d st.replaceAll(\"^\\\\[E\\\\]\",\"\");","lastModifiedDate":"2022-02-16"},{"lineNumber":147,"author":{"gitId":"pennepenguin"},"content":"                    if(isMarked.matcher(st).matches()){","lastModifiedDate":"2022-02-16"},{"lineNumber":148,"author":{"gitId":"pennepenguin"},"content":"                        st \u003d st.replaceAll(\"^\\\\[X\\\\]\\\\s\",\"\");","lastModifiedDate":"2022-02-16"},{"lineNumber":149,"author":{"gitId":"pennepenguin"},"content":"                        String[] splited \u003d st.split(\"\\\\(at:\", 2);","lastModifiedDate":"2022-02-16"},{"lineNumber":150,"author":{"gitId":"pennepenguin"},"content":"                        splited[1] \u003d splited[1].replaceAll(\"\\\\)$\", \"\");","lastModifiedDate":"2022-02-16"},{"lineNumber":151,"author":{"gitId":"pennepenguin"},"content":"                        taskArr.add(new Event(splited[0].replaceAll(\"\\\\s+$\",\"\"), splited[1].replaceAll(\"^\\\\s\",\"\")));","lastModifiedDate":"2022-02-16"},{"lineNumber":152,"author":{"gitId":"pennepenguin"},"content":"                        taskArr.get(counter).setDone(true);","lastModifiedDate":"2022-02-16"},{"lineNumber":153,"author":{"gitId":"pennepenguin"},"content":"                    }else{","lastModifiedDate":"2022-02-16"},{"lineNumber":154,"author":{"gitId":"pennepenguin"},"content":"                        st \u003d st.replaceAll(\"^\\\\[\\\\s\\\\]\\\\s\",\"\");","lastModifiedDate":"2022-02-16"},{"lineNumber":155,"author":{"gitId":"pennepenguin"},"content":"                        String[] splited \u003d st.split(\"\\\\(at:\", 2);","lastModifiedDate":"2022-02-16"},{"lineNumber":156,"author":{"gitId":"pennepenguin"},"content":"                        splited[1] \u003d splited[1].replaceAll(\"\\\\)$\", \"\");","lastModifiedDate":"2022-02-16"},{"lineNumber":157,"author":{"gitId":"pennepenguin"},"content":"                        //System.out.println(\"test : \" + splited[0] + \", \" + splited[1] +\"\\n\");","lastModifiedDate":"2022-02-16"},{"lineNumber":158,"author":{"gitId":"pennepenguin"},"content":"                        taskArr.add(new Event(splited[0].replaceAll(\"\\\\s+$\",\"\"), splited[1].replaceAll(\"^\\\\s+\",\"\")));","lastModifiedDate":"2022-02-16"},{"lineNumber":159,"author":{"gitId":"pennepenguin"},"content":"                    }","lastModifiedDate":"2022-02-16"},{"lineNumber":160,"author":{"gitId":"pennepenguin"},"content":"                }else if(deadline.matcher(st).matches()) {","lastModifiedDate":"2022-02-16"},{"lineNumber":161,"author":{"gitId":"pennepenguin"},"content":"                    st \u003d st.replaceAll(\"^\\\\[D\\\\]\", \"\");","lastModifiedDate":"2022-02-16"},{"lineNumber":162,"author":{"gitId":"pennepenguin"},"content":"                    if (isMarked.matcher(st).matches()) {","lastModifiedDate":"2022-02-16"},{"lineNumber":163,"author":{"gitId":"pennepenguin"},"content":"                        st \u003d st.replaceAll(\"^\\\\[X\\\\]\\\\s\", \"\");","lastModifiedDate":"2022-02-16"},{"lineNumber":164,"author":{"gitId":"pennepenguin"},"content":"                        String[] splited \u003d st.split(\"\\\\(by:\", 2);","lastModifiedDate":"2022-02-16"},{"lineNumber":165,"author":{"gitId":"pennepenguin"},"content":"                        splited[1] \u003d splited[1].replaceAll(\"\\\\)$\", \"\");","lastModifiedDate":"2022-02-16"},{"lineNumber":166,"author":{"gitId":"pennepenguin"},"content":"                        taskArr.add(new Deadline(splited[0].replaceAll(\"\\\\s+$\", \"\"), splited[1].replaceAll(\"^\\\\s\", \"\")));","lastModifiedDate":"2022-02-16"},{"lineNumber":167,"author":{"gitId":"pennepenguin"},"content":"                        taskArr.get(counter).setDone(true);","lastModifiedDate":"2022-02-16"},{"lineNumber":168,"author":{"gitId":"pennepenguin"},"content":"                    } else {","lastModifiedDate":"2022-02-16"},{"lineNumber":169,"author":{"gitId":"pennepenguin"},"content":"                        st \u003d st.replaceAll(\"^\\\\[\\\\s\\\\]\\\\s\", \"\");","lastModifiedDate":"2022-02-16"},{"lineNumber":170,"author":{"gitId":"pennepenguin"},"content":"                        String[] splited \u003d st.split(\"\\\\(by:\", 2);","lastModifiedDate":"2022-02-16"},{"lineNumber":171,"author":{"gitId":"pennepenguin"},"content":"                        splited[1] \u003d splited[1].replaceAll(\"\\\\)$\", \"\");","lastModifiedDate":"2022-02-16"},{"lineNumber":172,"author":{"gitId":"pennepenguin"},"content":"                        taskArr.add(new Deadline(splited[0].replaceAll(\"\\\\s+$\", \"\"), splited[1].replaceAll(\"^\\\\s+\", \"\")));","lastModifiedDate":"2022-02-16"},{"lineNumber":173,"author":{"gitId":"pennepenguin"},"content":"                    }","lastModifiedDate":"2022-02-16"},{"lineNumber":174,"author":{"gitId":"pennepenguin"},"content":"                }else if(todo.matcher(st).matches()) {","lastModifiedDate":"2022-02-16"},{"lineNumber":175,"author":{"gitId":"pennepenguin"},"content":"                    st \u003d st.replaceAll(\"^\\\\[T\\\\]\", \"\");","lastModifiedDate":"2022-02-16"},{"lineNumber":176,"author":{"gitId":"pennepenguin"},"content":"                    if (isMarked.matcher(st).matches()) {","lastModifiedDate":"2022-02-16"},{"lineNumber":177,"author":{"gitId":"pennepenguin"},"content":"                        st \u003d st.replaceAll(\"^\\\\[X\\\\]\\\\s\", \"\");","lastModifiedDate":"2022-02-16"},{"lineNumber":178,"author":{"gitId":"pennepenguin"},"content":"                        taskArr.add(new Todo(st));","lastModifiedDate":"2022-02-16"},{"lineNumber":179,"author":{"gitId":"pennepenguin"},"content":"                        taskArr.get(counter).setDone(true);","lastModifiedDate":"2022-02-16"},{"lineNumber":180,"author":{"gitId":"pennepenguin"},"content":"                    } else {","lastModifiedDate":"2022-02-16"},{"lineNumber":181,"author":{"gitId":"pennepenguin"},"content":"                        st \u003d st.replaceAll(\"^\\\\[\\\\s\\\\]\\\\s\", \"\");","lastModifiedDate":"2022-02-16"},{"lineNumber":182,"author":{"gitId":"pennepenguin"},"content":"                        taskArr.add(new Todo(st));","lastModifiedDate":"2022-02-16"},{"lineNumber":183,"author":{"gitId":"pennepenguin"},"content":"                    }","lastModifiedDate":"2022-02-16"},{"lineNumber":184,"author":{"gitId":"pennepenguin"},"content":"                }else{","lastModifiedDate":"2022-02-16"},{"lineNumber":185,"author":{"gitId":"pennepenguin"},"content":"                    if (isMarked.matcher(st).matches()) {","lastModifiedDate":"2022-02-16"},{"lineNumber":186,"author":{"gitId":"pennepenguin"},"content":"                        st \u003d st.replaceAll(\"^\\\\[X\\\\]\\\\s\", \"\");","lastModifiedDate":"2022-02-16"},{"lineNumber":187,"author":{"gitId":"pennepenguin"},"content":"                        taskArr.add(new Task(st));","lastModifiedDate":"2022-02-16"},{"lineNumber":188,"author":{"gitId":"pennepenguin"},"content":"                        taskArr.get(counter).setDone(true);","lastModifiedDate":"2022-02-16"},{"lineNumber":189,"author":{"gitId":"pennepenguin"},"content":"                    } else {","lastModifiedDate":"2022-02-16"},{"lineNumber":190,"author":{"gitId":"pennepenguin"},"content":"                        st \u003d st.replaceAll(\"^\\\\[\\\\s\\\\]\\\\s\", \"\");","lastModifiedDate":"2022-02-16"},{"lineNumber":191,"author":{"gitId":"pennepenguin"},"content":"                        taskArr.add(new Task(st));","lastModifiedDate":"2022-02-16"},{"lineNumber":192,"author":{"gitId":"pennepenguin"},"content":"                    }","lastModifiedDate":"2022-02-16"},{"lineNumber":193,"author":{"gitId":"pennepenguin"},"content":"                }","lastModifiedDate":"2022-02-16"},{"lineNumber":194,"author":{"gitId":"pennepenguin"},"content":"                //System.out.println(st);","lastModifiedDate":"2022-02-16"},{"lineNumber":195,"author":{"gitId":"pennepenguin"},"content":"                counter++;","lastModifiedDate":"2022-02-16"},{"lineNumber":196,"author":{"gitId":"pennepenguin"},"content":"            }","lastModifiedDate":"2022-02-16"},{"lineNumber":197,"author":{"gitId":"pennepenguin"},"content":"        }catch(Exception ex){","lastModifiedDate":"2022-02-16"},{"lineNumber":198,"author":{"gitId":"pennepenguin"},"content":"            System.err.println(ex.getMessage());","lastModifiedDate":"2022-02-16"},{"lineNumber":199,"author":{"gitId":"pennepenguin"},"content":"        }","lastModifiedDate":"2022-02-16"},{"lineNumber":200,"author":{"gitId":"pennepenguin"},"content":"    }","lastModifiedDate":"2022-02-16"},{"lineNumber":201,"author":{"gitId":"pennepenguin"},"content":"}","lastModifiedDate":"2022-02-16"}],"authorContributionMap":{"pennepenguin":201}},{"path":"src/main/java/Deadline.java","fileType":"java","lines":[{"lineNumber":1,"author":{"gitId":"pennepenguin"},"content":"public class Deadline extends Task{","lastModifiedDate":"2022-02-15"},{"lineNumber":2,"author":{"gitId":"pennepenguin"},"content":"    protected String by;","lastModifiedDate":"2022-02-15"},{"lineNumber":3,"author":{"gitId":"pennepenguin"},"content":"","lastModifiedDate":"2022-02-15"},{"lineNumber":4,"author":{"gitId":"pennepenguin"},"content":"    public Deadline(String description, String by) {","lastModifiedDate":"2022-02-15"},{"lineNumber":5,"author":{"gitId":"pennepenguin"},"content":"        super(description);","lastModifiedDate":"2022-02-15"},{"lineNumber":6,"author":{"gitId":"pennepenguin"},"content":"        this.by \u003d by;","lastModifiedDate":"2022-02-15"},{"lineNumber":7,"author":{"gitId":"pennepenguin"},"content":"    }","lastModifiedDate":"2022-02-15"},{"lineNumber":8,"author":{"gitId":"pennepenguin"},"content":"","lastModifiedDate":"2022-02-15"},{"lineNumber":9,"author":{"gitId":"pennepenguin"},"content":"    @Override","lastModifiedDate":"2022-02-15"},{"lineNumber":10,"author":{"gitId":"pennepenguin"},"content":"    public String getDescription() {","lastModifiedDate":"2022-02-15"},{"lineNumber":11,"author":{"gitId":"pennepenguin"},"content":"        return \"[D]\" + super.getDescription() + \" (by:\" + by + \")\";","lastModifiedDate":"2022-02-15"},{"lineNumber":12,"author":{"gitId":"pennepenguin"},"content":"    }","lastModifiedDate":"2022-02-15"},{"lineNumber":13,"author":{"gitId":"pennepenguin"},"content":"}","lastModifiedDate":"2022-02-15"}],"authorContributionMap":{"pennepenguin":13}},{"path":"src/main/java/Duke.java","fileType":"java","lines":[{"lineNumber":1,"author":{"gitId":"-"},"content":"public class Duke {","lastModifiedDate":"2019-07-29"},{"lineNumber":2,"author":{"gitId":"-"},"content":"    public static void main(String[] args) {","lastModifiedDate":"2019-07-29"},{"lineNumber":3,"author":{"gitId":"-"},"content":"        String logo \u003d \" ____        _        \\n\"","lastModifiedDate":"2019-07-29"},{"lineNumber":4,"author":{"gitId":"-"},"content":"                + \"|  _ \\\\ _   _| | _____ \\n\"","lastModifiedDate":"2019-07-29"},{"lineNumber":5,"author":{"gitId":"-"},"content":"                + \"| | | | | | | |/ / _ \\\\\\n\"","lastModifiedDate":"2019-07-29"},{"lineNumber":6,"author":{"gitId":"-"},"content":"                + \"| |_| | |_| |   \u003c  __/\\n\"","lastModifiedDate":"2019-07-29"},{"lineNumber":7,"author":{"gitId":"-"},"content":"                + \"|____/ \\\\__,_|_|\\\\_\\\\___|\\n\";","lastModifiedDate":"2019-07-29"},{"lineNumber":8,"author":{"gitId":"-"},"content":"        System.out.println(\"Hello from\\n\" + logo);","lastModifiedDate":"2019-07-29"},{"lineNumber":9,"author":{"gitId":"pennepenguin"},"content":"        System.out.println(\"What can I do for you?\");","lastModifiedDate":"2022-02-10"},{"lineNumber":10,"author":{"gitId":"pennepenguin"},"content":"        ChatBot newChatBot \u003d new ChatBot();","lastModifiedDate":"2022-02-15"},{"lineNumber":11,"author":{"gitId":"pennepenguin"},"content":"        newChatBot.query();","lastModifiedDate":"2022-02-15"},{"lineNumber":12,"author":{"gitId":"-"},"content":"    }","lastModifiedDate":"2019-07-29"},{"lineNumber":13,"author":{"gitId":"-"},"content":"}","lastModifiedDate":"2019-07-29"}],"authorContributionMap":{"-":10,"pennepenguin":3}},{"path":"src/main/java/DukeException.java","fileType":"java","lines":[{"lineNumber":1,"author":{"gitId":"pennepenguin"},"content":"public class DukeException extends Exception{","lastModifiedDate":"2022-02-15"},{"lineNumber":2,"author":{"gitId":"pennepenguin"},"content":"    public DukeException() {","lastModifiedDate":"2022-02-15"},{"lineNumber":3,"author":{"gitId":"pennepenguin"},"content":"        super();","lastModifiedDate":"2022-02-15"},{"lineNumber":4,"author":{"gitId":"pennepenguin"},"content":"    }","lastModifiedDate":"2022-02-15"},{"lineNumber":5,"author":{"gitId":"pennepenguin"},"content":"    public DukeException(String message) {","lastModifiedDate":"2022-02-15"},{"lineNumber":6,"author":{"gitId":"pennepenguin"},"content":"        super(message);","lastModifiedDate":"2022-02-15"},{"lineNumber":7,"author":{"gitId":"pennepenguin"},"content":"    }","lastModifiedDate":"2022-02-15"},{"lineNumber":8,"author":{"gitId":"pennepenguin"},"content":"","lastModifiedDate":"2022-02-15"},{"lineNumber":9,"author":{"gitId":"pennepenguin"},"content":"    public DukeException(Throwable cause) {","lastModifiedDate":"2022-02-15"},{"lineNumber":10,"author":{"gitId":"pennepenguin"},"content":"        super(cause);","lastModifiedDate":"2022-02-15"},{"lineNumber":11,"author":{"gitId":"pennepenguin"},"content":"    }","lastModifiedDate":"2022-02-15"},{"lineNumber":12,"author":{"gitId":"pennepenguin"},"content":"}","lastModifiedDate":"2022-02-15"}],"authorContributionMap":{"pennepenguin":12}},{"path":"src/main/java/Event.java","fileType":"java","lines":[{"lineNumber":1,"author":{"gitId":"pennepenguin"},"content":"public class Event extends Task{","lastModifiedDate":"2022-02-15"},{"lineNumber":2,"author":{"gitId":"pennepenguin"},"content":"    protected String at;","lastModifiedDate":"2022-02-15"},{"lineNumber":3,"author":{"gitId":"pennepenguin"},"content":"","lastModifiedDate":"2022-02-15"},{"lineNumber":4,"author":{"gitId":"pennepenguin"},"content":"    public Event(String description, String at) {","lastModifiedDate":"2022-02-15"},{"lineNumber":5,"author":{"gitId":"pennepenguin"},"content":"        super(description);","lastModifiedDate":"2022-02-15"},{"lineNumber":6,"author":{"gitId":"pennepenguin"},"content":"        this.at \u003d at;","lastModifiedDate":"2022-02-15"},{"lineNumber":7,"author":{"gitId":"pennepenguin"},"content":"    }","lastModifiedDate":"2022-02-15"},{"lineNumber":8,"author":{"gitId":"pennepenguin"},"content":"","lastModifiedDate":"2022-02-15"},{"lineNumber":9,"author":{"gitId":"pennepenguin"},"content":"    @Override","lastModifiedDate":"2022-02-15"},{"lineNumber":10,"author":{"gitId":"pennepenguin"},"content":"    public String getDescription() {","lastModifiedDate":"2022-02-15"},{"lineNumber":11,"author":{"gitId":"pennepenguin"},"content":"        return \"[E]\" +  super.getDescription() + \" (at:\" + at + \")\";","lastModifiedDate":"2022-02-15"},{"lineNumber":12,"author":{"gitId":"pennepenguin"},"content":"    }","lastModifiedDate":"2022-02-15"},{"lineNumber":13,"author":{"gitId":"pennepenguin"},"content":"}","lastModifiedDate":"2022-02-15"}],"authorContributionMap":{"pennepenguin":13}},{"path":"src/main/java/Task.java","fileType":"java","lines":[{"lineNumber":1,"author":{"gitId":"pennepenguin"},"content":"public class Task {","lastModifiedDate":"2022-02-10"},{"lineNumber":2,"author":{"gitId":"pennepenguin"},"content":"    boolean isDone;","lastModifiedDate":"2022-02-10"},{"lineNumber":3,"author":{"gitId":"pennepenguin"},"content":"    public String description;","lastModifiedDate":"2022-02-10"},{"lineNumber":4,"author":{"gitId":"pennepenguin"},"content":"","lastModifiedDate":"2022-02-10"},{"lineNumber":5,"author":{"gitId":"pennepenguin"},"content":"    public Task(String description) {","lastModifiedDate":"2022-02-10"},{"lineNumber":6,"author":{"gitId":"pennepenguin"},"content":"        this.description \u003d description;","lastModifiedDate":"2022-02-10"},{"lineNumber":7,"author":{"gitId":"pennepenguin"},"content":"        isDone \u003d false;","lastModifiedDate":"2022-02-10"},{"lineNumber":8,"author":{"gitId":"pennepenguin"},"content":"    }","lastModifiedDate":"2022-02-10"},{"lineNumber":9,"author":{"gitId":"pennepenguin"},"content":"","lastModifiedDate":"2022-02-10"},{"lineNumber":10,"author":{"gitId":"pennepenguin"},"content":"    public String getDescription() {","lastModifiedDate":"2022-02-10"},{"lineNumber":11,"author":{"gitId":"pennepenguin"},"content":"        return \"[\" + (isDone() ? (\"X\"):(\" \")) + \"] \" + description;","lastModifiedDate":"2022-02-15"},{"lineNumber":12,"author":{"gitId":"pennepenguin"},"content":"    }","lastModifiedDate":"2022-02-10"},{"lineNumber":13,"author":{"gitId":"pennepenguin"},"content":"","lastModifiedDate":"2022-02-10"},{"lineNumber":14,"author":{"gitId":"pennepenguin"},"content":"    public void setDone(boolean isDone){","lastModifiedDate":"2022-02-10"},{"lineNumber":15,"author":{"gitId":"pennepenguin"},"content":"        this.isDone \u003d isDone;","lastModifiedDate":"2022-02-11"},{"lineNumber":16,"author":{"gitId":"pennepenguin"},"content":"    }","lastModifiedDate":"2022-02-10"},{"lineNumber":17,"author":{"gitId":"pennepenguin"},"content":"","lastModifiedDate":"2022-02-10"},{"lineNumber":18,"author":{"gitId":"pennepenguin"},"content":"    public boolean isDone(){","lastModifiedDate":"2022-02-10"},{"lineNumber":19,"author":{"gitId":"pennepenguin"},"content":"        return this.isDone;","lastModifiedDate":"2022-02-10"},{"lineNumber":20,"author":{"gitId":"pennepenguin"},"content":"    }","lastModifiedDate":"2022-02-10"},{"lineNumber":21,"author":{"gitId":"pennepenguin"},"content":"}","lastModifiedDate":"2022-02-10"}],"authorContributionMap":{"pennepenguin":21}},{"path":"src/main/java/Todo.java","fileType":"java","lines":[{"lineNumber":1,"author":{"gitId":"pennepenguin"},"content":"public class Todo extends Task {","lastModifiedDate":"2022-02-15"},{"lineNumber":2,"author":{"gitId":"pennepenguin"},"content":"","lastModifiedDate":"2022-02-15"},{"lineNumber":3,"author":{"gitId":"pennepenguin"},"content":"    //protected String by;","lastModifiedDate":"2022-02-15"},{"lineNumber":4,"author":{"gitId":"pennepenguin"},"content":"","lastModifiedDate":"2022-02-15"},{"lineNumber":5,"author":{"gitId":"pennepenguin"},"content":"    public Todo(String description) {","lastModifiedDate":"2022-02-15"},{"lineNumber":6,"author":{"gitId":"pennepenguin"},"content":"        super(description);","lastModifiedDate":"2022-02-15"},{"lineNumber":7,"author":{"gitId":"pennepenguin"},"content":"       // this.by \u003d by;","lastModifiedDate":"2022-02-15"},{"lineNumber":8,"author":{"gitId":"pennepenguin"},"content":"    }","lastModifiedDate":"2022-02-15"},{"lineNumber":9,"author":{"gitId":"pennepenguin"},"content":"","lastModifiedDate":"2022-02-15"},{"lineNumber":10,"author":{"gitId":"pennepenguin"},"content":"    @Override","lastModifiedDate":"2022-02-15"},{"lineNumber":11,"author":{"gitId":"pennepenguin"},"content":"    public String getDescription() {","lastModifiedDate":"2022-02-15"},{"lineNumber":12,"author":{"gitId":"pennepenguin"},"content":"        return \"[T]\" +  super.getDescription();","lastModifiedDate":"2022-02-15"},{"lineNumber":13,"author":{"gitId":"pennepenguin"},"content":"    }","lastModifiedDate":"2022-02-15"},{"lineNumber":14,"author":{"gitId":"pennepenguin"},"content":"}","lastModifiedDate":"2022-02-15"}],"authorContributionMap":{"pennepenguin":14}}]
