{"authorDailyContributionsMap":{"pennepenguin":[{"date":"2022-02-10","commitResults":[{"hash":"e2f06ed1c4c1945caf072427cd9e9b100b80ef72","messageTitle":"Create fruits.txt","messageBody":"","fileTypesAndContributionMap":{"txt":{"insertions":3,"deletions":0}}},{"hash":"08bc069b23bae872aaf5b4544854d8ade1f600ec","messageTitle":"Level 1","messageBody":"","fileTypesAndContributionMap":{"java":{"insertions":26,"deletions":0}}},{"hash":"c31d18a5626482cabdf3a53da2624f5b22d5b8b5","messageTitle":"Level 2","messageBody":"","fileTypesAndContributionMap":{"java":{"insertions":64,"deletions":1}}}]},{"date":"2022-02-11","commitResults":[{"hash":"56187735ec181d469b07d5874bc97d3fca437435","messageTitle":"Level 3","messageBody":"This is only temporary, eventually they will be merged into a single file.\n","fileTypesAndContributionMap":{"java":{"insertions":73,"deletions":2}}}]}]},"authorFileTypeContributionMap":{"pennepenguin":{"java":160,"md":0,"fxml":0,"sh":0,"bat":0,"gradle":0,"txt":3}},"authorContributionVariance":{"pennepenguin":411.9853},"authorDisplayNameMap":{"pennepenguin":"ZIMR.. HUI"}}
