{"authorDailyContributionsMap":{"pennepenguin":[{"date":"2022-02-10","commitResults":[{"hash":"e2f06ed1c4c1945caf072427cd9e9b100b80ef72","messageTitle":"Create fruits.txt","messageBody":"","fileTypesAndContributionMap":{"txt":{"insertions":3,"deletions":0}}},{"hash":"08bc069b23bae872aaf5b4544854d8ade1f600ec","messageTitle":"Level 1","messageBody":"","tags":["v1.0.0"],"fileTypesAndContributionMap":{"java":{"insertions":26,"deletions":0}}},{"hash":"c31d18a5626482cabdf3a53da2624f5b22d5b8b5","messageTitle":"Level 2","messageBody":"","tags":["v1.0.1"],"fileTypesAndContributionMap":{"java":{"insertions":64,"deletions":1}}}]},{"date":"2022-02-11","commitResults":[{"hash":"56187735ec181d469b07d5874bc97d3fca437435","messageTitle":"Level 3","messageBody":"This is only temporary, eventually they will be merged into a single file.\n","tags":["v1.0.2"],"fileTypesAndContributionMap":{"java":{"insertions":73,"deletions":2}}}]},{"date":"2022-02-15","commitResults":[{"hash":"1a1de94214860c240ddd3c070b25b495e5997238","messageTitle":"Level 4","messageBody":"Completed Level 4\n","tags":["v1.0.3"],"fileTypesAndContributionMap":{"java":{"insertions":144,"deletions":139}}},{"hash":"7bc89d553833de18d247868f1a27e0e596dc2f08","messageTitle":"Update ChatBot.java","messageBody":"","tags":["v1.0.3b"],"fileTypesAndContributionMap":{"java":{"insertions":7,"deletions":6}}},{"hash":"e4817ca6a60c7eecf7ad2d3d0b3f892ffad0e687","messageTitle":"Exception Handling Added","messageBody":"","tags":["v1.0.4"],"fileTypesAndContributionMap":{"java":{"insertions":28,"deletions":10}}}]},{"date":"2022-02-16","commitResults":[{"hash":"83d3e3403b8a1f553a59dd0f77620380f6697b3f","messageTitle":"Update ChatBot.java","messageBody":"Updated for level 7 task completion\n","tags":["v1.0.5"],"fileTypesAndContributionMap":{"java":{"insertions":11,"deletions":1}}},{"hash":"4f5df70e54f29b102bddc30a0500f03752bf78bb","messageTitle":"Added Save Feature","messageBody":"Level 7\n","tags":["v1.0.6"],"fileTypesAndContributionMap":{"txt":{"insertions":8,"deletions":0},"java":{"insertions":88,"deletions":5}}},{"hash":"f1438f09c0d6202336ed0e2c4a8c0478d1b3c716","messageTitle":"Update data.txt","messageBody":"","tags":["v1.0"],"fileTypesAndContributionMap":{"txt":{"insertions":3,"deletions":2}}}]},{"date":"2022-03-12","commitResults":[{"hash":"0f8c45c3e6ce729f85b48376a7124e22c8a65319","messageTitle":"Level 7 updated","messageBody":"In this version, the concept of more OOP is implemented. Where the various classes are separated from the main Chatbot. Chatbot is also removed.\n","tags":["v1.07"],"fileTypesAndContributionMap":{"txt":{"insertions":2,"deletions":2},"java":{"insertions":261,"deletions":203}}}]}]},"authorFileTypeContributionMap":{"pennepenguin":{"java":335,"md":0,"fxml":0,"sh":0,"bat":0,"gradle":0,"txt":12}},"authorContributionVariance":{"pennepenguin":5481.2476},"authorDisplayNameMap":{"pennepenguin":"ZIMR.. HUI"}}
