{"authorDailyContributionsMap":{"pennepenguin":[{"date":"2022-02-10","commitResults":[{"hash":"e2f06ed1c4c1945caf072427cd9e9b100b80ef72","messageTitle":"Create fruits.txt","messageBody":"","fileTypesAndContributionMap":{"txt":{"insertions":3,"deletions":0}}},{"hash":"08bc069b23bae872aaf5b4544854d8ade1f600ec","messageTitle":"Level 1","messageBody":"","tags":["v1.0.0"],"fileTypesAndContributionMap":{"java":{"insertions":26,"deletions":0}}},{"hash":"c31d18a5626482cabdf3a53da2624f5b22d5b8b5","messageTitle":"Level 2","messageBody":"","tags":["v1.0.1"],"fileTypesAndContributionMap":{"java":{"insertions":64,"deletions":1}}}]},{"date":"2022-02-11","commitResults":[{"hash":"56187735ec181d469b07d5874bc97d3fca437435","messageTitle":"Level 3","messageBody":"This is only temporary, eventually they will be merged into a single file.\n","tags":["v1.0.2"],"fileTypesAndContributionMap":{"java":{"insertions":73,"deletions":2}}}]},{"date":"2022-02-15","commitResults":[{"hash":"1a1de94214860c240ddd3c070b25b495e5997238","messageTitle":"Level 4","messageBody":"Completed Level 4\n","tags":["v1.0.3"],"fileTypesAndContributionMap":{"java":{"insertions":144,"deletions":139}}},{"hash":"7bc89d553833de18d247868f1a27e0e596dc2f08","messageTitle":"Update ChatBot.java","messageBody":"","tags":["v1.0.3b"],"fileTypesAndContributionMap":{"java":{"insertions":7,"deletions":6}}},{"hash":"e4817ca6a60c7eecf7ad2d3d0b3f892ffad0e687","messageTitle":"Exception Handling Added","messageBody":"","tags":["v1.0.4"],"fileTypesAndContributionMap":{"java":{"insertions":28,"deletions":10}}}]},{"date":"2022-02-16","commitResults":[{"hash":"83d3e3403b8a1f553a59dd0f77620380f6697b3f","messageTitle":"Update ChatBot.java","messageBody":"Updated for level 7 task completion\n","tags":["v1.0.5"],"fileTypesAndContributionMap":{"java":{"insertions":11,"deletions":1}}},{"hash":"4f5df70e54f29b102bddc30a0500f03752bf78bb","messageTitle":"Added Save Feature","messageBody":"Level 7\n","tags":["v1.0.6"],"fileTypesAndContributionMap":{"txt":{"insertions":8,"deletions":0},"java":{"insertions":88,"deletions":5}}},{"hash":"f1438f09c0d6202336ed0e2c4a8c0478d1b3c716","messageTitle":"Update data.txt","messageBody":"","tags":["v1.0"],"fileTypesAndContributionMap":{"txt":{"insertions":3,"deletions":2}}}]},{"date":"2022-03-12","commitResults":[{"hash":"0f8c45c3e6ce729f85b48376a7124e22c8a65319","messageTitle":"Level 7 updated","messageBody":"In this version, the concept of more OOP is implemented. Where the various classes are separated from the main Chatbot. Chatbot is also removed.\n","tags":["v1.07"],"fileTypesAndContributionMap":{"txt":{"insertions":2,"deletions":2},"java":{"insertions":261,"deletions":203}}}]},{"date":"2022-03-13","commitResults":[{"hash":"f7a478556b100af63c93c243ecddc7e0d10248ee","messageTitle":"Level 7 Updated II","messageBody":"Shifted the following classes into packages:\n1. Deadline\n2. Event\n3. Task\n4. Todo\n\nImplemented UI class to handle user interactions.\n","tags":["v1.07b"],"fileTypesAndContributionMap":{"txt":{"insertions":3,"deletions":0},"java":{"insertions":100,"deletions":94}}}]},{"date":"2022-03-17","commitResults":[{"hash":"21e4bc3c583aa4fad76d8e66837f958862d16236","messageTitle":"Level 8","messageBody":"Completed the following:\n1. Date and Time\n2. JavaDoc comments\n3. Set up Gradle\n\nIn progress:\n1. JUnit tests have been added. But the current ones are only dummy.\n","tags":["v1.08"],"fileTypesAndContributionMap":{"gradle":{"insertions":32,"deletions":0},"txt":{"insertions":4,"deletions":4},"java":{"insertions":122,"deletions":24},"bat":{"insertions":89,"deletions":0}}}]},{"date":"2022-03-21","commitResults":[{"hash":"ef918fa05324566d83cecab35b047c0a9e424d44","messageTitle":"Level 8 (updated II)","messageBody":"Completed 2 tests with gradle.\n1. First one checks to create a normal Task.\n2. Second checks on creating a Deadline task.\n\nAdditional changes:\n1. Tasklist class has been moved into the duke package.\n","tags":["v1.08b"],"fileTypesAndContributionMap":{"txt":{"insertions":1,"deletions":0},"java":{"insertions":22,"deletions":7}}}]},{"date":"2022-03-22","commitResults":[{"hash":"4454f470da406c6b2867bee63debf1aa29fa6d6b","messageTitle":"Level 9 + A-Assertions","messageBody":"The following features were implemented:\n1. \u0027find\u0027 feature to search using keywords input by the user.\n2. C-Archive feature which allows a user to archive the current tasklist and refreshes the session\u0027s tasklist.\n\nTo do:\n1. Coding Standard\n2. Code Quality\n","tags":["v1.09"],"fileTypesAndContributionMap":{"txt":{"insertions":13,"deletions":0},"java":{"insertions":62,"deletions":2}}}]},{"date":"2022-03-24","commitResults":[{"hash":"e30d92cc287758d40c1b16adf87f51893ee56f93","messageTitle":"Level 9 (Updated)","messageBody":"The following additions were made:\n1. Added a new constants class in the package to help standardize and neaten code.\n2. Certain variables have been renamed for easier readability and have their proper visibility assigned.\n","tags":["v1.09b"],"fileTypesAndContributionMap":{"txt":{"insertions":13,"deletions":0},"java":{"insertions":72,"deletions":64}}}]},{"date":"2022-03-30","commitResults":[{"hash":"676f992a336da0d84bce0e94f67af539461c291f","messageTitle":"Level 9 (Updated II)","messageBody":"Bug fixes made:\n1. Error handling on Date when user specifies a day like \u0027Sunday\u0027 instead of the expected date format like \u00272022-10-01 20:00\u0027.\n2. Added different prompts to users when an expected argument is missing.\n\nCode improvement:\n1. Removed arrowheads from code.\n2. Removed tabs from code\n","tags":["v1.10"],"fileTypesAndContributionMap":{"txt":{"insertions":5,"deletions":10},"java":{"insertions":152,"deletions":154}}},{"hash":"a97ac243a750b63383e2070a61daf5a319a57b00","messageTitle":"Level 9 (Update III)","messageBody":"Code clean up:\n1. Removed deadcode\n2. Removed .class files\n3. Aligned a few try catch blocks with the proper indentations.\n","tags":["v1.10b"],"fileTypesAndContributionMap":{"java":{"insertions":2,"deletions":5}}}]},{"date":"2022-03-31","commitResults":[{"hash":"60cd2079d72e535cce7b66ad52edf90dc19fb8f1","messageTitle":"Level 9  (Updated IV)","messageBody":"Added a help command, as well as tips whenever an invalid input is detected.\n","tags":["v1.10c"],"fileTypesAndContributionMap":{"java":{"insertions":19,"deletions":2}}}]},{"date":"2022-04-01","commitResults":[{"hash":"67e96cc2b0bc4225d22a9ca04f2a937cb8966338","messageTitle":"Level 9 (Updated V)","messageBody":"Updated the code readability and efficiency. Majorly affected files are:\n1. UI.java\n2. Storage.java\n","tags":["v1.11"],"fileTypesAndContributionMap":{"txt":{"insertions":1,"deletions":0},"java":{"insertions":196,"deletions":169}}}]},{"date":"2022-04-02","commitResults":[{"hash":"4eee766a87881e4cb6752655c455f9989879762b","messageTitle":"Level 9 (Update VI)","messageBody":"Updated code readability.\nAdded tips for the Archive feature.\n","tags":["v1.12","v1.11b"],"fileTypesAndContributionMap":{"txt":{"insertions":9,"deletions":0},"java":{"insertions":66,"deletions":51}}},{"hash":"5b3b1a49bb25d24f2a6e81705cc5847d2da11d24","messageTitle":"Update","messageBody":"","fileTypesAndContributionMap":{"java":{"insertions":3,"deletions":4}}}]},{"date":"2022-04-12","commitResults":[{"hash":"ebe2cd1de47bb0a25506e8f7590b1a0627cada97","messageTitle":"Level 9 (Final)","messageBody":"New feature added:\n1. B-View Schedule\n\nThis feature allows a user to view schedule specific to the date. If a time is specified, it is automatically set to ascending order.\n\nNext, code efficiency has been improved, redundant code has been removed.\n","tags":["v1.13"],"fileTypesAndContributionMap":{"txt":{"insertions":15,"deletions":37},"java":{"insertions":113,"deletions":38}}}]},{"date":"2022-04-15","commitResults":[{"hash":"922f219bfbcfd8172f218705f8e950ae1c999a89","messageTitle":"Update GradleTest.java","messageBody":"Updated the Grade Test code.\n","tags":["v1.14"],"fileTypesAndContributionMap":{"java":{"insertions":6,"deletions":9}}}]},{"date":"2022-04-16","commitResults":[{"hash":"bddcb827989cdc5000837be15d41794e7cd891df","messageTitle":"Level 9 (Final III)","messageBody":"1. Updated the relative path feature. Initially, Duke would read the file relative to the user\u0027s current directory.\n\nNow, it reads relative to wherever the jar file is executed.\n\n2. Updated 2 more testcases in GradleTest.java to a total of 4 testcases.\n","tags":["v1.15"],"fileTypesAndContributionMap":{"txt":{"insertions":0,"deletions":9},"java":{"insertions":23,"deletions":11}}},{"hash":"fc7e6d58fc1d112dbe5c4410da83565e5899a348","messageTitle":"Level 9 (Final IV)","messageBody":"Fixed a bug with the file location handling due to differences in Linux and Windows OS.\n","tags":["v1.16"],"fileTypesAndContributionMap":{"java":{"insertions":2,"deletions":2}}},{"hash":"2a1a24dbf34aa7f0c5bdc3e871aa0c4d4900111c","messageTitle":"Level 9 (Final V)","messageBody":"Improved the help function to cover all scenarios.\n\nRemoved the default simple task feature.\n\nBug fixes for the following:\n1. mark\n2. unmark\n3. delete\n","tags":["v1.17"],"fileTypesAndContributionMap":{"java":{"insertions":47,"deletions":21}}},{"hash":"89bb76939134313d8ceb39cf4daf5b3ac97dfde5","messageTitle":"Level 9 (Final VI)","messageBody":"Fixed Duke Constants bug:\n1. Pattern TIME has been updated to only accept 4 digits in the time (e.g. 9:30 is not accepted)\n","tags":["v1.18"],"fileTypesAndContributionMap":{"java":{"insertions":1,"deletions":1}}}]},{"date":"2022-04-17","commitResults":[{"hash":"7e7b6f5c16ec2e17c998be9d0d9c4fa22de6bc00","messageTitle":"Level 9 (Final VII)","messageBody":"Bug fixed for Schedule feature.\n","tags":["v1.19"],"fileTypesAndContributionMap":{"java":{"insertions":4,"deletions":2}}},{"hash":"b5c6efb21a8eb117b9903c038983e39331c186c2","messageTitle":"Level 9 (Final VIII)","messageBody":"Updated bug fix for feature \u0027Schedule\u0027. The sort by time feature was not working as intended. Multiple features with the same time would cause the result to be inconsistent.\n","fileTypesAndContributionMap":{"java":{"insertions":3,"deletions":3}}},{"hash":"a3b13be052ead8dc4c72daa9001a116baee52e44","messageTitle":"Level 9 (Final IX)","messageBody":"Fixed a small printing output UI bug for the archive feature.\n","tags":["v1.20"],"fileTypesAndContributionMap":{"java":{"insertions":1,"deletions":1}}}]}]},"authorFileTypeContributionMap":{"pennepenguin":{"java":694,"md":0,"fxml":0,"sh":0,"bat":89,"gradle":32,"txt":16}},"authorContributionVariance":{"pennepenguin":7395.1235},"authorDisplayNameMap":{"pennepenguin":"ZIMR.. HUI"}}
