[{"path":"src/main/java/Duke.java","fileType":"java","lines":[{"lineNumber":1,"author":{"gitId":"autumn3ffect"},"content":" import java.util.Scanner;","lastModifiedDate":"2022-02-13"},{"lineNumber":2,"author":{"gitId":"-"},"content":" public class Duke {","lastModifiedDate":"2019-07-29"},{"lineNumber":3,"author":{"gitId":"-"},"content":"     public static void main(String[] args) {","lastModifiedDate":"2019-07-29"},{"lineNumber":4,"author":{"gitId":"-"},"content":"          String logo \u003d \" ____        _        \\n\"","lastModifiedDate":"2019-07-29"},{"lineNumber":5,"author":{"gitId":"-"},"content":"                 + \"|  _ \\\\ _   _| | _____ \\n\"","lastModifiedDate":"2019-07-29"},{"lineNumber":6,"author":{"gitId":"-"},"content":"                 + \"| | | | | | | |/ / _ \\\\\\n\"","lastModifiedDate":"2019-07-29"},{"lineNumber":7,"author":{"gitId":"-"},"content":"                 + \"| |_| | |_| |   \u003c  __/\\n\"","lastModifiedDate":"2019-07-29"},{"lineNumber":8,"author":{"gitId":"-"},"content":"                 + \"|____/ \\\\__,_|_|\\\\_\\\\___|\\n\";","lastModifiedDate":"2019-07-29"},{"lineNumber":9,"author":{"gitId":"-"},"content":"         System.out.println(\"Hello from\\n\" + logo);","lastModifiedDate":"2019-07-29"},{"lineNumber":10,"author":{"gitId":"autumn3ffect"},"content":"         System.out.println(\"________________________________\\n\");","lastModifiedDate":"2022-02-13"},{"lineNumber":11,"author":{"gitId":"autumn3ffect"},"content":"         System.out.println(\"Hello I\u0027m Duke\\nWhat can I do for you?\");","lastModifiedDate":"2022-02-13"},{"lineNumber":12,"author":{"gitId":"autumn3ffect"},"content":"         System.out.println(\"________________________________\\n\");","lastModifiedDate":"2022-02-13"},{"lineNumber":13,"author":{"gitId":"autumn3ffect"},"content":"         Scanner in \u003d new Scanner(System.in);","lastModifiedDate":"2022-02-13"},{"lineNumber":14,"author":{"gitId":"autumn3ffect"},"content":"         String str;","lastModifiedDate":"2022-02-13"},{"lineNumber":15,"author":{"gitId":"autumn3ffect"},"content":"         str \u003d in.nextLine();","lastModifiedDate":"2022-02-13"},{"lineNumber":16,"author":{"gitId":"autumn3ffect"},"content":"","lastModifiedDate":"2022-02-13"},{"lineNumber":17,"author":{"gitId":"autumn3ffect"},"content":"         String [] list \u003d new String [100];","lastModifiedDate":"2022-02-13"},{"lineNumber":18,"author":{"gitId":"autumn3ffect"},"content":"         int count \u003d 0;","lastModifiedDate":"2022-02-13"},{"lineNumber":19,"author":{"gitId":"autumn3ffect"},"content":"","lastModifiedDate":"2022-02-13"},{"lineNumber":20,"author":{"gitId":"autumn3ffect"},"content":"","lastModifiedDate":"2022-02-13"},{"lineNumber":21,"author":{"gitId":"autumn3ffect"},"content":"         while (!str.equals(\"bye\")){","lastModifiedDate":"2022-02-13"},{"lineNumber":22,"author":{"gitId":"autumn3ffect"},"content":"             if(str.equals(\"list\"))","lastModifiedDate":"2022-02-13"},{"lineNumber":23,"author":{"gitId":"autumn3ffect"},"content":"             {","lastModifiedDate":"2022-02-13"},{"lineNumber":24,"author":{"gitId":"autumn3ffect"},"content":"                 for (int i \u003d 0; i\u003ccount ; i++ ){","lastModifiedDate":"2022-02-13"},{"lineNumber":25,"author":{"gitId":"autumn3ffect"},"content":"                     System.out.println(i+1 + \". \" + list[i]);","lastModifiedDate":"2022-02-13"},{"lineNumber":26,"author":{"gitId":"autumn3ffect"},"content":"                 }","lastModifiedDate":"2022-02-13"},{"lineNumber":27,"author":{"gitId":"autumn3ffect"},"content":"","lastModifiedDate":"2022-02-13"},{"lineNumber":28,"author":{"gitId":"autumn3ffect"},"content":"             }","lastModifiedDate":"2022-02-13"},{"lineNumber":29,"author":{"gitId":"autumn3ffect"},"content":"             else{","lastModifiedDate":"2022-02-13"},{"lineNumber":30,"author":{"gitId":"autumn3ffect"},"content":"                 System.out.println(\"added: \" + str);","lastModifiedDate":"2022-02-13"},{"lineNumber":31,"author":{"gitId":"autumn3ffect"},"content":"                 list[count] \u003d str;","lastModifiedDate":"2022-02-13"},{"lineNumber":32,"author":{"gitId":"autumn3ffect"},"content":"                 count++;","lastModifiedDate":"2022-02-13"},{"lineNumber":33,"author":{"gitId":"autumn3ffect"},"content":"             }","lastModifiedDate":"2022-02-13"},{"lineNumber":34,"author":{"gitId":"autumn3ffect"},"content":"                 System.out.println(\"________________________________\");","lastModifiedDate":"2022-02-13"},{"lineNumber":35,"author":{"gitId":"autumn3ffect"},"content":"                 System.out.println(str);","lastModifiedDate":"2022-02-15"},{"lineNumber":36,"author":{"gitId":"autumn3ffect"},"content":"                 //System.out.println(str);","lastModifiedDate":"2022-02-13"},{"lineNumber":37,"author":{"gitId":"autumn3ffect"},"content":"                 str \u003d in.nextLine();","lastModifiedDate":"2022-02-13"},{"lineNumber":38,"author":{"gitId":"autumn3ffect"},"content":"         }","lastModifiedDate":"2022-02-13"},{"lineNumber":39,"author":{"gitId":"autumn3ffect"},"content":"         System.out.println(\"________________________________\\n\");","lastModifiedDate":"2022-02-13"},{"lineNumber":40,"author":{"gitId":"autumn3ffect"},"content":"         System.out.println(\"Bye. Hope to see you again soon!\");","lastModifiedDate":"2022-02-13"},{"lineNumber":41,"author":{"gitId":"-"},"content":"     }","lastModifiedDate":"2019-07-29"},{"lineNumber":42,"author":{"gitId":"-"},"content":" }","lastModifiedDate":"2019-07-29"}],"authorContributionMap":{"autumn3ffect":32,"-":10}}]
