[{"path":"src/main/java/Duke.java","fileType":"java","lines":[{"lineNumber":1,"author":{"gitId":"autumn3ffect"},"content":"import java.util.Scanner;","lastModifiedDate":"2022-02-13"},{"lineNumber":2,"author":{"gitId":"autumn3ffect"},"content":"","lastModifiedDate":"2022-02-19"},{"lineNumber":3,"author":{"gitId":"-"},"content":"public class Duke {","lastModifiedDate":"2019-07-29"},{"lineNumber":4,"author":{"gitId":"autumn3ffect"},"content":"","lastModifiedDate":"2022-02-19"},{"lineNumber":5,"author":{"gitId":"autumn3ffect"},"content":"    public static Task[] taskList \u003d new Task[100];","lastModifiedDate":"2022-02-19"},{"lineNumber":6,"author":{"gitId":"autumn3ffect"},"content":"","lastModifiedDate":"2022-02-19"},{"lineNumber":7,"author":{"gitId":"-"},"content":"    public static void main(String[] args) {","lastModifiedDate":"2019-07-29"},{"lineNumber":8,"author":{"gitId":"autumn3ffect"},"content":"        Scanner in \u003d new Scanner(System.in);","lastModifiedDate":"2022-02-13"},{"lineNumber":9,"author":{"gitId":"autumn3ffect"},"content":"        String str;","lastModifiedDate":"2022-02-13"},{"lineNumber":10,"author":{"gitId":"autumn3ffect"},"content":"        str \u003d in.nextLine();","lastModifiedDate":"2022-02-13"},{"lineNumber":11,"author":{"gitId":"autumn3ffect"},"content":"","lastModifiedDate":"2022-02-13"},{"lineNumber":12,"author":{"gitId":"autumn3ffect"},"content":"        int count \u003d 0;","lastModifiedDate":"2022-02-13"},{"lineNumber":13,"author":{"gitId":"autumn3ffect"},"content":"        ","lastModifiedDate":"2022-02-13"},{"lineNumber":14,"author":{"gitId":"autumn3ffect"},"content":"        while (!str.equals(\"bye\")){","lastModifiedDate":"2022-02-13"},{"lineNumber":15,"author":{"gitId":"autumn3ffect"},"content":"            if(str.equals(\"list\"))","lastModifiedDate":"2022-02-13"},{"lineNumber":16,"author":{"gitId":"autumn3ffect"},"content":"            {","lastModifiedDate":"2022-02-13"},{"lineNumber":17,"author":{"gitId":"autumn3ffect"},"content":"                System.out.println(\"________________________________\");","lastModifiedDate":"2022-02-19"},{"lineNumber":18,"author":{"gitId":"autumn3ffect"},"content":"                System.out.println(\"Here are the tasks in your list:\");","lastModifiedDate":"2022-02-19"},{"lineNumber":19,"author":{"gitId":"autumn3ffect"},"content":"                for (int i \u003d 0; i\u003ccount ; i++ ){","lastModifiedDate":"2022-02-13"},{"lineNumber":20,"author":{"gitId":"autumn3ffect"},"content":"                    System.out.println(i+1 + \". \" + \"[\" + taskList[i].getStatusIcon() + \"] \" + taskList[i].getDescription());","lastModifiedDate":"2022-02-19"},{"lineNumber":21,"author":{"gitId":"autumn3ffect"},"content":"                }","lastModifiedDate":"2022-02-19"},{"lineNumber":22,"author":{"gitId":"autumn3ffect"},"content":"                System.out.println(\"________________________________\");","lastModifiedDate":"2022-02-19"},{"lineNumber":23,"author":{"gitId":"autumn3ffect"},"content":"            }","lastModifiedDate":"2022-02-13"},{"lineNumber":24,"author":{"gitId":"autumn3ffect"},"content":"\t\t\telse if (str.contains(\"unmark\")){","lastModifiedDate":"2022-02-19"},{"lineNumber":25,"author":{"gitId":"autumn3ffect"},"content":"                System.out.println(\"________________________________\");","lastModifiedDate":"2022-02-19"},{"lineNumber":26,"author":{"gitId":"autumn3ffect"},"content":"                String[]input \u003d str.split(\" \");     // input[0] \u003d mark, input[1] \u003d \"2\"","lastModifiedDate":"2022-02-19"},{"lineNumber":27,"author":{"gitId":"autumn3ffect"},"content":"                int index \u003d Integer.parseInt(input[1]);","lastModifiedDate":"2022-02-19"},{"lineNumber":28,"author":{"gitId":"autumn3ffect"},"content":"                taskList[index -1].markAsNotDone();","lastModifiedDate":"2022-02-19"},{"lineNumber":29,"author":{"gitId":"autumn3ffect"},"content":"                System.out.println(\"OK, I\u0027ve marked this task as not done yet:\");","lastModifiedDate":"2022-02-19"},{"lineNumber":30,"author":{"gitId":"autumn3ffect"},"content":"                System.out.println(\"[\" + taskList[index-1].getStatusIcon() + \"] \" + taskList[index-1].getDescription());","lastModifiedDate":"2022-02-19"},{"lineNumber":31,"author":{"gitId":"autumn3ffect"},"content":"                System.out.println(\"________________________________\");","lastModifiedDate":"2022-02-19"},{"lineNumber":32,"author":{"gitId":"autumn3ffect"},"content":"","lastModifiedDate":"2022-02-19"},{"lineNumber":33,"author":{"gitId":"autumn3ffect"},"content":"            }","lastModifiedDate":"2022-02-19"},{"lineNumber":34,"author":{"gitId":"autumn3ffect"},"content":"            else if (str.contains(\"mark\")){","lastModifiedDate":"2022-02-19"},{"lineNumber":35,"author":{"gitId":"autumn3ffect"},"content":"                System.out.println(\"________________________________\");","lastModifiedDate":"2022-02-19"},{"lineNumber":36,"author":{"gitId":"autumn3ffect"},"content":"                String[]input \u003d str.split(\" \");     // input[0] \u003d mark, input[1] \u003d \"2\"","lastModifiedDate":"2022-02-19"},{"lineNumber":37,"author":{"gitId":"autumn3ffect"},"content":"                int index \u003d Integer.parseInt(input[1]);","lastModifiedDate":"2022-02-19"},{"lineNumber":38,"author":{"gitId":"autumn3ffect"},"content":"                taskList[index -1].markAsDone();","lastModifiedDate":"2022-02-19"},{"lineNumber":39,"author":{"gitId":"autumn3ffect"},"content":"                System.out.println(\"Nice! I\u0027ve marked this as done:\");","lastModifiedDate":"2022-02-19"},{"lineNumber":40,"author":{"gitId":"autumn3ffect"},"content":"                System.out.println(\"[\" + taskList[index-1].getStatusIcon() + \"] \" + taskList[index-1].getDescription());","lastModifiedDate":"2022-02-19"},{"lineNumber":41,"author":{"gitId":"autumn3ffect"},"content":"                System.out.println(\"________________________________\");","lastModifiedDate":"2022-02-19"},{"lineNumber":42,"author":{"gitId":"autumn3ffect"},"content":"","lastModifiedDate":"2022-02-13"},{"lineNumber":43,"author":{"gitId":"autumn3ffect"},"content":"            }","lastModifiedDate":"2022-02-13"},{"lineNumber":44,"author":{"gitId":"autumn3ffect"},"content":"            else{","lastModifiedDate":"2022-02-13"},{"lineNumber":45,"author":{"gitId":"autumn3ffect"},"content":"                Task taskAdded \u003d new Task(str);","lastModifiedDate":"2022-02-19"},{"lineNumber":46,"author":{"gitId":"autumn3ffect"},"content":"                System.out.println(\"added: \" + str);","lastModifiedDate":"2022-02-13"},{"lineNumber":47,"author":{"gitId":"autumn3ffect"},"content":"                taskList[count] \u003d taskAdded;","lastModifiedDate":"2022-02-19"},{"lineNumber":48,"author":{"gitId":"autumn3ffect"},"content":"                count++;","lastModifiedDate":"2022-02-13"},{"lineNumber":49,"author":{"gitId":"autumn3ffect"},"content":"            }","lastModifiedDate":"2022-02-13"},{"lineNumber":50,"author":{"gitId":"autumn3ffect"},"content":"            //System.out.println(\"________________________________\");","lastModifiedDate":"2022-02-19"},{"lineNumber":51,"author":{"gitId":"autumn3ffect"},"content":"            str \u003d in.nextLine();","lastModifiedDate":"2022-02-13"},{"lineNumber":52,"author":{"gitId":"autumn3ffect"},"content":"        }","lastModifiedDate":"2022-02-13"},{"lineNumber":53,"author":{"gitId":"autumn3ffect"},"content":"        System.out.println(\"________________________________\\n\");","lastModifiedDate":"2022-02-13"},{"lineNumber":54,"author":{"gitId":"autumn3ffect"},"content":"        System.out.println(\"Bye. Hope to see you again soon!\");","lastModifiedDate":"2022-02-13"},{"lineNumber":55,"author":{"gitId":"-"},"content":"    }","lastModifiedDate":"2019-07-29"},{"lineNumber":56,"author":{"gitId":"autumn3ffect"},"content":"","lastModifiedDate":"2022-02-19"},{"lineNumber":57,"author":{"gitId":"-"},"content":"}","lastModifiedDate":"2019-07-29"}],"authorContributionMap":{"autumn3ffect":53,"-":4}},{"path":"src/main/java/Task.java","fileType":"java","lines":[{"lineNumber":1,"author":{"gitId":"autumn3ffect"},"content":"public class Task {","lastModifiedDate":"2022-02-19"},{"lineNumber":2,"author":{"gitId":"autumn3ffect"},"content":"    protected String description;","lastModifiedDate":"2022-02-19"},{"lineNumber":3,"author":{"gitId":"autumn3ffect"},"content":"    protected boolean isDone;","lastModifiedDate":"2022-02-19"},{"lineNumber":4,"author":{"gitId":"autumn3ffect"},"content":"","lastModifiedDate":"2022-02-19"},{"lineNumber":5,"author":{"gitId":"autumn3ffect"},"content":"    public Task(String description) {","lastModifiedDate":"2022-02-19"},{"lineNumber":6,"author":{"gitId":"autumn3ffect"},"content":"        this.description \u003d description;","lastModifiedDate":"2022-02-19"},{"lineNumber":7,"author":{"gitId":"autumn3ffect"},"content":"        this.isDone \u003d false;","lastModifiedDate":"2022-02-19"},{"lineNumber":8,"author":{"gitId":"autumn3ffect"},"content":"    }","lastModifiedDate":"2022-02-19"},{"lineNumber":9,"author":{"gitId":"autumn3ffect"},"content":"","lastModifiedDate":"2022-02-19"},{"lineNumber":10,"author":{"gitId":"autumn3ffect"},"content":"    public String getStatusIcon() {","lastModifiedDate":"2022-02-19"},{"lineNumber":11,"author":{"gitId":"autumn3ffect"},"content":"        return (isDone ? \"X\" : \" \"); // mark done task with X","lastModifiedDate":"2022-02-19"},{"lineNumber":12,"author":{"gitId":"autumn3ffect"},"content":"    }","lastModifiedDate":"2022-02-19"},{"lineNumber":13,"author":{"gitId":"autumn3ffect"},"content":"","lastModifiedDate":"2022-02-19"},{"lineNumber":14,"author":{"gitId":"autumn3ffect"},"content":"    public void markAsDone() {","lastModifiedDate":"2022-02-19"},{"lineNumber":15,"author":{"gitId":"autumn3ffect"},"content":"        this.isDone \u003d true;","lastModifiedDate":"2022-02-19"},{"lineNumber":16,"author":{"gitId":"autumn3ffect"},"content":"    }","lastModifiedDate":"2022-02-19"},{"lineNumber":17,"author":{"gitId":"autumn3ffect"},"content":"\t","lastModifiedDate":"2022-02-19"},{"lineNumber":18,"author":{"gitId":"autumn3ffect"},"content":"\tpublic void markAsNotDone() {","lastModifiedDate":"2022-02-19"},{"lineNumber":19,"author":{"gitId":"autumn3ffect"},"content":"        this.isDone \u003d false;","lastModifiedDate":"2022-02-19"},{"lineNumber":20,"author":{"gitId":"autumn3ffect"},"content":"    }","lastModifiedDate":"2022-02-19"},{"lineNumber":21,"author":{"gitId":"autumn3ffect"},"content":"","lastModifiedDate":"2022-02-19"},{"lineNumber":22,"author":{"gitId":"autumn3ffect"},"content":"    public String getDescription() {","lastModifiedDate":"2022-02-19"},{"lineNumber":23,"author":{"gitId":"autumn3ffect"},"content":"        return description;","lastModifiedDate":"2022-02-19"},{"lineNumber":24,"author":{"gitId":"autumn3ffect"},"content":"    }","lastModifiedDate":"2022-02-19"},{"lineNumber":25,"author":{"gitId":"autumn3ffect"},"content":"","lastModifiedDate":"2022-02-19"},{"lineNumber":26,"author":{"gitId":"autumn3ffect"},"content":"    public void setDescription(String description) {","lastModifiedDate":"2022-02-19"},{"lineNumber":27,"author":{"gitId":"autumn3ffect"},"content":"        this.description \u003d description;","lastModifiedDate":"2022-02-19"},{"lineNumber":28,"author":{"gitId":"autumn3ffect"},"content":"    }","lastModifiedDate":"2022-02-19"},{"lineNumber":29,"author":{"gitId":"autumn3ffect"},"content":"}","lastModifiedDate":"2022-02-19"}],"authorContributionMap":{"autumn3ffect":29}}]
