[{"path":"data/tasks-original.txt","fileType":"txt","lines":[{"lineNumber":1,"author":{"gitId":"autumn3ffect"},"content":"T|1|read book","lastModifiedDate":"2022-04-07"},{"lineNumber":2,"author":{"gitId":"autumn3ffect"},"content":"D|0|return book|June 6th","lastModifiedDate":"2022-04-07"},{"lineNumber":3,"author":{"gitId":"autumn3ffect"},"content":"E|0|project meeting|Aug 6th 2-4pm","lastModifiedDate":"2022-04-07"},{"lineNumber":4,"author":{"gitId":"autumn3ffect"},"content":"T|1|join sports club","lastModifiedDate":"2022-04-07"}],"authorContributionMap":{"autumn3ffect":4}},{"path":"data/tasks.txt","fileType":"txt","lines":[{"lineNumber":1,"author":{"gitId":"autumn3ffect"},"content":"T|1|read book|P","lastModifiedDate":"2022-04-17"},{"lineNumber":2,"author":{"gitId":"autumn3ffect"},"content":"D|0|return book|June 6th|P","lastModifiedDate":"2022-04-17"},{"lineNumber":3,"author":{"gitId":"autumn3ffect"},"content":"E|0|project meeting|Aug 6th 2-4pm|N","lastModifiedDate":"2022-04-17"},{"lineNumber":4,"author":{"gitId":"autumn3ffect"},"content":"T|1|join sports club|P","lastModifiedDate":"2022-04-17"}],"authorContributionMap":{"autumn3ffect":4}},{"path":"src/duke/Duke.java","fileType":"java","lines":[{"lineNumber":1,"author":{"gitId":"autumn3ffect"},"content":"package duke;","lastModifiedDate":"2022-04-07"},{"lineNumber":2,"author":{"gitId":"autumn3ffect"},"content":"","lastModifiedDate":"2022-04-07"},{"lineNumber":3,"author":{"gitId":"autumn3ffect"},"content":"import duke.command.Command;","lastModifiedDate":"2022-04-07"},{"lineNumber":4,"author":{"gitId":"autumn3ffect"},"content":"import duke.dukeexception.DukeException;","lastModifiedDate":"2022-04-07"},{"lineNumber":5,"author":{"gitId":"autumn3ffect"},"content":"import duke.storage.Storage;","lastModifiedDate":"2022-04-07"},{"lineNumber":6,"author":{"gitId":"autumn3ffect"},"content":"import duke.parser.Parser;","lastModifiedDate":"2022-04-07"},{"lineNumber":7,"author":{"gitId":"autumn3ffect"},"content":"import duke.tasklist.TaskList;","lastModifiedDate":"2022-04-07"},{"lineNumber":8,"author":{"gitId":"autumn3ffect"},"content":"import duke.ui.Ui;","lastModifiedDate":"2022-04-07"},{"lineNumber":9,"author":{"gitId":"autumn3ffect"},"content":"","lastModifiedDate":"2022-04-07"},{"lineNumber":10,"author":{"gitId":"autumn3ffect"},"content":"import java.io.FileNotFoundException;","lastModifiedDate":"2022-04-07"},{"lineNumber":11,"author":{"gitId":"autumn3ffect"},"content":"","lastModifiedDate":"2022-04-07"},{"lineNumber":12,"author":{"gitId":"autumn3ffect"},"content":"public class Duke {","lastModifiedDate":"2022-04-07"},{"lineNumber":13,"author":{"gitId":"autumn3ffect"},"content":"","lastModifiedDate":"2022-04-07"},{"lineNumber":14,"author":{"gitId":"autumn3ffect"},"content":"    private Storage storage;","lastModifiedDate":"2022-04-07"},{"lineNumber":15,"author":{"gitId":"autumn3ffect"},"content":"    private TaskList tasks;","lastModifiedDate":"2022-04-07"},{"lineNumber":16,"author":{"gitId":"autumn3ffect"},"content":"    private Ui ui;","lastModifiedDate":"2022-04-07"},{"lineNumber":17,"author":{"gitId":"autumn3ffect"},"content":"","lastModifiedDate":"2022-04-07"},{"lineNumber":18,"author":{"gitId":"autumn3ffect"},"content":"    public Duke(String filePath) {","lastModifiedDate":"2022-04-07"},{"lineNumber":19,"author":{"gitId":"autumn3ffect"},"content":"        ui \u003d new Ui();","lastModifiedDate":"2022-04-07"},{"lineNumber":20,"author":{"gitId":"autumn3ffect"},"content":"        storage \u003d new Storage(filePath);","lastModifiedDate":"2022-04-07"},{"lineNumber":21,"author":{"gitId":"autumn3ffect"},"content":"        try {","lastModifiedDate":"2022-04-07"},{"lineNumber":22,"author":{"gitId":"autumn3ffect"},"content":"            tasks \u003d new TaskList(storage.load());","lastModifiedDate":"2022-04-07"},{"lineNumber":23,"author":{"gitId":"autumn3ffect"},"content":"        } catch (DukeException e) {","lastModifiedDate":"2022-04-07"},{"lineNumber":24,"author":{"gitId":"autumn3ffect"},"content":"            ui.showLoadingError();","lastModifiedDate":"2022-04-07"},{"lineNumber":25,"author":{"gitId":"autumn3ffect"},"content":"            tasks \u003d new TaskList();","lastModifiedDate":"2022-04-07"},{"lineNumber":26,"author":{"gitId":"autumn3ffect"},"content":"        } catch (FileNotFoundException e) {","lastModifiedDate":"2022-04-07"},{"lineNumber":27,"author":{"gitId":"autumn3ffect"},"content":"            tasks \u003d new TaskList();","lastModifiedDate":"2022-04-07"},{"lineNumber":28,"author":{"gitId":"autumn3ffect"},"content":"        }","lastModifiedDate":"2022-04-07"},{"lineNumber":29,"author":{"gitId":"autumn3ffect"},"content":"    }","lastModifiedDate":"2022-04-07"},{"lineNumber":30,"author":{"gitId":"autumn3ffect"},"content":"","lastModifiedDate":"2022-04-07"},{"lineNumber":31,"author":{"gitId":"autumn3ffect"},"content":"    public void run() {","lastModifiedDate":"2022-04-07"},{"lineNumber":32,"author":{"gitId":"autumn3ffect"},"content":"        ui.showWelcome();","lastModifiedDate":"2022-04-07"},{"lineNumber":33,"author":{"gitId":"autumn3ffect"},"content":"        boolean isExit \u003d false;","lastModifiedDate":"2022-04-07"},{"lineNumber":34,"author":{"gitId":"autumn3ffect"},"content":"        while (!isExit) {","lastModifiedDate":"2022-04-07"},{"lineNumber":35,"author":{"gitId":"autumn3ffect"},"content":"            try {","lastModifiedDate":"2022-04-07"},{"lineNumber":36,"author":{"gitId":"autumn3ffect"},"content":"                String fullCommand \u003d ui.readCommand();","lastModifiedDate":"2022-04-07"},{"lineNumber":37,"author":{"gitId":"autumn3ffect"},"content":"                ui.showLine(); // show the divider line (\"_______\")","lastModifiedDate":"2022-04-07"},{"lineNumber":38,"author":{"gitId":"autumn3ffect"},"content":"                Command c \u003d Parser.parse(fullCommand);","lastModifiedDate":"2022-04-07"},{"lineNumber":39,"author":{"gitId":"autumn3ffect"},"content":"                c.execute(tasks, ui, storage);","lastModifiedDate":"2022-04-07"},{"lineNumber":40,"author":{"gitId":"autumn3ffect"},"content":"                isExit \u003d c.isExit();","lastModifiedDate":"2022-04-07"},{"lineNumber":41,"author":{"gitId":"autumn3ffect"},"content":"            } catch (DukeException e) {","lastModifiedDate":"2022-04-07"},{"lineNumber":42,"author":{"gitId":"autumn3ffect"},"content":"                ui.showError(e.getMessage());","lastModifiedDate":"2022-04-07"},{"lineNumber":43,"author":{"gitId":"autumn3ffect"},"content":"            } finally {","lastModifiedDate":"2022-04-07"},{"lineNumber":44,"author":{"gitId":"autumn3ffect"},"content":"                ui.showLine();","lastModifiedDate":"2022-04-07"},{"lineNumber":45,"author":{"gitId":"autumn3ffect"},"content":"            }","lastModifiedDate":"2022-04-07"},{"lineNumber":46,"author":{"gitId":"autumn3ffect"},"content":"        }","lastModifiedDate":"2022-04-07"},{"lineNumber":47,"author":{"gitId":"autumn3ffect"},"content":"    }","lastModifiedDate":"2022-04-07"},{"lineNumber":48,"author":{"gitId":"autumn3ffect"},"content":"","lastModifiedDate":"2022-04-07"},{"lineNumber":49,"author":{"gitId":"autumn3ffect"},"content":"    /**","lastModifiedDate":"2022-04-17"},{"lineNumber":50,"author":{"gitId":"autumn3ffect"},"content":"     * \"data/tasks.txt\" is an optional argument when executing the program","lastModifiedDate":"2022-04-17"},{"lineNumber":51,"author":{"gitId":"autumn3ffect"},"content":"     * Duke will create the folder when it does not exist","lastModifiedDate":"2022-04-17"},{"lineNumber":52,"author":{"gitId":"autumn3ffect"},"content":"     * @param args","lastModifiedDate":"2022-04-17"},{"lineNumber":53,"author":{"gitId":"autumn3ffect"},"content":"     */","lastModifiedDate":"2022-04-17"},{"lineNumber":54,"author":{"gitId":"autumn3ffect"},"content":"    public static void main(String[] args) {","lastModifiedDate":"2022-04-07"},{"lineNumber":55,"author":{"gitId":"autumn3ffect"},"content":"        new Duke(\"data/tasks.txt\").run();","lastModifiedDate":"2022-04-07"},{"lineNumber":56,"author":{"gitId":"autumn3ffect"},"content":"    }","lastModifiedDate":"2022-04-07"},{"lineNumber":57,"author":{"gitId":"autumn3ffect"},"content":"}","lastModifiedDate":"2022-04-07"}],"authorContributionMap":{"autumn3ffect":57}},{"path":"src/duke/command/AddCommand.java","fileType":"java","lines":[{"lineNumber":1,"author":{"gitId":"autumn3ffect"},"content":"package duke.command;","lastModifiedDate":"2022-04-07"},{"lineNumber":2,"author":{"gitId":"autumn3ffect"},"content":"","lastModifiedDate":"2022-04-07"},{"lineNumber":3,"author":{"gitId":"autumn3ffect"},"content":"import duke.deadline.Deadline;","lastModifiedDate":"2022-04-07"},{"lineNumber":4,"author":{"gitId":"autumn3ffect"},"content":"import duke.event.Event;","lastModifiedDate":"2022-04-07"},{"lineNumber":5,"author":{"gitId":"autumn3ffect"},"content":"import duke.storage.Storage;","lastModifiedDate":"2022-04-07"},{"lineNumber":6,"author":{"gitId":"autumn3ffect"},"content":"import duke.task.Task;","lastModifiedDate":"2022-04-07"},{"lineNumber":7,"author":{"gitId":"autumn3ffect"},"content":"import duke.tasklist.TaskList;","lastModifiedDate":"2022-04-07"},{"lineNumber":8,"author":{"gitId":"autumn3ffect"},"content":"import duke.todo.ToDo;","lastModifiedDate":"2022-04-07"},{"lineNumber":9,"author":{"gitId":"autumn3ffect"},"content":"import duke.ui.Ui;","lastModifiedDate":"2022-04-07"},{"lineNumber":10,"author":{"gitId":"autumn3ffect"},"content":"","lastModifiedDate":"2022-04-07"},{"lineNumber":11,"author":{"gitId":"autumn3ffect"},"content":"import java.util.ArrayList;","lastModifiedDate":"2022-04-17"},{"lineNumber":12,"author":{"gitId":"autumn3ffect"},"content":"import java.util.List;","lastModifiedDate":"2022-04-17"},{"lineNumber":13,"author":{"gitId":"autumn3ffect"},"content":"","lastModifiedDate":"2022-04-17"},{"lineNumber":14,"author":{"gitId":"autumn3ffect"},"content":"public class AddCommand extends Command {","lastModifiedDate":"2022-04-07"},{"lineNumber":15,"author":{"gitId":"autumn3ffect"},"content":"","lastModifiedDate":"2022-04-07"},{"lineNumber":16,"author":{"gitId":"autumn3ffect"},"content":"    protected String command;","lastModifiedDate":"2022-04-07"},{"lineNumber":17,"author":{"gitId":"autumn3ffect"},"content":"    protected String description;","lastModifiedDate":"2022-04-07"},{"lineNumber":18,"author":{"gitId":"autumn3ffect"},"content":"","lastModifiedDate":"2022-04-07"},{"lineNumber":19,"author":{"gitId":"autumn3ffect"},"content":"    public AddCommand(String command, String description) {","lastModifiedDate":"2022-04-07"},{"lineNumber":20,"author":{"gitId":"autumn3ffect"},"content":"        this.command \u003d command;","lastModifiedDate":"2022-04-07"},{"lineNumber":21,"author":{"gitId":"autumn3ffect"},"content":"        this.description \u003d description;","lastModifiedDate":"2022-04-07"},{"lineNumber":22,"author":{"gitId":"autumn3ffect"},"content":"    }","lastModifiedDate":"2022-04-07"},{"lineNumber":23,"author":{"gitId":"autumn3ffect"},"content":"","lastModifiedDate":"2022-04-07"},{"lineNumber":24,"author":{"gitId":"autumn3ffect"},"content":"","lastModifiedDate":"2022-04-17"},{"lineNumber":25,"author":{"gitId":"autumn3ffect"},"content":"    /**","lastModifiedDate":"2022-04-17"},{"lineNumber":26,"author":{"gitId":"autumn3ffect"},"content":"     * To read user\u0027s input and execute the respective function of the application","lastModifiedDate":"2022-04-17"},{"lineNumber":27,"author":{"gitId":"autumn3ffect"},"content":"     * @param tasks existing task in the list","lastModifiedDate":"2022-04-17"},{"lineNumber":28,"author":{"gitId":"autumn3ffect"},"content":"     * @param ui to display out the messages to the user","lastModifiedDate":"2022-04-17"},{"lineNumber":29,"author":{"gitId":"autumn3ffect"},"content":"     * @param storage which stores the file","lastModifiedDate":"2022-04-17"},{"lineNumber":30,"author":{"gitId":"autumn3ffect"},"content":"     */","lastModifiedDate":"2022-04-17"},{"lineNumber":31,"author":{"gitId":"autumn3ffect"},"content":"    @Override","lastModifiedDate":"2022-04-07"},{"lineNumber":32,"author":{"gitId":"autumn3ffect"},"content":"    public void execute(TaskList tasks, Ui ui, Storage storage) {","lastModifiedDate":"2022-04-07"},{"lineNumber":33,"author":{"gitId":"autumn3ffect"},"content":"","lastModifiedDate":"2022-04-07"},{"lineNumber":34,"author":{"gitId":"autumn3ffect"},"content":"        if (this.command.equals(\"todo\")) {","lastModifiedDate":"2022-04-07"},{"lineNumber":35,"author":{"gitId":"autumn3ffect"},"content":"            Task todo \u003d new ToDo(description);","lastModifiedDate":"2022-04-07"},{"lineNumber":36,"author":{"gitId":"autumn3ffect"},"content":"            tasks.getTasks().add(todo);","lastModifiedDate":"2022-04-07"},{"lineNumber":37,"author":{"gitId":"autumn3ffect"},"content":"","lastModifiedDate":"2022-04-07"},{"lineNumber":38,"author":{"gitId":"autumn3ffect"},"content":"            System.out.println(\"Got it. I\u0027ve added this task: \");","lastModifiedDate":"2022-04-07"},{"lineNumber":39,"author":{"gitId":"autumn3ffect"},"content":"            System.out.println(todo.toString());","lastModifiedDate":"2022-04-07"},{"lineNumber":40,"author":{"gitId":"autumn3ffect"},"content":"            System.out.println(\"Now you have \" + tasks.getTasks().size() + \" task in the list.\");","lastModifiedDate":"2022-04-07"},{"lineNumber":41,"author":{"gitId":"autumn3ffect"},"content":"        }","lastModifiedDate":"2022-04-07"},{"lineNumber":42,"author":{"gitId":"autumn3ffect"},"content":"","lastModifiedDate":"2022-04-07"},{"lineNumber":43,"author":{"gitId":"autumn3ffect"},"content":"        if (this.command.equals(\"deadline\")) {","lastModifiedDate":"2022-04-07"},{"lineNumber":44,"author":{"gitId":"autumn3ffect"},"content":"","lastModifiedDate":"2022-04-17"},{"lineNumber":45,"author":{"gitId":"autumn3ffect"},"content":"            if (!description.contains(\"/by\")) {","lastModifiedDate":"2022-04-17"},{"lineNumber":46,"author":{"gitId":"autumn3ffect"},"content":"                System.out.println(\"Please re-key in the correct command\");","lastModifiedDate":"2022-04-17"},{"lineNumber":47,"author":{"gitId":"autumn3ffect"},"content":"                return;","lastModifiedDate":"2022-04-17"},{"lineNumber":48,"author":{"gitId":"autumn3ffect"},"content":"            }","lastModifiedDate":"2022-04-17"},{"lineNumber":49,"author":{"gitId":"autumn3ffect"},"content":"            if(description.startsWith(\"/by\")) {","lastModifiedDate":"2022-04-17"},{"lineNumber":50,"author":{"gitId":"autumn3ffect"},"content":"                System.out.println(\"Description cannot be empty!\");","lastModifiedDate":"2022-04-17"},{"lineNumber":51,"author":{"gitId":"autumn3ffect"},"content":"                return;","lastModifiedDate":"2022-04-17"},{"lineNumber":52,"author":{"gitId":"autumn3ffect"},"content":"            }","lastModifiedDate":"2022-04-17"},{"lineNumber":53,"author":{"gitId":"autumn3ffect"},"content":"","lastModifiedDate":"2022-04-17"},{"lineNumber":54,"author":{"gitId":"autumn3ffect"},"content":"            String[]input1 \u003d description.split(\" /by \", 2);","lastModifiedDate":"2022-04-07"},{"lineNumber":55,"author":{"gitId":"autumn3ffect"},"content":"","lastModifiedDate":"2022-04-07"},{"lineNumber":56,"author":{"gitId":"autumn3ffect"},"content":"            Task deadline \u003d new Deadline(input1[0], input1[1]);","lastModifiedDate":"2022-04-07"},{"lineNumber":57,"author":{"gitId":"autumn3ffect"},"content":"            tasks.getTasks().add(deadline);","lastModifiedDate":"2022-04-07"},{"lineNumber":58,"author":{"gitId":"autumn3ffect"},"content":"","lastModifiedDate":"2022-04-07"},{"lineNumber":59,"author":{"gitId":"autumn3ffect"},"content":"            System.out.println(\"Got it. I\u0027ve added this task: \");","lastModifiedDate":"2022-04-07"},{"lineNumber":60,"author":{"gitId":"autumn3ffect"},"content":"            System.out.println(deadline.toString());","lastModifiedDate":"2022-04-07"},{"lineNumber":61,"author":{"gitId":"autumn3ffect"},"content":"            System.out.println(\"Now you have \" + tasks.getTasks().size() + \" task in the list.\");","lastModifiedDate":"2022-04-07"},{"lineNumber":62,"author":{"gitId":"autumn3ffect"},"content":"        }","lastModifiedDate":"2022-04-07"},{"lineNumber":63,"author":{"gitId":"autumn3ffect"},"content":"","lastModifiedDate":"2022-04-07"},{"lineNumber":64,"author":{"gitId":"autumn3ffect"},"content":"        if (this.command.equals(\"event\")) {","lastModifiedDate":"2022-04-07"},{"lineNumber":65,"author":{"gitId":"autumn3ffect"},"content":"            String[]input1 \u003d description.split(\" /at \", 2);","lastModifiedDate":"2022-04-07"},{"lineNumber":66,"author":{"gitId":"autumn3ffect"},"content":"","lastModifiedDate":"2022-04-07"},{"lineNumber":67,"author":{"gitId":"autumn3ffect"},"content":"            if (!description.contains(\"/at\")) {","lastModifiedDate":"2022-04-17"},{"lineNumber":68,"author":{"gitId":"autumn3ffect"},"content":"                System.out.println(\"Please re-key in the correct command\");","lastModifiedDate":"2022-04-17"},{"lineNumber":69,"author":{"gitId":"autumn3ffect"},"content":"                return;","lastModifiedDate":"2022-04-17"},{"lineNumber":70,"author":{"gitId":"autumn3ffect"},"content":"            }","lastModifiedDate":"2022-04-17"},{"lineNumber":71,"author":{"gitId":"autumn3ffect"},"content":"            if(description.startsWith(\"/at\")) {","lastModifiedDate":"2022-04-17"},{"lineNumber":72,"author":{"gitId":"autumn3ffect"},"content":"                System.out.println(\"Description cannot be empty!\");","lastModifiedDate":"2022-04-17"},{"lineNumber":73,"author":{"gitId":"autumn3ffect"},"content":"                return;","lastModifiedDate":"2022-04-17"},{"lineNumber":74,"author":{"gitId":"autumn3ffect"},"content":"            }","lastModifiedDate":"2022-04-17"},{"lineNumber":75,"author":{"gitId":"autumn3ffect"},"content":"            Task event \u003d new Event(input1[0], input1[1]);","lastModifiedDate":"2022-04-17"},{"lineNumber":76,"author":{"gitId":"autumn3ffect"},"content":"            tasks.getTasks().add(event);","lastModifiedDate":"2022-04-17"},{"lineNumber":77,"author":{"gitId":"autumn3ffect"},"content":"","lastModifiedDate":"2022-04-17"},{"lineNumber":78,"author":{"gitId":"autumn3ffect"},"content":"","lastModifiedDate":"2022-04-17"},{"lineNumber":79,"author":{"gitId":"autumn3ffect"},"content":"            System.out.println(\"Got it. I\u0027ve added this task: \");","lastModifiedDate":"2022-04-07"},{"lineNumber":80,"author":{"gitId":"autumn3ffect"},"content":"            System.out.println(event.toString());","lastModifiedDate":"2022-04-07"},{"lineNumber":81,"author":{"gitId":"autumn3ffect"},"content":"            System.out.println(\"Now you have \" + tasks.getTasks().size() + \" task in the list.\");","lastModifiedDate":"2022-04-07"},{"lineNumber":82,"author":{"gitId":"autumn3ffect"},"content":"        }","lastModifiedDate":"2022-04-07"},{"lineNumber":83,"author":{"gitId":"autumn3ffect"},"content":"","lastModifiedDate":"2022-04-07"},{"lineNumber":84,"author":{"gitId":"autumn3ffect"},"content":"        if (this.command.equals(\"mark\")) {","lastModifiedDate":"2022-04-07"},{"lineNumber":85,"author":{"gitId":"autumn3ffect"},"content":"            int index \u003d Integer.parseInt(description);","lastModifiedDate":"2022-04-07"},{"lineNumber":86,"author":{"gitId":"autumn3ffect"},"content":"","lastModifiedDate":"2022-04-07"},{"lineNumber":87,"author":{"gitId":"autumn3ffect"},"content":"            if (tasks.getTasks().size() \u003c index || index \u003d\u003d 0) {","lastModifiedDate":"2022-04-17"},{"lineNumber":88,"author":{"gitId":"autumn3ffect"},"content":"                System.out.println(\"There is no such task in the list\");","lastModifiedDate":"2022-04-17"},{"lineNumber":89,"author":{"gitId":"autumn3ffect"},"content":"                return;","lastModifiedDate":"2022-04-17"},{"lineNumber":90,"author":{"gitId":"autumn3ffect"},"content":"            }","lastModifiedDate":"2022-04-17"},{"lineNumber":91,"author":{"gitId":"autumn3ffect"},"content":"","lastModifiedDate":"2022-04-17"},{"lineNumber":92,"author":{"gitId":"autumn3ffect"},"content":"            tasks.getTasks().get(index-1).markAsDone();","lastModifiedDate":"2022-04-07"},{"lineNumber":93,"author":{"gitId":"autumn3ffect"},"content":"            System.out.println(\"Nice! I\u0027ve marked this as done:\");","lastModifiedDate":"2022-04-07"},{"lineNumber":94,"author":{"gitId":"autumn3ffect"},"content":"            System.out.println(tasks.getTasks().get(index-1).toString());","lastModifiedDate":"2022-04-07"},{"lineNumber":95,"author":{"gitId":"autumn3ffect"},"content":"        }","lastModifiedDate":"2022-04-07"},{"lineNumber":96,"author":{"gitId":"autumn3ffect"},"content":"","lastModifiedDate":"2022-04-07"},{"lineNumber":97,"author":{"gitId":"autumn3ffect"},"content":"        if (this.command.equals(\"unmark\")) {","lastModifiedDate":"2022-04-07"},{"lineNumber":98,"author":{"gitId":"autumn3ffect"},"content":"            int index \u003d Integer.parseInt(description);","lastModifiedDate":"2022-04-07"},{"lineNumber":99,"author":{"gitId":"autumn3ffect"},"content":"            if (tasks.getTasks().size() \u003c index || index \u003d\u003d 0) {","lastModifiedDate":"2022-04-17"},{"lineNumber":100,"author":{"gitId":"autumn3ffect"},"content":"                System.out.println(\"There is no such task in the list\");","lastModifiedDate":"2022-04-17"},{"lineNumber":101,"author":{"gitId":"autumn3ffect"},"content":"                return;","lastModifiedDate":"2022-04-17"},{"lineNumber":102,"author":{"gitId":"autumn3ffect"},"content":"            }","lastModifiedDate":"2022-04-17"},{"lineNumber":103,"author":{"gitId":"autumn3ffect"},"content":"            tasks.getTasks().get(index-1).markAsNotDone();","lastModifiedDate":"2022-04-07"},{"lineNumber":104,"author":{"gitId":"autumn3ffect"},"content":"            System.out.println(\"OK, I\u0027ve marked this task as not done yet:\");","lastModifiedDate":"2022-04-07"},{"lineNumber":105,"author":{"gitId":"autumn3ffect"},"content":"            System.out.println(tasks.getTasks().get(index-1).toString());","lastModifiedDate":"2022-04-07"},{"lineNumber":106,"author":{"gitId":"autumn3ffect"},"content":"        }","lastModifiedDate":"2022-04-07"},{"lineNumber":107,"author":{"gitId":"autumn3ffect"},"content":"","lastModifiedDate":"2022-04-17"},{"lineNumber":108,"author":{"gitId":"autumn3ffect"},"content":"        if (this.command.equals(\"priority\")) {","lastModifiedDate":"2022-04-17"},{"lineNumber":109,"author":{"gitId":"autumn3ffect"},"content":"            int index \u003d Integer.parseInt(description);","lastModifiedDate":"2022-04-17"},{"lineNumber":110,"author":{"gitId":"autumn3ffect"},"content":"","lastModifiedDate":"2022-04-17"},{"lineNumber":111,"author":{"gitId":"autumn3ffect"},"content":"            if (tasks.getTasks().size() \u003c index || index \u003d\u003d 0) {","lastModifiedDate":"2022-04-17"},{"lineNumber":112,"author":{"gitId":"autumn3ffect"},"content":"                System.out.println(\"There is no such task in the list\");","lastModifiedDate":"2022-04-17"},{"lineNumber":113,"author":{"gitId":"autumn3ffect"},"content":"                return;","lastModifiedDate":"2022-04-17"},{"lineNumber":114,"author":{"gitId":"autumn3ffect"},"content":"            }","lastModifiedDate":"2022-04-17"},{"lineNumber":115,"author":{"gitId":"autumn3ffect"},"content":"            tasks.getTasks().get(index-1).setPriority(true);","lastModifiedDate":"2022-04-17"},{"lineNumber":116,"author":{"gitId":"autumn3ffect"},"content":"            System.out.println(\"OK, I\u0027ve marked this task as high priority:\");","lastModifiedDate":"2022-04-17"},{"lineNumber":117,"author":{"gitId":"autumn3ffect"},"content":"            System.out.println(tasks.getTasks().get(index-1).toString());","lastModifiedDate":"2022-04-17"},{"lineNumber":118,"author":{"gitId":"autumn3ffect"},"content":"        }","lastModifiedDate":"2022-04-17"},{"lineNumber":119,"author":{"gitId":"autumn3ffect"},"content":"","lastModifiedDate":"2022-04-17"},{"lineNumber":120,"author":{"gitId":"autumn3ffect"},"content":"        if (this.command.equals(\"remove-priority\")) {","lastModifiedDate":"2022-04-17"},{"lineNumber":121,"author":{"gitId":"autumn3ffect"},"content":"            int index \u003d Integer.parseInt(description);","lastModifiedDate":"2022-04-17"},{"lineNumber":122,"author":{"gitId":"autumn3ffect"},"content":"","lastModifiedDate":"2022-04-17"},{"lineNumber":123,"author":{"gitId":"autumn3ffect"},"content":"            if (tasks.getTasks().size() \u003c index || index \u003d\u003d 0) {","lastModifiedDate":"2022-04-17"},{"lineNumber":124,"author":{"gitId":"autumn3ffect"},"content":"                System.out.println(\"There is no such task in the list\");","lastModifiedDate":"2022-04-17"},{"lineNumber":125,"author":{"gitId":"autumn3ffect"},"content":"                return;","lastModifiedDate":"2022-04-17"},{"lineNumber":126,"author":{"gitId":"autumn3ffect"},"content":"            }","lastModifiedDate":"2022-04-17"},{"lineNumber":127,"author":{"gitId":"autumn3ffect"},"content":"","lastModifiedDate":"2022-04-17"},{"lineNumber":128,"author":{"gitId":"autumn3ffect"},"content":"            tasks.getTasks().get(index-1).setPriority(false);","lastModifiedDate":"2022-04-17"},{"lineNumber":129,"author":{"gitId":"autumn3ffect"},"content":"            System.out.println(\"OK, I\u0027ve removed this task as a high priority:\");","lastModifiedDate":"2022-04-17"},{"lineNumber":130,"author":{"gitId":"autumn3ffect"},"content":"            System.out.println(tasks.getTasks().get(index-1).toString());","lastModifiedDate":"2022-04-17"},{"lineNumber":131,"author":{"gitId":"autumn3ffect"},"content":"        }","lastModifiedDate":"2022-04-17"},{"lineNumber":132,"author":{"gitId":"autumn3ffect"},"content":"","lastModifiedDate":"2022-04-17"},{"lineNumber":133,"author":{"gitId":"autumn3ffect"},"content":"        if (this.command.equals(\"find\")) {","lastModifiedDate":"2022-04-17"},{"lineNumber":134,"author":{"gitId":"autumn3ffect"},"content":"            List\u003cTask\u003e list \u003d new ArrayList\u003c\u003e();","lastModifiedDate":"2022-04-17"},{"lineNumber":135,"author":{"gitId":"autumn3ffect"},"content":"","lastModifiedDate":"2022-04-17"},{"lineNumber":136,"author":{"gitId":"autumn3ffect"},"content":"            description \u003d description.toLowerCase();","lastModifiedDate":"2022-04-17"},{"lineNumber":137,"author":{"gitId":"autumn3ffect"},"content":"","lastModifiedDate":"2022-04-17"},{"lineNumber":138,"author":{"gitId":"autumn3ffect"},"content":"            for (Task t : tasks.getTasks()) {","lastModifiedDate":"2022-04-17"},{"lineNumber":139,"author":{"gitId":"autumn3ffect"},"content":"                if (t.getDescription().contains(description)) {","lastModifiedDate":"2022-04-17"},{"lineNumber":140,"author":{"gitId":"autumn3ffect"},"content":"                    list.add(t);","lastModifiedDate":"2022-04-17"},{"lineNumber":141,"author":{"gitId":"autumn3ffect"},"content":"                }","lastModifiedDate":"2022-04-17"},{"lineNumber":142,"author":{"gitId":"autumn3ffect"},"content":"            }","lastModifiedDate":"2022-04-17"},{"lineNumber":143,"author":{"gitId":"autumn3ffect"},"content":"","lastModifiedDate":"2022-04-17"},{"lineNumber":144,"author":{"gitId":"autumn3ffect"},"content":"            System.out.println(\"Here are the matching tasks in your list:\");","lastModifiedDate":"2022-04-17"},{"lineNumber":145,"author":{"gitId":"autumn3ffect"},"content":"            for (int i \u003d 0; i \u003c list.size(); i++ ){","lastModifiedDate":"2022-04-17"},{"lineNumber":146,"author":{"gitId":"autumn3ffect"},"content":"                System.out.println(i+1 + \". \" + list.get(i).toString());","lastModifiedDate":"2022-04-17"},{"lineNumber":147,"author":{"gitId":"autumn3ffect"},"content":"            }","lastModifiedDate":"2022-04-17"},{"lineNumber":148,"author":{"gitId":"autumn3ffect"},"content":"        }","lastModifiedDate":"2022-04-17"},{"lineNumber":149,"author":{"gitId":"autumn3ffect"},"content":"    }","lastModifiedDate":"2022-04-07"},{"lineNumber":150,"author":{"gitId":"autumn3ffect"},"content":"}","lastModifiedDate":"2022-04-07"}],"authorContributionMap":{"autumn3ffect":150}},{"path":"src/duke/command/Command.java","fileType":"java","lines":[{"lineNumber":1,"author":{"gitId":"autumn3ffect"},"content":"package duke.command;","lastModifiedDate":"2022-04-07"},{"lineNumber":2,"author":{"gitId":"autumn3ffect"},"content":"","lastModifiedDate":"2022-04-07"},{"lineNumber":3,"author":{"gitId":"autumn3ffect"},"content":"import duke.storage.Storage;","lastModifiedDate":"2022-04-07"},{"lineNumber":4,"author":{"gitId":"autumn3ffect"},"content":"import duke.tasklist.TaskList;","lastModifiedDate":"2022-04-07"},{"lineNumber":5,"author":{"gitId":"autumn3ffect"},"content":"import duke.ui.Ui;","lastModifiedDate":"2022-04-07"},{"lineNumber":6,"author":{"gitId":"autumn3ffect"},"content":"","lastModifiedDate":"2022-04-07"},{"lineNumber":7,"author":{"gitId":"autumn3ffect"},"content":"public abstract class Command {","lastModifiedDate":"2022-04-07"},{"lineNumber":8,"author":{"gitId":"autumn3ffect"},"content":"","lastModifiedDate":"2022-04-07"},{"lineNumber":9,"author":{"gitId":"autumn3ffect"},"content":"    protected boolean isExit \u003d false;","lastModifiedDate":"2022-04-07"},{"lineNumber":10,"author":{"gitId":"autumn3ffect"},"content":"    protected Storage storage;","lastModifiedDate":"2022-04-07"},{"lineNumber":11,"author":{"gitId":"autumn3ffect"},"content":"    protected TaskList tasks;","lastModifiedDate":"2022-04-07"},{"lineNumber":12,"author":{"gitId":"autumn3ffect"},"content":"    protected Ui ui;","lastModifiedDate":"2022-04-07"},{"lineNumber":13,"author":{"gitId":"autumn3ffect"},"content":"","lastModifiedDate":"2022-04-07"},{"lineNumber":14,"author":{"gitId":"autumn3ffect"},"content":"    public abstract void execute(TaskList tasks, Ui ui, Storage storage);","lastModifiedDate":"2022-04-07"},{"lineNumber":15,"author":{"gitId":"autumn3ffect"},"content":"","lastModifiedDate":"2022-04-07"},{"lineNumber":16,"author":{"gitId":"autumn3ffect"},"content":"    public boolean isExit() {","lastModifiedDate":"2022-04-07"},{"lineNumber":17,"author":{"gitId":"autumn3ffect"},"content":"        return this.isExit;","lastModifiedDate":"2022-04-07"},{"lineNumber":18,"author":{"gitId":"autumn3ffect"},"content":"    }","lastModifiedDate":"2022-04-07"},{"lineNumber":19,"author":{"gitId":"autumn3ffect"},"content":"}","lastModifiedDate":"2022-04-07"}],"authorContributionMap":{"autumn3ffect":19}},{"path":"src/duke/command/DeleteCommand.java","fileType":"java","lines":[{"lineNumber":1,"author":{"gitId":"autumn3ffect"},"content":"package duke.command;","lastModifiedDate":"2022-04-07"},{"lineNumber":2,"author":{"gitId":"autumn3ffect"},"content":"","lastModifiedDate":"2022-04-07"},{"lineNumber":3,"author":{"gitId":"autumn3ffect"},"content":"import duke.storage.Storage;","lastModifiedDate":"2022-04-07"},{"lineNumber":4,"author":{"gitId":"autumn3ffect"},"content":"import duke.task.Task;","lastModifiedDate":"2022-04-07"},{"lineNumber":5,"author":{"gitId":"autumn3ffect"},"content":"import duke.tasklist.TaskList;","lastModifiedDate":"2022-04-07"},{"lineNumber":6,"author":{"gitId":"autumn3ffect"},"content":"import duke.ui.Ui;","lastModifiedDate":"2022-04-07"},{"lineNumber":7,"author":{"gitId":"autumn3ffect"},"content":"","lastModifiedDate":"2022-04-07"},{"lineNumber":8,"author":{"gitId":"autumn3ffect"},"content":"import java.io.FileWriter;","lastModifiedDate":"2022-04-07"},{"lineNumber":9,"author":{"gitId":"autumn3ffect"},"content":"import java.io.IOException;","lastModifiedDate":"2022-04-07"},{"lineNumber":10,"author":{"gitId":"autumn3ffect"},"content":"","lastModifiedDate":"2022-04-07"},{"lineNumber":11,"author":{"gitId":"autumn3ffect"},"content":"public class DeleteCommand extends Command {","lastModifiedDate":"2022-04-07"},{"lineNumber":12,"author":{"gitId":"autumn3ffect"},"content":"","lastModifiedDate":"2022-04-07"},{"lineNumber":13,"author":{"gitId":"autumn3ffect"},"content":"    protected int indexToBeDeleted;","lastModifiedDate":"2022-04-07"},{"lineNumber":14,"author":{"gitId":"autumn3ffect"},"content":"","lastModifiedDate":"2022-04-07"},{"lineNumber":15,"author":{"gitId":"autumn3ffect"},"content":"    public DeleteCommand(int indexToBeDeleted) {","lastModifiedDate":"2022-04-07"},{"lineNumber":16,"author":{"gitId":"autumn3ffect"},"content":"        this.indexToBeDeleted \u003d indexToBeDeleted;","lastModifiedDate":"2022-04-07"},{"lineNumber":17,"author":{"gitId":"autumn3ffect"},"content":"    }","lastModifiedDate":"2022-04-07"},{"lineNumber":18,"author":{"gitId":"autumn3ffect"},"content":"","lastModifiedDate":"2022-04-07"},{"lineNumber":19,"author":{"gitId":"autumn3ffect"},"content":"    @Override","lastModifiedDate":"2022-04-07"},{"lineNumber":20,"author":{"gitId":"autumn3ffect"},"content":"    public void execute(TaskList tasks, Ui ui, Storage storage) {","lastModifiedDate":"2022-04-07"},{"lineNumber":21,"author":{"gitId":"autumn3ffect"},"content":"        Task deletedTask \u003d tasks.getTasks().get(indexToBeDeleted);","lastModifiedDate":"2022-04-07"},{"lineNumber":22,"author":{"gitId":"autumn3ffect"},"content":"","lastModifiedDate":"2022-04-07"},{"lineNumber":23,"author":{"gitId":"autumn3ffect"},"content":"        tasks.getTasks().remove(this.indexToBeDeleted);","lastModifiedDate":"2022-04-07"},{"lineNumber":24,"author":{"gitId":"autumn3ffect"},"content":"","lastModifiedDate":"2022-04-07"},{"lineNumber":25,"author":{"gitId":"autumn3ffect"},"content":"        System.out.println(\"Noted. I\u0027ve removed this task:\");","lastModifiedDate":"2022-04-07"},{"lineNumber":26,"author":{"gitId":"autumn3ffect"},"content":"        System.out.println(\"    \" + deletedTask.toString());","lastModifiedDate":"2022-04-07"},{"lineNumber":27,"author":{"gitId":"autumn3ffect"},"content":"        System.out.println(\"Now you have \" + tasks.getTasks().size() + \" task in the list.\");","lastModifiedDate":"2022-04-07"},{"lineNumber":28,"author":{"gitId":"autumn3ffect"},"content":"    }","lastModifiedDate":"2022-04-07"},{"lineNumber":29,"author":{"gitId":"autumn3ffect"},"content":"}","lastModifiedDate":"2022-04-07"}],"authorContributionMap":{"autumn3ffect":29}},{"path":"src/duke/command/ExitCommand.java","fileType":"java","lines":[{"lineNumber":1,"author":{"gitId":"autumn3ffect"},"content":"package duke.command;","lastModifiedDate":"2022-04-07"},{"lineNumber":2,"author":{"gitId":"autumn3ffect"},"content":"","lastModifiedDate":"2022-04-07"},{"lineNumber":3,"author":{"gitId":"autumn3ffect"},"content":"import duke.storage.Storage;","lastModifiedDate":"2022-04-07"},{"lineNumber":4,"author":{"gitId":"autumn3ffect"},"content":"import duke.tasklist.TaskList;","lastModifiedDate":"2022-04-07"},{"lineNumber":5,"author":{"gitId":"autumn3ffect"},"content":"import duke.ui.Ui;","lastModifiedDate":"2022-04-07"},{"lineNumber":6,"author":{"gitId":"autumn3ffect"},"content":"","lastModifiedDate":"2022-04-07"},{"lineNumber":7,"author":{"gitId":"autumn3ffect"},"content":"public class ExitCommand extends Command {","lastModifiedDate":"2022-04-07"},{"lineNumber":8,"author":{"gitId":"autumn3ffect"},"content":"","lastModifiedDate":"2022-04-07"},{"lineNumber":9,"author":{"gitId":"autumn3ffect"},"content":"    public ExitCommand() {","lastModifiedDate":"2022-04-07"},{"lineNumber":10,"author":{"gitId":"autumn3ffect"},"content":"","lastModifiedDate":"2022-04-07"},{"lineNumber":11,"author":{"gitId":"autumn3ffect"},"content":"    }","lastModifiedDate":"2022-04-07"},{"lineNumber":12,"author":{"gitId":"autumn3ffect"},"content":"","lastModifiedDate":"2022-04-07"},{"lineNumber":13,"author":{"gitId":"autumn3ffect"},"content":"    @Override","lastModifiedDate":"2022-04-07"},{"lineNumber":14,"author":{"gitId":"autumn3ffect"},"content":"    public void execute(TaskList tasks, Ui ui, Storage storage) {","lastModifiedDate":"2022-04-07"},{"lineNumber":15,"author":{"gitId":"autumn3ffect"},"content":"        System.out.println(\"Bye. Hope to see you again soon!\");","lastModifiedDate":"2022-04-07"},{"lineNumber":16,"author":{"gitId":"autumn3ffect"},"content":"        this.isExit \u003d true;","lastModifiedDate":"2022-04-07"},{"lineNumber":17,"author":{"gitId":"autumn3ffect"},"content":"    }","lastModifiedDate":"2022-04-07"},{"lineNumber":18,"author":{"gitId":"autumn3ffect"},"content":"","lastModifiedDate":"2022-04-07"},{"lineNumber":19,"author":{"gitId":"autumn3ffect"},"content":"    @Override","lastModifiedDate":"2022-04-07"},{"lineNumber":20,"author":{"gitId":"autumn3ffect"},"content":"    public boolean isExit() {","lastModifiedDate":"2022-04-07"},{"lineNumber":21,"author":{"gitId":"autumn3ffect"},"content":"        return isExit; // if Exit, return true","lastModifiedDate":"2022-04-07"},{"lineNumber":22,"author":{"gitId":"autumn3ffect"},"content":"    }","lastModifiedDate":"2022-04-07"},{"lineNumber":23,"author":{"gitId":"autumn3ffect"},"content":"}","lastModifiedDate":"2022-04-07"}],"authorContributionMap":{"autumn3ffect":23}},{"path":"src/duke/command/ListCommand.java","fileType":"java","lines":[{"lineNumber":1,"author":{"gitId":"autumn3ffect"},"content":"package duke.command;","lastModifiedDate":"2022-04-07"},{"lineNumber":2,"author":{"gitId":"autumn3ffect"},"content":"","lastModifiedDate":"2022-04-07"},{"lineNumber":3,"author":{"gitId":"autumn3ffect"},"content":"import duke.storage.Storage;","lastModifiedDate":"2022-04-07"},{"lineNumber":4,"author":{"gitId":"autumn3ffect"},"content":"import duke.tasklist.TaskList;","lastModifiedDate":"2022-04-07"},{"lineNumber":5,"author":{"gitId":"autumn3ffect"},"content":"import duke.ui.Ui;","lastModifiedDate":"2022-04-07"},{"lineNumber":6,"author":{"gitId":"autumn3ffect"},"content":"","lastModifiedDate":"2022-04-07"},{"lineNumber":7,"author":{"gitId":"autumn3ffect"},"content":"public class ListCommand extends Command {","lastModifiedDate":"2022-04-07"},{"lineNumber":8,"author":{"gitId":"autumn3ffect"},"content":"","lastModifiedDate":"2022-04-07"},{"lineNumber":9,"author":{"gitId":"autumn3ffect"},"content":"    public ListCommand() {","lastModifiedDate":"2022-04-07"},{"lineNumber":10,"author":{"gitId":"autumn3ffect"},"content":"","lastModifiedDate":"2022-04-07"},{"lineNumber":11,"author":{"gitId":"autumn3ffect"},"content":"    }","lastModifiedDate":"2022-04-07"},{"lineNumber":12,"author":{"gitId":"autumn3ffect"},"content":"","lastModifiedDate":"2022-04-07"},{"lineNumber":13,"author":{"gitId":"autumn3ffect"},"content":"    @Override","lastModifiedDate":"2022-04-07"},{"lineNumber":14,"author":{"gitId":"autumn3ffect"},"content":"    public void execute(TaskList tasks, Ui ui, Storage storage) {","lastModifiedDate":"2022-04-07"},{"lineNumber":15,"author":{"gitId":"autumn3ffect"},"content":"        System.out.println(\"Here are the tasks in your list:\");","lastModifiedDate":"2022-04-07"},{"lineNumber":16,"author":{"gitId":"autumn3ffect"},"content":"        for (int i \u003d 0; i \u003c tasks.getTasks().size(); i++ ){","lastModifiedDate":"2022-04-07"},{"lineNumber":17,"author":{"gitId":"autumn3ffect"},"content":"            System.out.println(i+1 + \". \" + tasks.getTasks().get(i).toString());","lastModifiedDate":"2022-04-07"},{"lineNumber":18,"author":{"gitId":"autumn3ffect"},"content":"        }","lastModifiedDate":"2022-04-07"},{"lineNumber":19,"author":{"gitId":"autumn3ffect"},"content":"    }","lastModifiedDate":"2022-04-07"},{"lineNumber":20,"author":{"gitId":"autumn3ffect"},"content":"}","lastModifiedDate":"2022-04-07"}],"authorContributionMap":{"autumn3ffect":20}},{"path":"src/duke/command/SaveCommand.java","fileType":"java","lines":[{"lineNumber":1,"author":{"gitId":"autumn3ffect"},"content":"package duke.command;","lastModifiedDate":"2022-04-07"},{"lineNumber":2,"author":{"gitId":"autumn3ffect"},"content":"","lastModifiedDate":"2022-04-07"},{"lineNumber":3,"author":{"gitId":"autumn3ffect"},"content":"import duke.storage.Storage;","lastModifiedDate":"2022-04-07"},{"lineNumber":4,"author":{"gitId":"autumn3ffect"},"content":"import duke.task.Task;","lastModifiedDate":"2022-04-07"},{"lineNumber":5,"author":{"gitId":"autumn3ffect"},"content":"import duke.tasklist.TaskList;","lastModifiedDate":"2022-04-07"},{"lineNumber":6,"author":{"gitId":"autumn3ffect"},"content":"import duke.ui.Ui;","lastModifiedDate":"2022-04-07"},{"lineNumber":7,"author":{"gitId":"autumn3ffect"},"content":"","lastModifiedDate":"2022-04-07"},{"lineNumber":8,"author":{"gitId":"autumn3ffect"},"content":"import java.io.FileWriter;","lastModifiedDate":"2022-04-07"},{"lineNumber":9,"author":{"gitId":"autumn3ffect"},"content":"import java.io.IOException;","lastModifiedDate":"2022-04-07"},{"lineNumber":10,"author":{"gitId":"autumn3ffect"},"content":"","lastModifiedDate":"2022-04-07"},{"lineNumber":11,"author":{"gitId":"autumn3ffect"},"content":"public class SaveCommand extends Command {","lastModifiedDate":"2022-04-07"},{"lineNumber":12,"author":{"gitId":"autumn3ffect"},"content":"","lastModifiedDate":"2022-04-07"},{"lineNumber":13,"author":{"gitId":"autumn3ffect"},"content":"    public SaveCommand() {","lastModifiedDate":"2022-04-07"},{"lineNumber":14,"author":{"gitId":"autumn3ffect"},"content":"","lastModifiedDate":"2022-04-07"},{"lineNumber":15,"author":{"gitId":"autumn3ffect"},"content":"    }","lastModifiedDate":"2022-04-07"},{"lineNumber":16,"author":{"gitId":"autumn3ffect"},"content":"","lastModifiedDate":"2022-04-07"},{"lineNumber":17,"author":{"gitId":"autumn3ffect"},"content":"    /**","lastModifiedDate":"2022-04-17"},{"lineNumber":18,"author":{"gitId":"autumn3ffect"},"content":"     * To save the tasks in the list into a text file","lastModifiedDate":"2022-04-17"},{"lineNumber":19,"author":{"gitId":"autumn3ffect"},"content":"     * @param tasks existing task in the list","lastModifiedDate":"2022-04-17"},{"lineNumber":20,"author":{"gitId":"autumn3ffect"},"content":"     * @param ui to display out the messages to the user","lastModifiedDate":"2022-04-17"},{"lineNumber":21,"author":{"gitId":"autumn3ffect"},"content":"     * @param storage which stores the file","lastModifiedDate":"2022-04-17"},{"lineNumber":22,"author":{"gitId":"autumn3ffect"},"content":"     */","lastModifiedDate":"2022-04-17"},{"lineNumber":23,"author":{"gitId":"autumn3ffect"},"content":"    @Override","lastModifiedDate":"2022-04-07"},{"lineNumber":24,"author":{"gitId":"autumn3ffect"},"content":"    public void execute(TaskList tasks, Ui ui, Storage storage) {","lastModifiedDate":"2022-04-07"},{"lineNumber":25,"author":{"gitId":"autumn3ffect"},"content":"        try{","lastModifiedDate":"2022-04-07"},{"lineNumber":26,"author":{"gitId":"autumn3ffect"},"content":"            FileWriter myObj \u003d new FileWriter(storage.getFile());","lastModifiedDate":"2022-04-07"},{"lineNumber":27,"author":{"gitId":"autumn3ffect"},"content":"            for(Task t : tasks.getTasks()) {","lastModifiedDate":"2022-04-07"},{"lineNumber":28,"author":{"gitId":"autumn3ffect"},"content":"                myObj.write(t.toFileString());","lastModifiedDate":"2022-04-07"},{"lineNumber":29,"author":{"gitId":"autumn3ffect"},"content":"                myObj.write(\"\\n\");","lastModifiedDate":"2022-04-07"},{"lineNumber":30,"author":{"gitId":"autumn3ffect"},"content":"            }","lastModifiedDate":"2022-04-07"},{"lineNumber":31,"author":{"gitId":"autumn3ffect"},"content":"            myObj.close();","lastModifiedDate":"2022-04-07"},{"lineNumber":32,"author":{"gitId":"autumn3ffect"},"content":"            System.out.println(\"Noted. I\u0027ve saved \" + tasks.getTasks().size() + \" tasks\");","lastModifiedDate":"2022-04-07"},{"lineNumber":33,"author":{"gitId":"autumn3ffect"},"content":"            System.out.println(\"File saved successfully.\");","lastModifiedDate":"2022-04-07"},{"lineNumber":34,"author":{"gitId":"autumn3ffect"},"content":"        } catch (IOException e) {","lastModifiedDate":"2022-04-07"},{"lineNumber":35,"author":{"gitId":"autumn3ffect"},"content":"            System.out.println(\"An error occurred upon reading file.\");","lastModifiedDate":"2022-04-07"},{"lineNumber":36,"author":{"gitId":"autumn3ffect"},"content":"        }","lastModifiedDate":"2022-04-07"},{"lineNumber":37,"author":{"gitId":"autumn3ffect"},"content":"    }","lastModifiedDate":"2022-04-07"},{"lineNumber":38,"author":{"gitId":"autumn3ffect"},"content":"}","lastModifiedDate":"2022-04-07"}],"authorContributionMap":{"autumn3ffect":38}},{"path":"src/duke/deadline/Deadline.java","fileType":"java","lines":[{"lineNumber":1,"author":{"gitId":"autumn3ffect"},"content":"package duke.deadline;","lastModifiedDate":"2022-04-07"},{"lineNumber":2,"author":{"gitId":"autumn3ffect"},"content":"","lastModifiedDate":"2022-04-07"},{"lineNumber":3,"author":{"gitId":"autumn3ffect"},"content":"import duke.task.Task;","lastModifiedDate":"2022-04-07"},{"lineNumber":4,"author":{"gitId":"autumn3ffect"},"content":"","lastModifiedDate":"2022-04-07"},{"lineNumber":5,"author":{"gitId":"autumn3ffect"},"content":"public class Deadline extends Task {","lastModifiedDate":"2022-02-21"},{"lineNumber":6,"author":{"gitId":"autumn3ffect"},"content":"    protected String by;","lastModifiedDate":"2022-02-21"},{"lineNumber":7,"author":{"gitId":"autumn3ffect"},"content":"","lastModifiedDate":"2022-02-21"},{"lineNumber":8,"author":{"gitId":"autumn3ffect"},"content":"    public Deadline(String description, String by) {","lastModifiedDate":"2022-02-21"},{"lineNumber":9,"author":{"gitId":"autumn3ffect"},"content":"        super(description);","lastModifiedDate":"2022-02-21"},{"lineNumber":10,"author":{"gitId":"autumn3ffect"},"content":"        this.by \u003d by;","lastModifiedDate":"2022-02-21"},{"lineNumber":11,"author":{"gitId":"autumn3ffect"},"content":"    }","lastModifiedDate":"2022-02-21"},{"lineNumber":12,"author":{"gitId":"autumn3ffect"},"content":"","lastModifiedDate":"2022-02-21"},{"lineNumber":13,"author":{"gitId":"autumn3ffect"},"content":"    @Override","lastModifiedDate":"2022-02-21"},{"lineNumber":14,"author":{"gitId":"autumn3ffect"},"content":"    public String toString() {","lastModifiedDate":"2022-02-21"},{"lineNumber":15,"author":{"gitId":"autumn3ffect"},"content":"        return \"[D]\" + super.toString() + \" (by: \" + by + \")\";","lastModifiedDate":"2022-02-21"},{"lineNumber":16,"author":{"gitId":"autumn3ffect"},"content":"    }","lastModifiedDate":"2022-02-21"},{"lineNumber":17,"author":{"gitId":"autumn3ffect"},"content":"","lastModifiedDate":"2022-04-07"},{"lineNumber":18,"author":{"gitId":"autumn3ffect"},"content":"    @Override","lastModifiedDate":"2022-04-07"},{"lineNumber":19,"author":{"gitId":"autumn3ffect"},"content":"    public String toFileString() {","lastModifiedDate":"2022-04-07"},{"lineNumber":20,"author":{"gitId":"autumn3ffect"},"content":"        int markAsDone \u003d super.isDone() ? 1 : 0;","lastModifiedDate":"2022-04-07"},{"lineNumber":21,"author":{"gitId":"autumn3ffect"},"content":"        char isPriority \u003d super.isPriority() ? \u0027P\u0027 : \u0027N\u0027;","lastModifiedDate":"2022-04-17"},{"lineNumber":22,"author":{"gitId":"autumn3ffect"},"content":"        return \"D|\" + markAsDone + \"|\" + super.getDescription() + \"|\" + by + \"|\" + isPriority;","lastModifiedDate":"2022-04-17"},{"lineNumber":23,"author":{"gitId":"autumn3ffect"},"content":"    }","lastModifiedDate":"2022-04-07"},{"lineNumber":24,"author":{"gitId":"autumn3ffect"},"content":"}","lastModifiedDate":"2022-02-21"}],"authorContributionMap":{"autumn3ffect":24}},{"path":"src/duke/dukeexception/DukeException.java","fileType":"java","lines":[{"lineNumber":1,"author":{"gitId":"autumn3ffect"},"content":"package duke.dukeexception;","lastModifiedDate":"2022-04-07"},{"lineNumber":2,"author":{"gitId":"autumn3ffect"},"content":"","lastModifiedDate":"2022-04-07"},{"lineNumber":3,"author":{"gitId":"autumn3ffect"},"content":"public class DukeException extends Exception {","lastModifiedDate":"2022-04-07"},{"lineNumber":4,"author":{"gitId":"autumn3ffect"},"content":"    public DukeException() {","lastModifiedDate":"2022-04-07"},{"lineNumber":5,"author":{"gitId":"autumn3ffect"},"content":"    }","lastModifiedDate":"2022-04-07"},{"lineNumber":6,"author":{"gitId":"autumn3ffect"},"content":"","lastModifiedDate":"2022-04-07"},{"lineNumber":7,"author":{"gitId":"autumn3ffect"},"content":"    public DukeException(String s) {","lastModifiedDate":"2022-04-07"},{"lineNumber":8,"author":{"gitId":"autumn3ffect"},"content":"        System.err.println(s);","lastModifiedDate":"2022-04-07"},{"lineNumber":9,"author":{"gitId":"autumn3ffect"},"content":"    }","lastModifiedDate":"2022-04-07"},{"lineNumber":10,"author":{"gitId":"autumn3ffect"},"content":"}","lastModifiedDate":"2022-04-07"}],"authorContributionMap":{"autumn3ffect":10}},{"path":"src/duke/event/Event.java","fileType":"java","lines":[{"lineNumber":1,"author":{"gitId":"autumn3ffect"},"content":"package duke.event;","lastModifiedDate":"2022-04-07"},{"lineNumber":2,"author":{"gitId":"autumn3ffect"},"content":"","lastModifiedDate":"2022-04-07"},{"lineNumber":3,"author":{"gitId":"autumn3ffect"},"content":"import duke.task.Task;","lastModifiedDate":"2022-04-07"},{"lineNumber":4,"author":{"gitId":"autumn3ffect"},"content":"","lastModifiedDate":"2022-04-07"},{"lineNumber":5,"author":{"gitId":"autumn3ffect"},"content":"public class Event extends Task {","lastModifiedDate":"2022-02-21"},{"lineNumber":6,"author":{"gitId":"autumn3ffect"},"content":"    protected String by;","lastModifiedDate":"2022-02-21"},{"lineNumber":7,"author":{"gitId":"autumn3ffect"},"content":"","lastModifiedDate":"2022-02-21"},{"lineNumber":8,"author":{"gitId":"autumn3ffect"},"content":"    public Event(String description, String by) {","lastModifiedDate":"2022-02-21"},{"lineNumber":9,"author":{"gitId":"autumn3ffect"},"content":"        super(description);","lastModifiedDate":"2022-02-21"},{"lineNumber":10,"author":{"gitId":"autumn3ffect"},"content":"        this.by \u003d by;","lastModifiedDate":"2022-02-21"},{"lineNumber":11,"author":{"gitId":"autumn3ffect"},"content":"    }","lastModifiedDate":"2022-02-21"},{"lineNumber":12,"author":{"gitId":"autumn3ffect"},"content":"","lastModifiedDate":"2022-02-21"},{"lineNumber":13,"author":{"gitId":"autumn3ffect"},"content":"    @Override","lastModifiedDate":"2022-02-21"},{"lineNumber":14,"author":{"gitId":"autumn3ffect"},"content":"    public String toString() {","lastModifiedDate":"2022-02-21"},{"lineNumber":15,"author":{"gitId":"autumn3ffect"},"content":"        return \"[E]\" + super.toString() + \" (at: \" + by + \")\";","lastModifiedDate":"2022-02-21"},{"lineNumber":16,"author":{"gitId":"autumn3ffect"},"content":"    }","lastModifiedDate":"2022-02-21"},{"lineNumber":17,"author":{"gitId":"autumn3ffect"},"content":"","lastModifiedDate":"2022-04-07"},{"lineNumber":18,"author":{"gitId":"autumn3ffect"},"content":"    @Override","lastModifiedDate":"2022-04-07"},{"lineNumber":19,"author":{"gitId":"autumn3ffect"},"content":"    public String toFileString() {","lastModifiedDate":"2022-04-07"},{"lineNumber":20,"author":{"gitId":"autumn3ffect"},"content":"        int markAsDone \u003d super.isDone() ? 1 : 0;","lastModifiedDate":"2022-04-07"},{"lineNumber":21,"author":{"gitId":"autumn3ffect"},"content":"        char isPriority \u003d super.isPriority() ? \u0027P\u0027 : \u0027N\u0027;","lastModifiedDate":"2022-04-17"},{"lineNumber":22,"author":{"gitId":"autumn3ffect"},"content":"        return \"E|\" + markAsDone + \"|\" + super.getDescription() + \"|\" + by + \"|\" + isPriority;","lastModifiedDate":"2022-04-17"},{"lineNumber":23,"author":{"gitId":"autumn3ffect"},"content":"    }","lastModifiedDate":"2022-04-07"},{"lineNumber":24,"author":{"gitId":"autumn3ffect"},"content":"}","lastModifiedDate":"2022-02-21"}],"authorContributionMap":{"autumn3ffect":24}},{"path":"src/duke/parser/Parser.java","fileType":"java","lines":[{"lineNumber":1,"author":{"gitId":"autumn3ffect"},"content":"package duke.parser;","lastModifiedDate":"2022-04-07"},{"lineNumber":2,"author":{"gitId":"autumn3ffect"},"content":"","lastModifiedDate":"2022-04-07"},{"lineNumber":3,"author":{"gitId":"autumn3ffect"},"content":"","lastModifiedDate":"2022-04-07"},{"lineNumber":4,"author":{"gitId":"autumn3ffect"},"content":"import duke.command.*;","lastModifiedDate":"2022-04-07"},{"lineNumber":5,"author":{"gitId":"autumn3ffect"},"content":"import duke.dukeexception.DukeException;","lastModifiedDate":"2022-04-07"},{"lineNumber":6,"author":{"gitId":"autumn3ffect"},"content":"","lastModifiedDate":"2022-04-07"},{"lineNumber":7,"author":{"gitId":"autumn3ffect"},"content":"public class Parser {","lastModifiedDate":"2022-04-07"},{"lineNumber":8,"author":{"gitId":"autumn3ffect"},"content":"","lastModifiedDate":"2022-04-07"},{"lineNumber":9,"author":{"gitId":"autumn3ffect"},"content":"    private static final String LIST \u003d \"list\";","lastModifiedDate":"2022-04-07"},{"lineNumber":10,"author":{"gitId":"autumn3ffect"},"content":"    private static final String BYE \u003d \"bye\";","lastModifiedDate":"2022-04-07"},{"lineNumber":11,"author":{"gitId":"autumn3ffect"},"content":"    private static final String DELETE \u003d \"delete\";","lastModifiedDate":"2022-04-07"},{"lineNumber":12,"author":{"gitId":"autumn3ffect"},"content":"    private static final String SAVE \u003d \"save\";","lastModifiedDate":"2022-04-07"},{"lineNumber":13,"author":{"gitId":"autumn3ffect"},"content":"","lastModifiedDate":"2022-04-07"},{"lineNumber":14,"author":{"gitId":"autumn3ffect"},"content":"    public Parser() {","lastModifiedDate":"2022-04-07"},{"lineNumber":15,"author":{"gitId":"autumn3ffect"},"content":"","lastModifiedDate":"2022-04-07"},{"lineNumber":16,"author":{"gitId":"autumn3ffect"},"content":"    }","lastModifiedDate":"2022-04-07"},{"lineNumber":17,"author":{"gitId":"autumn3ffect"},"content":"","lastModifiedDate":"2022-04-07"},{"lineNumber":18,"author":{"gitId":"autumn3ffect"},"content":"    /**","lastModifiedDate":"2022-04-17"},{"lineNumber":19,"author":{"gitId":"autumn3ffect"},"content":"     * Read user\u0027s input comand and call the respective function constructor","lastModifiedDate":"2022-04-17"},{"lineNumber":20,"author":{"gitId":"autumn3ffect"},"content":"     * @param instruction of the user command","lastModifiedDate":"2022-04-17"},{"lineNumber":21,"author":{"gitId":"autumn3ffect"},"content":"     * @return the command object","lastModifiedDate":"2022-04-17"},{"lineNumber":22,"author":{"gitId":"autumn3ffect"},"content":"     */","lastModifiedDate":"2022-04-17"},{"lineNumber":23,"author":{"gitId":"autumn3ffect"},"content":"    public static Command parse(String instruction) throws DukeException {","lastModifiedDate":"2022-04-07"},{"lineNumber":24,"author":{"gitId":"autumn3ffect"},"content":"        String[] arr \u003d instruction.split(\" \", 2);","lastModifiedDate":"2022-04-07"},{"lineNumber":25,"author":{"gitId":"autumn3ffect"},"content":"        String command \u003d arr[0];","lastModifiedDate":"2022-04-07"},{"lineNumber":26,"author":{"gitId":"autumn3ffect"},"content":"        try {","lastModifiedDate":"2022-04-07"},{"lineNumber":27,"author":{"gitId":"autumn3ffect"},"content":"            switch (command) {","lastModifiedDate":"2022-04-07"},{"lineNumber":28,"author":{"gitId":"autumn3ffect"},"content":"                case LIST:","lastModifiedDate":"2022-04-07"},{"lineNumber":29,"author":{"gitId":"autumn3ffect"},"content":"                    return new ListCommand();","lastModifiedDate":"2022-04-07"},{"lineNumber":30,"author":{"gitId":"autumn3ffect"},"content":"                case BYE:","lastModifiedDate":"2022-04-07"},{"lineNumber":31,"author":{"gitId":"autumn3ffect"},"content":"                    return new ExitCommand();","lastModifiedDate":"2022-04-07"},{"lineNumber":32,"author":{"gitId":"autumn3ffect"},"content":"                case SAVE:","lastModifiedDate":"2022-04-07"},{"lineNumber":33,"author":{"gitId":"autumn3ffect"},"content":"                    return new SaveCommand();","lastModifiedDate":"2022-04-07"},{"lineNumber":34,"author":{"gitId":"autumn3ffect"},"content":"                case DELETE:","lastModifiedDate":"2022-04-07"},{"lineNumber":35,"author":{"gitId":"autumn3ffect"},"content":"                    return new DeleteCommand(Integer.parseInt(arr[1]) - 1);","lastModifiedDate":"2022-04-07"},{"lineNumber":36,"author":{"gitId":"autumn3ffect"},"content":"                default:","lastModifiedDate":"2022-04-07"},{"lineNumber":37,"author":{"gitId":"autumn3ffect"},"content":"                    if (arr[1].isEmpty()){","lastModifiedDate":"2022-04-07"},{"lineNumber":38,"author":{"gitId":"autumn3ffect"},"content":"                        throw new DukeException();","lastModifiedDate":"2022-04-07"},{"lineNumber":39,"author":{"gitId":"autumn3ffect"},"content":"                    }","lastModifiedDate":"2022-04-07"},{"lineNumber":40,"author":{"gitId":"autumn3ffect"},"content":"                    return new AddCommand(command, arr[1]);","lastModifiedDate":"2022-04-07"},{"lineNumber":41,"author":{"gitId":"autumn3ffect"},"content":"            }","lastModifiedDate":"2022-04-07"},{"lineNumber":42,"author":{"gitId":"autumn3ffect"},"content":"        } catch (IndexOutOfBoundsException e) {","lastModifiedDate":"2022-04-07"},{"lineNumber":43,"author":{"gitId":"autumn3ffect"},"content":"            throw new DukeException(\"Please provide commands in the format: \u003ccommand type\u003e \u003ctask details\u003e\");","lastModifiedDate":"2022-04-07"},{"lineNumber":44,"author":{"gitId":"autumn3ffect"},"content":"        }","lastModifiedDate":"2022-04-07"},{"lineNumber":45,"author":{"gitId":"autumn3ffect"},"content":"    }","lastModifiedDate":"2022-04-07"},{"lineNumber":46,"author":{"gitId":"autumn3ffect"},"content":"}","lastModifiedDate":"2022-04-07"}],"authorContributionMap":{"autumn3ffect":46}},{"path":"src/duke/storage/Storage.java","fileType":"java","lines":[{"lineNumber":1,"author":{"gitId":"autumn3ffect"},"content":"package duke.storage;","lastModifiedDate":"2022-04-07"},{"lineNumber":2,"author":{"gitId":"autumn3ffect"},"content":"","lastModifiedDate":"2022-04-07"},{"lineNumber":3,"author":{"gitId":"autumn3ffect"},"content":"import duke.deadline.Deadline;","lastModifiedDate":"2022-04-07"},{"lineNumber":4,"author":{"gitId":"autumn3ffect"},"content":"import duke.dukeexception.DukeException;","lastModifiedDate":"2022-04-07"},{"lineNumber":5,"author":{"gitId":"autumn3ffect"},"content":"import duke.event.Event;","lastModifiedDate":"2022-04-07"},{"lineNumber":6,"author":{"gitId":"autumn3ffect"},"content":"import duke.task.Task;","lastModifiedDate":"2022-04-07"},{"lineNumber":7,"author":{"gitId":"autumn3ffect"},"content":"import duke.todo.ToDo;","lastModifiedDate":"2022-04-07"},{"lineNumber":8,"author":{"gitId":"autumn3ffect"},"content":"","lastModifiedDate":"2022-04-07"},{"lineNumber":9,"author":{"gitId":"autumn3ffect"},"content":"import java.io.File;","lastModifiedDate":"2022-04-07"},{"lineNumber":10,"author":{"gitId":"autumn3ffect"},"content":"import java.io.FileNotFoundException;","lastModifiedDate":"2022-04-07"},{"lineNumber":11,"author":{"gitId":"autumn3ffect"},"content":"import java.util.ArrayList;","lastModifiedDate":"2022-04-07"},{"lineNumber":12,"author":{"gitId":"autumn3ffect"},"content":"import java.util.List;","lastModifiedDate":"2022-04-07"},{"lineNumber":13,"author":{"gitId":"autumn3ffect"},"content":"import java.util.Scanner;","lastModifiedDate":"2022-04-07"},{"lineNumber":14,"author":{"gitId":"autumn3ffect"},"content":"","lastModifiedDate":"2022-04-07"},{"lineNumber":15,"author":{"gitId":"autumn3ffect"},"content":"public class Storage {","lastModifiedDate":"2022-04-07"},{"lineNumber":16,"author":{"gitId":"autumn3ffect"},"content":"","lastModifiedDate":"2022-04-07"},{"lineNumber":17,"author":{"gitId":"autumn3ffect"},"content":"    protected File file;","lastModifiedDate":"2022-04-07"},{"lineNumber":18,"author":{"gitId":"autumn3ffect"},"content":"","lastModifiedDate":"2022-04-07"},{"lineNumber":19,"author":{"gitId":"autumn3ffect"},"content":"    public Storage(String filepath) {","lastModifiedDate":"2022-04-07"},{"lineNumber":20,"author":{"gitId":"autumn3ffect"},"content":"        this.file \u003d new File(filepath);","lastModifiedDate":"2022-04-07"},{"lineNumber":21,"author":{"gitId":"autumn3ffect"},"content":"    }","lastModifiedDate":"2022-04-07"},{"lineNumber":22,"author":{"gitId":"autumn3ffect"},"content":"","lastModifiedDate":"2022-04-07"},{"lineNumber":23,"author":{"gitId":"autumn3ffect"},"content":"    /**","lastModifiedDate":"2022-04-17"},{"lineNumber":24,"author":{"gitId":"autumn3ffect"},"content":"     * To load the existing file and store into the tasklist","lastModifiedDate":"2022-04-17"},{"lineNumber":25,"author":{"gitId":"autumn3ffect"},"content":"     * @return a list of tasks","lastModifiedDate":"2022-04-17"},{"lineNumber":26,"author":{"gitId":"autumn3ffect"},"content":"     */","lastModifiedDate":"2022-04-17"},{"lineNumber":27,"author":{"gitId":"autumn3ffect"},"content":"    public List\u003cTask\u003e load() throws DukeException, FileNotFoundException {","lastModifiedDate":"2022-04-07"},{"lineNumber":28,"author":{"gitId":"autumn3ffect"},"content":"        List\u003cTask\u003e taskList \u003d new ArrayList\u003c\u003e();","lastModifiedDate":"2022-04-07"},{"lineNumber":29,"author":{"gitId":"autumn3ffect"},"content":"        // Read the file","lastModifiedDate":"2022-04-07"},{"lineNumber":30,"author":{"gitId":"autumn3ffect"},"content":"        Scanner myReader \u003d new Scanner(file);","lastModifiedDate":"2022-04-07"},{"lineNumber":31,"author":{"gitId":"autumn3ffect"},"content":"        while (myReader.hasNextLine()) {","lastModifiedDate":"2022-04-07"},{"lineNumber":32,"author":{"gitId":"autumn3ffect"},"content":"            String line \u003d myReader.nextLine();","lastModifiedDate":"2022-04-07"},{"lineNumber":33,"author":{"gitId":"autumn3ffect"},"content":"            String[] lineList \u003d line.split(\"\\\\|\");","lastModifiedDate":"2022-04-07"},{"lineNumber":34,"author":{"gitId":"autumn3ffect"},"content":"","lastModifiedDate":"2022-04-07"},{"lineNumber":35,"author":{"gitId":"autumn3ffect"},"content":"            if (lineList[0].equals(\"T\")) {","lastModifiedDate":"2022-04-07"},{"lineNumber":36,"author":{"gitId":"autumn3ffect"},"content":"                Task todo \u003d new ToDo(lineList[2]);","lastModifiedDate":"2022-04-07"},{"lineNumber":37,"author":{"gitId":"autumn3ffect"},"content":"                if (lineList[1].equals(\"1\")) {","lastModifiedDate":"2022-04-07"},{"lineNumber":38,"author":{"gitId":"autumn3ffect"},"content":"                    todo.markAsDone();","lastModifiedDate":"2022-04-07"},{"lineNumber":39,"author":{"gitId":"autumn3ffect"},"content":"                } else {","lastModifiedDate":"2022-04-07"},{"lineNumber":40,"author":{"gitId":"autumn3ffect"},"content":"                    todo.markAsNotDone();","lastModifiedDate":"2022-04-07"},{"lineNumber":41,"author":{"gitId":"autumn3ffect"},"content":"                }","lastModifiedDate":"2022-04-07"},{"lineNumber":42,"author":{"gitId":"autumn3ffect"},"content":"","lastModifiedDate":"2022-04-17"},{"lineNumber":43,"author":{"gitId":"autumn3ffect"},"content":"                if (lineList[3].equals(\"P\")) {","lastModifiedDate":"2022-04-17"},{"lineNumber":44,"author":{"gitId":"autumn3ffect"},"content":"                    todo.setPriority(true);","lastModifiedDate":"2022-04-17"},{"lineNumber":45,"author":{"gitId":"autumn3ffect"},"content":"                } else {","lastModifiedDate":"2022-04-17"},{"lineNumber":46,"author":{"gitId":"autumn3ffect"},"content":"                    todo.setPriority(false);","lastModifiedDate":"2022-04-17"},{"lineNumber":47,"author":{"gitId":"autumn3ffect"},"content":"                }","lastModifiedDate":"2022-04-17"},{"lineNumber":48,"author":{"gitId":"autumn3ffect"},"content":"                taskList.add(todo);","lastModifiedDate":"2022-04-07"},{"lineNumber":49,"author":{"gitId":"autumn3ffect"},"content":"            } else if (lineList[0].equals(\"D\")) {","lastModifiedDate":"2022-04-07"},{"lineNumber":50,"author":{"gitId":"autumn3ffect"},"content":"                Task deadline \u003d new Deadline(lineList[2], lineList[3]);","lastModifiedDate":"2022-04-07"},{"lineNumber":51,"author":{"gitId":"autumn3ffect"},"content":"                if (lineList[1].equals(\"1\")) {","lastModifiedDate":"2022-04-07"},{"lineNumber":52,"author":{"gitId":"autumn3ffect"},"content":"                    deadline.markAsDone();","lastModifiedDate":"2022-04-07"},{"lineNumber":53,"author":{"gitId":"autumn3ffect"},"content":"                } else {","lastModifiedDate":"2022-04-07"},{"lineNumber":54,"author":{"gitId":"autumn3ffect"},"content":"                    deadline.markAsNotDone();","lastModifiedDate":"2022-04-07"},{"lineNumber":55,"author":{"gitId":"autumn3ffect"},"content":"                }","lastModifiedDate":"2022-04-07"},{"lineNumber":56,"author":{"gitId":"autumn3ffect"},"content":"","lastModifiedDate":"2022-04-17"},{"lineNumber":57,"author":{"gitId":"autumn3ffect"},"content":"                if (lineList[4].equals(\"P\")) {","lastModifiedDate":"2022-04-17"},{"lineNumber":58,"author":{"gitId":"autumn3ffect"},"content":"                    deadline.setPriority(true);","lastModifiedDate":"2022-04-17"},{"lineNumber":59,"author":{"gitId":"autumn3ffect"},"content":"                } else {","lastModifiedDate":"2022-04-17"},{"lineNumber":60,"author":{"gitId":"autumn3ffect"},"content":"                    deadline.setPriority(false);","lastModifiedDate":"2022-04-17"},{"lineNumber":61,"author":{"gitId":"autumn3ffect"},"content":"                }","lastModifiedDate":"2022-04-17"},{"lineNumber":62,"author":{"gitId":"autumn3ffect"},"content":"                taskList.add(deadline);","lastModifiedDate":"2022-04-07"},{"lineNumber":63,"author":{"gitId":"autumn3ffect"},"content":"            } else if (lineList[0].equals(\"E\")) {","lastModifiedDate":"2022-04-07"},{"lineNumber":64,"author":{"gitId":"autumn3ffect"},"content":"                Task event \u003d new Event(lineList[2], lineList[3]);","lastModifiedDate":"2022-04-07"},{"lineNumber":65,"author":{"gitId":"autumn3ffect"},"content":"                if (lineList[1].equals(\"1\")) {","lastModifiedDate":"2022-04-07"},{"lineNumber":66,"author":{"gitId":"autumn3ffect"},"content":"                    event.markAsDone();","lastModifiedDate":"2022-04-07"},{"lineNumber":67,"author":{"gitId":"autumn3ffect"},"content":"                } else {","lastModifiedDate":"2022-04-07"},{"lineNumber":68,"author":{"gitId":"autumn3ffect"},"content":"                    event.markAsNotDone();","lastModifiedDate":"2022-04-07"},{"lineNumber":69,"author":{"gitId":"autumn3ffect"},"content":"                }","lastModifiedDate":"2022-04-07"},{"lineNumber":70,"author":{"gitId":"autumn3ffect"},"content":"","lastModifiedDate":"2022-04-17"},{"lineNumber":71,"author":{"gitId":"autumn3ffect"},"content":"                if (lineList[4].equals(\"P\")) {","lastModifiedDate":"2022-04-17"},{"lineNumber":72,"author":{"gitId":"autumn3ffect"},"content":"                    event.setPriority(true);","lastModifiedDate":"2022-04-17"},{"lineNumber":73,"author":{"gitId":"autumn3ffect"},"content":"                } else {","lastModifiedDate":"2022-04-17"},{"lineNumber":74,"author":{"gitId":"autumn3ffect"},"content":"                    event.setPriority(false);","lastModifiedDate":"2022-04-17"},{"lineNumber":75,"author":{"gitId":"autumn3ffect"},"content":"                }","lastModifiedDate":"2022-04-17"},{"lineNumber":76,"author":{"gitId":"autumn3ffect"},"content":"                taskList.add(event);","lastModifiedDate":"2022-04-07"},{"lineNumber":77,"author":{"gitId":"autumn3ffect"},"content":"            }","lastModifiedDate":"2022-04-07"},{"lineNumber":78,"author":{"gitId":"autumn3ffect"},"content":"        }","lastModifiedDate":"2022-04-07"},{"lineNumber":79,"author":{"gitId":"autumn3ffect"},"content":"        myReader.close();","lastModifiedDate":"2022-04-07"},{"lineNumber":80,"author":{"gitId":"autumn3ffect"},"content":"","lastModifiedDate":"2022-04-07"},{"lineNumber":81,"author":{"gitId":"autumn3ffect"},"content":"        return taskList;","lastModifiedDate":"2022-04-07"},{"lineNumber":82,"author":{"gitId":"autumn3ffect"},"content":"    }","lastModifiedDate":"2022-04-07"},{"lineNumber":83,"author":{"gitId":"autumn3ffect"},"content":"","lastModifiedDate":"2022-04-07"},{"lineNumber":84,"author":{"gitId":"autumn3ffect"},"content":"    public File getFile() {","lastModifiedDate":"2022-04-07"},{"lineNumber":85,"author":{"gitId":"autumn3ffect"},"content":"        return file;","lastModifiedDate":"2022-04-07"},{"lineNumber":86,"author":{"gitId":"autumn3ffect"},"content":"    }","lastModifiedDate":"2022-04-07"},{"lineNumber":87,"author":{"gitId":"autumn3ffect"},"content":"","lastModifiedDate":"2022-04-07"},{"lineNumber":88,"author":{"gitId":"autumn3ffect"},"content":"    public void setFile(File file) {","lastModifiedDate":"2022-04-07"},{"lineNumber":89,"author":{"gitId":"autumn3ffect"},"content":"        this.file \u003d file;","lastModifiedDate":"2022-04-07"},{"lineNumber":90,"author":{"gitId":"autumn3ffect"},"content":"    }","lastModifiedDate":"2022-04-07"},{"lineNumber":91,"author":{"gitId":"autumn3ffect"},"content":"}","lastModifiedDate":"2022-04-07"}],"authorContributionMap":{"autumn3ffect":91}},{"path":"src/duke/task/Task.java","fileType":"java","lines":[{"lineNumber":1,"author":{"gitId":"autumn3ffect"},"content":"package duke.task;","lastModifiedDate":"2022-04-07"},{"lineNumber":2,"author":{"gitId":"autumn3ffect"},"content":"","lastModifiedDate":"2022-04-07"},{"lineNumber":3,"author":{"gitId":"autumn3ffect"},"content":"public abstract class Task {","lastModifiedDate":"2022-04-07"},{"lineNumber":4,"author":{"gitId":"autumn3ffect"},"content":"    protected String description;","lastModifiedDate":"2022-02-19"},{"lineNumber":5,"author":{"gitId":"autumn3ffect"},"content":"    protected boolean isDone;","lastModifiedDate":"2022-02-19"},{"lineNumber":6,"author":{"gitId":"autumn3ffect"},"content":"    protected boolean isPriority;","lastModifiedDate":"2022-04-17"},{"lineNumber":7,"author":{"gitId":"autumn3ffect"},"content":"","lastModifiedDate":"2022-02-19"},{"lineNumber":8,"author":{"gitId":"autumn3ffect"},"content":"    public Task(String description) {","lastModifiedDate":"2022-02-19"},{"lineNumber":9,"author":{"gitId":"autumn3ffect"},"content":"        this.description \u003d description;","lastModifiedDate":"2022-02-19"},{"lineNumber":10,"author":{"gitId":"autumn3ffect"},"content":"        this.isDone \u003d false;","lastModifiedDate":"2022-02-19"},{"lineNumber":11,"author":{"gitId":"autumn3ffect"},"content":"    }","lastModifiedDate":"2022-02-19"},{"lineNumber":12,"author":{"gitId":"autumn3ffect"},"content":"","lastModifiedDate":"2022-02-19"},{"lineNumber":13,"author":{"gitId":"autumn3ffect"},"content":"    public String getStatusIcon() {","lastModifiedDate":"2022-02-19"},{"lineNumber":14,"author":{"gitId":"autumn3ffect"},"content":"        return (isDone ? \"X\" : \" \"); // mark done task with X","lastModifiedDate":"2022-02-19"},{"lineNumber":15,"author":{"gitId":"autumn3ffect"},"content":"    }","lastModifiedDate":"2022-02-19"},{"lineNumber":16,"author":{"gitId":"autumn3ffect"},"content":"","lastModifiedDate":"2022-02-19"},{"lineNumber":17,"author":{"gitId":"autumn3ffect"},"content":"    public void markAsDone() {","lastModifiedDate":"2022-02-19"},{"lineNumber":18,"author":{"gitId":"autumn3ffect"},"content":"        this.isDone \u003d true;","lastModifiedDate":"2022-02-19"},{"lineNumber":19,"author":{"gitId":"autumn3ffect"},"content":"    }","lastModifiedDate":"2022-02-19"},{"lineNumber":20,"author":{"gitId":"autumn3ffect"},"content":"","lastModifiedDate":"2022-02-19"},{"lineNumber":21,"author":{"gitId":"autumn3ffect"},"content":"    public void markAsNotDone() {","lastModifiedDate":"2022-02-19"},{"lineNumber":22,"author":{"gitId":"autumn3ffect"},"content":"        this.isDone \u003d false;","lastModifiedDate":"2022-02-19"},{"lineNumber":23,"author":{"gitId":"autumn3ffect"},"content":"    }","lastModifiedDate":"2022-02-19"},{"lineNumber":24,"author":{"gitId":"autumn3ffect"},"content":"","lastModifiedDate":"2022-02-19"},{"lineNumber":25,"author":{"gitId":"autumn3ffect"},"content":"    public String getDescription() {","lastModifiedDate":"2022-02-19"},{"lineNumber":26,"author":{"gitId":"autumn3ffect"},"content":"        return description;","lastModifiedDate":"2022-02-19"},{"lineNumber":27,"author":{"gitId":"autumn3ffect"},"content":"    }","lastModifiedDate":"2022-02-19"},{"lineNumber":28,"author":{"gitId":"autumn3ffect"},"content":"","lastModifiedDate":"2022-02-19"},{"lineNumber":29,"author":{"gitId":"autumn3ffect"},"content":"    public void setDescription(String description) {","lastModifiedDate":"2022-02-19"},{"lineNumber":30,"author":{"gitId":"autumn3ffect"},"content":"        this.description \u003d description;","lastModifiedDate":"2022-02-19"},{"lineNumber":31,"author":{"gitId":"autumn3ffect"},"content":"    }","lastModifiedDate":"2022-02-19"},{"lineNumber":32,"author":{"gitId":"autumn3ffect"},"content":"","lastModifiedDate":"2022-02-21"},{"lineNumber":33,"author":{"gitId":"autumn3ffect"},"content":"    public boolean isDone() {","lastModifiedDate":"2022-04-07"},{"lineNumber":34,"author":{"gitId":"autumn3ffect"},"content":"        return isDone;","lastModifiedDate":"2022-04-07"},{"lineNumber":35,"author":{"gitId":"autumn3ffect"},"content":"    }","lastModifiedDate":"2022-04-07"},{"lineNumber":36,"author":{"gitId":"autumn3ffect"},"content":"","lastModifiedDate":"2022-04-07"},{"lineNumber":37,"author":{"gitId":"autumn3ffect"},"content":"    public void setDone(boolean done) {","lastModifiedDate":"2022-04-07"},{"lineNumber":38,"author":{"gitId":"autumn3ffect"},"content":"        isDone \u003d done;","lastModifiedDate":"2022-04-07"},{"lineNumber":39,"author":{"gitId":"autumn3ffect"},"content":"    }","lastModifiedDate":"2022-04-07"},{"lineNumber":40,"author":{"gitId":"autumn3ffect"},"content":"","lastModifiedDate":"2022-04-07"},{"lineNumber":41,"author":{"gitId":"autumn3ffect"},"content":"    public boolean isPriority() {","lastModifiedDate":"2022-04-17"},{"lineNumber":42,"author":{"gitId":"autumn3ffect"},"content":"        return isPriority;","lastModifiedDate":"2022-04-17"},{"lineNumber":43,"author":{"gitId":"autumn3ffect"},"content":"    }","lastModifiedDate":"2022-04-17"},{"lineNumber":44,"author":{"gitId":"autumn3ffect"},"content":"","lastModifiedDate":"2022-04-17"},{"lineNumber":45,"author":{"gitId":"autumn3ffect"},"content":"    public void setPriority(boolean priority) {","lastModifiedDate":"2022-04-17"},{"lineNumber":46,"author":{"gitId":"autumn3ffect"},"content":"        isPriority \u003d priority;","lastModifiedDate":"2022-04-17"},{"lineNumber":47,"author":{"gitId":"autumn3ffect"},"content":"    }","lastModifiedDate":"2022-04-17"},{"lineNumber":48,"author":{"gitId":"autumn3ffect"},"content":"","lastModifiedDate":"2022-04-17"},{"lineNumber":49,"author":{"gitId":"autumn3ffect"},"content":"    public String toString() {","lastModifiedDate":"2022-02-21"},{"lineNumber":50,"author":{"gitId":"autumn3ffect"},"content":"        String isPriority \u003d \"\";","lastModifiedDate":"2022-04-17"},{"lineNumber":51,"author":{"gitId":"autumn3ffect"},"content":"        if (this.isPriority) {","lastModifiedDate":"2022-04-17"},{"lineNumber":52,"author":{"gitId":"autumn3ffect"},"content":"            isPriority \u003d \" **High Priority**\";","lastModifiedDate":"2022-04-17"},{"lineNumber":53,"author":{"gitId":"autumn3ffect"},"content":"        }","lastModifiedDate":"2022-04-17"},{"lineNumber":54,"author":{"gitId":"autumn3ffect"},"content":"","lastModifiedDate":"2022-04-17"},{"lineNumber":55,"author":{"gitId":"autumn3ffect"},"content":"        return \"[\" + getStatusIcon() + \"] \" + getDescription() + isPriority;","lastModifiedDate":"2022-04-17"},{"lineNumber":56,"author":{"gitId":"autumn3ffect"},"content":"    }","lastModifiedDate":"2022-02-21"},{"lineNumber":57,"author":{"gitId":"autumn3ffect"},"content":"","lastModifiedDate":"2022-04-07"},{"lineNumber":58,"author":{"gitId":"autumn3ffect"},"content":"    public abstract String toFileString();","lastModifiedDate":"2022-04-07"},{"lineNumber":59,"author":{"gitId":"autumn3ffect"},"content":"}","lastModifiedDate":"2022-02-19"}],"authorContributionMap":{"autumn3ffect":59}},{"path":"src/duke/tasklist/TaskList.java","fileType":"java","lines":[{"lineNumber":1,"author":{"gitId":"autumn3ffect"},"content":"package duke.tasklist;","lastModifiedDate":"2022-04-07"},{"lineNumber":2,"author":{"gitId":"autumn3ffect"},"content":"","lastModifiedDate":"2022-04-07"},{"lineNumber":3,"author":{"gitId":"autumn3ffect"},"content":"import duke.task.Task;","lastModifiedDate":"2022-04-07"},{"lineNumber":4,"author":{"gitId":"autumn3ffect"},"content":"","lastModifiedDate":"2022-04-07"},{"lineNumber":5,"author":{"gitId":"autumn3ffect"},"content":"import java.util.List;","lastModifiedDate":"2022-04-07"},{"lineNumber":6,"author":{"gitId":"autumn3ffect"},"content":"","lastModifiedDate":"2022-04-07"},{"lineNumber":7,"author":{"gitId":"autumn3ffect"},"content":"public class TaskList {","lastModifiedDate":"2022-04-07"},{"lineNumber":8,"author":{"gitId":"autumn3ffect"},"content":"","lastModifiedDate":"2022-04-07"},{"lineNumber":9,"author":{"gitId":"autumn3ffect"},"content":"    protected List\u003cTask\u003e tasks;","lastModifiedDate":"2022-04-07"},{"lineNumber":10,"author":{"gitId":"autumn3ffect"},"content":"","lastModifiedDate":"2022-04-07"},{"lineNumber":11,"author":{"gitId":"autumn3ffect"},"content":"    public TaskList() {","lastModifiedDate":"2022-04-07"},{"lineNumber":12,"author":{"gitId":"autumn3ffect"},"content":"        this.tasks \u003d tasks;","lastModifiedDate":"2022-04-07"},{"lineNumber":13,"author":{"gitId":"autumn3ffect"},"content":"    }","lastModifiedDate":"2022-04-07"},{"lineNumber":14,"author":{"gitId":"autumn3ffect"},"content":"","lastModifiedDate":"2022-04-07"},{"lineNumber":15,"author":{"gitId":"autumn3ffect"},"content":"    public TaskList(List\u003cTask\u003e tasks) {","lastModifiedDate":"2022-04-07"},{"lineNumber":16,"author":{"gitId":"autumn3ffect"},"content":"        this.tasks \u003d tasks;","lastModifiedDate":"2022-04-07"},{"lineNumber":17,"author":{"gitId":"autumn3ffect"},"content":"    }","lastModifiedDate":"2022-04-07"},{"lineNumber":18,"author":{"gitId":"autumn3ffect"},"content":"","lastModifiedDate":"2022-04-07"},{"lineNumber":19,"author":{"gitId":"autumn3ffect"},"content":"    public List\u003cTask\u003e getTasks() {","lastModifiedDate":"2022-04-07"},{"lineNumber":20,"author":{"gitId":"autumn3ffect"},"content":"        return tasks;","lastModifiedDate":"2022-04-07"},{"lineNumber":21,"author":{"gitId":"autumn3ffect"},"content":"    }","lastModifiedDate":"2022-04-07"},{"lineNumber":22,"author":{"gitId":"autumn3ffect"},"content":"","lastModifiedDate":"2022-04-07"},{"lineNumber":23,"author":{"gitId":"autumn3ffect"},"content":"    public void setTasks(List\u003cTask\u003e tasks) {","lastModifiedDate":"2022-04-07"},{"lineNumber":24,"author":{"gitId":"autumn3ffect"},"content":"        this.tasks \u003d tasks;","lastModifiedDate":"2022-04-07"},{"lineNumber":25,"author":{"gitId":"autumn3ffect"},"content":"    }","lastModifiedDate":"2022-04-07"},{"lineNumber":26,"author":{"gitId":"autumn3ffect"},"content":"}","lastModifiedDate":"2022-04-07"}],"authorContributionMap":{"autumn3ffect":26}},{"path":"src/duke/todo/ToDo.java","fileType":"java","lines":[{"lineNumber":1,"author":{"gitId":"autumn3ffect"},"content":"package duke.todo;","lastModifiedDate":"2022-04-07"},{"lineNumber":2,"author":{"gitId":"autumn3ffect"},"content":"","lastModifiedDate":"2022-04-07"},{"lineNumber":3,"author":{"gitId":"autumn3ffect"},"content":"import duke.task.Task;","lastModifiedDate":"2022-04-07"},{"lineNumber":4,"author":{"gitId":"autumn3ffect"},"content":"","lastModifiedDate":"2022-04-07"},{"lineNumber":5,"author":{"gitId":"autumn3ffect"},"content":"public class ToDo extends Task {","lastModifiedDate":"2022-04-07"},{"lineNumber":6,"author":{"gitId":"autumn3ffect"},"content":"","lastModifiedDate":"2022-04-07"},{"lineNumber":7,"author":{"gitId":"autumn3ffect"},"content":"    public ToDo(String description) {","lastModifiedDate":"2022-04-07"},{"lineNumber":8,"author":{"gitId":"autumn3ffect"},"content":"        super(description);","lastModifiedDate":"2022-04-07"},{"lineNumber":9,"author":{"gitId":"autumn3ffect"},"content":"    }","lastModifiedDate":"2022-04-07"},{"lineNumber":10,"author":{"gitId":"autumn3ffect"},"content":"","lastModifiedDate":"2022-04-07"},{"lineNumber":11,"author":{"gitId":"autumn3ffect"},"content":"    @Override","lastModifiedDate":"2022-04-07"},{"lineNumber":12,"author":{"gitId":"autumn3ffect"},"content":"    public String toString() {","lastModifiedDate":"2022-04-07"},{"lineNumber":13,"author":{"gitId":"autumn3ffect"},"content":"        return \"[T]\" + super.toString();","lastModifiedDate":"2022-04-07"},{"lineNumber":14,"author":{"gitId":"autumn3ffect"},"content":"    }","lastModifiedDate":"2022-04-07"},{"lineNumber":15,"author":{"gitId":"autumn3ffect"},"content":"","lastModifiedDate":"2022-04-07"},{"lineNumber":16,"author":{"gitId":"autumn3ffect"},"content":"    @Override","lastModifiedDate":"2022-04-07"},{"lineNumber":17,"author":{"gitId":"autumn3ffect"},"content":"    public String toFileString() {","lastModifiedDate":"2022-04-07"},{"lineNumber":18,"author":{"gitId":"autumn3ffect"},"content":"        int markAsDone \u003d super.isDone() ? 1 : 0;","lastModifiedDate":"2022-04-07"},{"lineNumber":19,"author":{"gitId":"autumn3ffect"},"content":"        char isPriority \u003d super.isPriority() ? \u0027P\u0027 : \u0027N\u0027;","lastModifiedDate":"2022-04-17"},{"lineNumber":20,"author":{"gitId":"autumn3ffect"},"content":"        return \"T|\" + markAsDone + \"|\" + super.getDescription() + \"|\" + isPriority;","lastModifiedDate":"2022-04-17"},{"lineNumber":21,"author":{"gitId":"autumn3ffect"},"content":"    }","lastModifiedDate":"2022-04-07"},{"lineNumber":22,"author":{"gitId":"autumn3ffect"},"content":"}","lastModifiedDate":"2022-04-07"}],"authorContributionMap":{"autumn3ffect":22}},{"path":"src/duke/ui/Ui.java","fileType":"java","lines":[{"lineNumber":1,"author":{"gitId":"autumn3ffect"},"content":"package duke.ui;","lastModifiedDate":"2022-04-07"},{"lineNumber":2,"author":{"gitId":"autumn3ffect"},"content":"","lastModifiedDate":"2022-04-07"},{"lineNumber":3,"author":{"gitId":"autumn3ffect"},"content":"import java.util.Scanner;","lastModifiedDate":"2022-04-07"},{"lineNumber":4,"author":{"gitId":"autumn3ffect"},"content":"","lastModifiedDate":"2022-04-07"},{"lineNumber":5,"author":{"gitId":"autumn3ffect"},"content":"public class Ui {","lastModifiedDate":"2022-04-07"},{"lineNumber":6,"author":{"gitId":"autumn3ffect"},"content":"","lastModifiedDate":"2022-04-07"},{"lineNumber":7,"author":{"gitId":"autumn3ffect"},"content":"    private String logo \u003d \" ____        _        \\n\"","lastModifiedDate":"2022-04-07"},{"lineNumber":8,"author":{"gitId":"autumn3ffect"},"content":"            + \"|  _ \\\\ _   _| | _____ \\n\"","lastModifiedDate":"2022-04-07"},{"lineNumber":9,"author":{"gitId":"autumn3ffect"},"content":"            + \"| | | | | | | |/ / _ \\\\\\n\"","lastModifiedDate":"2022-04-07"},{"lineNumber":10,"author":{"gitId":"autumn3ffect"},"content":"            + \"| |_| | |_| |   \u003c  __/\\n\"","lastModifiedDate":"2022-04-07"},{"lineNumber":11,"author":{"gitId":"autumn3ffect"},"content":"            + \"|____/ \\\\__,_|_|\\\\_\\\\___|\\n\";","lastModifiedDate":"2022-04-07"},{"lineNumber":12,"author":{"gitId":"autumn3ffect"},"content":"","lastModifiedDate":"2022-04-07"},{"lineNumber":13,"author":{"gitId":"autumn3ffect"},"content":"    private String command \u003d \"Here are the commands you can type: \\n\"","lastModifiedDate":"2022-04-07"},{"lineNumber":14,"author":{"gitId":"autumn3ffect"},"content":"            + \"1. type \u0027bye\u0027 to escape\\n\"","lastModifiedDate":"2022-04-07"},{"lineNumber":15,"author":{"gitId":"autumn3ffect"},"content":"            + \"2. type \u0027list\u0027 to check your list\\n\"","lastModifiedDate":"2022-04-07"},{"lineNumber":16,"author":{"gitId":"autumn3ffect"},"content":"            + \"3. type \u0027todo \u003cadd task here\u003e\u0027 (e.g. todo read a book)\\n\"","lastModifiedDate":"2022-04-07"},{"lineNumber":17,"author":{"gitId":"autumn3ffect"},"content":"            + \"4. type \u0027deadline \u003cadd task here\u003e /by \u003cadd deadline\u003e\u0027 (e.g. deadline submit project /by 11 March 2022 2359)\\n\"","lastModifiedDate":"2022-04-07"},{"lineNumber":18,"author":{"gitId":"autumn3ffect"},"content":"            + \"5. type \u0027event \u003cadd task here\u003e /at \u003cadd event timing\u003e\u0027 (e.g. event attend class /at 2 March 2022 7pm)\\n\"","lastModifiedDate":"2022-04-17"},{"lineNumber":19,"author":{"gitId":"autumn3ffect"},"content":"            + \"6. type \u0027mark \u003cnumber\u003e (e.g. mark 1)\\n\"","lastModifiedDate":"2022-04-17"},{"lineNumber":20,"author":{"gitId":"autumn3ffect"},"content":"            + \"7. type \u0027unmark \u003cnumber\u003e (e.g. unmark 1)\\n\"","lastModifiedDate":"2022-04-17"},{"lineNumber":21,"author":{"gitId":"autumn3ffect"},"content":"            + \"8. type \u0027priority \u003cnumber\u003e (e.g. priority 1)\\n\"","lastModifiedDate":"2022-04-17"},{"lineNumber":22,"author":{"gitId":"autumn3ffect"},"content":"            + \"9. type \u0027remove-priority \u003cnumber\u003e (e.g. remove-priority 1)\\n\"","lastModifiedDate":"2022-04-17"},{"lineNumber":23,"author":{"gitId":"autumn3ffect"},"content":"            + \"10. type \u0027save\u0027 \\n\"","lastModifiedDate":"2022-04-17"},{"lineNumber":24,"author":{"gitId":"autumn3ffect"},"content":"            + \"11. type \u0027delete \u003cnumber\u003e\u0027 (e.g. delete 1)\\n\";","lastModifiedDate":"2022-04-17"},{"lineNumber":25,"author":{"gitId":"autumn3ffect"},"content":"","lastModifiedDate":"2022-04-07"},{"lineNumber":26,"author":{"gitId":"autumn3ffect"},"content":"    public void showWelcome() {","lastModifiedDate":"2022-04-07"},{"lineNumber":27,"author":{"gitId":"autumn3ffect"},"content":"        System.out.println(\"Hello from\\n\" + logo);","lastModifiedDate":"2022-04-17"},{"lineNumber":28,"author":{"gitId":"autumn3ffect"},"content":"        System.out.println(\"________________________________\\n\");","lastModifiedDate":"2022-04-17"},{"lineNumber":29,"author":{"gitId":"autumn3ffect"},"content":"        System.out.println(\"Hello I\u0027m Duke\\nI\u0027m your personal planner\\nWhat can I help you with?\");","lastModifiedDate":"2022-04-17"},{"lineNumber":30,"author":{"gitId":"autumn3ffect"},"content":"        System.out.println(\"________________________________\\n\");","lastModifiedDate":"2022-04-17"},{"lineNumber":31,"author":{"gitId":"autumn3ffect"},"content":"        System.out.println(command);","lastModifiedDate":"2022-04-07"},{"lineNumber":32,"author":{"gitId":"autumn3ffect"},"content":"    }","lastModifiedDate":"2022-04-07"},{"lineNumber":33,"author":{"gitId":"autumn3ffect"},"content":"","lastModifiedDate":"2022-04-07"},{"lineNumber":34,"author":{"gitId":"autumn3ffect"},"content":"    public void showLine() {","lastModifiedDate":"2022-04-07"},{"lineNumber":35,"author":{"gitId":"autumn3ffect"},"content":"        System.out.println(\"________________________________\");","lastModifiedDate":"2022-04-07"},{"lineNumber":36,"author":{"gitId":"autumn3ffect"},"content":"    }","lastModifiedDate":"2022-04-07"},{"lineNumber":37,"author":{"gitId":"autumn3ffect"},"content":"","lastModifiedDate":"2022-04-07"},{"lineNumber":38,"author":{"gitId":"autumn3ffect"},"content":"    public String readCommand() {","lastModifiedDate":"2022-04-07"},{"lineNumber":39,"author":{"gitId":"autumn3ffect"},"content":"        System.out.println(\"Please enter an input: \");","lastModifiedDate":"2022-04-07"},{"lineNumber":40,"author":{"gitId":"autumn3ffect"},"content":"        Scanner in \u003d new Scanner(System.in);","lastModifiedDate":"2022-04-07"},{"lineNumber":41,"author":{"gitId":"autumn3ffect"},"content":"        String command;","lastModifiedDate":"2022-04-07"},{"lineNumber":42,"author":{"gitId":"autumn3ffect"},"content":"        command \u003d in.nextLine();","lastModifiedDate":"2022-04-07"},{"lineNumber":43,"author":{"gitId":"autumn3ffect"},"content":"","lastModifiedDate":"2022-04-07"},{"lineNumber":44,"author":{"gitId":"autumn3ffect"},"content":"        return command;","lastModifiedDate":"2022-04-07"},{"lineNumber":45,"author":{"gitId":"autumn3ffect"},"content":"    }","lastModifiedDate":"2022-04-07"},{"lineNumber":46,"author":{"gitId":"autumn3ffect"},"content":"","lastModifiedDate":"2022-04-07"},{"lineNumber":47,"author":{"gitId":"autumn3ffect"},"content":"    public void showError(String errorMsg) {","lastModifiedDate":"2022-04-07"},{"lineNumber":48,"author":{"gitId":"autumn3ffect"},"content":"        System.err.println(\"☹ OOPS!!! I\u0027m sorry, but I don\u0027t know what that means :-(\");","lastModifiedDate":"2022-04-07"},{"lineNumber":49,"author":{"gitId":"autumn3ffect"},"content":"    }","lastModifiedDate":"2022-04-07"},{"lineNumber":50,"author":{"gitId":"autumn3ffect"},"content":"","lastModifiedDate":"2022-04-07"},{"lineNumber":51,"author":{"gitId":"autumn3ffect"},"content":"    public void showLoadingError() {","lastModifiedDate":"2022-04-07"},{"lineNumber":52,"author":{"gitId":"autumn3ffect"},"content":"        System.err.println(\"☹ OOPS!!! I\u0027m sorry, but an error occurred upon reading file.\");","lastModifiedDate":"2022-04-07"},{"lineNumber":53,"author":{"gitId":"autumn3ffect"},"content":"    }","lastModifiedDate":"2022-04-07"},{"lineNumber":54,"author":{"gitId":"autumn3ffect"},"content":"}","lastModifiedDate":"2022-04-07"}],"authorContributionMap":{"autumn3ffect":54}}]
