{"authorDailyContributionsMap":{"autumn3ffect":[{"date":"2022-02-13","commitResults":[{"hash":"a824e3ce9d9b62903adad5f42e16181a1eaa74bc","messageTitle":"Testing","messageBody":"","tags":["ver1.0"],"fileTypesAndContributionMap":{"java":{"insertions":3,"deletions":0}}},{"hash":"bbe8d43aba95956031a9d5f9374413b63b7b26d8","messageTitle":"testing","messageBody":"","fileTypesAndContributionMap":{"java":{"insertions":1,"deletions":1}}},{"hash":"fc259565d8730540aa214704da95a7ce4cb0e9bb","messageTitle":"Level1","messageBody":"","fileTypesAndContributionMap":{"java":{"insertions":14,"deletions":1}}},{"hash":"a87fb76591487bf4c1999fe57656d4d11dfa4015","messageTitle":"PR","messageBody":"","fileTypesAndContributionMap":{"java":{"insertions":17,"deletions":1}}},{"hash":"bf5d0f500ddfe319ce6fcb59030573f455d3e897","messageTitle":"Level 2_Final","messageBody":"","fileTypesAndContributionMap":{"java":{"insertions":1,"deletions":1}}}]},{"date":"2022-02-15","commitResults":[{"hash":"86f24698ee5eb8063166d9389bfe352da41efcd2","messageTitle":"Level2_Final_v1","messageBody":"","fileTypesAndContributionMap":{"java":{"insertions":38,"deletions":38}}}]}]},"authorFileTypeContributionMap":{"autumn3ffect":{"java":32,"md":0,"fxml":0,"sh":0,"bat":0,"gradle":0,"txt":0}},"authorContributionVariance":{"autumn3ffect":189.5223},"authorDisplayNameMap":{"autumn3ffect":"YEO ..YANG"}}
