{"authorDailyContributionsMap":{"autumn3ffect":[{"date":"2022-02-13","commitResults":[{"hash":"a824e3ce9d9b62903adad5f42e16181a1eaa74bc","messageTitle":"Testing","messageBody":"","tags":["ver1.0"],"fileTypesAndContributionMap":{"java":{"insertions":3,"deletions":0}}},{"hash":"bbe8d43aba95956031a9d5f9374413b63b7b26d8","messageTitle":"testing","messageBody":"","fileTypesAndContributionMap":{"java":{"insertions":1,"deletions":1}}},{"hash":"fc259565d8730540aa214704da95a7ce4cb0e9bb","messageTitle":"Level1","messageBody":"","fileTypesAndContributionMap":{"java":{"insertions":14,"deletions":1}}},{"hash":"a87fb76591487bf4c1999fe57656d4d11dfa4015","messageTitle":"PR","messageBody":"","fileTypesAndContributionMap":{"java":{"insertions":17,"deletions":1}}},{"hash":"bf5d0f500ddfe319ce6fcb59030573f455d3e897","messageTitle":"Level 2_Final","messageBody":"","fileTypesAndContributionMap":{"java":{"insertions":1,"deletions":1}}}]},{"date":"2022-02-15","commitResults":[{"hash":"86f24698ee5eb8063166d9389bfe352da41efcd2","messageTitle":"Level2_Final_v1","messageBody":"","fileTypesAndContributionMap":{"java":{"insertions":38,"deletions":38}}}]},{"date":"2022-02-19","commitResults":[{"hash":"f8fe7fbc37def786e80f084103830062649fbcc7","messageTitle":"Level 3","messageBody":"","fileTypesAndContributionMap":{"java":{"insertions":82,"deletions":38}}}]},{"date":"2022-02-21","commitResults":[{"hash":"530d1ed505e45f4ea6d18f6a12936511ff76e236","messageTitle":"Level 4","messageBody":"","fileTypesAndContributionMap":{"java":{"insertions":96,"deletions":17}}}]},{"date":"2022-04-07","commitResults":[{"hash":"27bc4fbdc555cf0ea28810ea703a563431246f87","messageTitle":"Level 5","messageBody":"","fileTypesAndContributionMap":{"java":{"insertions":79,"deletions":55}}},{"hash":"68bd528048ceb15a69d777c9d37f197d8d188563","messageTitle":"Level 6","messageBody":"","fileTypesAndContributionMap":{"java":{"insertions":40,"deletions":17}}}]}]},"authorFileTypeContributionMap":{"autumn3ffect":{"java":208,"md":0,"fxml":0,"sh":0,"bat":0,"gradle":0,"txt":0}},"authorContributionVariance":{"autumn3ffect":769.4588},"authorDisplayNameMap":{"autumn3ffect":"YEO ..YANG"}}
