[{"path":"src/main/java/Duke.java","fileType":"java","lines":[{"lineNumber":1,"author":{"gitId":"CalebJianHui"},"content":"import classes.Deadline;","lastModifiedDate":"2022-02-09"},{"lineNumber":2,"author":{"gitId":"CalebJianHui"},"content":"import classes.Event;","lastModifiedDate":"2022-02-09"},{"lineNumber":3,"author":{"gitId":"CalebJianHui"},"content":"import classes.Task;","lastModifiedDate":"2022-02-09"},{"lineNumber":4,"author":{"gitId":"CalebJianHui"},"content":"import classes.ToDos;","lastModifiedDate":"2022-02-09"},{"lineNumber":5,"author":{"gitId":"CalebJianHui"},"content":"import exceptions.InvalidTaskInputException;","lastModifiedDate":"2022-02-09"},{"lineNumber":6,"author":{"gitId":"CalebJianHui"},"content":"","lastModifiedDate":"2022-02-09"},{"lineNumber":7,"author":{"gitId":"CalebJianHui"},"content":"import java.util.ArrayList;","lastModifiedDate":"2022-01-30"},{"lineNumber":8,"author":{"gitId":"CalebJianHui"},"content":"import java.util.Scanner;","lastModifiedDate":"2022-01-29"},{"lineNumber":9,"author":{"gitId":"CalebJianHui"},"content":"","lastModifiedDate":"2022-01-29"},{"lineNumber":10,"author":{"gitId":"-"},"content":"public class Duke {","lastModifiedDate":"2019-07-29"},{"lineNumber":11,"author":{"gitId":"CalebJianHui"},"content":"    // Constants","lastModifiedDate":"2022-01-29"},{"lineNumber":12,"author":{"gitId":"CalebJianHui"},"content":"    final static String DUKE_MESSAGE_INDENTATION \u003d \"~\\t\";","lastModifiedDate":"2022-01-30"},{"lineNumber":13,"author":{"gitId":"CalebJianHui"},"content":"    final static String DUKE_UNSURE_COMMAND_REPLY \u003d \"Hmm, I don\u0027t understand what that means. Can you explain again?\";","lastModifiedDate":"2022-02-09"},{"lineNumber":14,"author":{"gitId":"CalebJianHui"},"content":"    // Variables","lastModifiedDate":"2022-01-30"},{"lineNumber":15,"author":{"gitId":"CalebJianHui"},"content":"    static ArrayList\u003cTask\u003e taskList \u003d new ArrayList\u003c\u003e();","lastModifiedDate":"2022-02-07"},{"lineNumber":16,"author":{"gitId":"CalebJianHui"},"content":"","lastModifiedDate":"2022-01-29"},{"lineNumber":17,"author":{"gitId":"CalebJianHui"},"content":"    //\u003d\u003d\u003d\u003d\u003d\u003d\u003d\u003d\u003d\u003d\u003d\u003d\u003d\u003d\u003d\u003d\u003d\u003d\u003d\u003d\u003d\u003d\u003d\u003d\u003d\u003d\u003d\u003d\u003d\u003d\u003d\u003d\u003d\u003d\u003d\u003d\u003d\u003d\u003d\u003d\u003d\u003d\u003d\u003d\u003d\u003d\u003d\u003d\u003d\u003d\u003d\u003d\u003d\u003d\u003d\u003d\u003d\u003d\u003d\u003d\u003d\u003d\u003d\u003d\u003d\u003d\u003d\u003d\u003d\u003d\u003d\u003d\u003d\u003d\u003d\u003d\u003d\u003d\u003d\u003d","lastModifiedDate":"2022-01-29"},{"lineNumber":18,"author":{"gitId":"CalebJianHui"},"content":"    // Printing","lastModifiedDate":"2022-01-29"},{"lineNumber":19,"author":{"gitId":"CalebJianHui"},"content":"    //\u003d\u003d\u003d\u003d\u003d\u003d\u003d\u003d\u003d\u003d\u003d\u003d\u003d\u003d\u003d\u003d\u003d\u003d\u003d\u003d\u003d\u003d\u003d\u003d\u003d\u003d\u003d\u003d\u003d\u003d\u003d\u003d\u003d\u003d\u003d\u003d\u003d\u003d\u003d\u003d\u003d\u003d\u003d\u003d\u003d\u003d\u003d\u003d\u003d\u003d\u003d\u003d\u003d\u003d\u003d\u003d\u003d\u003d\u003d\u003d\u003d\u003d\u003d\u003d\u003d\u003d\u003d\u003d\u003d\u003d\u003d\u003d\u003d\u003d\u003d\u003d\u003d\u003d\u003d\u003d","lastModifiedDate":"2022-01-29"},{"lineNumber":20,"author":{"gitId":"CalebJianHui"},"content":"","lastModifiedDate":"2022-01-29"},{"lineNumber":21,"author":{"gitId":"CalebJianHui"},"content":"    /**","lastModifiedDate":"2022-01-29"},{"lineNumber":22,"author":{"gitId":"CalebJianHui"},"content":"     * Prints a single divider line","lastModifiedDate":"2022-01-29"},{"lineNumber":23,"author":{"gitId":"CalebJianHui"},"content":"     *","lastModifiedDate":"2022-01-29"},{"lineNumber":24,"author":{"gitId":"CalebJianHui"},"content":"     * @param underscore Determine whether to display _ or -","lastModifiedDate":"2022-01-29"},{"lineNumber":25,"author":{"gitId":"CalebJianHui"},"content":"     * **/","lastModifiedDate":"2022-01-29"},{"lineNumber":26,"author":{"gitId":"CalebJianHui"},"content":"    public static void printDivider(boolean underscore) {","lastModifiedDate":"2022-01-29"},{"lineNumber":27,"author":{"gitId":"CalebJianHui"},"content":"        if (underscore) {","lastModifiedDate":"2022-01-29"},{"lineNumber":28,"author":{"gitId":"CalebJianHui"},"content":"            System.out.println(\"____________________________________________________________\");","lastModifiedDate":"2022-01-29"},{"lineNumber":29,"author":{"gitId":"CalebJianHui"},"content":"        } else {","lastModifiedDate":"2022-01-29"},{"lineNumber":30,"author":{"gitId":"CalebJianHui"},"content":"            System.out.println(\"------------------------------------------------------------\");","lastModifiedDate":"2022-01-29"},{"lineNumber":31,"author":{"gitId":"CalebJianHui"},"content":"        }","lastModifiedDate":"2022-01-29"},{"lineNumber":32,"author":{"gitId":"CalebJianHui"},"content":"    }","lastModifiedDate":"2022-01-29"},{"lineNumber":33,"author":{"gitId":"CalebJianHui"},"content":"","lastModifiedDate":"2022-01-29"},{"lineNumber":34,"author":{"gitId":"CalebJianHui"},"content":"    /**","lastModifiedDate":"2022-01-29"},{"lineNumber":35,"author":{"gitId":"CalebJianHui"},"content":"     * Prints system reply in a special accent","lastModifiedDate":"2022-01-29"},{"lineNumber":36,"author":{"gitId":"CalebJianHui"},"content":"     * - Duke will reply with a ~ and dividers at top and bottom","lastModifiedDate":"2022-01-29"},{"lineNumber":37,"author":{"gitId":"CalebJianHui"},"content":"     *","lastModifiedDate":"2022-01-29"},{"lineNumber":38,"author":{"gitId":"CalebJianHui"},"content":"     * @param message Message from Duke","lastModifiedDate":"2022-01-29"},{"lineNumber":39,"author":{"gitId":"CalebJianHui"},"content":"     * **/","lastModifiedDate":"2022-01-29"},{"lineNumber":40,"author":{"gitId":"CalebJianHui"},"content":"    public static void printDukeReply(String message) {","lastModifiedDate":"2022-01-29"},{"lineNumber":41,"author":{"gitId":"CalebJianHui"},"content":"        printDivider(true);","lastModifiedDate":"2022-01-29"},{"lineNumber":42,"author":{"gitId":"CalebJianHui"},"content":"        System.out.println(DUKE_MESSAGE_INDENTATION + message.replaceAll(\"\\n\", \"\\n\" + DUKE_MESSAGE_INDENTATION));","lastModifiedDate":"2022-01-30"},{"lineNumber":43,"author":{"gitId":"CalebJianHui"},"content":"        printDivider(false);","lastModifiedDate":"2022-01-29"},{"lineNumber":44,"author":{"gitId":"CalebJianHui"},"content":"    }","lastModifiedDate":"2022-01-29"},{"lineNumber":45,"author":{"gitId":"CalebJianHui"},"content":"","lastModifiedDate":"2022-01-29"},{"lineNumber":46,"author":{"gitId":"CalebJianHui"},"content":"    /**","lastModifiedDate":"2022-01-29"},{"lineNumber":47,"author":{"gitId":"CalebJianHui"},"content":"     * Print welcome message","lastModifiedDate":"2022-01-29"},{"lineNumber":48,"author":{"gitId":"CalebJianHui"},"content":"     * - Used at start of program","lastModifiedDate":"2022-01-29"},{"lineNumber":49,"author":{"gitId":"CalebJianHui"},"content":"     * **/","lastModifiedDate":"2022-01-29"},{"lineNumber":50,"author":{"gitId":"CalebJianHui"},"content":"    public static void printWelcomeMessage() {","lastModifiedDate":"2022-01-29"},{"lineNumber":51,"author":{"gitId":"CalebJianHui"},"content":"        printDivider(true);","lastModifiedDate":"2022-01-29"},{"lineNumber":52,"author":{"gitId":"CalebJianHui"},"content":"        String logo \u003d \"\\t\\t\\t ____        _        \\n\"","lastModifiedDate":"2022-01-29"},{"lineNumber":53,"author":{"gitId":"CalebJianHui"},"content":"                + \"\\t\\t\\t|  _ \\\\ _   _| | _____ \\n\"","lastModifiedDate":"2022-01-29"},{"lineNumber":54,"author":{"gitId":"CalebJianHui"},"content":"                + \"\\t\\t\\t| | | | | | | |/ / _ \\\\\\n\"","lastModifiedDate":"2022-01-29"},{"lineNumber":55,"author":{"gitId":"CalebJianHui"},"content":"                + \"\\t\\t\\t| |_| | |_| |   \u003c  __/\\n\"","lastModifiedDate":"2022-01-29"},{"lineNumber":56,"author":{"gitId":"CalebJianHui"},"content":"                + \"\\t\\t\\t|____/ \\\\__,_|_|\\\\_\\\\___|\\tA variant\";","lastModifiedDate":"2022-01-29"},{"lineNumber":57,"author":{"gitId":"CalebJianHui"},"content":"        System.out.println(logo);","lastModifiedDate":"2022-01-29"},{"lineNumber":58,"author":{"gitId":"CalebJianHui"},"content":"        System.out.println(\"............................................................\");","lastModifiedDate":"2022-01-29"},{"lineNumber":59,"author":{"gitId":"CalebJianHui"},"content":"        printDukeReply(\"Hello! I\u0027m Duke\\nWhat can I do for you?\");","lastModifiedDate":"2022-01-30"},{"lineNumber":60,"author":{"gitId":"CalebJianHui"},"content":"    }","lastModifiedDate":"2022-01-29"},{"lineNumber":61,"author":{"gitId":"CalebJianHui"},"content":"","lastModifiedDate":"2022-01-29"},{"lineNumber":62,"author":{"gitId":"CalebJianHui"},"content":"    /**","lastModifiedDate":"2022-01-29"},{"lineNumber":63,"author":{"gitId":"CalebJianHui"},"content":"     * Print ending message","lastModifiedDate":"2022-01-29"},{"lineNumber":64,"author":{"gitId":"CalebJianHui"},"content":"     * - Used in program termination","lastModifiedDate":"2022-01-29"},{"lineNumber":65,"author":{"gitId":"CalebJianHui"},"content":"     * **/","lastModifiedDate":"2022-01-29"},{"lineNumber":66,"author":{"gitId":"CalebJianHui"},"content":"    public static void printEndingMessage() {","lastModifiedDate":"2022-01-29"},{"lineNumber":67,"author":{"gitId":"CalebJianHui"},"content":"        printDukeReply(\"Bye. Hope to see you again soon!\");","lastModifiedDate":"2022-01-29"},{"lineNumber":68,"author":{"gitId":"CalebJianHui"},"content":"    }","lastModifiedDate":"2022-01-29"},{"lineNumber":69,"author":{"gitId":"CalebJianHui"},"content":"","lastModifiedDate":"2022-01-29"},{"lineNumber":70,"author":{"gitId":"CalebJianHui"},"content":"    //\u003d\u003d\u003d\u003d\u003d\u003d\u003d\u003d\u003d\u003d\u003d\u003d\u003d\u003d\u003d\u003d\u003d\u003d\u003d\u003d\u003d\u003d\u003d\u003d\u003d\u003d\u003d\u003d\u003d\u003d\u003d\u003d\u003d\u003d\u003d\u003d\u003d\u003d\u003d\u003d\u003d\u003d\u003d\u003d\u003d\u003d\u003d\u003d\u003d\u003d\u003d\u003d\u003d\u003d\u003d\u003d\u003d\u003d\u003d\u003d\u003d\u003d\u003d\u003d\u003d\u003d\u003d\u003d\u003d\u003d\u003d\u003d\u003d\u003d\u003d\u003d\u003d\u003d\u003d\u003d","lastModifiedDate":"2022-01-29"},{"lineNumber":71,"author":{"gitId":"CalebJianHui"},"content":"    // Commands","lastModifiedDate":"2022-02-07"},{"lineNumber":72,"author":{"gitId":"CalebJianHui"},"content":"    //\u003d\u003d\u003d\u003d\u003d\u003d\u003d\u003d\u003d\u003d\u003d\u003d\u003d\u003d\u003d\u003d\u003d\u003d\u003d\u003d\u003d\u003d\u003d\u003d\u003d\u003d\u003d\u003d\u003d\u003d\u003d\u003d\u003d\u003d\u003d\u003d\u003d\u003d\u003d\u003d\u003d\u003d\u003d\u003d\u003d\u003d\u003d\u003d\u003d\u003d\u003d\u003d\u003d\u003d\u003d\u003d\u003d\u003d\u003d\u003d\u003d\u003d\u003d\u003d\u003d\u003d\u003d\u003d\u003d\u003d\u003d\u003d\u003d\u003d\u003d\u003d\u003d\u003d\u003d\u003d","lastModifiedDate":"2022-01-29"},{"lineNumber":73,"author":{"gitId":"CalebJianHui"},"content":"","lastModifiedDate":"2022-01-29"},{"lineNumber":74,"author":{"gitId":"CalebJianHui"},"content":"    /**","lastModifiedDate":"2022-01-29"},{"lineNumber":75,"author":{"gitId":"CalebJianHui"},"content":"     * Check for any terminating words","lastModifiedDate":"2022-01-29"},{"lineNumber":76,"author":{"gitId":"CalebJianHui"},"content":"     *","lastModifiedDate":"2022-01-29"},{"lineNumber":77,"author":{"gitId":"CalebJianHui"},"content":"     * @param input The given string to check","lastModifiedDate":"2022-01-29"},{"lineNumber":78,"author":{"gitId":"CalebJianHui"},"content":"     * @return Boolean value to determine whether to terminate the program (e.g. true to terminate)","lastModifiedDate":"2022-01-29"},{"lineNumber":79,"author":{"gitId":"CalebJianHui"},"content":"     * **/","lastModifiedDate":"2022-01-29"},{"lineNumber":80,"author":{"gitId":"CalebJianHui"},"content":"    public static boolean checkTerminatingWord(String input) {","lastModifiedDate":"2022-01-29"},{"lineNumber":81,"author":{"gitId":"CalebJianHui"},"content":"        return input.equals(\"bye\");","lastModifiedDate":"2022-01-29"},{"lineNumber":82,"author":{"gitId":"CalebJianHui"},"content":"    }","lastModifiedDate":"2022-01-29"},{"lineNumber":83,"author":{"gitId":"CalebJianHui"},"content":"","lastModifiedDate":"2022-01-29"},{"lineNumber":84,"author":{"gitId":"CalebJianHui"},"content":"    /**","lastModifiedDate":"2022-02-09"},{"lineNumber":85,"author":{"gitId":"CalebJianHui"},"content":"     * Determine the action to be perform based on user\u0027s command","lastModifiedDate":"2022-02-09"},{"lineNumber":86,"author":{"gitId":"CalebJianHui"},"content":"     *","lastModifiedDate":"2022-02-09"},{"lineNumber":87,"author":{"gitId":"CalebJianHui"},"content":"     * @param command Input command from user","lastModifiedDate":"2022-02-09"},{"lineNumber":88,"author":{"gitId":"CalebJianHui"},"content":"     * **/","lastModifiedDate":"2022-02-09"},{"lineNumber":89,"author":{"gitId":"CalebJianHui"},"content":"    private static void determineAction(String command) {","lastModifiedDate":"2022-02-09"},{"lineNumber":90,"author":{"gitId":"CalebJianHui"},"content":"        if (command.equals(\"list\")) {","lastModifiedDate":"2022-02-09"},{"lineNumber":91,"author":{"gitId":"CalebJianHui"},"content":"            listTask();","lastModifiedDate":"2022-02-09"},{"lineNumber":92,"author":{"gitId":"CalebJianHui"},"content":"        } else if (command.startsWith(\"mark\") || command.startsWith(\"unmark\")) {","lastModifiedDate":"2022-02-09"},{"lineNumber":93,"author":{"gitId":"CalebJianHui"},"content":"            updateTaskStatus(command);","lastModifiedDate":"2022-02-09"},{"lineNumber":94,"author":{"gitId":"CalebJianHui"},"content":"        } else if (command.startsWith(\"todo \")) {","lastModifiedDate":"2022-02-09"},{"lineNumber":95,"author":{"gitId":"CalebJianHui"},"content":"            addToTaskList(\"todo\", command.replaceFirst(\"todo \", \"\"));","lastModifiedDate":"2022-02-09"},{"lineNumber":96,"author":{"gitId":"CalebJianHui"},"content":"        } else if (command.startsWith(\"deadline \")) {","lastModifiedDate":"2022-02-09"},{"lineNumber":97,"author":{"gitId":"CalebJianHui"},"content":"            addToTaskList(\"deadline\", command.replaceFirst(\"deadline \", \"\"));","lastModifiedDate":"2022-02-09"},{"lineNumber":98,"author":{"gitId":"CalebJianHui"},"content":"        } else if (command.startsWith(\"event \")) {","lastModifiedDate":"2022-02-09"},{"lineNumber":99,"author":{"gitId":"CalebJianHui"},"content":"            addToTaskList(\"event\", command.replaceFirst(\"event \", \"\"));","lastModifiedDate":"2022-02-09"},{"lineNumber":100,"author":{"gitId":"CalebJianHui"},"content":"        } else {","lastModifiedDate":"2022-02-09"},{"lineNumber":101,"author":{"gitId":"CalebJianHui"},"content":"            printDukeReply(DUKE_UNSURE_COMMAND_REPLY);","lastModifiedDate":"2022-02-09"},{"lineNumber":102,"author":{"gitId":"CalebJianHui"},"content":"        }","lastModifiedDate":"2022-02-09"},{"lineNumber":103,"author":{"gitId":"CalebJianHui"},"content":"    }","lastModifiedDate":"2022-02-09"},{"lineNumber":104,"author":{"gitId":"CalebJianHui"},"content":"","lastModifiedDate":"2022-02-09"},{"lineNumber":105,"author":{"gitId":"CalebJianHui"},"content":"    /**","lastModifiedDate":"2022-01-30"},{"lineNumber":106,"author":{"gitId":"CalebJianHui"},"content":"     * Add a task to the task list","lastModifiedDate":"2022-01-30"},{"lineNumber":107,"author":{"gitId":"CalebJianHui"},"content":"     *","lastModifiedDate":"2022-01-30"},{"lineNumber":108,"author":{"gitId":"CalebJianHui"},"content":"     * @param type Type of task to be added","lastModifiedDate":"2022-02-09"},{"lineNumber":109,"author":{"gitId":"CalebJianHui"},"content":"     * @param command Task to be added","lastModifiedDate":"2022-02-09"},{"lineNumber":110,"author":{"gitId":"CalebJianHui"},"content":"     * **/","lastModifiedDate":"2022-01-30"},{"lineNumber":111,"author":{"gitId":"CalebJianHui"},"content":"    public static void addToTaskList(String type, String command) {","lastModifiedDate":"2022-02-09"},{"lineNumber":112,"author":{"gitId":"CalebJianHui"},"content":"        try {","lastModifiedDate":"2022-02-09"},{"lineNumber":113,"author":{"gitId":"CalebJianHui"},"content":"            String task \u003d command;","lastModifiedDate":"2022-02-09"},{"lineNumber":114,"author":{"gitId":"CalebJianHui"},"content":"            if (type.equals(\"todo\")) {","lastModifiedDate":"2022-02-09"},{"lineNumber":115,"author":{"gitId":"CalebJianHui"},"content":"                // Add task","lastModifiedDate":"2022-02-09"},{"lineNumber":116,"author":{"gitId":"CalebJianHui"},"content":"                taskList.add(new ToDos(command));","lastModifiedDate":"2022-02-09"},{"lineNumber":117,"author":{"gitId":"CalebJianHui"},"content":"            } else if (type.equals(\"deadline\")) {","lastModifiedDate":"2022-02-09"},{"lineNumber":118,"author":{"gitId":"CalebJianHui"},"content":"                // Terminate should there be no date input","lastModifiedDate":"2022-02-09"},{"lineNumber":119,"author":{"gitId":"CalebJianHui"},"content":"                if (!command.contains(\" /by \")) throw new InvalidTaskInputException(\"Please include the deadline for your task\");","lastModifiedDate":"2022-02-09"},{"lineNumber":120,"author":{"gitId":"CalebJianHui"},"content":"                // Else, proceed to add deadline task","lastModifiedDate":"2022-02-09"},{"lineNumber":121,"author":{"gitId":"CalebJianHui"},"content":"                String[] commandList \u003d command.split(\" /by \");","lastModifiedDate":"2022-02-09"},{"lineNumber":122,"author":{"gitId":"CalebJianHui"},"content":"                // - Terminate should there be description and date input","lastModifiedDate":"2022-02-09"},{"lineNumber":123,"author":{"gitId":"CalebJianHui"},"content":"                if (commandList.length !\u003d 2) throw new InvalidTaskInputException(\"Please include the description and deadline for your task\");","lastModifiedDate":"2022-02-09"},{"lineNumber":124,"author":{"gitId":"CalebJianHui"},"content":"                // Add deadline task","lastModifiedDate":"2022-02-09"},{"lineNumber":125,"author":{"gitId":"CalebJianHui"},"content":"                task \u003d commandList[1];","lastModifiedDate":"2022-02-09"},{"lineNumber":126,"author":{"gitId":"CalebJianHui"},"content":"                taskList.add(new Deadline(commandList[0], task));","lastModifiedDate":"2022-02-09"},{"lineNumber":127,"author":{"gitId":"CalebJianHui"},"content":"            } else if (type.equals(\"event\")) {","lastModifiedDate":"2022-02-09"},{"lineNumber":128,"author":{"gitId":"CalebJianHui"},"content":"                // Terminate should there be no date input","lastModifiedDate":"2022-02-09"},{"lineNumber":129,"author":{"gitId":"CalebJianHui"},"content":"                if (!command.contains(\" /at \")) throw new InvalidTaskInputException(\"Please include the event date\");","lastModifiedDate":"2022-02-09"},{"lineNumber":130,"author":{"gitId":"CalebJianHui"},"content":"                // Else, proceed to add deadline task","lastModifiedDate":"2022-02-09"},{"lineNumber":131,"author":{"gitId":"CalebJianHui"},"content":"                String[] commandList \u003d command.split(\" /at \");","lastModifiedDate":"2022-02-09"},{"lineNumber":132,"author":{"gitId":"CalebJianHui"},"content":"                // - Terminate should there be description and date input","lastModifiedDate":"2022-02-09"},{"lineNumber":133,"author":{"gitId":"CalebJianHui"},"content":"                if (commandList.length !\u003d 2) throw new InvalidTaskInputException(\"Please include the time and of your event\");","lastModifiedDate":"2022-02-09"},{"lineNumber":134,"author":{"gitId":"CalebJianHui"},"content":"                // Add deadline task","lastModifiedDate":"2022-02-09"},{"lineNumber":135,"author":{"gitId":"CalebJianHui"},"content":"                task \u003d commandList[1];","lastModifiedDate":"2022-02-09"},{"lineNumber":136,"author":{"gitId":"CalebJianHui"},"content":"                taskList.add(new Event(commandList[0], task));","lastModifiedDate":"2022-02-09"},{"lineNumber":137,"author":{"gitId":"CalebJianHui"},"content":"            }","lastModifiedDate":"2022-02-09"},{"lineNumber":138,"author":{"gitId":"CalebJianHui"},"content":"            printDukeReply(\"Roger. I will add this to your list:\\n\\t\" + getTaskDetails(taskList.get(taskList.size()-1)) + \"\\nYou currently have \" + taskList.size() + \" task in your list.\");","lastModifiedDate":"2022-02-09"},{"lineNumber":139,"author":{"gitId":"CalebJianHui"},"content":"        } catch (InvalidTaskInputException e) {","lastModifiedDate":"2022-02-09"},{"lineNumber":140,"author":{"gitId":"CalebJianHui"},"content":"            printDukeReply(e.getMessage());","lastModifiedDate":"2022-02-09"},{"lineNumber":141,"author":{"gitId":"CalebJianHui"},"content":"        }","lastModifiedDate":"2022-02-09"},{"lineNumber":142,"author":{"gitId":"CalebJianHui"},"content":"    }","lastModifiedDate":"2022-02-09"},{"lineNumber":143,"author":{"gitId":"CalebJianHui"},"content":"","lastModifiedDate":"2022-02-09"},{"lineNumber":144,"author":{"gitId":"CalebJianHui"},"content":"    /**","lastModifiedDate":"2022-02-09"},{"lineNumber":145,"author":{"gitId":"CalebJianHui"},"content":"     * Return the full details of a specific task","lastModifiedDate":"2022-02-09"},{"lineNumber":146,"author":{"gitId":"CalebJianHui"},"content":"     *","lastModifiedDate":"2022-02-09"},{"lineNumber":147,"author":{"gitId":"CalebJianHui"},"content":"     * @param selected The selected task","lastModifiedDate":"2022-02-09"},{"lineNumber":148,"author":{"gitId":"CalebJianHui"},"content":"     * @return String containing the task details","lastModifiedDate":"2022-02-09"},{"lineNumber":149,"author":{"gitId":"CalebJianHui"},"content":"     * **/","lastModifiedDate":"2022-02-09"},{"lineNumber":150,"author":{"gitId":"CalebJianHui"},"content":"    public static String getTaskDetails(Task selected) {","lastModifiedDate":"2022-02-09"},{"lineNumber":151,"author":{"gitId":"CalebJianHui"},"content":"        // Type","lastModifiedDate":"2022-02-09"},{"lineNumber":152,"author":{"gitId":"CalebJianHui"},"content":"        String details \u003d \"[\".concat(selected.getType()).concat(\"]\");","lastModifiedDate":"2022-02-09"},{"lineNumber":153,"author":{"gitId":"CalebJianHui"},"content":"        // Status","lastModifiedDate":"2022-02-09"},{"lineNumber":154,"author":{"gitId":"CalebJianHui"},"content":"        details \u003d details.concat(\"[\").concat(selected.getDoneStatus() ? \"X] \" : \" ] \");","lastModifiedDate":"2022-02-09"},{"lineNumber":155,"author":{"gitId":"CalebJianHui"},"content":"        // Description","lastModifiedDate":"2022-02-09"},{"lineNumber":156,"author":{"gitId":"CalebJianHui"},"content":"        details \u003d details.concat(selected.getDescription());","lastModifiedDate":"2022-02-09"},{"lineNumber":157,"author":{"gitId":"CalebJianHui"},"content":"        return details;","lastModifiedDate":"2022-02-09"},{"lineNumber":158,"author":{"gitId":"CalebJianHui"},"content":"    }","lastModifiedDate":"2022-01-30"},{"lineNumber":159,"author":{"gitId":"CalebJianHui"},"content":"","lastModifiedDate":"2022-01-30"},{"lineNumber":160,"author":{"gitId":"CalebJianHui"},"content":"    /**","lastModifiedDate":"2022-01-30"},{"lineNumber":161,"author":{"gitId":"CalebJianHui"},"content":"     * List all the task in the task queue","lastModifiedDate":"2022-01-30"},{"lineNumber":162,"author":{"gitId":"CalebJianHui"},"content":"     * **/","lastModifiedDate":"2022-01-30"},{"lineNumber":163,"author":{"gitId":"CalebJianHui"},"content":"    public static void listTask() {","lastModifiedDate":"2022-01-30"},{"lineNumber":164,"author":{"gitId":"CalebJianHui"},"content":"        if (taskList.isEmpty()) {","lastModifiedDate":"2022-01-30"},{"lineNumber":165,"author":{"gitId":"CalebJianHui"},"content":"            printDukeReply(\"You have no pending task. Add one now?\");","lastModifiedDate":"2022-01-30"},{"lineNumber":166,"author":{"gitId":"CalebJianHui"},"content":"        } else {","lastModifiedDate":"2022-01-30"},{"lineNumber":167,"author":{"gitId":"CalebJianHui"},"content":"            String allTask \u003d \"These are your current task:\\n\";","lastModifiedDate":"2022-02-07"},{"lineNumber":168,"author":{"gitId":"CalebJianHui"},"content":"            for (int i \u003d 0; i \u003c taskList.size(); i++) {","lastModifiedDate":"2022-01-30"},{"lineNumber":169,"author":{"gitId":"CalebJianHui"},"content":"                if (i !\u003d 0) {","lastModifiedDate":"2022-01-30"},{"lineNumber":170,"author":{"gitId":"CalebJianHui"},"content":"                    allTask \u003d allTask.concat(\"\\n\");","lastModifiedDate":"2022-01-30"},{"lineNumber":171,"author":{"gitId":"CalebJianHui"},"content":"                }","lastModifiedDate":"2022-01-30"},{"lineNumber":172,"author":{"gitId":"CalebJianHui"},"content":"                allTask \u003d allTask.concat(String.valueOf(i+1)).concat(\".\");","lastModifiedDate":"2022-02-09"},{"lineNumber":173,"author":{"gitId":"CalebJianHui"},"content":"                allTask \u003d allTask.concat(getTaskDetails(taskList.get(i)));","lastModifiedDate":"2022-02-09"},{"lineNumber":174,"author":{"gitId":"CalebJianHui"},"content":"            }","lastModifiedDate":"2022-01-30"},{"lineNumber":175,"author":{"gitId":"CalebJianHui"},"content":"            printDukeReply(allTask);","lastModifiedDate":"2022-01-30"},{"lineNumber":176,"author":{"gitId":"CalebJianHui"},"content":"        }","lastModifiedDate":"2022-01-30"},{"lineNumber":177,"author":{"gitId":"CalebJianHui"},"content":"    }","lastModifiedDate":"2022-01-30"},{"lineNumber":178,"author":{"gitId":"CalebJianHui"},"content":"","lastModifiedDate":"2022-01-30"},{"lineNumber":179,"author":{"gitId":"CalebJianHui"},"content":"    /**","lastModifiedDate":"2022-02-07"},{"lineNumber":180,"author":{"gitId":"CalebJianHui"},"content":"     * Update a task status","lastModifiedDate":"2022-02-07"},{"lineNumber":181,"author":{"gitId":"CalebJianHui"},"content":"     *","lastModifiedDate":"2022-02-07"},{"lineNumber":182,"author":{"gitId":"CalebJianHui"},"content":"     * @param command Determine to mark task","lastModifiedDate":"2022-02-07"},{"lineNumber":183,"author":{"gitId":"CalebJianHui"},"content":"     * **/","lastModifiedDate":"2022-02-07"},{"lineNumber":184,"author":{"gitId":"CalebJianHui"},"content":"    public static void updateTaskStatus(String command) {","lastModifiedDate":"2022-02-07"},{"lineNumber":185,"author":{"gitId":"CalebJianHui"},"content":"        if (taskList.isEmpty()) {","lastModifiedDate":"2022-02-07"},{"lineNumber":186,"author":{"gitId":"CalebJianHui"},"content":"            printDukeReply(\"You do not have any ongoing task. Add one first?\");","lastModifiedDate":"2022-02-07"},{"lineNumber":187,"author":{"gitId":"CalebJianHui"},"content":"            return;","lastModifiedDate":"2022-02-07"},{"lineNumber":188,"author":{"gitId":"CalebJianHui"},"content":"        }","lastModifiedDate":"2022-02-07"},{"lineNumber":189,"author":{"gitId":"CalebJianHui"},"content":"","lastModifiedDate":"2022-02-07"},{"lineNumber":190,"author":{"gitId":"CalebJianHui"},"content":"        // Filter out command","lastModifiedDate":"2022-02-07"},{"lineNumber":191,"author":{"gitId":"CalebJianHui"},"content":"        boolean isMark \u003d command.startsWith(\"mark\");","lastModifiedDate":"2022-02-07"},{"lineNumber":192,"author":{"gitId":"CalebJianHui"},"content":"        command \u003d command.replaceFirst(isMark ? \"mark\" : \"unmark\", \"\");","lastModifiedDate":"2022-02-07"},{"lineNumber":193,"author":{"gitId":"CalebJianHui"},"content":"        // Process command","lastModifiedDate":"2022-02-07"},{"lineNumber":194,"author":{"gitId":"CalebJianHui"},"content":"        // - Ensure that it is an integer position","lastModifiedDate":"2022-02-07"},{"lineNumber":195,"author":{"gitId":"CalebJianHui"},"content":"        try {","lastModifiedDate":"2022-02-07"},{"lineNumber":196,"author":{"gitId":"CalebJianHui"},"content":"            int index \u003d Integer.parseInt(command.strip());","lastModifiedDate":"2022-02-07"},{"lineNumber":197,"author":{"gitId":"CalebJianHui"},"content":"            index--;","lastModifiedDate":"2022-02-07"},{"lineNumber":198,"author":{"gitId":"CalebJianHui"},"content":"            if (index \u003c 0 || index \u003e\u003d taskList.size()) {","lastModifiedDate":"2022-02-07"},{"lineNumber":199,"author":{"gitId":"CalebJianHui"},"content":"                printDukeReply(\"classes.Task is not found. Please provide a valid index.\");","lastModifiedDate":"2022-02-09"},{"lineNumber":200,"author":{"gitId":"CalebJianHui"},"content":"                listTask();","lastModifiedDate":"2022-02-07"},{"lineNumber":201,"author":{"gitId":"CalebJianHui"},"content":"                return;","lastModifiedDate":"2022-02-07"},{"lineNumber":202,"author":{"gitId":"CalebJianHui"},"content":"            }","lastModifiedDate":"2022-02-07"},{"lineNumber":203,"author":{"gitId":"CalebJianHui"},"content":"            Task selected \u003d taskList.get(index);","lastModifiedDate":"2022-02-07"},{"lineNumber":204,"author":{"gitId":"CalebJianHui"},"content":"            if (selected.getDoneStatus() \u003d\u003d isMark) {","lastModifiedDate":"2022-02-07"},{"lineNumber":205,"author":{"gitId":"CalebJianHui"},"content":"                printDukeReply(\"There are no changes to be made!\");","lastModifiedDate":"2022-02-07"},{"lineNumber":206,"author":{"gitId":"CalebJianHui"},"content":"                listTask();","lastModifiedDate":"2022-02-07"},{"lineNumber":207,"author":{"gitId":"CalebJianHui"},"content":"                return;","lastModifiedDate":"2022-02-07"},{"lineNumber":208,"author":{"gitId":"CalebJianHui"},"content":"            }","lastModifiedDate":"2022-02-07"},{"lineNumber":209,"author":{"gitId":"CalebJianHui"},"content":"            selected.setDoneStatus(isMark);","lastModifiedDate":"2022-02-07"},{"lineNumber":210,"author":{"gitId":"CalebJianHui"},"content":"            String reply \u003d isMark ? \"Nice! I\u0027ve marked this task as done:\" : \"Ok, I\u0027ve marked this task as not done yet:\";","lastModifiedDate":"2022-02-09"},{"lineNumber":211,"author":{"gitId":"CalebJianHui"},"content":"            reply \u003d reply.concat(\"\\n\\t\").concat(getTaskDetails(selected));","lastModifiedDate":"2022-02-09"},{"lineNumber":212,"author":{"gitId":"CalebJianHui"},"content":"            printDukeReply(reply);","lastModifiedDate":"2022-02-07"},{"lineNumber":213,"author":{"gitId":"CalebJianHui"},"content":"        } catch (NumberFormatException e) {","lastModifiedDate":"2022-02-07"},{"lineNumber":214,"author":{"gitId":"CalebJianHui"},"content":"            printDukeReply(\"Please provide the index of the task that you wish to remove.\");","lastModifiedDate":"2022-02-07"},{"lineNumber":215,"author":{"gitId":"CalebJianHui"},"content":"        }","lastModifiedDate":"2022-02-07"},{"lineNumber":216,"author":{"gitId":"CalebJianHui"},"content":"","lastModifiedDate":"2022-02-07"},{"lineNumber":217,"author":{"gitId":"CalebJianHui"},"content":"    }","lastModifiedDate":"2022-02-07"},{"lineNumber":218,"author":{"gitId":"CalebJianHui"},"content":"","lastModifiedDate":"2022-02-07"},{"lineNumber":219,"author":{"gitId":"CalebJianHui"},"content":"    //\u003d\u003d\u003d\u003d\u003d\u003d\u003d\u003d\u003d\u003d\u003d\u003d\u003d\u003d\u003d\u003d\u003d\u003d\u003d\u003d\u003d\u003d\u003d\u003d\u003d\u003d\u003d\u003d\u003d\u003d\u003d\u003d\u003d\u003d\u003d\u003d\u003d\u003d\u003d\u003d\u003d\u003d\u003d\u003d\u003d\u003d\u003d\u003d\u003d\u003d\u003d\u003d\u003d\u003d\u003d\u003d\u003d\u003d\u003d\u003d\u003d\u003d\u003d\u003d\u003d\u003d\u003d\u003d\u003d\u003d\u003d\u003d\u003d\u003d\u003d\u003d\u003d\u003d\u003d\u003d","lastModifiedDate":"2022-02-07"},{"lineNumber":220,"author":{"gitId":"CalebJianHui"},"content":"    // Main","lastModifiedDate":"2022-02-07"},{"lineNumber":221,"author":{"gitId":"CalebJianHui"},"content":"    //\u003d\u003d\u003d\u003d\u003d\u003d\u003d\u003d\u003d\u003d\u003d\u003d\u003d\u003d\u003d\u003d\u003d\u003d\u003d\u003d\u003d\u003d\u003d\u003d\u003d\u003d\u003d\u003d\u003d\u003d\u003d\u003d\u003d\u003d\u003d\u003d\u003d\u003d\u003d\u003d\u003d\u003d\u003d\u003d\u003d\u003d\u003d\u003d\u003d\u003d\u003d\u003d\u003d\u003d\u003d\u003d\u003d\u003d\u003d\u003d\u003d\u003d\u003d\u003d\u003d\u003d\u003d\u003d\u003d\u003d\u003d\u003d\u003d\u003d\u003d\u003d\u003d\u003d\u003d\u003d","lastModifiedDate":"2022-02-07"},{"lineNumber":222,"author":{"gitId":"CalebJianHui"},"content":"","lastModifiedDate":"2022-02-07"},{"lineNumber":223,"author":{"gitId":"-"},"content":"    public static void main(String[] args) {","lastModifiedDate":"2019-07-29"},{"lineNumber":224,"author":{"gitId":"CalebJianHui"},"content":"        String command;","lastModifiedDate":"2022-02-09"},{"lineNumber":225,"author":{"gitId":"CalebJianHui"},"content":"        Scanner in \u003d new Scanner(System.in);","lastModifiedDate":"2022-01-29"},{"lineNumber":226,"author":{"gitId":"CalebJianHui"},"content":"        // Welcome Message","lastModifiedDate":"2022-01-29"},{"lineNumber":227,"author":{"gitId":"CalebJianHui"},"content":"        printWelcomeMessage();","lastModifiedDate":"2022-01-29"},{"lineNumber":228,"author":{"gitId":"CalebJianHui"},"content":"        while (true) {","lastModifiedDate":"2022-01-30"},{"lineNumber":229,"author":{"gitId":"CalebJianHui"},"content":"            command \u003d in.nextLine();","lastModifiedDate":"2022-01-29"},{"lineNumber":230,"author":{"gitId":"CalebJianHui"},"content":"            if (checkTerminatingWord(command)) {","lastModifiedDate":"2022-01-30"},{"lineNumber":231,"author":{"gitId":"CalebJianHui"},"content":"                break;","lastModifiedDate":"2022-01-30"},{"lineNumber":232,"author":{"gitId":"CalebJianHui"},"content":"            } else {","lastModifiedDate":"2022-01-30"},{"lineNumber":233,"author":{"gitId":"CalebJianHui"},"content":"                determineAction(command);","lastModifiedDate":"2022-02-09"},{"lineNumber":234,"author":{"gitId":"CalebJianHui"},"content":"            }","lastModifiedDate":"2022-01-30"},{"lineNumber":235,"author":{"gitId":"CalebJianHui"},"content":"        }","lastModifiedDate":"2022-01-29"},{"lineNumber":236,"author":{"gitId":"CalebJianHui"},"content":"        // Ending Message","lastModifiedDate":"2022-01-29"},{"lineNumber":237,"author":{"gitId":"CalebJianHui"},"content":"        printEndingMessage();","lastModifiedDate":"2022-01-29"},{"lineNumber":238,"author":{"gitId":"-"},"content":"    }","lastModifiedDate":"2019-07-29"},{"lineNumber":239,"author":{"gitId":"-"},"content":"}","lastModifiedDate":"2019-07-29"}],"authorContributionMap":{"CalebJianHui":235,"-":4}},{"path":"src/main/java/classes/Deadline.java","fileType":"java","lines":[{"lineNumber":1,"author":{"gitId":"CalebJianHui"},"content":"package classes;","lastModifiedDate":"2022-02-09"},{"lineNumber":2,"author":{"gitId":"CalebJianHui"},"content":"","lastModifiedDate":"2022-02-09"},{"lineNumber":3,"author":{"gitId":"CalebJianHui"},"content":"public class Deadline extends Task {","lastModifiedDate":"2022-02-09"},{"lineNumber":4,"author":{"gitId":"CalebJianHui"},"content":"    private String dueDate;","lastModifiedDate":"2022-02-09"},{"lineNumber":5,"author":{"gitId":"CalebJianHui"},"content":"","lastModifiedDate":"2022-02-09"},{"lineNumber":6,"author":{"gitId":"CalebJianHui"},"content":"    public Deadline (String description, String dueDate) {","lastModifiedDate":"2022-02-09"},{"lineNumber":7,"author":{"gitId":"CalebJianHui"},"content":"        super(description);","lastModifiedDate":"2022-02-09"},{"lineNumber":8,"author":{"gitId":"CalebJianHui"},"content":"        this.dueDate \u003d dueDate;","lastModifiedDate":"2022-02-09"},{"lineNumber":9,"author":{"gitId":"CalebJianHui"},"content":"    }","lastModifiedDate":"2022-02-09"},{"lineNumber":10,"author":{"gitId":"CalebJianHui"},"content":"","lastModifiedDate":"2022-02-09"},{"lineNumber":11,"author":{"gitId":"CalebJianHui"},"content":"    /**","lastModifiedDate":"2022-02-09"},{"lineNumber":12,"author":{"gitId":"CalebJianHui"},"content":"     * Getter for description","lastModifiedDate":"2022-02-09"},{"lineNumber":13,"author":{"gitId":"CalebJianHui"},"content":"     * **/","lastModifiedDate":"2022-02-09"},{"lineNumber":14,"author":{"gitId":"CalebJianHui"},"content":"    public String getDescription() {","lastModifiedDate":"2022-02-09"},{"lineNumber":15,"author":{"gitId":"CalebJianHui"},"content":"        return description + \" (by: \" + dueDate + \")\";","lastModifiedDate":"2022-02-09"},{"lineNumber":16,"author":{"gitId":"CalebJianHui"},"content":"    }","lastModifiedDate":"2022-02-09"},{"lineNumber":17,"author":{"gitId":"CalebJianHui"},"content":"","lastModifiedDate":"2022-02-09"},{"lineNumber":18,"author":{"gitId":"CalebJianHui"},"content":"    /**","lastModifiedDate":"2022-02-09"},{"lineNumber":19,"author":{"gitId":"CalebJianHui"},"content":"     * Getter for type of task","lastModifiedDate":"2022-02-09"},{"lineNumber":20,"author":{"gitId":"CalebJianHui"},"content":"     * **/","lastModifiedDate":"2022-02-09"},{"lineNumber":21,"author":{"gitId":"CalebJianHui"},"content":"    public String getType() {","lastModifiedDate":"2022-02-09"},{"lineNumber":22,"author":{"gitId":"CalebJianHui"},"content":"        return \"D\";","lastModifiedDate":"2022-02-09"},{"lineNumber":23,"author":{"gitId":"CalebJianHui"},"content":"    }","lastModifiedDate":"2022-02-09"},{"lineNumber":24,"author":{"gitId":"CalebJianHui"},"content":"}","lastModifiedDate":"2022-02-09"}],"authorContributionMap":{"CalebJianHui":24}},{"path":"src/main/java/classes/Event.java","fileType":"java","lines":[{"lineNumber":1,"author":{"gitId":"CalebJianHui"},"content":"package classes;","lastModifiedDate":"2022-02-09"},{"lineNumber":2,"author":{"gitId":"CalebJianHui"},"content":"","lastModifiedDate":"2022-02-09"},{"lineNumber":3,"author":{"gitId":"CalebJianHui"},"content":"public class Event extends Task {","lastModifiedDate":"2022-02-09"},{"lineNumber":4,"author":{"gitId":"CalebJianHui"},"content":"    private String startTime;","lastModifiedDate":"2022-02-09"},{"lineNumber":5,"author":{"gitId":"CalebJianHui"},"content":"","lastModifiedDate":"2022-02-09"},{"lineNumber":6,"author":{"gitId":"CalebJianHui"},"content":"    public Event (String description, String startTime) {","lastModifiedDate":"2022-02-09"},{"lineNumber":7,"author":{"gitId":"CalebJianHui"},"content":"        super(description);","lastModifiedDate":"2022-02-09"},{"lineNumber":8,"author":{"gitId":"CalebJianHui"},"content":"        this.startTime \u003d startTime;","lastModifiedDate":"2022-02-09"},{"lineNumber":9,"author":{"gitId":"CalebJianHui"},"content":"    }","lastModifiedDate":"2022-02-09"},{"lineNumber":10,"author":{"gitId":"CalebJianHui"},"content":"","lastModifiedDate":"2022-02-09"},{"lineNumber":11,"author":{"gitId":"CalebJianHui"},"content":"    /**","lastModifiedDate":"2022-02-09"},{"lineNumber":12,"author":{"gitId":"CalebJianHui"},"content":"     * Getter for description","lastModifiedDate":"2022-02-09"},{"lineNumber":13,"author":{"gitId":"CalebJianHui"},"content":"     * **/","lastModifiedDate":"2022-02-09"},{"lineNumber":14,"author":{"gitId":"CalebJianHui"},"content":"    public String getDescription() {","lastModifiedDate":"2022-02-09"},{"lineNumber":15,"author":{"gitId":"CalebJianHui"},"content":"        return description + \" (at: \" + startTime + \")\";","lastModifiedDate":"2022-02-09"},{"lineNumber":16,"author":{"gitId":"CalebJianHui"},"content":"    }","lastModifiedDate":"2022-02-09"},{"lineNumber":17,"author":{"gitId":"CalebJianHui"},"content":"","lastModifiedDate":"2022-02-09"},{"lineNumber":18,"author":{"gitId":"CalebJianHui"},"content":"    /**","lastModifiedDate":"2022-02-09"},{"lineNumber":19,"author":{"gitId":"CalebJianHui"},"content":"     * Getter for type of task","lastModifiedDate":"2022-02-09"},{"lineNumber":20,"author":{"gitId":"CalebJianHui"},"content":"     * **/","lastModifiedDate":"2022-02-09"},{"lineNumber":21,"author":{"gitId":"CalebJianHui"},"content":"    public String getType() {","lastModifiedDate":"2022-02-09"},{"lineNumber":22,"author":{"gitId":"CalebJianHui"},"content":"        return \"E\";","lastModifiedDate":"2022-02-09"},{"lineNumber":23,"author":{"gitId":"CalebJianHui"},"content":"    }","lastModifiedDate":"2022-02-09"},{"lineNumber":24,"author":{"gitId":"CalebJianHui"},"content":"}","lastModifiedDate":"2022-02-09"}],"authorContributionMap":{"CalebJianHui":24}},{"path":"src/main/java/classes/Task.java","fileType":"java","lines":[{"lineNumber":1,"author":{"gitId":"CalebJianHui"},"content":"package classes;","lastModifiedDate":"2022-02-09"},{"lineNumber":2,"author":{"gitId":"CalebJianHui"},"content":"","lastModifiedDate":"2022-02-09"},{"lineNumber":3,"author":{"gitId":"CalebJianHui"},"content":"public abstract class Task {","lastModifiedDate":"2022-02-09"},{"lineNumber":4,"author":{"gitId":"CalebJianHui"},"content":"    protected boolean isDone;","lastModifiedDate":"2022-02-09"},{"lineNumber":5,"author":{"gitId":"CalebJianHui"},"content":"    protected String description;","lastModifiedDate":"2022-02-09"},{"lineNumber":6,"author":{"gitId":"CalebJianHui"},"content":"","lastModifiedDate":"2022-02-09"},{"lineNumber":7,"author":{"gitId":"CalebJianHui"},"content":"    public Task(String description) {","lastModifiedDate":"2022-02-09"},{"lineNumber":8,"author":{"gitId":"CalebJianHui"},"content":"        isDone \u003d false;","lastModifiedDate":"2022-02-09"},{"lineNumber":9,"author":{"gitId":"CalebJianHui"},"content":"        this.description \u003d description;","lastModifiedDate":"2022-02-09"},{"lineNumber":10,"author":{"gitId":"CalebJianHui"},"content":"    }","lastModifiedDate":"2022-02-09"},{"lineNumber":11,"author":{"gitId":"CalebJianHui"},"content":"","lastModifiedDate":"2022-02-09"},{"lineNumber":12,"author":{"gitId":"CalebJianHui"},"content":"    /**","lastModifiedDate":"2022-02-09"},{"lineNumber":13,"author":{"gitId":"CalebJianHui"},"content":"     * Getter for isDone","lastModifiedDate":"2022-02-09"},{"lineNumber":14,"author":{"gitId":"CalebJianHui"},"content":"     * **/","lastModifiedDate":"2022-02-09"},{"lineNumber":15,"author":{"gitId":"CalebJianHui"},"content":"    public boolean getDoneStatus() {","lastModifiedDate":"2022-02-09"},{"lineNumber":16,"author":{"gitId":"CalebJianHui"},"content":"        return isDone;","lastModifiedDate":"2022-02-09"},{"lineNumber":17,"author":{"gitId":"CalebJianHui"},"content":"    }","lastModifiedDate":"2022-02-09"},{"lineNumber":18,"author":{"gitId":"CalebJianHui"},"content":"","lastModifiedDate":"2022-02-09"},{"lineNumber":19,"author":{"gitId":"CalebJianHui"},"content":"    /**","lastModifiedDate":"2022-02-09"},{"lineNumber":20,"author":{"gitId":"CalebJianHui"},"content":"     * Getter for description","lastModifiedDate":"2022-02-09"},{"lineNumber":21,"author":{"gitId":"CalebJianHui"},"content":"     * **/","lastModifiedDate":"2022-02-09"},{"lineNumber":22,"author":{"gitId":"CalebJianHui"},"content":"    public abstract String getDescription();","lastModifiedDate":"2022-02-09"},{"lineNumber":23,"author":{"gitId":"CalebJianHui"},"content":"","lastModifiedDate":"2022-02-09"},{"lineNumber":24,"author":{"gitId":"CalebJianHui"},"content":"    /**","lastModifiedDate":"2022-02-09"},{"lineNumber":25,"author":{"gitId":"CalebJianHui"},"content":"     * Getter for type of task","lastModifiedDate":"2022-02-09"},{"lineNumber":26,"author":{"gitId":"CalebJianHui"},"content":"     * **/","lastModifiedDate":"2022-02-09"},{"lineNumber":27,"author":{"gitId":"CalebJianHui"},"content":"    public abstract String getType();","lastModifiedDate":"2022-02-09"},{"lineNumber":28,"author":{"gitId":"CalebJianHui"},"content":"","lastModifiedDate":"2022-02-09"},{"lineNumber":29,"author":{"gitId":"CalebJianHui"},"content":"    /**","lastModifiedDate":"2022-02-09"},{"lineNumber":30,"author":{"gitId":"CalebJianHui"},"content":"     * Setter for isDone","lastModifiedDate":"2022-02-09"},{"lineNumber":31,"author":{"gitId":"CalebJianHui"},"content":"     *","lastModifiedDate":"2022-02-09"},{"lineNumber":32,"author":{"gitId":"CalebJianHui"},"content":"     * @param isDone New Status","lastModifiedDate":"2022-02-09"},{"lineNumber":33,"author":{"gitId":"CalebJianHui"},"content":"     * **/","lastModifiedDate":"2022-02-09"},{"lineNumber":34,"author":{"gitId":"CalebJianHui"},"content":"    public void setDoneStatus(boolean isDone) {","lastModifiedDate":"2022-02-09"},{"lineNumber":35,"author":{"gitId":"CalebJianHui"},"content":"        this.isDone \u003d isDone;","lastModifiedDate":"2022-02-09"},{"lineNumber":36,"author":{"gitId":"CalebJianHui"},"content":"    }","lastModifiedDate":"2022-02-09"},{"lineNumber":37,"author":{"gitId":"CalebJianHui"},"content":"","lastModifiedDate":"2022-02-09"},{"lineNumber":38,"author":{"gitId":"CalebJianHui"},"content":"    /**","lastModifiedDate":"2022-02-09"},{"lineNumber":39,"author":{"gitId":"CalebJianHui"},"content":"     * Setter for description","lastModifiedDate":"2022-02-09"},{"lineNumber":40,"author":{"gitId":"CalebJianHui"},"content":"     *","lastModifiedDate":"2022-02-09"},{"lineNumber":41,"author":{"gitId":"CalebJianHui"},"content":"     * @param description New description","lastModifiedDate":"2022-02-09"},{"lineNumber":42,"author":{"gitId":"CalebJianHui"},"content":"     * **/","lastModifiedDate":"2022-02-09"},{"lineNumber":43,"author":{"gitId":"CalebJianHui"},"content":"    public void setDescription(String description) {","lastModifiedDate":"2022-02-09"},{"lineNumber":44,"author":{"gitId":"CalebJianHui"},"content":"        this.description \u003d description;","lastModifiedDate":"2022-02-09"},{"lineNumber":45,"author":{"gitId":"CalebJianHui"},"content":"    }","lastModifiedDate":"2022-02-09"},{"lineNumber":46,"author":{"gitId":"CalebJianHui"},"content":"}","lastModifiedDate":"2022-02-09"}],"authorContributionMap":{"CalebJianHui":46}},{"path":"src/main/java/classes/ToDos.java","fileType":"java","lines":[{"lineNumber":1,"author":{"gitId":"CalebJianHui"},"content":"package classes;","lastModifiedDate":"2022-02-09"},{"lineNumber":2,"author":{"gitId":"CalebJianHui"},"content":"","lastModifiedDate":"2022-02-09"},{"lineNumber":3,"author":{"gitId":"CalebJianHui"},"content":"public class ToDos extends Task {","lastModifiedDate":"2022-02-09"},{"lineNumber":4,"author":{"gitId":"CalebJianHui"},"content":"    public ToDos (String description) {","lastModifiedDate":"2022-02-09"},{"lineNumber":5,"author":{"gitId":"CalebJianHui"},"content":"        super(description);","lastModifiedDate":"2022-02-09"},{"lineNumber":6,"author":{"gitId":"CalebJianHui"},"content":"    }","lastModifiedDate":"2022-02-09"},{"lineNumber":7,"author":{"gitId":"CalebJianHui"},"content":"","lastModifiedDate":"2022-02-09"},{"lineNumber":8,"author":{"gitId":"CalebJianHui"},"content":"    /**","lastModifiedDate":"2022-02-09"},{"lineNumber":9,"author":{"gitId":"CalebJianHui"},"content":"     * Getter for description","lastModifiedDate":"2022-02-09"},{"lineNumber":10,"author":{"gitId":"CalebJianHui"},"content":"     * **/","lastModifiedDate":"2022-02-09"},{"lineNumber":11,"author":{"gitId":"CalebJianHui"},"content":"    public String getDescription() {","lastModifiedDate":"2022-02-09"},{"lineNumber":12,"author":{"gitId":"CalebJianHui"},"content":"        return description;","lastModifiedDate":"2022-02-09"},{"lineNumber":13,"author":{"gitId":"CalebJianHui"},"content":"    }","lastModifiedDate":"2022-02-09"},{"lineNumber":14,"author":{"gitId":"CalebJianHui"},"content":"","lastModifiedDate":"2022-02-09"},{"lineNumber":15,"author":{"gitId":"CalebJianHui"},"content":"    /**","lastModifiedDate":"2022-02-09"},{"lineNumber":16,"author":{"gitId":"CalebJianHui"},"content":"     * Getter for type of task","lastModifiedDate":"2022-02-09"},{"lineNumber":17,"author":{"gitId":"CalebJianHui"},"content":"     * **/","lastModifiedDate":"2022-02-09"},{"lineNumber":18,"author":{"gitId":"CalebJianHui"},"content":"    public String getType() {","lastModifiedDate":"2022-02-09"},{"lineNumber":19,"author":{"gitId":"CalebJianHui"},"content":"        return \"T\";","lastModifiedDate":"2022-02-09"},{"lineNumber":20,"author":{"gitId":"CalebJianHui"},"content":"    }","lastModifiedDate":"2022-02-09"},{"lineNumber":21,"author":{"gitId":"CalebJianHui"},"content":"}","lastModifiedDate":"2022-02-09"}],"authorContributionMap":{"CalebJianHui":21}},{"path":"src/main/java/exceptions/InvalidTaskInputException.java","fileType":"java","lines":[{"lineNumber":1,"author":{"gitId":"CalebJianHui"},"content":"package exceptions;","lastModifiedDate":"2022-02-09"},{"lineNumber":2,"author":{"gitId":"CalebJianHui"},"content":"","lastModifiedDate":"2022-02-09"},{"lineNumber":3,"author":{"gitId":"CalebJianHui"},"content":"public class InvalidTaskInputException extends Exception {","lastModifiedDate":"2022-02-09"},{"lineNumber":4,"author":{"gitId":"CalebJianHui"},"content":"    String description;","lastModifiedDate":"2022-02-09"},{"lineNumber":5,"author":{"gitId":"CalebJianHui"},"content":"","lastModifiedDate":"2022-02-09"},{"lineNumber":6,"author":{"gitId":"CalebJianHui"},"content":"    public InvalidTaskInputException(String errorMessage) {","lastModifiedDate":"2022-02-09"},{"lineNumber":7,"author":{"gitId":"CalebJianHui"},"content":"        super(errorMessage);","lastModifiedDate":"2022-02-09"},{"lineNumber":8,"author":{"gitId":"CalebJianHui"},"content":"        description \u003d errorMessage;","lastModifiedDate":"2022-02-09"},{"lineNumber":9,"author":{"gitId":"CalebJianHui"},"content":"    }","lastModifiedDate":"2022-02-09"},{"lineNumber":10,"author":{"gitId":"CalebJianHui"},"content":"","lastModifiedDate":"2022-02-09"},{"lineNumber":11,"author":{"gitId":"CalebJianHui"},"content":"    @Override","lastModifiedDate":"2022-02-09"},{"lineNumber":12,"author":{"gitId":"CalebJianHui"},"content":"    public String getMessage() {","lastModifiedDate":"2022-02-09"},{"lineNumber":13,"author":{"gitId":"CalebJianHui"},"content":"        return description;","lastModifiedDate":"2022-02-09"},{"lineNumber":14,"author":{"gitId":"CalebJianHui"},"content":"    }","lastModifiedDate":"2022-02-09"},{"lineNumber":15,"author":{"gitId":"CalebJianHui"},"content":"}","lastModifiedDate":"2022-02-09"}],"authorContributionMap":{"CalebJianHui":15}},{"path":"text-ui-test/input.txt","fileType":"txt","lines":[{"lineNumber":1,"author":{"gitId":"CalebJianHui"},"content":"Study","lastModifiedDate":"2022-02-07"},{"lineNumber":2,"author":{"gitId":"CalebJianHui"},"content":"todo borrow book","lastModifiedDate":"2022-02-09"},{"lineNumber":3,"author":{"gitId":"CalebJianHui"},"content":"todo play games","lastModifiedDate":"2022-02-09"},{"lineNumber":4,"author":{"gitId":"CalebJianHui"},"content":"deadline return book","lastModifiedDate":"2022-02-09"},{"lineNumber":5,"author":{"gitId":"CalebJianHui"},"content":"deadline return book /by Sunday","lastModifiedDate":"2022-02-09"},{"lineNumber":6,"author":{"gitId":"CalebJianHui"},"content":"event project meeting","lastModifiedDate":"2022-02-09"},{"lineNumber":7,"author":{"gitId":"CalebJianHui"},"content":"event project meeting /at Mon 2-4pm","lastModifiedDate":"2022-02-09"},{"lineNumber":8,"author":{"gitId":"CalebJianHui"},"content":"list","lastModifiedDate":"2022-02-09"},{"lineNumber":9,"author":{"gitId":"CalebJianHui"},"content":"mark 3","lastModifiedDate":"2022-02-09"},{"lineNumber":10,"author":{"gitId":"CalebJianHui"},"content":"mark 3","lastModifiedDate":"2022-02-09"},{"lineNumber":11,"author":{"gitId":"CalebJianHui"},"content":"mark 4","lastModifiedDate":"2022-02-09"},{"lineNumber":12,"author":{"gitId":"CalebJianHui"},"content":"unmark 3","lastModifiedDate":"2022-02-07"},{"lineNumber":13,"author":{"gitId":"CalebJianHui"},"content":"list","lastModifiedDate":"2022-02-09"},{"lineNumber":14,"author":{"gitId":"CalebJianHui"},"content":"bye","lastModifiedDate":"2022-02-07"}],"authorContributionMap":{"CalebJianHui":14}},{"path":"text-ui-test/runtest.sh","fileType":"sh","lines":[{"lineNumber":1,"author":{"gitId":"-"},"content":"#!/usr/bin/env bash","lastModifiedDate":"2020-05-25"},{"lineNumber":2,"author":{"gitId":"-"},"content":"","lastModifiedDate":"2020-05-25"},{"lineNumber":3,"author":{"gitId":"-"},"content":"# create bin directory if it doesn\u0027t exist","lastModifiedDate":"2020-05-25"},{"lineNumber":4,"author":{"gitId":"-"},"content":"if [ ! -d \"../bin\" ]","lastModifiedDate":"2020-05-25"},{"lineNumber":5,"author":{"gitId":"-"},"content":"then","lastModifiedDate":"2020-05-25"},{"lineNumber":6,"author":{"gitId":"-"},"content":"    mkdir ../bin","lastModifiedDate":"2020-05-25"},{"lineNumber":7,"author":{"gitId":"-"},"content":"fi","lastModifiedDate":"2020-05-25"},{"lineNumber":8,"author":{"gitId":"-"},"content":"","lastModifiedDate":"2020-05-25"},{"lineNumber":9,"author":{"gitId":"-"},"content":"# delete output from previous run","lastModifiedDate":"2020-05-25"},{"lineNumber":10,"author":{"gitId":"-"},"content":"if [ -e \"./ACTUAL.TXT\" ]","lastModifiedDate":"2020-05-25"},{"lineNumber":11,"author":{"gitId":"-"},"content":"then","lastModifiedDate":"2020-05-25"},{"lineNumber":12,"author":{"gitId":"-"},"content":"    rm ACTUAL.TXT","lastModifiedDate":"2020-05-25"},{"lineNumber":13,"author":{"gitId":"-"},"content":"fi","lastModifiedDate":"2020-05-25"},{"lineNumber":14,"author":{"gitId":"-"},"content":"","lastModifiedDate":"2020-05-25"},{"lineNumber":15,"author":{"gitId":"-"},"content":"# compile the code into the bin folder, terminates if error occurred","lastModifiedDate":"2020-05-25"},{"lineNumber":16,"author":{"gitId":"-"},"content":"if ! javac -cp ../src/main/java -Xlint:none -d ../bin ../src/main/java/*.java","lastModifiedDate":"2020-08-25"},{"lineNumber":17,"author":{"gitId":"-"},"content":"then","lastModifiedDate":"2020-05-25"},{"lineNumber":18,"author":{"gitId":"-"},"content":"    echo \"********** BUILD FAILURE **********\"","lastModifiedDate":"2020-05-25"},{"lineNumber":19,"author":{"gitId":"-"},"content":"    exit 1","lastModifiedDate":"2020-05-25"},{"lineNumber":20,"author":{"gitId":"-"},"content":"fi","lastModifiedDate":"2020-05-25"},{"lineNumber":21,"author":{"gitId":"-"},"content":"","lastModifiedDate":"2020-05-25"},{"lineNumber":22,"author":{"gitId":"-"},"content":"# run the program, feed commands from input.txt file and redirect the output to the ACTUAL.TXT","lastModifiedDate":"2020-05-25"},{"lineNumber":23,"author":{"gitId":"-"},"content":"java -classpath ../bin Duke \u003c input.txt \u003e ACTUAL.TXT","lastModifiedDate":"2020-05-25"},{"lineNumber":24,"author":{"gitId":"-"},"content":"","lastModifiedDate":"2020-05-25"},{"lineNumber":25,"author":{"gitId":"-"},"content":"# convert to UNIX format","lastModifiedDate":"2020-05-25"},{"lineNumber":26,"author":{"gitId":"-"},"content":"cp EXPECTED.TXT EXPECTED-UNIX.TXT","lastModifiedDate":"2020-05-25"},{"lineNumber":27,"author":{"gitId":"-"},"content":"dos2unix ACTUAL.TXT EXPECTED-UNIX.TXT","lastModifiedDate":"2020-05-25"},{"lineNumber":28,"author":{"gitId":"-"},"content":"","lastModifiedDate":"2020-05-25"},{"lineNumber":29,"author":{"gitId":"-"},"content":"# compare the output to the expected output","lastModifiedDate":"2020-05-25"},{"lineNumber":30,"author":{"gitId":"CalebJianHui"},"content":"diff -w ACTUAL.TXT EXPECTED-UNIX.TXT","lastModifiedDate":"2022-02-07"},{"lineNumber":31,"author":{"gitId":"-"},"content":"if [ $? -eq 0 ]","lastModifiedDate":"2020-05-25"},{"lineNumber":32,"author":{"gitId":"-"},"content":"then","lastModifiedDate":"2020-05-25"},{"lineNumber":33,"author":{"gitId":"-"},"content":"    echo \"Test result: PASSED\"","lastModifiedDate":"2020-05-25"},{"lineNumber":34,"author":{"gitId":"-"},"content":"    exit 0","lastModifiedDate":"2020-05-25"},{"lineNumber":35,"author":{"gitId":"-"},"content":"else","lastModifiedDate":"2020-05-25"},{"lineNumber":36,"author":{"gitId":"-"},"content":"    echo \"Test result: FAILED\"","lastModifiedDate":"2020-05-25"},{"lineNumber":37,"author":{"gitId":"-"},"content":"    exit 1","lastModifiedDate":"2020-05-25"},{"lineNumber":38,"author":{"gitId":"-"},"content":"fi","lastModifiedDate":"2020-05-25"}],"authorContributionMap":{"CalebJianHui":1,"-":37}}]
