{"authorDailyContributionsMap":{"CalebJianHui":[{"date":"2022-01-29","commitResults":[{"hash":"06bd3d24abaecdb7f9aff6dc8a327a363d4b3711","messageTitle":"Add functions for introductory message and dividers","messageBody":"","tags":["Level-0"],"fileTypesAndContributionMap":{"java":{"insertions":23,"deletions":6}}}]},{"date":"2022-01-30","commitResults":[{"hash":"029c37a965f7394f3b202448917a47e0588a5dbe","messageTitle":"Added function to print user\u0027s command till a terminating command is received. Also added comments for functions.","messageBody":"","fileTypesAndContributionMap":{"java":{"insertions":77,"deletions":13}}},{"hash":"f529bd892ef94d2c927837ab1f78e299978b0af8","messageTitle":"Added function to add and list tasks","messageBody":"","fileTypesAndContributionMap":{"java":{"insertions":42,"deletions":10}}}]},{"date":"2022-02-07","commitResults":[{"hash":"f224108d304025561c445739360a742312c661a9","messageTitle":"- Added Class: [Task] This is to keep track of the task status and its description.","messageBody":"- Updated taskList (arraylist) to contain Task instead of String\n","fileTypesAndContributionMap":{"java":{"insertions":53,"deletions":5}}},{"hash":"b8493f07bee596c1396e5f7ec8c1491027f99ad6","messageTitle":"Added the ability to update the status of task (done / not done).","messageBody":"","tags":["Level-3"],"fileTypesAndContributionMap":{"java":{"insertions":42,"deletions":0}}},{"hash":"b2cb2d72ff8b8f359bb8a68e34bd46b41d87bcf5","messageTitle":"Added Text UI Testing. Also modify the shell script to ignore whitespace as there seems to be an issue comparing tab spacing.","messageBody":"","tags":["A-TextUiTesting"],"fileTypesAndContributionMap":{"txt":{"insertions":8,"deletions":0},"sh":{"insertions":1,"deletions":1}}}]},{"date":"2022-02-09","commitResults":[{"hash":"a215e2b305bec91f422c7b6c4bc1717356dd3f99","messageTitle":"This commit contain the following updates:","messageBody":"1) Added 3 different types of Task:\n- ToDos\n- Deadlines\n- Events\nAll are classes that extends the primary \u003cTask\u003e class. With these, users can now add 3 different type of task in his list.\n\n2) Added a InvalidTaskInputException class\nThis will be used to handle events whereby no date is specified by the user for \u003cDeadlines\u003e and \u003cEvents\u003e\n\n3) Slight refactoring of codes to consolidate:\n- \u003cdetermineAction\u003e to know what is the command input by user\n- \u003cgetTaskDetails\u003e to get a string containing the full details of a task.\n","tags":["Level-4","A-Inheritance","A-Exceptions"],"fileTypesAndContributionMap":{"java":{"insertions":214,"deletions":17}}},{"hash":"98b67c7df2bb00f3ce3db939d193260be689776e","messageTitle":"Updated Text UI Testing.","messageBody":"","fileTypesAndContributionMap":{"txt":{"insertions":12,"deletions":6},"java":{"insertions":0,"deletions":41}}}]},{"date":"2022-02-17","commitResults":[{"hash":"31bcaf6e1712a1b38334e4b261caf3b46e19e469","messageTitle":"Added \u003cUnknownCommandInputException\u003e exception class to catch unknown inputs given by user.","messageBody":"","tags":["Level-5"],"fileTypesAndContributionMap":{"java":{"insertions":22,"deletions":4}}}]},{"date":"2022-03-12","commitResults":[{"hash":"a949f8e857dd1451f42820577f47c2eacae11508","messageTitle":"Added ability to delete task in task list.","messageBody":"","tags":["Level-6"],"fileTypesAndContributionMap":{"java":{"insertions":27,"deletions":0}}}]},{"date":"2022-03-18","commitResults":[{"hash":"d065ca6e0775755e6acb49bf257982cca9488de8","messageTitle":"Perform code refactoring by: 1) Organise all files to be under \"com.calebjianhui.duke\". 2) Move all UI related matters to a separate package \"ui\"","messageBody":"","tags":["A-Packages"],"fileTypesAndContributionMap":{"java":{"insertions":138,"deletions":88},"bat":{"insertions":1,"deletions":1}}}]},{"date":"2022-03-19","commitResults":[{"hash":"cc45132998f2afad6f6086e30bd7a2b32011f67d","messageTitle":"These update includes: 1) Perform more OOP by segregating the code to their respective packages based on their relevant functions (commands, enums, parser, taskmanager, ui) 2) Removal of exception packages as it is not best practice to have its own package, instead it is placed in the relevant packages that calls it.","messageBody":"","tags":["A-MoreOOP","A-Enums"],"fileTypesAndContributionMap":{"java":{"insertions":563,"deletions":236}}}]},{"date":"2022-03-21","commitResults":[{"hash":"a74b858dbbba0993a1ee61301e053bb4114b9688","messageTitle":"Added functions: - Saving of tasks to file upon every update - Loading of tasks from file at start of program","messageBody":"Several refactoring was done with respect to adding of these new functions.\n","tags":["Level-7"],"fileTypesAndContributionMap":{"java":{"insertions":372,"deletions":56}}}]}]},"authorFileTypeContributionMap":{"CalebJianHui":{"java":1105,"md":0,"fxml":0,"sh":1,"bat":1,"gradle":0,"txt":14}},"authorContributionVariance":{"CalebJianHui":13116.935},"authorDisplayNameMap":{"CalebJianHui":"KOK .. HUI"}}
