{"authorDailyContributionsMap":{"CalebJianHui":[{"date":"2022-01-29","commitResults":[{"hash":"06bd3d24abaecdb7f9aff6dc8a327a363d4b3711","messageTitle":"Add functions for introductory message and dividers","messageBody":"","tags":["Level-0"],"fileTypesAndContributionMap":{"java":{"insertions":23,"deletions":6}}}]},{"date":"2022-01-30","commitResults":[{"hash":"029c37a965f7394f3b202448917a47e0588a5dbe","messageTitle":"Added function to print user\u0027s command till a terminating command is received. Also added comments for functions.","messageBody":"","fileTypesAndContributionMap":{"java":{"insertions":77,"deletions":13}}},{"hash":"f529bd892ef94d2c927837ab1f78e299978b0af8","messageTitle":"Added function to add and list tasks","messageBody":"","fileTypesAndContributionMap":{"java":{"insertions":42,"deletions":10}}}]},{"date":"2022-02-07","commitResults":[{"hash":"f224108d304025561c445739360a742312c661a9","messageTitle":"- Added Class: [Task] This is to keep track of the task status and its description.","messageBody":"- Updated taskList (arraylist) to contain Task instead of String\n","fileTypesAndContributionMap":{"java":{"insertions":53,"deletions":5}}},{"hash":"b8493f07bee596c1396e5f7ec8c1491027f99ad6","messageTitle":"Added the ability to update the status of task (done / not done).","messageBody":"","tags":["Level-3"],"fileTypesAndContributionMap":{"java":{"insertions":42,"deletions":0}}},{"hash":"b2cb2d72ff8b8f359bb8a68e34bd46b41d87bcf5","messageTitle":"Added Text UI Testing. Also modify the shell script to ignore whitespace as there seems to be an issue comparing tab spacing.","messageBody":"","tags":["A-TextUiTesting"],"fileTypesAndContributionMap":{"txt":{"insertions":8,"deletions":0},"sh":{"insertions":1,"deletions":1}}}]},{"date":"2022-02-09","commitResults":[{"hash":"a215e2b305bec91f422c7b6c4bc1717356dd3f99","messageTitle":"This commit contain the following updates:","messageBody":"1) Added 3 different types of Task:\n- ToDos\n- Deadlines\n- Events\nAll are classes that extends the primary \u003cTask\u003e class. With these, users can now add 3 different type of task in his list.\n\n2) Added a InvalidTaskInputException class\nThis will be used to handle events whereby no date is specified by the user for \u003cDeadlines\u003e and \u003cEvents\u003e\n\n3) Slight refactoring of codes to consolidate:\n- \u003cdetermineAction\u003e to know what is the command input by user\n- \u003cgetTaskDetails\u003e to get a string containing the full details of a task.\n","tags":["Level-4","A-Inheritance","A-Exceptions"],"fileTypesAndContributionMap":{"java":{"insertions":214,"deletions":17}}},{"hash":"98b67c7df2bb00f3ce3db939d193260be689776e","messageTitle":"Updated Text UI Testing.","messageBody":"","fileTypesAndContributionMap":{"txt":{"insertions":12,"deletions":6},"java":{"insertions":0,"deletions":41}}}]},{"date":"2022-02-17","commitResults":[{"hash":"31bcaf6e1712a1b38334e4b261caf3b46e19e469","messageTitle":"Added \u003cUnknownCommandInputException\u003e exception class to catch unknown inputs given by user.","messageBody":"","tags":["Level-5"],"fileTypesAndContributionMap":{"java":{"insertions":22,"deletions":4}}}]},{"date":"2022-03-12","commitResults":[{"hash":"a949f8e857dd1451f42820577f47c2eacae11508","messageTitle":"Added ability to delete task in task list.","messageBody":"","tags":["Level-6"],"fileTypesAndContributionMap":{"java":{"insertions":27,"deletions":0}}}]},{"date":"2022-03-18","commitResults":[{"hash":"d065ca6e0775755e6acb49bf257982cca9488de8","messageTitle":"Perform code refactoring by: 1) Organise all files to be under \"com.calebjianhui.duke\". 2) Move all UI related matters to a separate package \"ui\"","messageBody":"","tags":["A-Packages"],"fileTypesAndContributionMap":{"java":{"insertions":138,"deletions":88},"bat":{"insertions":1,"deletions":1}}}]},{"date":"2022-03-19","commitResults":[{"hash":"cc45132998f2afad6f6086e30bd7a2b32011f67d","messageTitle":"These update includes: 1) Perform more OOP by segregating the code to their respective packages based on their relevant functions (commands, enums, parser, taskmanager, ui) 2) Removal of exception packages as it is not best practice to have its own package, instead it is placed in the relevant packages that calls it.","messageBody":"","tags":["A-MoreOOP","A-Enums"],"fileTypesAndContributionMap":{"java":{"insertions":563,"deletions":236}}}]},{"date":"2022-03-21","commitResults":[{"hash":"a74b858dbbba0993a1ee61301e053bb4114b9688","messageTitle":"Added functions: - Saving of tasks to file upon every update - Loading of tasks from file at start of program","messageBody":"Several refactoring was done with respect to adding of these new functions.\n","tags":["Level-7"],"fileTypesAndContributionMap":{"java":{"insertions":372,"deletions":56}}}]},{"date":"2022-03-30","commitResults":[{"hash":"2fd13c70a42be6f0f62266f73154a1972056c736","messageTitle":"Update gradle files to compile properly","messageBody":"","tags":["A-Gradle"],"fileTypesAndContributionMap":{"gradle":{"insertions":2,"deletions":1}}}]},{"date":"2022-04-07","commitResults":[{"hash":"da4c66a3ed8e25757f30d896ffbbafaab658305e","messageTitle":"Added the ability to recognise date and time set for a deadline/event.","messageBody":"Also added:\n- A \u003cPair\u003e data structure to hold 2 values in a single data structure.\n","tags":["Level-8"],"fileTypesAndContributionMap":{"java":{"insertions":127,"deletions":18}}}]},{"date":"2022-04-09","commitResults":[{"hash":"0de8200b6665c02fea048df3d37392440b8b2061","messageTitle":"Added the ability to edit the details of task. Also refactor exception \u003cCommand\u003e and \u003cException\u003e classes.","messageBody":"","fileTypesAndContributionMap":{"java":{"insertions":164,"deletions":94}}}]},{"date":"2022-04-10","commitResults":[{"hash":"86854458615823b1c497c354ebb7d517bbcbd2c6","messageTitle":"This updates includes the following: 1) Added function to clone task. 2) Segregated date features from task to a single interface class \u003cDateModule\u003e. All related function are stated in the same interface class. 3) Fix a minor bug that does not keep the proper formatting for saved task.","messageBody":"","tags":["C-Update"],"fileTypesAndContributionMap":{"java":{"insertions":178,"deletions":35}}},{"hash":"ba42c62f126a3e0f956284bf7c4d5331190ca2d2","messageTitle":"Added the ability to find tasks that matches the provided keyword in 2 different ways: 1) By exact word matching 2) By characters matching","messageBody":"","tags":["Level-9"],"fileTypesAndContributionMap":{"java":{"insertions":109,"deletions":7}}},{"hash":"9d5a3e191d36a22e175615325e32f6e1f85e5ddc","messageTitle":"Added a new variant of task \u003cFixedDurationTask\u003e. This keeps track of tasks that does not have a fixed start/end time but takes a fixed amount of time.","messageBody":"","tags":["B-FixedDurationTasks"],"fileTypesAndContributionMap":{"java":{"insertions":149,"deletions":22}}}]},{"date":"2022-04-11","commitResults":[{"hash":"45c4b582b3f216a526c5e147591005c639ac6053","messageTitle":"Usage of assertions throughout project and some minor code quality improvements.","messageBody":"","tags":["A-Assertions"],"fileTypesAndContributionMap":{"java":{"insertions":104,"deletions":70}}},{"hash":"1dcd3f5a1af8d266f82e0d7a5ae1b251a5c9d7c0","messageTitle":"Fixed an issue whereby the input command length is not check properly before adding to task list.","messageBody":"","fileTypesAndContributionMap":{"java":{"insertions":28,"deletions":0}}},{"hash":"6bef231e0b1e31d0d8d7bb41b399e271da38d3e7","messageTitle":"Added the ability to view: 1) All Upcoming events / deadlines 2) All Upcoming events / deadlines on a specific date All results are automatically sorted based on the datetime of task.","messageBody":"","tags":["C-Sort","B-ViewSchedules","A-Lambdas"],"fileTypesAndContributionMap":{"java":{"insertions":294,"deletions":37}}},{"hash":"2ff7db4604fbcbc29b07aeb2828f51e8edea4e84","messageTitle":"Refactor of code to include the type of tasks when viewing of task list.","messageBody":"","fileTypesAndContributionMap":{"java":{"insertions":2,"deletions":0}}},{"hash":"95e22200b444923ef9e8b4d4e73d121f454e57e5","messageTitle":"Refactor to remove ununsed code portions","messageBody":"","fileTypesAndContributionMap":{"java":{"insertions":1,"deletions":87}}}]},{"date":"2022-04-13","commitResults":[{"hash":"5b41d46c7d0103d94a7ec79e12cc09fabb3fb5f0","messageTitle":"Added and refine JavaDoc for all classes (other than exception classes).","messageBody":"","tags":["A-JavaDoc"],"fileTypesAndContributionMap":{"java":{"insertions":458,"deletions":112}}},{"hash":"de8de8913831a64b2283ab5cc7c228224d08169a","messageTitle":"Added JUnit tests for TaskManager","messageBody":"","fileTypesAndContributionMap":{"java":{"insertions":114,"deletions":1}}},{"hash":"99df3bf97e0cc98e396845b4bd894b13ecd5bc1d","messageTitle":"Added the ability to delete all tasks at a go.","messageBody":"","tags":["C-MassOps"],"fileTypesAndContributionMap":{"java":{"insertions":38,"deletions":23}}},{"hash":"8e2ff947b34f607b641f1a323c77fb5ee327832d","messageTitle":"Added JUnit Tests for InputParser","messageBody":"","tags":["A-JUnit"],"fileTypesAndContributionMap":{"java":{"insertions":53,"deletions":3}}},{"hash":"b712f31e282a652b83335cc9141a37d5a70b8dbd","messageTitle":"Refactor to improve code quality.","messageBody":"","tags":["A-CodeQuality"],"fileTypesAndContributionMap":{"java":{"insertions":210,"deletions":124}}},{"hash":"da983d92a89e0ba9d4af908d21828b942cc1d0ef","messageTitle":"Added checkstyle to comply with \"se-edu\" coding standard. Also perform refactoring to comply with the said standard.","messageBody":"","tags":["A-CodingStandard"],"fileTypesAndContributionMap":{"java":{"insertions":336,"deletions":262}}}]},{"date":"2022-04-14","commitResults":[{"hash":"b136c9b50328c5ad3bab47e7539d6ab16ecc2c98","messageTitle":"Added a help command to aid the user in understanding the program.","messageBody":"","tags":["C-Help"],"fileTypesAndContributionMap":{"java":{"insertions":301,"deletions":69}}},{"hash":"103ed37b3852e23595a432a478256a93752e9952","messageTitle":"Updated error message for user to understand the exact cause.","messageBody":"","fileTypesAndContributionMap":{"java":{"insertions":2,"deletions":1}}},{"hash":"8da37bbfc7bdaad4db242171ac7a348c16d082c4","messageTitle":"Updated indentation for tabs to spaces for JAR file.","messageBody":"","fileTypesAndContributionMap":{"java":{"insertions":61,"deletions":61}}},{"hash":"1fb923f4eeaa98c65b9fa98658de78ddc133a645","messageTitle":"Update JUnit tests.","messageBody":"","fileTypesAndContributionMap":{"java":{"insertions":15,"deletions":15}}}]}]},"authorFileTypeContributionMap":{"CalebJianHui":{"java":2808,"md":0,"fxml":0,"sh":1,"bat":1,"gradle":2,"txt":14}},"authorContributionVariance":{"CalebJianHui":48820.56},"authorDisplayNameMap":{"CalebJianHui":"KOK .. HUI"}}
