[{"path":"README.md","fileType":"md","lines":[{"lineNumber":1,"author":{"gitId":"jaydencjs"},"content":"# main.Duke project template","lastModifiedDate":"2022-03-19"},{"lineNumber":2,"author":{"gitId":"-"},"content":"","lastModifiedDate":"2020-05-25"},{"lineNumber":3,"author":{"gitId":"-"},"content":"This is a project template for a greenfield Java project. It\u0027s named after the Java mascot _Duke_. Given below are instructions on how to use it.","lastModifiedDate":"2020-05-25"},{"lineNumber":4,"author":{"gitId":"-"},"content":"","lastModifiedDate":"2020-05-25"},{"lineNumber":5,"author":{"gitId":"-"},"content":"## Setting up in Intellij","lastModifiedDate":"2020-05-25"},{"lineNumber":6,"author":{"gitId":"-"},"content":"","lastModifiedDate":"2020-05-25"},{"lineNumber":7,"author":{"gitId":"-"},"content":"Prerequisites: JDK 11, update Intellij to the most recent version.","lastModifiedDate":"2020-05-25"},{"lineNumber":8,"author":{"gitId":"-"},"content":"","lastModifiedDate":"2020-05-25"},{"lineNumber":9,"author":{"gitId":"-"},"content":"1. Open Intellij (if you are not in the welcome screen, click `File` \u003e `Close Project` to close the existing project first)","lastModifiedDate":"2021-01-17"},{"lineNumber":10,"author":{"gitId":"-"},"content":"1. Open the project into Intellij as follows:","lastModifiedDate":"2021-01-17"},{"lineNumber":11,"author":{"gitId":"-"},"content":"   1. Click `Open`.","lastModifiedDate":"2021-01-17"},{"lineNumber":12,"author":{"gitId":"-"},"content":"   1. Select the project directory, and click `OK`.","lastModifiedDate":"2021-01-17"},{"lineNumber":13,"author":{"gitId":"-"},"content":"   1. If there are any further prompts, accept the defaults.","lastModifiedDate":"2020-05-25"},{"lineNumber":14,"author":{"gitId":"-"},"content":"1. Configure the project to use **JDK 11** (not other versions) as explained in [here](https://www.jetbrains.com/help/idea/sdk.html#set-up-jdk).\u003cbr\u003e","lastModifiedDate":"2021-07-29"},{"lineNumber":15,"author":{"gitId":"-"},"content":"   In the same dialog, set the **Project language level** field to the `SDK default` option.","lastModifiedDate":"2021-07-29"},{"lineNumber":16,"author":{"gitId":"jaydencjs"},"content":"3. After that, locate the `src/main/java/main.Duke.java` file, right-click it, and choose `Run main.Duke.main()` (if the code editor is showing compile errors, try restarting the IDE). If the setup is correct, you should see something like the below as the output:","lastModifiedDate":"2022-03-19"},{"lineNumber":17,"author":{"gitId":"-"},"content":"   ```","lastModifiedDate":"2020-05-25"},{"lineNumber":18,"author":{"gitId":"-"},"content":"   Hello from","lastModifiedDate":"2020-05-25"},{"lineNumber":19,"author":{"gitId":"-"},"content":"    ____        _        ","lastModifiedDate":"2020-05-25"},{"lineNumber":20,"author":{"gitId":"-"},"content":"   |  _ \\ _   _| | _____ ","lastModifiedDate":"2020-05-25"},{"lineNumber":21,"author":{"gitId":"-"},"content":"   | | | | | | | |/ / _ \\","lastModifiedDate":"2020-05-25"},{"lineNumber":22,"author":{"gitId":"-"},"content":"   | |_| | |_| |   \u003c  __/","lastModifiedDate":"2020-05-25"},{"lineNumber":23,"author":{"gitId":"-"},"content":"   |____/ \\__,_|_|\\_\\___|","lastModifiedDate":"2020-05-25"},{"lineNumber":24,"author":{"gitId":"-"},"content":"   ```","lastModifiedDate":"2020-05-25"}],"authorContributionMap":{"jaydencjs":2,"-":22}},{"path":"build.gradle","fileType":"gradle","lines":[{"lineNumber":1,"author":{"gitId":"-"},"content":"plugins {","lastModifiedDate":"2020-05-25"},{"lineNumber":2,"author":{"gitId":"-"},"content":"    id \u0027java\u0027","lastModifiedDate":"2020-05-25"},{"lineNumber":3,"author":{"gitId":"-"},"content":"    id \u0027application\u0027","lastModifiedDate":"2020-05-25"},{"lineNumber":4,"author":{"gitId":"-"},"content":"    id \u0027checkstyle\u0027","lastModifiedDate":"2020-05-25"},{"lineNumber":5,"author":{"gitId":"-"},"content":"    id \u0027com.github.johnrengelman.shadow\u0027 version \u00275.1.0\u0027","lastModifiedDate":"2020-05-25"},{"lineNumber":6,"author":{"gitId":"-"},"content":"}","lastModifiedDate":"2020-05-25"},{"lineNumber":7,"author":{"gitId":"-"},"content":"","lastModifiedDate":"2020-05-25"},{"lineNumber":8,"author":{"gitId":"-"},"content":"repositories {","lastModifiedDate":"2020-05-25"},{"lineNumber":9,"author":{"gitId":"-"},"content":"    mavenCentral()","lastModifiedDate":"2020-05-25"},{"lineNumber":10,"author":{"gitId":"-"},"content":"}","lastModifiedDate":"2020-05-25"},{"lineNumber":11,"author":{"gitId":"-"},"content":"","lastModifiedDate":"2020-05-25"},{"lineNumber":12,"author":{"gitId":"-"},"content":"dependencies {","lastModifiedDate":"2020-05-25"},{"lineNumber":13,"author":{"gitId":"-"},"content":"    testImplementation group: \u0027org.junit.jupiter\u0027, name: \u0027junit-jupiter-api\u0027, version: \u00275.5.0\u0027","lastModifiedDate":"2020-05-25"},{"lineNumber":14,"author":{"gitId":"-"},"content":"    testRuntimeOnly group: \u0027org.junit.jupiter\u0027, name: \u0027junit-jupiter-engine\u0027, version: \u00275.5.0\u0027","lastModifiedDate":"2020-05-25"},{"lineNumber":15,"author":{"gitId":"-"},"content":"}","lastModifiedDate":"2020-05-25"},{"lineNumber":16,"author":{"gitId":"-"},"content":"","lastModifiedDate":"2020-05-25"},{"lineNumber":17,"author":{"gitId":"-"},"content":"test {","lastModifiedDate":"2020-05-25"},{"lineNumber":18,"author":{"gitId":"-"},"content":"    useJUnitPlatform()","lastModifiedDate":"2020-05-25"},{"lineNumber":19,"author":{"gitId":"-"},"content":"","lastModifiedDate":"2020-05-25"},{"lineNumber":20,"author":{"gitId":"-"},"content":"    testLogging {","lastModifiedDate":"2020-05-25"},{"lineNumber":21,"author":{"gitId":"-"},"content":"        events \"passed\", \"skipped\", \"failed\"","lastModifiedDate":"2020-05-25"},{"lineNumber":22,"author":{"gitId":"-"},"content":"","lastModifiedDate":"2020-05-25"},{"lineNumber":23,"author":{"gitId":"-"},"content":"        showExceptions true","lastModifiedDate":"2020-05-25"},{"lineNumber":24,"author":{"gitId":"-"},"content":"        exceptionFormat \"full\"","lastModifiedDate":"2020-05-25"},{"lineNumber":25,"author":{"gitId":"-"},"content":"        showCauses true","lastModifiedDate":"2020-05-25"},{"lineNumber":26,"author":{"gitId":"-"},"content":"        showStackTraces true","lastModifiedDate":"2020-05-25"},{"lineNumber":27,"author":{"gitId":"-"},"content":"        showStandardStreams \u003d false","lastModifiedDate":"2020-05-25"},{"lineNumber":28,"author":{"gitId":"-"},"content":"    }","lastModifiedDate":"2020-05-25"},{"lineNumber":29,"author":{"gitId":"-"},"content":"}","lastModifiedDate":"2020-05-25"},{"lineNumber":30,"author":{"gitId":"-"},"content":"","lastModifiedDate":"2020-05-25"},{"lineNumber":31,"author":{"gitId":"-"},"content":"application {","lastModifiedDate":"2020-05-25"},{"lineNumber":32,"author":{"gitId":"jaydencjs"},"content":"    mainClassName \u003d \"main.Duke\"","lastModifiedDate":"2022-03-19"},{"lineNumber":33,"author":{"gitId":"-"},"content":"}","lastModifiedDate":"2020-05-25"},{"lineNumber":34,"author":{"gitId":"-"},"content":"","lastModifiedDate":"2020-05-25"},{"lineNumber":35,"author":{"gitId":"-"},"content":"shadowJar {","lastModifiedDate":"2020-05-25"},{"lineNumber":36,"author":{"gitId":"-"},"content":"    archiveBaseName \u003d \"duke\"","lastModifiedDate":"2020-05-25"},{"lineNumber":37,"author":{"gitId":"-"},"content":"    archiveClassifier \u003d null","lastModifiedDate":"2020-05-25"},{"lineNumber":38,"author":{"gitId":"-"},"content":"}","lastModifiedDate":"2020-05-25"},{"lineNumber":39,"author":{"gitId":"-"},"content":"","lastModifiedDate":"2020-05-25"},{"lineNumber":40,"author":{"gitId":"-"},"content":"checkstyle {","lastModifiedDate":"2020-05-25"},{"lineNumber":41,"author":{"gitId":"-"},"content":"    toolVersion \u003d \u00278.29\u0027","lastModifiedDate":"2020-05-25"},{"lineNumber":42,"author":{"gitId":"-"},"content":"}","lastModifiedDate":"2020-05-25"},{"lineNumber":43,"author":{"gitId":"-"},"content":"","lastModifiedDate":"2020-05-25"},{"lineNumber":44,"author":{"gitId":"-"},"content":"run{","lastModifiedDate":"2020-05-25"},{"lineNumber":45,"author":{"gitId":"-"},"content":"    standardInput \u003d System.in","lastModifiedDate":"2020-05-25"},{"lineNumber":46,"author":{"gitId":"-"},"content":"}","lastModifiedDate":"2020-05-25"}],"authorContributionMap":{"jaydencjs":1,"-":45}},{"path":"src/main/java/exception/InvalidInputException.java","fileType":"java","lines":[{"lineNumber":1,"author":{"gitId":"jaydencjs"},"content":"package exception;","lastModifiedDate":"2022-03-05"},{"lineNumber":2,"author":{"gitId":"jaydencjs"},"content":"","lastModifiedDate":"2022-03-05"},{"lineNumber":3,"author":{"gitId":"jaydencjs"},"content":"public class InvalidInputException extends Exception{","lastModifiedDate":"2022-02-20"},{"lineNumber":4,"author":{"gitId":"jaydencjs"},"content":"    ","lastModifiedDate":"2022-02-20"},{"lineNumber":5,"author":{"gitId":"jaydencjs"},"content":"}","lastModifiedDate":"2022-02-20"}],"authorContributionMap":{"jaydencjs":5}},{"path":"src/main/java/file/Data.java","fileType":"java","lines":[{"lineNumber":1,"author":{"gitId":"jaydencjs"},"content":"package file;","lastModifiedDate":"2022-03-05"},{"lineNumber":2,"author":{"gitId":"jaydencjs"},"content":"","lastModifiedDate":"2022-03-05"},{"lineNumber":3,"author":{"gitId":"jaydencjs"},"content":"import model.*;","lastModifiedDate":"2022-03-05"},{"lineNumber":4,"author":{"gitId":"jaydencjs"},"content":"import java.util.ArrayList;","lastModifiedDate":"2022-03-05"},{"lineNumber":5,"author":{"gitId":"jaydencjs"},"content":"import java.io.File;","lastModifiedDate":"2022-03-05"},{"lineNumber":6,"author":{"gitId":"jaydencjs"},"content":"import java.io.FileWriter;","lastModifiedDate":"2022-03-05"},{"lineNumber":7,"author":{"gitId":"jaydencjs"},"content":"import java.io.IOException;","lastModifiedDate":"2022-03-05"},{"lineNumber":8,"author":{"gitId":"jaydencjs"},"content":"import java.util.Scanner;","lastModifiedDate":"2022-03-05"},{"lineNumber":9,"author":{"gitId":"jaydencjs"},"content":"","lastModifiedDate":"2022-03-05"},{"lineNumber":10,"author":{"gitId":"jaydencjs"},"content":"public class Data {","lastModifiedDate":"2022-03-05"},{"lineNumber":11,"author":{"gitId":"jaydencjs"},"content":"","lastModifiedDate":"2022-03-05"},{"lineNumber":12,"author":{"gitId":"jaydencjs"},"content":"    private static String filePath \u003d \"data.txt\";","lastModifiedDate":"2022-03-05"},{"lineNumber":13,"author":{"gitId":"jaydencjs"},"content":"","lastModifiedDate":"2022-03-05"},{"lineNumber":14,"author":{"gitId":"jaydencjs"},"content":"    /**","lastModifiedDate":"2022-03-19"},{"lineNumber":15,"author":{"gitId":"jaydencjs"},"content":"     * Read the file based on the file path","lastModifiedDate":"2022-03-19"},{"lineNumber":16,"author":{"gitId":"jaydencjs"},"content":"     * Creating the task based on the task category","lastModifiedDate":"2022-03-19"},{"lineNumber":17,"author":{"gitId":"jaydencjs"},"content":"     *","lastModifiedDate":"2022-03-19"},{"lineNumber":18,"author":{"gitId":"jaydencjs"},"content":"     * @param taskList Existing task array to be added","lastModifiedDate":"2022-03-19"},{"lineNumber":19,"author":{"gitId":"jaydencjs"},"content":"     * @return Updated task array","lastModifiedDate":"2022-03-19"},{"lineNumber":20,"author":{"gitId":"jaydencjs"},"content":"     */","lastModifiedDate":"2022-03-19"},{"lineNumber":21,"author":{"gitId":"jaydencjs"},"content":"    public static ArrayList\u003cTask\u003e readFile(ArrayList\u003cTask\u003e taskList){","lastModifiedDate":"2022-03-05"},{"lineNumber":22,"author":{"gitId":"jaydencjs"},"content":"        File myObj \u003d new File(filePath);","lastModifiedDate":"2022-03-05"},{"lineNumber":23,"author":{"gitId":"jaydencjs"},"content":"        try {","lastModifiedDate":"2022-03-05"},{"lineNumber":24,"author":{"gitId":"jaydencjs"},"content":"            if (!myObj.createNewFile()) {","lastModifiedDate":"2022-03-05"},{"lineNumber":25,"author":{"gitId":"jaydencjs"},"content":"                Scanner myReader \u003d new Scanner(myObj);  ","lastModifiedDate":"2022-03-05"},{"lineNumber":26,"author":{"gitId":"jaydencjs"},"content":"                while (myReader.hasNextLine()) {","lastModifiedDate":"2022-03-05"},{"lineNumber":27,"author":{"gitId":"jaydencjs"},"content":"                    String line \u003d myReader.nextLine();","lastModifiedDate":"2022-03-05"},{"lineNumber":28,"author":{"gitId":"jaydencjs"},"content":"                    String[] lineList \u003d line.split(\"\\\\|\");","lastModifiedDate":"2022-03-05"},{"lineNumber":29,"author":{"gitId":"jaydencjs"},"content":"                    taskList.add(categoriseTask(lineList));","lastModifiedDate":"2022-03-05"},{"lineNumber":30,"author":{"gitId":"jaydencjs"},"content":"                }","lastModifiedDate":"2022-03-05"},{"lineNumber":31,"author":{"gitId":"jaydencjs"},"content":"                myReader.close();","lastModifiedDate":"2022-03-05"},{"lineNumber":32,"author":{"gitId":"jaydencjs"},"content":"            }","lastModifiedDate":"2022-03-05"},{"lineNumber":33,"author":{"gitId":"jaydencjs"},"content":"        } catch (IOException e) {","lastModifiedDate":"2022-03-05"},{"lineNumber":34,"author":{"gitId":"jaydencjs"},"content":"            System.out.println(\"An error occurred upon reading file.\");","lastModifiedDate":"2022-03-05"},{"lineNumber":35,"author":{"gitId":"jaydencjs"},"content":"        } ","lastModifiedDate":"2022-03-05"},{"lineNumber":36,"author":{"gitId":"jaydencjs"},"content":"        return taskList;","lastModifiedDate":"2022-03-05"},{"lineNumber":37,"author":{"gitId":"jaydencjs"},"content":"    }","lastModifiedDate":"2022-03-05"},{"lineNumber":38,"author":{"gitId":"jaydencjs"},"content":"","lastModifiedDate":"2022-03-05"},{"lineNumber":39,"author":{"gitId":"jaydencjs"},"content":"    /**","lastModifiedDate":"2022-03-19"},{"lineNumber":40,"author":{"gitId":"jaydencjs"},"content":"     * Write the file based on the file path","lastModifiedDate":"2022-03-19"},{"lineNumber":41,"author":{"gitId":"jaydencjs"},"content":"     *","lastModifiedDate":"2022-03-19"},{"lineNumber":42,"author":{"gitId":"jaydencjs"},"content":"     * @param taskList Existing task array to be written to the file","lastModifiedDate":"2022-03-19"},{"lineNumber":43,"author":{"gitId":"jaydencjs"},"content":"     */","lastModifiedDate":"2022-03-19"},{"lineNumber":44,"author":{"gitId":"jaydencjs"},"content":"    public static void writeFile(ArrayList\u003cTask\u003e taskList){","lastModifiedDate":"2022-03-05"},{"lineNumber":45,"author":{"gitId":"jaydencjs"},"content":"        try{","lastModifiedDate":"2022-03-05"},{"lineNumber":46,"author":{"gitId":"jaydencjs"},"content":"            FileWriter myObj \u003d new FileWriter(filePath);","lastModifiedDate":"2022-03-05"},{"lineNumber":47,"author":{"gitId":"jaydencjs"},"content":"            for(Task t : taskList){","lastModifiedDate":"2022-03-05"},{"lineNumber":48,"author":{"gitId":"jaydencjs"},"content":"                myObj.write(t.toFileString());","lastModifiedDate":"2022-03-05"},{"lineNumber":49,"author":{"gitId":"jaydencjs"},"content":"                myObj.write(\"\\n\");","lastModifiedDate":"2022-03-05"},{"lineNumber":50,"author":{"gitId":"jaydencjs"},"content":"            }","lastModifiedDate":"2022-03-05"},{"lineNumber":51,"author":{"gitId":"jaydencjs"},"content":"            myObj.close();","lastModifiedDate":"2022-03-05"},{"lineNumber":52,"author":{"gitId":"jaydencjs"},"content":"        } catch (IOException e) {","lastModifiedDate":"2022-03-05"},{"lineNumber":53,"author":{"gitId":"jaydencjs"},"content":"            System.out.println(\"An error occurred upon reading file.\");","lastModifiedDate":"2022-03-05"},{"lineNumber":54,"author":{"gitId":"jaydencjs"},"content":"        }","lastModifiedDate":"2022-03-05"},{"lineNumber":55,"author":{"gitId":"jaydencjs"},"content":"    }","lastModifiedDate":"2022-03-05"},{"lineNumber":56,"author":{"gitId":"jaydencjs"},"content":"","lastModifiedDate":"2022-03-05"},{"lineNumber":57,"author":{"gitId":"jaydencjs"},"content":"    private static Task categoriseTask(String[] lineList){","lastModifiedDate":"2022-03-05"},{"lineNumber":58,"author":{"gitId":"jaydencjs"},"content":"        Task task;","lastModifiedDate":"2022-03-05"},{"lineNumber":59,"author":{"gitId":"jaydencjs"},"content":"        if(lineList[0].equals(\"E\")){","lastModifiedDate":"2022-03-05"},{"lineNumber":60,"author":{"gitId":"jaydencjs"},"content":"            task \u003d new Event(lineList[2], lineList[3]);","lastModifiedDate":"2022-03-05"},{"lineNumber":61,"author":{"gitId":"jaydencjs"},"content":"        }","lastModifiedDate":"2022-03-05"},{"lineNumber":62,"author":{"gitId":"jaydencjs"},"content":"        else if(lineList[0].equals(\"D\")){","lastModifiedDate":"2022-03-05"},{"lineNumber":63,"author":{"gitId":"jaydencjs"},"content":"            task \u003d new Deadline(lineList[2], lineList[3]);","lastModifiedDate":"2022-03-05"},{"lineNumber":64,"author":{"gitId":"jaydencjs"},"content":"        }","lastModifiedDate":"2022-03-05"},{"lineNumber":65,"author":{"gitId":"jaydencjs"},"content":"        else {","lastModifiedDate":"2022-03-05"},{"lineNumber":66,"author":{"gitId":"jaydencjs"},"content":"            task \u003d new Todo(lineList[2]);","lastModifiedDate":"2022-03-05"},{"lineNumber":67,"author":{"gitId":"jaydencjs"},"content":"        }","lastModifiedDate":"2022-03-05"},{"lineNumber":68,"author":{"gitId":"jaydencjs"},"content":"        if(lineList[1].equals(\"1\")){","lastModifiedDate":"2022-03-05"},{"lineNumber":69,"author":{"gitId":"jaydencjs"},"content":"            task.setDone(true);","lastModifiedDate":"2022-03-05"},{"lineNumber":70,"author":{"gitId":"jaydencjs"},"content":"        }","lastModifiedDate":"2022-03-05"},{"lineNumber":71,"author":{"gitId":"jaydencjs"},"content":"        return task;","lastModifiedDate":"2022-03-05"},{"lineNumber":72,"author":{"gitId":"jaydencjs"},"content":"    }","lastModifiedDate":"2022-03-05"},{"lineNumber":73,"author":{"gitId":"jaydencjs"},"content":"}","lastModifiedDate":"2022-03-05"}],"authorContributionMap":{"jaydencjs":73}},{"path":"src/main/java/input/User.java","fileType":"java","lines":[{"lineNumber":1,"author":{"gitId":"jaydencjs"},"content":"package input;","lastModifiedDate":"2022-03-05"},{"lineNumber":2,"author":{"gitId":"jaydencjs"},"content":"","lastModifiedDate":"2022-03-05"},{"lineNumber":3,"author":{"gitId":"jaydencjs"},"content":"import java.util.ArrayList;","lastModifiedDate":"2022-03-05"},{"lineNumber":4,"author":{"gitId":"jaydencjs"},"content":"","lastModifiedDate":"2022-03-05"},{"lineNumber":5,"author":{"gitId":"jaydencjs"},"content":"import exception.*;","lastModifiedDate":"2022-03-05"},{"lineNumber":6,"author":{"gitId":"jaydencjs"},"content":"import model.*;","lastModifiedDate":"2022-03-05"},{"lineNumber":7,"author":{"gitId":"jaydencjs"},"content":"import static file.Data.*;","lastModifiedDate":"2022-03-05"},{"lineNumber":8,"author":{"gitId":"jaydencjs"},"content":"","lastModifiedDate":"2022-03-05"},{"lineNumber":9,"author":{"gitId":"jaydencjs"},"content":"public class User {","lastModifiedDate":"2022-03-05"},{"lineNumber":10,"author":{"gitId":"jaydencjs"},"content":"    private static ArrayList\u003cTask\u003e taskList \u003d new ArrayList\u003c\u003e();","lastModifiedDate":"2022-03-05"},{"lineNumber":11,"author":{"gitId":"jaydencjs"},"content":"","lastModifiedDate":"2022-03-05"},{"lineNumber":12,"author":{"gitId":"jaydencjs"},"content":"    /**","lastModifiedDate":"2022-03-19"},{"lineNumber":13,"author":{"gitId":"jaydencjs"},"content":"     * Adding task to the array list based on the type","lastModifiedDate":"2022-03-19"},{"lineNumber":14,"author":{"gitId":"jaydencjs"},"content":"     *","lastModifiedDate":"2022-03-19"},{"lineNumber":15,"author":{"gitId":"jaydencjs"},"content":"     * @param desc Description of the task","lastModifiedDate":"2022-03-19"},{"lineNumber":16,"author":{"gitId":"jaydencjs"},"content":"     * @param type Type of the task","lastModifiedDate":"2022-03-19"},{"lineNumber":17,"author":{"gitId":"jaydencjs"},"content":"     * @return Created new task","lastModifiedDate":"2022-03-19"},{"lineNumber":18,"author":{"gitId":"jaydencjs"},"content":"     */","lastModifiedDate":"2022-03-19"},{"lineNumber":19,"author":{"gitId":"jaydencjs"},"content":"    public static Task addSpecificTask(String desc, String type) throws InvalidInputException{","lastModifiedDate":"2022-03-05"},{"lineNumber":20,"author":{"gitId":"jaydencjs"},"content":"        if(type.equals(\"todo\")){","lastModifiedDate":"2022-03-05"},{"lineNumber":21,"author":{"gitId":"jaydencjs"},"content":"            taskList.add(new Todo(desc));","lastModifiedDate":"2022-03-05"},{"lineNumber":22,"author":{"gitId":"jaydencjs"},"content":"        }","lastModifiedDate":"2022-03-05"},{"lineNumber":23,"author":{"gitId":"jaydencjs"},"content":"        else if(type.equals(\"deadline\")){","lastModifiedDate":"2022-03-05"},{"lineNumber":24,"author":{"gitId":"jaydencjs"},"content":"            String[] deadlineArr \u003d desc.split(\" /by \");","lastModifiedDate":"2022-03-05"},{"lineNumber":25,"author":{"gitId":"jaydencjs"},"content":"            if(deadlineArr.length \u003c 2){","lastModifiedDate":"2022-03-05"},{"lineNumber":26,"author":{"gitId":"jaydencjs"},"content":"                throw new InvalidInputException();","lastModifiedDate":"2022-03-05"},{"lineNumber":27,"author":{"gitId":"jaydencjs"},"content":"            }","lastModifiedDate":"2022-03-05"},{"lineNumber":28,"author":{"gitId":"jaydencjs"},"content":"            taskList.add(new Deadline(deadlineArr[0], deadlineArr[1]));","lastModifiedDate":"2022-03-05"},{"lineNumber":29,"author":{"gitId":"jaydencjs"},"content":"        }","lastModifiedDate":"2022-03-05"},{"lineNumber":30,"author":{"gitId":"jaydencjs"},"content":"        else if(type.equals(\"event\")){","lastModifiedDate":"2022-03-05"},{"lineNumber":31,"author":{"gitId":"jaydencjs"},"content":"            String[] eventArr \u003d desc.split(\" /at \");","lastModifiedDate":"2022-03-05"},{"lineNumber":32,"author":{"gitId":"jaydencjs"},"content":"            if(eventArr.length \u003c 2){","lastModifiedDate":"2022-03-05"},{"lineNumber":33,"author":{"gitId":"jaydencjs"},"content":"                throw new InvalidInputException();","lastModifiedDate":"2022-03-05"},{"lineNumber":34,"author":{"gitId":"jaydencjs"},"content":"            }","lastModifiedDate":"2022-03-05"},{"lineNumber":35,"author":{"gitId":"jaydencjs"},"content":"            taskList.add(new Event(eventArr[0], eventArr[1]));","lastModifiedDate":"2022-03-05"},{"lineNumber":36,"author":{"gitId":"jaydencjs"},"content":"        }","lastModifiedDate":"2022-03-05"},{"lineNumber":37,"author":{"gitId":"jaydencjs"},"content":"        return taskList.get(taskList.size() - 1);","lastModifiedDate":"2022-03-05"},{"lineNumber":38,"author":{"gitId":"jaydencjs"},"content":"    }","lastModifiedDate":"2022-03-05"},{"lineNumber":39,"author":{"gitId":"jaydencjs"},"content":"","lastModifiedDate":"2022-03-05"},{"lineNumber":40,"author":{"gitId":"jaydencjs"},"content":"    /**","lastModifiedDate":"2022-03-19"},{"lineNumber":41,"author":{"gitId":"jaydencjs"},"content":"     * Print the task within the array list","lastModifiedDate":"2022-03-19"},{"lineNumber":42,"author":{"gitId":"jaydencjs"},"content":"     *","lastModifiedDate":"2022-03-19"},{"lineNumber":43,"author":{"gitId":"jaydencjs"},"content":"     */","lastModifiedDate":"2022-03-19"},{"lineNumber":44,"author":{"gitId":"jaydencjs"},"content":"    public static void printTask(){","lastModifiedDate":"2022-03-05"},{"lineNumber":45,"author":{"gitId":"jaydencjs"},"content":"        for(int i \u003d 0; i \u003c taskList.size(); i ++){","lastModifiedDate":"2022-03-05"},{"lineNumber":46,"author":{"gitId":"jaydencjs"},"content":"            System.out.print((i + 1) + \". \");","lastModifiedDate":"2022-03-05"},{"lineNumber":47,"author":{"gitId":"jaydencjs"},"content":"            taskList.get(i).printTask();","lastModifiedDate":"2022-03-05"},{"lineNumber":48,"author":{"gitId":"jaydencjs"},"content":"        }","lastModifiedDate":"2022-03-05"},{"lineNumber":49,"author":{"gitId":"jaydencjs"},"content":"    }","lastModifiedDate":"2022-03-05"},{"lineNumber":50,"author":{"gitId":"jaydencjs"},"content":"","lastModifiedDate":"2022-03-05"},{"lineNumber":51,"author":{"gitId":"jaydencjs"},"content":"    /**","lastModifiedDate":"2022-03-19"},{"lineNumber":52,"author":{"gitId":"jaydencjs"},"content":"     * Marking the task as completed/incomplete","lastModifiedDate":"2022-03-19"},{"lineNumber":53,"author":{"gitId":"jaydencjs"},"content":"     *","lastModifiedDate":"2022-03-19"},{"lineNumber":54,"author":{"gitId":"jaydencjs"},"content":"     * @param userInput determine which task to be mark","lastModifiedDate":"2022-03-19"},{"lineNumber":55,"author":{"gitId":"jaydencjs"},"content":"     * @param completed to mark the task as complete/incomplete","lastModifiedDate":"2022-03-19"},{"lineNumber":56,"author":{"gitId":"jaydencjs"},"content":"     */","lastModifiedDate":"2022-03-19"},{"lineNumber":57,"author":{"gitId":"jaydencjs"},"content":"    public static void markTask(String userInput, boolean completed){","lastModifiedDate":"2022-03-05"},{"lineNumber":58,"author":{"gitId":"jaydencjs"},"content":"        int taskNo \u003d Integer.parseInt(userInput.split(\" \")[1]) - 1;","lastModifiedDate":"2022-03-05"},{"lineNumber":59,"author":{"gitId":"jaydencjs"},"content":"        taskList.get(taskNo).setDone(completed);","lastModifiedDate":"2022-03-05"},{"lineNumber":60,"author":{"gitId":"jaydencjs"},"content":"        taskList.get(taskNo).printTask();","lastModifiedDate":"2022-03-05"},{"lineNumber":61,"author":{"gitId":"jaydencjs"},"content":"    }","lastModifiedDate":"2022-03-05"},{"lineNumber":62,"author":{"gitId":"jaydencjs"},"content":"","lastModifiedDate":"2022-03-05"},{"lineNumber":63,"author":{"gitId":"jaydencjs"},"content":"    /**","lastModifiedDate":"2022-03-19"},{"lineNumber":64,"author":{"gitId":"jaydencjs"},"content":"     * Delete the task","lastModifiedDate":"2022-03-19"},{"lineNumber":65,"author":{"gitId":"jaydencjs"},"content":"     *","lastModifiedDate":"2022-03-19"},{"lineNumber":66,"author":{"gitId":"jaydencjs"},"content":"     * @param no determine which task to be delete","lastModifiedDate":"2022-03-19"},{"lineNumber":67,"author":{"gitId":"jaydencjs"},"content":"     * @return Deleted task","lastModifiedDate":"2022-03-19"},{"lineNumber":68,"author":{"gitId":"jaydencjs"},"content":"     */","lastModifiedDate":"2022-03-19"},{"lineNumber":69,"author":{"gitId":"jaydencjs"},"content":"    public static Task deleteTask(int no){","lastModifiedDate":"2022-03-05"},{"lineNumber":70,"author":{"gitId":"jaydencjs"},"content":"        Task task \u003d taskList.get(no);","lastModifiedDate":"2022-03-05"},{"lineNumber":71,"author":{"gitId":"jaydencjs"},"content":"        taskList.remove(no);","lastModifiedDate":"2022-03-05"},{"lineNumber":72,"author":{"gitId":"jaydencjs"},"content":"        return task;","lastModifiedDate":"2022-03-05"},{"lineNumber":73,"author":{"gitId":"jaydencjs"},"content":"    }","lastModifiedDate":"2022-03-05"},{"lineNumber":74,"author":{"gitId":"jaydencjs"},"content":"","lastModifiedDate":"2022-03-05"},{"lineNumber":75,"author":{"gitId":"jaydencjs"},"content":"    /**","lastModifiedDate":"2022-03-19"},{"lineNumber":76,"author":{"gitId":"jaydencjs"},"content":"     * Retrieving the task from text file and store it","lastModifiedDate":"2022-03-19"},{"lineNumber":77,"author":{"gitId":"jaydencjs"},"content":"     *","lastModifiedDate":"2022-03-19"},{"lineNumber":78,"author":{"gitId":"jaydencjs"},"content":"     */","lastModifiedDate":"2022-03-19"},{"lineNumber":79,"author":{"gitId":"jaydencjs"},"content":"    public static void retrieveInitData(){","lastModifiedDate":"2022-03-05"},{"lineNumber":80,"author":{"gitId":"jaydencjs"},"content":"        taskList \u003d readFile(taskList);","lastModifiedDate":"2022-03-05"},{"lineNumber":81,"author":{"gitId":"jaydencjs"},"content":"    }","lastModifiedDate":"2022-03-05"},{"lineNumber":82,"author":{"gitId":"jaydencjs"},"content":"","lastModifiedDate":"2022-03-05"},{"lineNumber":83,"author":{"gitId":"jaydencjs"},"content":"    /**","lastModifiedDate":"2022-03-19"},{"lineNumber":84,"author":{"gitId":"jaydencjs"},"content":"     * Save the task to the text file","lastModifiedDate":"2022-03-19"},{"lineNumber":85,"author":{"gitId":"jaydencjs"},"content":"     *","lastModifiedDate":"2022-03-19"},{"lineNumber":86,"author":{"gitId":"jaydencjs"},"content":"     */","lastModifiedDate":"2022-03-19"},{"lineNumber":87,"author":{"gitId":"jaydencjs"},"content":"    public static void saveData(){","lastModifiedDate":"2022-03-05"},{"lineNumber":88,"author":{"gitId":"jaydencjs"},"content":"        writeFile(taskList);","lastModifiedDate":"2022-03-05"},{"lineNumber":89,"author":{"gitId":"jaydencjs"},"content":"    }","lastModifiedDate":"2022-03-05"},{"lineNumber":90,"author":{"gitId":"jaydencjs"},"content":"","lastModifiedDate":"2022-03-05"},{"lineNumber":91,"author":{"gitId":"jaydencjs"},"content":"    /**","lastModifiedDate":"2022-03-19"},{"lineNumber":92,"author":{"gitId":"jaydencjs"},"content":"     * Get the count of the task","lastModifiedDate":"2022-03-19"},{"lineNumber":93,"author":{"gitId":"jaydencjs"},"content":"     *","lastModifiedDate":"2022-03-19"},{"lineNumber":94,"author":{"gitId":"jaydencjs"},"content":"     * @return Count of the task","lastModifiedDate":"2022-03-19"},{"lineNumber":95,"author":{"gitId":"jaydencjs"},"content":"     */","lastModifiedDate":"2022-03-19"},{"lineNumber":96,"author":{"gitId":"jaydencjs"},"content":"    public static int getTaskList(){","lastModifiedDate":"2022-03-05"},{"lineNumber":97,"author":{"gitId":"jaydencjs"},"content":"        return taskList.size();","lastModifiedDate":"2022-03-05"},{"lineNumber":98,"author":{"gitId":"jaydencjs"},"content":"    }","lastModifiedDate":"2022-03-05"},{"lineNumber":99,"author":{"gitId":"jaydencjs"},"content":"}","lastModifiedDate":"2022-03-05"}],"authorContributionMap":{"jaydencjs":99}},{"path":"src/main/java/main/Duke.java","fileType":"java","lines":[{"lineNumber":1,"author":{"gitId":"jaydencjs"},"content":"package main;","lastModifiedDate":"2022-03-19"},{"lineNumber":2,"author":{"gitId":"jaydencjs"},"content":"","lastModifiedDate":"2022-03-19"},{"lineNumber":3,"author":{"gitId":"jaydencjs"},"content":"import java.util.Scanner;","lastModifiedDate":"2022-01-26"},{"lineNumber":4,"author":{"gitId":"jaydencjs"},"content":"import exception.*;","lastModifiedDate":"2022-03-05"},{"lineNumber":5,"author":{"gitId":"jaydencjs"},"content":"import static input.User.*;","lastModifiedDate":"2022-03-05"},{"lineNumber":6,"author":{"gitId":"jaydencjs"},"content":"","lastModifiedDate":"2022-01-26"},{"lineNumber":7,"author":{"gitId":"-"},"content":"public class Duke {","lastModifiedDate":"2019-07-29"},{"lineNumber":8,"author":{"gitId":"jaydencjs"},"content":"    /**","lastModifiedDate":"2022-03-19"},{"lineNumber":9,"author":{"gitId":"jaydencjs"},"content":"     * Main Program","lastModifiedDate":"2022-03-19"},{"lineNumber":10,"author":{"gitId":"jaydencjs"},"content":"     */","lastModifiedDate":"2022-03-19"},{"lineNumber":11,"author":{"gitId":"-"},"content":"    public static void main(String[] args) {","lastModifiedDate":"2019-07-29"},{"lineNumber":12,"author":{"gitId":"jaydencjs"},"content":"        retrieveInitData();","lastModifiedDate":"2022-03-05"},{"lineNumber":13,"author":{"gitId":"jaydencjs"},"content":"        System.out.println(\"-______________________-||\");","lastModifiedDate":"2022-01-26"},{"lineNumber":14,"author":{"gitId":"jaydencjs"},"content":"        System.out.println(\"Hello! I am the most superior AI~~ Friday\");","lastModifiedDate":"2022-01-26"},{"lineNumber":15,"author":{"gitId":"jaydencjs"},"content":"        System.out.println(\"What can I do for you?\");","lastModifiedDate":"2022-01-26"},{"lineNumber":16,"author":{"gitId":"jaydencjs"},"content":"        Scanner in \u003d new Scanner(System.in);","lastModifiedDate":"2022-01-26"},{"lineNumber":17,"author":{"gitId":"jaydencjs"},"content":"        String input \u003d \"\";","lastModifiedDate":"2022-01-28"},{"lineNumber":18,"author":{"gitId":"jaydencjs"},"content":"        input \u003d in.nextLine();","lastModifiedDate":"2022-01-28"},{"lineNumber":19,"author":{"gitId":"jaydencjs"},"content":"","lastModifiedDate":"2022-01-26"},{"lineNumber":20,"author":{"gitId":"jaydencjs"},"content":"        while(!input.equals(\"bye\")){","lastModifiedDate":"2022-01-28"},{"lineNumber":21,"author":{"gitId":"jaydencjs"},"content":"            try {","lastModifiedDate":"2022-02-20"},{"lineNumber":22,"author":{"gitId":"jaydencjs"},"content":"                processInput(input);","lastModifiedDate":"2022-01-28"},{"lineNumber":23,"author":{"gitId":"jaydencjs"},"content":"            } catch (InvalidInputException e) {","lastModifiedDate":"2022-02-20"},{"lineNumber":24,"author":{"gitId":"jaydencjs"},"content":"                System.out.println(\"\u003d\u003d\u003d\u003d\u003d\u003d\u003d\u003d\u003d\u003d\u003d\u003d\u003d\u003d\u003d\u003d\u003d\u003d\u003d\u003d\u003d\u003d\u003d\u003d\u003d\u003d\u003d\u003d\u003d\u003d\u003d\u003d\u003d\u003d\u003d\u003d\u003d\u003d\u003d\u003d\u003d\" );","lastModifiedDate":"2022-02-20"},{"lineNumber":25,"author":{"gitId":"jaydencjs"},"content":"                System.out.println(\"What are you trying to here?? Please review your input.\");","lastModifiedDate":"2022-02-20"},{"lineNumber":26,"author":{"gitId":"jaydencjs"},"content":"            }","lastModifiedDate":"2022-02-20"},{"lineNumber":27,"author":{"gitId":"jaydencjs"},"content":"            System.out.println(\"\u003d\u003d\u003d\u003d\u003d\u003d\u003d\u003d\u003d\u003d\u003d\u003d\u003d\u003d\u003d\u003d\u003d\u003d\u003d\u003d\u003d\u003d\u003d\u003d\u003d\u003d\u003d\u003d\u003d\u003d\u003d\u003d\u003d\u003d\u003d\u003d\u003d\u003d\u003d\u003d\u003d\" );","lastModifiedDate":"2022-02-20"},{"lineNumber":28,"author":{"gitId":"jaydencjs"},"content":"            System.out.println(\"What can I do for you?\");","lastModifiedDate":"2022-02-20"},{"lineNumber":29,"author":{"gitId":"jaydencjs"},"content":"            input \u003d in.nextLine();","lastModifiedDate":"2022-01-28"},{"lineNumber":30,"author":{"gitId":"jaydencjs"},"content":"        }","lastModifiedDate":"2022-01-26"},{"lineNumber":31,"author":{"gitId":"jaydencjs"},"content":"        System.out.println(\"\u003d\u003d\u003d\u003d\u003d\u003d\u003d\u003d\u003d\u003d\u003d\u003d\u003d\u003d\u003d\u003d\u003d\u003d\u003d\u003d\u003d\u003d\u003d\u003d\u003d\u003d\u003d\u003d\u003d\u003d\u003d\u003d\u003d\u003d\u003d\u003d\u003d\u003d\u003d\u003d\u003d\" );","lastModifiedDate":"2022-01-26"},{"lineNumber":32,"author":{"gitId":"jaydencjs"},"content":"        System.out.println(\"Bye. Hope to see you again! Love you 3000 \u003c3\");","lastModifiedDate":"2022-01-26"},{"lineNumber":33,"author":{"gitId":"jaydencjs"},"content":"        in.close();","lastModifiedDate":"2022-03-05"},{"lineNumber":34,"author":{"gitId":"jaydencjs"},"content":"    }","lastModifiedDate":"2022-02-20"},{"lineNumber":35,"author":{"gitId":"jaydencjs"},"content":"","lastModifiedDate":"2022-02-20"},{"lineNumber":36,"author":{"gitId":"jaydencjs"},"content":"    /**","lastModifiedDate":"2022-03-19"},{"lineNumber":37,"author":{"gitId":"jaydencjs"},"content":"     * Process the input provided by user","lastModifiedDate":"2022-03-19"},{"lineNumber":38,"author":{"gitId":"jaydencjs"},"content":"     *","lastModifiedDate":"2022-03-19"},{"lineNumber":39,"author":{"gitId":"jaydencjs"},"content":"     * @param input user input","lastModifiedDate":"2022-03-19"},{"lineNumber":40,"author":{"gitId":"jaydencjs"},"content":"     */","lastModifiedDate":"2022-03-19"},{"lineNumber":41,"author":{"gitId":"jaydencjs"},"content":"    public static void processInput(String input) throws InvalidInputException{","lastModifiedDate":"2022-02-20"},{"lineNumber":42,"author":{"gitId":"jaydencjs"},"content":"        if(input.equals(\"list\")){","lastModifiedDate":"2022-01-28"},{"lineNumber":43,"author":{"gitId":"jaydencjs"},"content":"            System.out.println(\"\u003d\u003d\u003d\u003d\u003d\u003d\u003d\u003d\u003d\u003d\u003d\u003d\u003d\u003d\u003d\u003d\u003d\u003d\u003d\u003d\u003d\u003d\u003d\u003d\u003d\u003d\u003d\u003d\u003d\u003d\u003d\u003d\u003d\u003d\u003d\u003d\u003d\u003d\u003d\u003d\u003d\" );","lastModifiedDate":"2022-01-28"},{"lineNumber":44,"author":{"gitId":"jaydencjs"},"content":"            printTask();","lastModifiedDate":"2022-01-28"},{"lineNumber":45,"author":{"gitId":"jaydencjs"},"content":"            return;","lastModifiedDate":"2022-03-05"},{"lineNumber":46,"author":{"gitId":"jaydencjs"},"content":"        }","lastModifiedDate":"2022-01-28"},{"lineNumber":47,"author":{"gitId":"jaydencjs"},"content":"        else if(input.startsWith(\"mark\")){","lastModifiedDate":"2022-01-28"},{"lineNumber":48,"author":{"gitId":"jaydencjs"},"content":"            System.out.println(\"\u003d\u003d\u003d\u003d\u003d\u003d\u003d\u003d\u003d\u003d\u003d\u003d\u003d\u003d\u003d\u003d\u003d\u003d\u003d\u003d\u003d\u003d\u003d\u003d\u003d\u003d\u003d\u003d\u003d\u003d\u003d\u003d\u003d\u003d\u003d\u003d\u003d\u003d\u003d\u003d\u003d\" );","lastModifiedDate":"2022-01-28"},{"lineNumber":49,"author":{"gitId":"jaydencjs"},"content":"            System.out.println(\"That\u0027s pretty fast\");","lastModifiedDate":"2022-01-28"},{"lineNumber":50,"author":{"gitId":"jaydencjs"},"content":"            markTask(input, true);","lastModifiedDate":"2022-01-28"},{"lineNumber":51,"author":{"gitId":"jaydencjs"},"content":"        }","lastModifiedDate":"2022-01-28"},{"lineNumber":52,"author":{"gitId":"jaydencjs"},"content":"        else if(input.startsWith(\"unmark\")){","lastModifiedDate":"2022-01-28"},{"lineNumber":53,"author":{"gitId":"jaydencjs"},"content":"            System.out.println(\"\u003d\u003d\u003d\u003d\u003d\u003d\u003d\u003d\u003d\u003d\u003d\u003d\u003d\u003d\u003d\u003d\u003d\u003d\u003d\u003d\u003d\u003d\u003d\u003d\u003d\u003d\u003d\u003d\u003d\u003d\u003d\u003d\u003d\u003d\u003d\u003d\u003d\u003d\u003d\u003d\u003d\" );","lastModifiedDate":"2022-01-28"},{"lineNumber":54,"author":{"gitId":"jaydencjs"},"content":"            System.out.println(\"Oh, it is not done?\");","lastModifiedDate":"2022-01-28"},{"lineNumber":55,"author":{"gitId":"jaydencjs"},"content":"            markTask(input, false);","lastModifiedDate":"2022-01-28"},{"lineNumber":56,"author":{"gitId":"jaydencjs"},"content":"        }","lastModifiedDate":"2022-01-28"},{"lineNumber":57,"author":{"gitId":"jaydencjs"},"content":"        else if(input.startsWith(\"todo\") || input.startsWith(\"event\") || input.startsWith(\"deadline\")){","lastModifiedDate":"2022-01-28"},{"lineNumber":58,"author":{"gitId":"jaydencjs"},"content":"            String[] userInputArr \u003d input.split(\" \", 2);","lastModifiedDate":"2022-01-28"},{"lineNumber":59,"author":{"gitId":"jaydencjs"},"content":"            if(userInputArr.length \u003c 2 || userInputArr[1].trim().isEmpty()){","lastModifiedDate":"2022-02-09"},{"lineNumber":60,"author":{"gitId":"jaydencjs"},"content":"                System.out.println(\"\u003d\u003d\u003d\u003d\u003d\u003d\u003d\u003d\u003d\u003d\u003d\u003d\u003d\u003d\u003d\u003d\u003d\u003d\u003d\u003d\u003d\u003d\u003d\u003d\u003d\u003d\u003d\u003d\u003d\u003d\u003d\u003d\u003d\u003d\u003d\u003d\u003d\u003d\u003d\u003d\u003d\" );","lastModifiedDate":"2022-02-20"},{"lineNumber":61,"author":{"gitId":"jaydencjs"},"content":"                System.out.println(\"No task is provided.\");","lastModifiedDate":"2022-02-09"},{"lineNumber":62,"author":{"gitId":"jaydencjs"},"content":"                return;","lastModifiedDate":"2022-02-09"},{"lineNumber":63,"author":{"gitId":"jaydencjs"},"content":"            }","lastModifiedDate":"2022-02-09"},{"lineNumber":64,"author":{"gitId":"jaydencjs"},"content":"            System.out.println(\"\u003d\u003d\u003d\u003d\u003d\u003d\u003d\u003d\u003d\u003d\u003d\u003d\u003d\u003d\u003d\u003d\u003d\u003d\u003d\u003d\u003d\u003d\u003d\u003d\u003d\u003d\u003d\u003d\u003d\u003d\u003d\u003d\u003d\u003d\u003d\u003d\u003d\u003d\u003d\u003d\u003d\" );","lastModifiedDate":"2022-02-20"},{"lineNumber":65,"author":{"gitId":"jaydencjs"},"content":"            System.out.println(\"Mission added!\");","lastModifiedDate":"2022-01-28"},{"lineNumber":66,"author":{"gitId":"jaydencjs"},"content":"            addSpecificTask(userInputArr[1], userInputArr[0]).printTask();","lastModifiedDate":"2022-03-05"},{"lineNumber":67,"author":{"gitId":"jaydencjs"},"content":"            System.out.println(\"Now you have \" + getTaskList() + \" missions in the list.\");","lastModifiedDate":"2022-03-05"},{"lineNumber":68,"author":{"gitId":"jaydencjs"},"content":"","lastModifiedDate":"2022-01-28"},{"lineNumber":69,"author":{"gitId":"jaydencjs"},"content":"        }","lastModifiedDate":"2022-01-28"},{"lineNumber":70,"author":{"gitId":"jaydencjs"},"content":"        else if(input.startsWith(\"delete\")){","lastModifiedDate":"2022-02-20"},{"lineNumber":71,"author":{"gitId":"jaydencjs"},"content":"            String[] userInputArr \u003d input.split(\" \", 2);","lastModifiedDate":"2022-02-20"},{"lineNumber":72,"author":{"gitId":"jaydencjs"},"content":"            if(userInputArr.length \u003c 2 || userInputArr[1].trim().isEmpty()){","lastModifiedDate":"2022-02-20"},{"lineNumber":73,"author":{"gitId":"jaydencjs"},"content":"                System.out.println(\"\u003d\u003d\u003d\u003d\u003d\u003d\u003d\u003d\u003d\u003d\u003d\u003d\u003d\u003d\u003d\u003d\u003d\u003d\u003d\u003d\u003d\u003d\u003d\u003d\u003d\u003d\u003d\u003d\u003d\u003d\u003d\u003d\u003d\u003d\u003d\u003d\u003d\u003d\u003d\u003d\u003d\" );","lastModifiedDate":"2022-01-28"},{"lineNumber":74,"author":{"gitId":"jaydencjs"},"content":"                System.out.println(\"No task number is provided.\");","lastModifiedDate":"2022-02-20"},{"lineNumber":75,"author":{"gitId":"jaydencjs"},"content":"                return;","lastModifiedDate":"2022-02-20"},{"lineNumber":76,"author":{"gitId":"jaydencjs"},"content":"            }","lastModifiedDate":"2022-02-20"},{"lineNumber":77,"author":{"gitId":"jaydencjs"},"content":"            System.out.println(\"\u003d\u003d\u003d\u003d\u003d\u003d\u003d\u003d\u003d\u003d\u003d\u003d\u003d\u003d\u003d\u003d\u003d\u003d\u003d\u003d\u003d\u003d\u003d\u003d\u003d\u003d\u003d\u003d\u003d\u003d\u003d\u003d\u003d\u003d\u003d\u003d\u003d\u003d\u003d\u003d\u003d\" );","lastModifiedDate":"2022-02-20"},{"lineNumber":78,"author":{"gitId":"jaydencjs"},"content":"            System.out.println(\"Mission deleted!\");","lastModifiedDate":"2022-02-20"},{"lineNumber":79,"author":{"gitId":"jaydencjs"},"content":"            deleteTask(Integer.parseInt(userInputArr[1]) - 1).printTask();","lastModifiedDate":"2022-03-05"},{"lineNumber":80,"author":{"gitId":"jaydencjs"},"content":"            System.out.println(\"Now you have \" + getTaskList() + \" missions in the list.\");","lastModifiedDate":"2022-03-05"},{"lineNumber":81,"author":{"gitId":"jaydencjs"},"content":"        }","lastModifiedDate":"2022-02-20"},{"lineNumber":82,"author":{"gitId":"jaydencjs"},"content":"        else {","lastModifiedDate":"2022-02-20"},{"lineNumber":83,"author":{"gitId":"jaydencjs"},"content":"            throw new InvalidInputException();","lastModifiedDate":"2022-02-20"},{"lineNumber":84,"author":{"gitId":"jaydencjs"},"content":"        }","lastModifiedDate":"2022-01-28"},{"lineNumber":85,"author":{"gitId":"jaydencjs"},"content":"        saveData();","lastModifiedDate":"2022-03-05"},{"lineNumber":86,"author":{"gitId":"jaydencjs"},"content":"    }","lastModifiedDate":"2022-01-28"},{"lineNumber":87,"author":{"gitId":"-"},"content":"}","lastModifiedDate":"2019-07-29"}],"authorContributionMap":{"jaydencjs":84,"-":3}},{"path":"src/main/java/model/Deadline.java","fileType":"java","lines":[{"lineNumber":1,"author":{"gitId":"jaydencjs"},"content":"package model;","lastModifiedDate":"2022-03-05"},{"lineNumber":2,"author":{"gitId":"jaydencjs"},"content":"","lastModifiedDate":"2022-03-05"},{"lineNumber":3,"author":{"gitId":"jaydencjs"},"content":"import java.time.LocalDate;","lastModifiedDate":"2022-03-19"},{"lineNumber":4,"author":{"gitId":"jaydencjs"},"content":"import java.time.format.DateTimeFormatter;","lastModifiedDate":"2022-03-19"},{"lineNumber":5,"author":{"gitId":"jaydencjs"},"content":"","lastModifiedDate":"2022-03-19"},{"lineNumber":6,"author":{"gitId":"jaydencjs"},"content":"public class Deadline extends Task  {","lastModifiedDate":"2022-01-28"},{"lineNumber":7,"author":{"gitId":"jaydencjs"},"content":"","lastModifiedDate":"2022-01-28"},{"lineNumber":8,"author":{"gitId":"jaydencjs"},"content":"    protected LocalDate by;","lastModifiedDate":"2022-03-19"},{"lineNumber":9,"author":{"gitId":"jaydencjs"},"content":"","lastModifiedDate":"2022-01-28"},{"lineNumber":10,"author":{"gitId":"jaydencjs"},"content":"    public Deadline(String description, String by) {","lastModifiedDate":"2022-01-28"},{"lineNumber":11,"author":{"gitId":"jaydencjs"},"content":"        super(description);","lastModifiedDate":"2022-01-28"},{"lineNumber":12,"author":{"gitId":"jaydencjs"},"content":"        this.by \u003d LocalDate.parse(by);","lastModifiedDate":"2022-03-19"},{"lineNumber":13,"author":{"gitId":"jaydencjs"},"content":"    }","lastModifiedDate":"2022-01-28"},{"lineNumber":14,"author":{"gitId":"jaydencjs"},"content":"","lastModifiedDate":"2022-01-28"},{"lineNumber":15,"author":{"gitId":"jaydencjs"},"content":"    /**","lastModifiedDate":"2022-03-19"},{"lineNumber":16,"author":{"gitId":"jaydencjs"},"content":"     * Print the task in certain format","lastModifiedDate":"2022-03-19"},{"lineNumber":17,"author":{"gitId":"jaydencjs"},"content":"     *","lastModifiedDate":"2022-03-19"},{"lineNumber":18,"author":{"gitId":"jaydencjs"},"content":"     */","lastModifiedDate":"2022-03-19"},{"lineNumber":19,"author":{"gitId":"jaydencjs"},"content":"    @Override","lastModifiedDate":"2022-01-28"},{"lineNumber":20,"author":{"gitId":"jaydencjs"},"content":"    public void printTask(){","lastModifiedDate":"2022-01-28"},{"lineNumber":21,"author":{"gitId":"jaydencjs"},"content":"        String status \u003d \" \";","lastModifiedDate":"2022-01-28"},{"lineNumber":22,"author":{"gitId":"jaydencjs"},"content":"        if(done){","lastModifiedDate":"2022-01-28"},{"lineNumber":23,"author":{"gitId":"jaydencjs"},"content":"            status \u003d \"X\";","lastModifiedDate":"2022-01-28"},{"lineNumber":24,"author":{"gitId":"jaydencjs"},"content":"        }","lastModifiedDate":"2022-01-28"},{"lineNumber":25,"author":{"gitId":"jaydencjs"},"content":"        String formattedBy \u003d by.format(DateTimeFormatter.ofPattern(\"MMM d yyyy\"));","lastModifiedDate":"2022-03-19"},{"lineNumber":26,"author":{"gitId":"jaydencjs"},"content":"        System.out.println(\"[D][\" + status + \"] \" + description + \" (by: \" + formattedBy + \")\");","lastModifiedDate":"2022-03-19"},{"lineNumber":27,"author":{"gitId":"jaydencjs"},"content":"    }","lastModifiedDate":"2022-01-28"},{"lineNumber":28,"author":{"gitId":"jaydencjs"},"content":"","lastModifiedDate":"2022-01-28"},{"lineNumber":29,"author":{"gitId":"jaydencjs"},"content":"    /**","lastModifiedDate":"2022-03-19"},{"lineNumber":30,"author":{"gitId":"jaydencjs"},"content":"     * Format the task to store into file","lastModifiedDate":"2022-03-19"},{"lineNumber":31,"author":{"gitId":"jaydencjs"},"content":"     *","lastModifiedDate":"2022-03-19"},{"lineNumber":32,"author":{"gitId":"jaydencjs"},"content":"     * @return Formatted string","lastModifiedDate":"2022-03-19"},{"lineNumber":33,"author":{"gitId":"jaydencjs"},"content":"     */","lastModifiedDate":"2022-03-19"},{"lineNumber":34,"author":{"gitId":"jaydencjs"},"content":"    @Override","lastModifiedDate":"2022-03-05"},{"lineNumber":35,"author":{"gitId":"jaydencjs"},"content":"    public String toFileString(){","lastModifiedDate":"2022-03-05"},{"lineNumber":36,"author":{"gitId":"jaydencjs"},"content":"        String status \u003d done ? \"1\" : \"0\";","lastModifiedDate":"2022-03-05"},{"lineNumber":37,"author":{"gitId":"jaydencjs"},"content":"        return \"D|\" + status + \"|\" + description + \"|\" + by;","lastModifiedDate":"2022-03-05"},{"lineNumber":38,"author":{"gitId":"jaydencjs"},"content":"    }","lastModifiedDate":"2022-03-05"},{"lineNumber":39,"author":{"gitId":"jaydencjs"},"content":"    ","lastModifiedDate":"2022-03-05"},{"lineNumber":40,"author":{"gitId":"jaydencjs"},"content":"}","lastModifiedDate":"2022-01-28"}],"authorContributionMap":{"jaydencjs":40}},{"path":"src/main/java/model/Event.java","fileType":"java","lines":[{"lineNumber":1,"author":{"gitId":"jaydencjs"},"content":"package model;","lastModifiedDate":"2022-03-05"},{"lineNumber":2,"author":{"gitId":"jaydencjs"},"content":"","lastModifiedDate":"2022-03-05"},{"lineNumber":3,"author":{"gitId":"jaydencjs"},"content":"public class Event extends Task  {","lastModifiedDate":"2022-01-28"},{"lineNumber":4,"author":{"gitId":"jaydencjs"},"content":"","lastModifiedDate":"2022-01-28"},{"lineNumber":5,"author":{"gitId":"jaydencjs"},"content":"    protected String period;","lastModifiedDate":"2022-01-28"},{"lineNumber":6,"author":{"gitId":"jaydencjs"},"content":"","lastModifiedDate":"2022-01-28"},{"lineNumber":7,"author":{"gitId":"jaydencjs"},"content":"    public Event(String description, String period) {","lastModifiedDate":"2022-01-28"},{"lineNumber":8,"author":{"gitId":"jaydencjs"},"content":"        super(description);","lastModifiedDate":"2022-01-28"},{"lineNumber":9,"author":{"gitId":"jaydencjs"},"content":"        this.period \u003d period;","lastModifiedDate":"2022-01-28"},{"lineNumber":10,"author":{"gitId":"jaydencjs"},"content":"    }","lastModifiedDate":"2022-01-28"},{"lineNumber":11,"author":{"gitId":"jaydencjs"},"content":"","lastModifiedDate":"2022-01-28"},{"lineNumber":12,"author":{"gitId":"jaydencjs"},"content":"    /**","lastModifiedDate":"2022-03-19"},{"lineNumber":13,"author":{"gitId":"jaydencjs"},"content":"     * Print the task in certain format","lastModifiedDate":"2022-03-19"},{"lineNumber":14,"author":{"gitId":"jaydencjs"},"content":"     *","lastModifiedDate":"2022-03-19"},{"lineNumber":15,"author":{"gitId":"jaydencjs"},"content":"     */","lastModifiedDate":"2022-03-19"},{"lineNumber":16,"author":{"gitId":"jaydencjs"},"content":"    @Override","lastModifiedDate":"2022-01-28"},{"lineNumber":17,"author":{"gitId":"jaydencjs"},"content":"    public void printTask(){","lastModifiedDate":"2022-01-28"},{"lineNumber":18,"author":{"gitId":"jaydencjs"},"content":"        String status \u003d \" \";","lastModifiedDate":"2022-01-28"},{"lineNumber":19,"author":{"gitId":"jaydencjs"},"content":"        if(done){","lastModifiedDate":"2022-01-28"},{"lineNumber":20,"author":{"gitId":"jaydencjs"},"content":"            status \u003d \"X\";","lastModifiedDate":"2022-01-28"},{"lineNumber":21,"author":{"gitId":"jaydencjs"},"content":"        }","lastModifiedDate":"2022-01-28"},{"lineNumber":22,"author":{"gitId":"jaydencjs"},"content":"        System.out.println(\"[E][\" + status + \"] \" + description + \" (at: \" + period + \")\");","lastModifiedDate":"2022-01-28"},{"lineNumber":23,"author":{"gitId":"jaydencjs"},"content":"    }","lastModifiedDate":"2022-01-28"},{"lineNumber":24,"author":{"gitId":"jaydencjs"},"content":"","lastModifiedDate":"2022-03-05"},{"lineNumber":25,"author":{"gitId":"jaydencjs"},"content":"","lastModifiedDate":"2022-03-19"},{"lineNumber":26,"author":{"gitId":"jaydencjs"},"content":"    /**","lastModifiedDate":"2022-03-19"},{"lineNumber":27,"author":{"gitId":"jaydencjs"},"content":"     * Format the task to store into file","lastModifiedDate":"2022-03-19"},{"lineNumber":28,"author":{"gitId":"jaydencjs"},"content":"     *","lastModifiedDate":"2022-03-19"},{"lineNumber":29,"author":{"gitId":"jaydencjs"},"content":"     * @return Formatted string","lastModifiedDate":"2022-03-19"},{"lineNumber":30,"author":{"gitId":"jaydencjs"},"content":"     */","lastModifiedDate":"2022-03-19"},{"lineNumber":31,"author":{"gitId":"jaydencjs"},"content":"    @Override","lastModifiedDate":"2022-03-05"},{"lineNumber":32,"author":{"gitId":"jaydencjs"},"content":"    public String toFileString(){","lastModifiedDate":"2022-03-05"},{"lineNumber":33,"author":{"gitId":"jaydencjs"},"content":"        String status \u003d done ? \"1\" : \"0\";","lastModifiedDate":"2022-03-05"},{"lineNumber":34,"author":{"gitId":"jaydencjs"},"content":"        return \"E|\" + status + \"|\" + description + \"|\" + period;","lastModifiedDate":"2022-03-05"},{"lineNumber":35,"author":{"gitId":"jaydencjs"},"content":"    }","lastModifiedDate":"2022-03-05"},{"lineNumber":36,"author":{"gitId":"jaydencjs"},"content":"}","lastModifiedDate":"2022-01-28"}],"authorContributionMap":{"jaydencjs":36}},{"path":"src/main/java/model/Task.java","fileType":"java","lines":[{"lineNumber":1,"author":{"gitId":"jaydencjs"},"content":"package model;","lastModifiedDate":"2022-03-05"},{"lineNumber":2,"author":{"gitId":"jaydencjs"},"content":"","lastModifiedDate":"2022-03-05"},{"lineNumber":3,"author":{"gitId":"jaydencjs"},"content":"public class Task {","lastModifiedDate":"2022-01-27"},{"lineNumber":4,"author":{"gitId":"jaydencjs"},"content":"    protected String description;","lastModifiedDate":"2022-01-27"},{"lineNumber":5,"author":{"gitId":"jaydencjs"},"content":"    protected boolean done;","lastModifiedDate":"2022-01-27"},{"lineNumber":6,"author":{"gitId":"jaydencjs"},"content":"","lastModifiedDate":"2022-01-27"},{"lineNumber":7,"author":{"gitId":"jaydencjs"},"content":"    ","lastModifiedDate":"2022-01-27"},{"lineNumber":8,"author":{"gitId":"jaydencjs"},"content":"    public Task(String description) {","lastModifiedDate":"2022-01-27"},{"lineNumber":9,"author":{"gitId":"jaydencjs"},"content":"        this.description \u003d description;","lastModifiedDate":"2022-01-27"},{"lineNumber":10,"author":{"gitId":"jaydencjs"},"content":"        this.done \u003d false;","lastModifiedDate":"2022-01-27"},{"lineNumber":11,"author":{"gitId":"jaydencjs"},"content":"    }","lastModifiedDate":"2022-01-27"},{"lineNumber":12,"author":{"gitId":"jaydencjs"},"content":"","lastModifiedDate":"2022-01-27"},{"lineNumber":13,"author":{"gitId":"jaydencjs"},"content":"    /**","lastModifiedDate":"2022-03-19"},{"lineNumber":14,"author":{"gitId":"jaydencjs"},"content":"     * Check the status of the task","lastModifiedDate":"2022-03-19"},{"lineNumber":15,"author":{"gitId":"jaydencjs"},"content":"     *","lastModifiedDate":"2022-03-19"},{"lineNumber":16,"author":{"gitId":"jaydencjs"},"content":"     * @return Status of the task","lastModifiedDate":"2022-03-19"},{"lineNumber":17,"author":{"gitId":"jaydencjs"},"content":"     */","lastModifiedDate":"2022-03-19"},{"lineNumber":18,"author":{"gitId":"jaydencjs"},"content":"    public boolean isDone(){","lastModifiedDate":"2022-01-27"},{"lineNumber":19,"author":{"gitId":"jaydencjs"},"content":"        return done;","lastModifiedDate":"2022-01-27"},{"lineNumber":20,"author":{"gitId":"jaydencjs"},"content":"    }","lastModifiedDate":"2022-01-27"},{"lineNumber":21,"author":{"gitId":"jaydencjs"},"content":"","lastModifiedDate":"2022-01-27"},{"lineNumber":22,"author":{"gitId":"jaydencjs"},"content":"    /**","lastModifiedDate":"2022-03-19"},{"lineNumber":23,"author":{"gitId":"jaydencjs"},"content":"     * Set the status of task","lastModifiedDate":"2022-03-19"},{"lineNumber":24,"author":{"gitId":"jaydencjs"},"content":"     *","lastModifiedDate":"2022-03-19"},{"lineNumber":25,"author":{"gitId":"jaydencjs"},"content":"     * @param done Status of the task","lastModifiedDate":"2022-03-19"},{"lineNumber":26,"author":{"gitId":"jaydencjs"},"content":"     */","lastModifiedDate":"2022-03-19"},{"lineNumber":27,"author":{"gitId":"jaydencjs"},"content":"    public void setDone(boolean done){","lastModifiedDate":"2022-01-27"},{"lineNumber":28,"author":{"gitId":"jaydencjs"},"content":"        this.done \u003d done;","lastModifiedDate":"2022-01-27"},{"lineNumber":29,"author":{"gitId":"jaydencjs"},"content":"    }","lastModifiedDate":"2022-01-27"},{"lineNumber":30,"author":{"gitId":"jaydencjs"},"content":"","lastModifiedDate":"2022-01-27"},{"lineNumber":31,"author":{"gitId":"jaydencjs"},"content":"    /**","lastModifiedDate":"2022-03-19"},{"lineNumber":32,"author":{"gitId":"jaydencjs"},"content":"     * Print the task","lastModifiedDate":"2022-03-19"},{"lineNumber":33,"author":{"gitId":"jaydencjs"},"content":"     *","lastModifiedDate":"2022-03-19"},{"lineNumber":34,"author":{"gitId":"jaydencjs"},"content":"     */","lastModifiedDate":"2022-03-19"},{"lineNumber":35,"author":{"gitId":"jaydencjs"},"content":"    public void printTask(){","lastModifiedDate":"2022-01-27"},{"lineNumber":36,"author":{"gitId":"jaydencjs"},"content":"        String status \u003d \" \";","lastModifiedDate":"2022-01-27"},{"lineNumber":37,"author":{"gitId":"jaydencjs"},"content":"        if(done){","lastModifiedDate":"2022-01-27"},{"lineNumber":38,"author":{"gitId":"jaydencjs"},"content":"            status \u003d \"X\";","lastModifiedDate":"2022-01-27"},{"lineNumber":39,"author":{"gitId":"jaydencjs"},"content":"        }","lastModifiedDate":"2022-01-27"},{"lineNumber":40,"author":{"gitId":"jaydencjs"},"content":"        System.out.println(\"[\" + status + \"] \" + description);","lastModifiedDate":"2022-01-27"},{"lineNumber":41,"author":{"gitId":"jaydencjs"},"content":"    }","lastModifiedDate":"2022-01-27"},{"lineNumber":42,"author":{"gitId":"jaydencjs"},"content":"","lastModifiedDate":"2022-03-05"},{"lineNumber":43,"author":{"gitId":"jaydencjs"},"content":"","lastModifiedDate":"2022-03-19"},{"lineNumber":44,"author":{"gitId":"jaydencjs"},"content":"    /**","lastModifiedDate":"2022-03-19"},{"lineNumber":45,"author":{"gitId":"jaydencjs"},"content":"     * Format the task to store into file","lastModifiedDate":"2022-03-19"},{"lineNumber":46,"author":{"gitId":"jaydencjs"},"content":"     *","lastModifiedDate":"2022-03-19"},{"lineNumber":47,"author":{"gitId":"jaydencjs"},"content":"     */","lastModifiedDate":"2022-03-19"},{"lineNumber":48,"author":{"gitId":"jaydencjs"},"content":"    public String toFileString(){","lastModifiedDate":"2022-03-05"},{"lineNumber":49,"author":{"gitId":"jaydencjs"},"content":"        return \"\";","lastModifiedDate":"2022-03-05"},{"lineNumber":50,"author":{"gitId":"jaydencjs"},"content":"    }","lastModifiedDate":"2022-03-05"},{"lineNumber":51,"author":{"gitId":"jaydencjs"},"content":"}","lastModifiedDate":"2022-01-27"}],"authorContributionMap":{"jaydencjs":51}},{"path":"src/main/java/model/Todo.java","fileType":"java","lines":[{"lineNumber":1,"author":{"gitId":"jaydencjs"},"content":"package model;","lastModifiedDate":"2022-03-05"},{"lineNumber":2,"author":{"gitId":"jaydencjs"},"content":"","lastModifiedDate":"2022-03-05"},{"lineNumber":3,"author":{"gitId":"jaydencjs"},"content":"public class Todo extends Task {","lastModifiedDate":"2022-01-28"},{"lineNumber":4,"author":{"gitId":"jaydencjs"},"content":"","lastModifiedDate":"2022-01-28"},{"lineNumber":5,"author":{"gitId":"jaydencjs"},"content":"    public Todo(String description) {","lastModifiedDate":"2022-01-28"},{"lineNumber":6,"author":{"gitId":"jaydencjs"},"content":"        super(description);","lastModifiedDate":"2022-01-28"},{"lineNumber":7,"author":{"gitId":"jaydencjs"},"content":"    }","lastModifiedDate":"2022-01-28"},{"lineNumber":8,"author":{"gitId":"jaydencjs"},"content":"","lastModifiedDate":"2022-01-28"},{"lineNumber":9,"author":{"gitId":"jaydencjs"},"content":"    /**","lastModifiedDate":"2022-03-19"},{"lineNumber":10,"author":{"gitId":"jaydencjs"},"content":"     * Print the task in certain format","lastModifiedDate":"2022-03-19"},{"lineNumber":11,"author":{"gitId":"jaydencjs"},"content":"     *","lastModifiedDate":"2022-03-19"},{"lineNumber":12,"author":{"gitId":"jaydencjs"},"content":"     */","lastModifiedDate":"2022-03-19"},{"lineNumber":13,"author":{"gitId":"jaydencjs"},"content":"    @Override","lastModifiedDate":"2022-01-28"},{"lineNumber":14,"author":{"gitId":"jaydencjs"},"content":"    public void printTask(){","lastModifiedDate":"2022-01-28"},{"lineNumber":15,"author":{"gitId":"jaydencjs"},"content":"        String status \u003d \" \";","lastModifiedDate":"2022-01-28"},{"lineNumber":16,"author":{"gitId":"jaydencjs"},"content":"        if(done){","lastModifiedDate":"2022-01-28"},{"lineNumber":17,"author":{"gitId":"jaydencjs"},"content":"            status \u003d \"X\";","lastModifiedDate":"2022-01-28"},{"lineNumber":18,"author":{"gitId":"jaydencjs"},"content":"        }","lastModifiedDate":"2022-01-28"},{"lineNumber":19,"author":{"gitId":"jaydencjs"},"content":"        System.out.println(\"[T][\" + status + \"] \" + description);","lastModifiedDate":"2022-01-28"},{"lineNumber":20,"author":{"gitId":"jaydencjs"},"content":"    }","lastModifiedDate":"2022-01-28"},{"lineNumber":21,"author":{"gitId":"jaydencjs"},"content":"","lastModifiedDate":"2022-03-05"},{"lineNumber":22,"author":{"gitId":"jaydencjs"},"content":"","lastModifiedDate":"2022-03-19"},{"lineNumber":23,"author":{"gitId":"jaydencjs"},"content":"    /**","lastModifiedDate":"2022-03-19"},{"lineNumber":24,"author":{"gitId":"jaydencjs"},"content":"     * Format the task to store into file","lastModifiedDate":"2022-03-19"},{"lineNumber":25,"author":{"gitId":"jaydencjs"},"content":"     *","lastModifiedDate":"2022-03-19"},{"lineNumber":26,"author":{"gitId":"jaydencjs"},"content":"     * @return Formatted string","lastModifiedDate":"2022-03-19"},{"lineNumber":27,"author":{"gitId":"jaydencjs"},"content":"     */","lastModifiedDate":"2022-03-19"},{"lineNumber":28,"author":{"gitId":"jaydencjs"},"content":"    @Override","lastModifiedDate":"2022-03-05"},{"lineNumber":29,"author":{"gitId":"jaydencjs"},"content":"    public String toFileString(){","lastModifiedDate":"2022-03-05"},{"lineNumber":30,"author":{"gitId":"jaydencjs"},"content":"        String status \u003d done ? \"1\" : \"0\";","lastModifiedDate":"2022-03-05"},{"lineNumber":31,"author":{"gitId":"jaydencjs"},"content":"        return \"T|\" + status + \"|\" + description;","lastModifiedDate":"2022-03-05"},{"lineNumber":32,"author":{"gitId":"jaydencjs"},"content":"    }","lastModifiedDate":"2022-03-05"},{"lineNumber":33,"author":{"gitId":"jaydencjs"},"content":"}","lastModifiedDate":"2022-01-28"}],"authorContributionMap":{"jaydencjs":33}},{"path":"src/test/java/model/DeadlineTest.java","fileType":"java","lines":[{"lineNumber":1,"author":{"gitId":"jaydencjs"},"content":"package model;","lastModifiedDate":"2022-03-19"},{"lineNumber":2,"author":{"gitId":"jaydencjs"},"content":"","lastModifiedDate":"2022-03-19"},{"lineNumber":3,"author":{"gitId":"jaydencjs"},"content":"import org.junit.jupiter.api.Test;","lastModifiedDate":"2022-03-19"},{"lineNumber":4,"author":{"gitId":"jaydencjs"},"content":"","lastModifiedDate":"2022-03-19"},{"lineNumber":5,"author":{"gitId":"jaydencjs"},"content":"import static org.junit.jupiter.api.Assertions.assertEquals;","lastModifiedDate":"2022-03-19"},{"lineNumber":6,"author":{"gitId":"jaydencjs"},"content":"","lastModifiedDate":"2022-03-19"},{"lineNumber":7,"author":{"gitId":"jaydencjs"},"content":"public class DeadlineTest {","lastModifiedDate":"2022-03-19"},{"lineNumber":8,"author":{"gitId":"jaydencjs"},"content":"    @Test","lastModifiedDate":"2022-03-19"},{"lineNumber":9,"author":{"gitId":"jaydencjs"},"content":"    public void testToFileString(){","lastModifiedDate":"2022-03-19"},{"lineNumber":10,"author":{"gitId":"jaydencjs"},"content":"        Task testTask \u003d new Deadline(\"test\", \"1996-12-03\");","lastModifiedDate":"2022-03-19"},{"lineNumber":11,"author":{"gitId":"jaydencjs"},"content":"        String actual \u003d testTask.toFileString();","lastModifiedDate":"2022-03-19"},{"lineNumber":12,"author":{"gitId":"jaydencjs"},"content":"        String expected \u003d \"D|0|test|1996-12-03\";","lastModifiedDate":"2022-03-19"},{"lineNumber":13,"author":{"gitId":"jaydencjs"},"content":"","lastModifiedDate":"2022-03-19"},{"lineNumber":14,"author":{"gitId":"jaydencjs"},"content":"        assertEquals(actual, expected);","lastModifiedDate":"2022-03-19"},{"lineNumber":15,"author":{"gitId":"jaydencjs"},"content":"    }","lastModifiedDate":"2022-03-19"},{"lineNumber":16,"author":{"gitId":"jaydencjs"},"content":"}","lastModifiedDate":"2022-03-19"}],"authorContributionMap":{"jaydencjs":16}},{"path":"src/test/java/model/EventTest.java","fileType":"java","lines":[{"lineNumber":1,"author":{"gitId":"jaydencjs"},"content":"package model;","lastModifiedDate":"2022-03-19"},{"lineNumber":2,"author":{"gitId":"jaydencjs"},"content":"","lastModifiedDate":"2022-03-19"},{"lineNumber":3,"author":{"gitId":"jaydencjs"},"content":"import org.junit.jupiter.api.Test;","lastModifiedDate":"2022-03-19"},{"lineNumber":4,"author":{"gitId":"jaydencjs"},"content":"","lastModifiedDate":"2022-03-19"},{"lineNumber":5,"author":{"gitId":"jaydencjs"},"content":"import static org.junit.jupiter.api.Assertions.assertEquals;","lastModifiedDate":"2022-03-19"},{"lineNumber":6,"author":{"gitId":"jaydencjs"},"content":"","lastModifiedDate":"2022-03-19"},{"lineNumber":7,"author":{"gitId":"jaydencjs"},"content":"public class EventTest {","lastModifiedDate":"2022-03-19"},{"lineNumber":8,"author":{"gitId":"jaydencjs"},"content":"    @Test","lastModifiedDate":"2022-03-19"},{"lineNumber":9,"author":{"gitId":"jaydencjs"},"content":"    public void testToFileString(){","lastModifiedDate":"2022-03-19"},{"lineNumber":10,"author":{"gitId":"jaydencjs"},"content":"        Task testTask \u003d new Event(\"test\", \"12/03/1996\");","lastModifiedDate":"2022-03-19"},{"lineNumber":11,"author":{"gitId":"jaydencjs"},"content":"        String actual \u003d testTask.toFileString();","lastModifiedDate":"2022-03-19"},{"lineNumber":12,"author":{"gitId":"jaydencjs"},"content":"        String expected \u003d \"E|0|test|12/03/1996\";","lastModifiedDate":"2022-03-19"},{"lineNumber":13,"author":{"gitId":"jaydencjs"},"content":"","lastModifiedDate":"2022-03-19"},{"lineNumber":14,"author":{"gitId":"jaydencjs"},"content":"        assertEquals(actual, expected);","lastModifiedDate":"2022-03-19"},{"lineNumber":15,"author":{"gitId":"jaydencjs"},"content":"    }","lastModifiedDate":"2022-03-19"},{"lineNumber":16,"author":{"gitId":"jaydencjs"},"content":"}","lastModifiedDate":"2022-03-19"}],"authorContributionMap":{"jaydencjs":16}},{"path":"src/test/java/model/TaskTest.java","fileType":"java","lines":[{"lineNumber":1,"author":{"gitId":"jaydencjs"},"content":"package model;","lastModifiedDate":"2022-03-19"},{"lineNumber":2,"author":{"gitId":"jaydencjs"},"content":"","lastModifiedDate":"2022-03-19"},{"lineNumber":3,"author":{"gitId":"jaydencjs"},"content":"import org.junit.jupiter.api.Test;","lastModifiedDate":"2022-03-19"},{"lineNumber":4,"author":{"gitId":"jaydencjs"},"content":"","lastModifiedDate":"2022-03-19"},{"lineNumber":5,"author":{"gitId":"jaydencjs"},"content":"import static org.junit.jupiter.api.Assertions.assertEquals;","lastModifiedDate":"2022-03-19"},{"lineNumber":6,"author":{"gitId":"jaydencjs"},"content":"","lastModifiedDate":"2022-03-19"},{"lineNumber":7,"author":{"gitId":"jaydencjs"},"content":"public class TaskTest {","lastModifiedDate":"2022-03-19"},{"lineNumber":8,"author":{"gitId":"jaydencjs"},"content":"    @Test","lastModifiedDate":"2022-03-19"},{"lineNumber":9,"author":{"gitId":"jaydencjs"},"content":"    public void testIsDone(){","lastModifiedDate":"2022-03-19"},{"lineNumber":10,"author":{"gitId":"jaydencjs"},"content":"        Task testTask \u003d new Task(\"test\");","lastModifiedDate":"2022-03-19"},{"lineNumber":11,"author":{"gitId":"jaydencjs"},"content":"        boolean actual \u003d testTask.isDone();","lastModifiedDate":"2022-03-19"},{"lineNumber":12,"author":{"gitId":"jaydencjs"},"content":"        boolean expected \u003d false;","lastModifiedDate":"2022-03-19"},{"lineNumber":13,"author":{"gitId":"jaydencjs"},"content":"","lastModifiedDate":"2022-03-19"},{"lineNumber":14,"author":{"gitId":"jaydencjs"},"content":"        assertEquals(actual, expected);","lastModifiedDate":"2022-03-19"},{"lineNumber":15,"author":{"gitId":"jaydencjs"},"content":"    }","lastModifiedDate":"2022-03-19"},{"lineNumber":16,"author":{"gitId":"jaydencjs"},"content":"","lastModifiedDate":"2022-03-19"},{"lineNumber":17,"author":{"gitId":"jaydencjs"},"content":"    @Test","lastModifiedDate":"2022-03-19"},{"lineNumber":18,"author":{"gitId":"jaydencjs"},"content":"    public void testSetDone(){","lastModifiedDate":"2022-03-19"},{"lineNumber":19,"author":{"gitId":"jaydencjs"},"content":"        Task testTask \u003d new Task(\"test\");","lastModifiedDate":"2022-03-19"},{"lineNumber":20,"author":{"gitId":"jaydencjs"},"content":"        testTask.setDone(true);","lastModifiedDate":"2022-03-19"},{"lineNumber":21,"author":{"gitId":"jaydencjs"},"content":"        boolean actual \u003d testTask.isDone();","lastModifiedDate":"2022-03-19"},{"lineNumber":22,"author":{"gitId":"jaydencjs"},"content":"        boolean expected \u003d true;","lastModifiedDate":"2022-03-19"},{"lineNumber":23,"author":{"gitId":"jaydencjs"},"content":"","lastModifiedDate":"2022-03-19"},{"lineNumber":24,"author":{"gitId":"jaydencjs"},"content":"        assertEquals(actual, expected);","lastModifiedDate":"2022-03-19"},{"lineNumber":25,"author":{"gitId":"jaydencjs"},"content":"    }","lastModifiedDate":"2022-03-19"},{"lineNumber":26,"author":{"gitId":"jaydencjs"},"content":"","lastModifiedDate":"2022-03-19"},{"lineNumber":27,"author":{"gitId":"jaydencjs"},"content":"    @Test","lastModifiedDate":"2022-03-19"},{"lineNumber":28,"author":{"gitId":"jaydencjs"},"content":"    public void testToFileString(){","lastModifiedDate":"2022-03-19"},{"lineNumber":29,"author":{"gitId":"jaydencjs"},"content":"        Task testTask \u003d new Task(\"test\");","lastModifiedDate":"2022-03-19"},{"lineNumber":30,"author":{"gitId":"jaydencjs"},"content":"        String actual \u003d testTask.toFileString();","lastModifiedDate":"2022-03-19"},{"lineNumber":31,"author":{"gitId":"jaydencjs"},"content":"        String expected \u003d \"\";","lastModifiedDate":"2022-03-19"},{"lineNumber":32,"author":{"gitId":"jaydencjs"},"content":"","lastModifiedDate":"2022-03-19"},{"lineNumber":33,"author":{"gitId":"jaydencjs"},"content":"        assertEquals(actual, expected);","lastModifiedDate":"2022-03-19"},{"lineNumber":34,"author":{"gitId":"jaydencjs"},"content":"    }","lastModifiedDate":"2022-03-19"},{"lineNumber":35,"author":{"gitId":"jaydencjs"},"content":"}","lastModifiedDate":"2022-03-19"}],"authorContributionMap":{"jaydencjs":35}},{"path":"src/test/java/model/TodoTest.java","fileType":"java","lines":[{"lineNumber":1,"author":{"gitId":"jaydencjs"},"content":"package model;","lastModifiedDate":"2022-03-19"},{"lineNumber":2,"author":{"gitId":"jaydencjs"},"content":"","lastModifiedDate":"2022-03-19"},{"lineNumber":3,"author":{"gitId":"jaydencjs"},"content":"import org.junit.jupiter.api.Test;","lastModifiedDate":"2022-03-19"},{"lineNumber":4,"author":{"gitId":"jaydencjs"},"content":"","lastModifiedDate":"2022-03-19"},{"lineNumber":5,"author":{"gitId":"jaydencjs"},"content":"import static org.junit.jupiter.api.Assertions.assertEquals;","lastModifiedDate":"2022-03-19"},{"lineNumber":6,"author":{"gitId":"jaydencjs"},"content":"","lastModifiedDate":"2022-03-19"},{"lineNumber":7,"author":{"gitId":"jaydencjs"},"content":"public class TodoTest {","lastModifiedDate":"2022-03-19"},{"lineNumber":8,"author":{"gitId":"jaydencjs"},"content":"    @Test","lastModifiedDate":"2022-03-19"},{"lineNumber":9,"author":{"gitId":"jaydencjs"},"content":"    public void testToFileString(){","lastModifiedDate":"2022-03-19"},{"lineNumber":10,"author":{"gitId":"jaydencjs"},"content":"        Task testTask \u003d new Todo(\"test\");","lastModifiedDate":"2022-03-19"},{"lineNumber":11,"author":{"gitId":"jaydencjs"},"content":"        String actual \u003d testTask.toFileString();","lastModifiedDate":"2022-03-19"},{"lineNumber":12,"author":{"gitId":"jaydencjs"},"content":"        String expected \u003d \"T|0|test\";","lastModifiedDate":"2022-03-19"},{"lineNumber":13,"author":{"gitId":"jaydencjs"},"content":"","lastModifiedDate":"2022-03-19"},{"lineNumber":14,"author":{"gitId":"jaydencjs"},"content":"        assertEquals(actual, expected);","lastModifiedDate":"2022-03-19"},{"lineNumber":15,"author":{"gitId":"jaydencjs"},"content":"    }","lastModifiedDate":"2022-03-19"},{"lineNumber":16,"author":{"gitId":"jaydencjs"},"content":"}","lastModifiedDate":"2022-03-19"}],"authorContributionMap":{"jaydencjs":16}},{"path":"text-ui-test/runtest.bat","fileType":"bat","lines":[{"lineNumber":1,"author":{"gitId":"-"},"content":"@ECHO OFF","lastModifiedDate":"2020-05-25"},{"lineNumber":2,"author":{"gitId":"-"},"content":"","lastModifiedDate":"2020-05-25"},{"lineNumber":3,"author":{"gitId":"-"},"content":"REM create bin directory if it doesn\u0027t exist","lastModifiedDate":"2020-05-25"},{"lineNumber":4,"author":{"gitId":"-"},"content":"if not exist ..\\bin mkdir ..\\bin","lastModifiedDate":"2020-05-25"},{"lineNumber":5,"author":{"gitId":"-"},"content":"","lastModifiedDate":"2020-05-25"},{"lineNumber":6,"author":{"gitId":"-"},"content":"REM delete output from previous run","lastModifiedDate":"2020-05-25"},{"lineNumber":7,"author":{"gitId":"-"},"content":"if exist ACTUAL.TXT del ACTUAL.TXT","lastModifiedDate":"2020-08-25"},{"lineNumber":8,"author":{"gitId":"-"},"content":"","lastModifiedDate":"2020-05-25"},{"lineNumber":9,"author":{"gitId":"-"},"content":"REM compile the code into the bin folder","lastModifiedDate":"2020-05-25"},{"lineNumber":10,"author":{"gitId":"-"},"content":"javac  -cp ..\\src\\main\\java -Xlint:none -d ..\\bin ..\\src\\main\\java\\*.java","lastModifiedDate":"2020-08-25"},{"lineNumber":11,"author":{"gitId":"-"},"content":"IF ERRORLEVEL 1 (","lastModifiedDate":"2020-05-25"},{"lineNumber":12,"author":{"gitId":"-"},"content":"    echo ********** BUILD FAILURE **********","lastModifiedDate":"2020-05-25"},{"lineNumber":13,"author":{"gitId":"-"},"content":"    exit /b 1","lastModifiedDate":"2020-05-25"},{"lineNumber":14,"author":{"gitId":"-"},"content":")","lastModifiedDate":"2020-05-25"},{"lineNumber":15,"author":{"gitId":"-"},"content":"REM no error here, errorlevel \u003d\u003d 0","lastModifiedDate":"2020-05-25"},{"lineNumber":16,"author":{"gitId":"-"},"content":"","lastModifiedDate":"2020-05-25"},{"lineNumber":17,"author":{"gitId":"-"},"content":"REM run the program, feed commands from input.txt file and redirect the output to the ACTUAL.TXT","lastModifiedDate":"2020-05-25"},{"lineNumber":18,"author":{"gitId":"jaydencjs"},"content":"java -classpath ..\\bin main.Duke \u003c input.txt \u003e ACTUAL.TXT","lastModifiedDate":"2022-03-19"},{"lineNumber":19,"author":{"gitId":"-"},"content":"","lastModifiedDate":"2020-05-25"},{"lineNumber":20,"author":{"gitId":"-"},"content":"REM compare the output to the expected output","lastModifiedDate":"2020-05-25"},{"lineNumber":21,"author":{"gitId":"-"},"content":"FC ACTUAL.TXT EXPECTED.TXT","lastModifiedDate":"2020-05-25"}],"authorContributionMap":{"jaydencjs":1,"-":20}}]
