{"authorDailyContributionsMap":{"jaydencjs":[{"date":"2022-01-26","commitResults":[{"hash":"6f075a8748881638740284457c4d94e4b242bd1b","messageTitle":"Level 1 - Echo","messageBody":"","tags":["v1.0"],"fileTypesAndContributionMap":{"java":{"insertions":16,"deletions":6}}},{"hash":"5ad473ac03b4cb2f457694470f1e1efdc43139cd","messageTitle":"Level - 2: Add task","messageBody":"","tags":["v1.1"],"fileTypesAndContributionMap":{"java":{"insertions":24,"deletions":2}}}]},{"date":"2022-01-27","commitResults":[{"hash":"ebc9285d6fee903b7b5650df950f38a4ce710364","messageTitle":"Level 3a - Display task","messageBody":"","tags":["v1.2"],"fileTypesAndContributionMap":{"java":{"insertions":30,"deletions":3}}},{"hash":"f68f579537d2bf46fd0e723fc9c836d6813c37f6","messageTitle":"Level 3b - Mark and unmark task","messageBody":"","tags":["v1.3"],"fileTypesAndContributionMap":{"java":{"insertions":20,"deletions":0}}}]},{"date":"2022-01-28","commitResults":[{"hash":"852c4f1cccab94433be03ec0971b21dfbc3dc39c","messageTitle":"Level 4 - Specific task","messageBody":"","tags":["v1.4"],"fileTypesAndContributionMap":{"java":{"insertions":108,"deletions":28}}}]},{"date":"2022-02-09","commitResults":[{"hash":"4953361dd1bdc7f9bd522e574087f01b54c9ebe6","messageTitle":"Level 5 - Error Exception","messageBody":"","tags":["v1.5"],"fileTypesAndContributionMap":{"java":{"insertions":5,"deletions":4}}}]},{"date":"2022-02-20","commitResults":[{"hash":"dd27092cb3ec55ac03e7a0c9e3040f3161f0cc94","messageTitle":"Level 6 - Delete Task + Code Refactoring","messageBody":"","tags":["v1.6"],"fileTypesAndContributionMap":{"java":{"insertions":51,"deletions":23}}}]}]},"authorFileTypeContributionMap":{"jaydencjs":{"java":193,"md":0,"fxml":0,"sh":0,"bat":0,"gradle":0,"txt":0}},"authorContributionVariance":{"jaydencjs":636.3791},"authorDisplayNameMap":{"jaydencjs":"CHON..SHIN"}}
