{"authorDailyContributionsMap":{"CyberS-N":[{"date":"2022-02-13","commitResults":[{"hash":"c0dc513fd4363a5aac645a3967409422c52331dc","messageTitle":"Level 1. Greet, Echo, Exit","messageBody":"","tags":["Level-1"],"fileTypesAndContributionMap":{"java":{"insertions":15,"deletions":0}}}]},{"date":"2022-04-05","commitResults":[{"hash":"e39440d7f6349727914d8834ca355b7658c366c4","messageTitle":"Level 2. Add, List","messageBody":"","tags":["Level-2"],"fileTypesAndContributionMap":{"java":{"insertions":32,"deletions":17}}}]}]},"authorFileTypeContributionMap":{"CyberS-N":{"java":36,"md":0,"fxml":0,"sh":0,"bat":0,"gradle":0,"txt":0}},"authorContributionVariance":{"CyberS-N":29.981073},"authorDisplayNameMap":{"CyberS-N":"LIU ..NHUI"}}
