[{"path":"src/main/java/Duke.java","fileType":"java","lines":[{"lineNumber":1,"author":{"gitId":"hambot072"},"content":"import java.util.Scanner;","lastModifiedDate":"2022-02-10"},{"lineNumber":2,"author":{"gitId":"hambot072"},"content":"import java.util.Arrays;","lastModifiedDate":"2022-02-10"},{"lineNumber":3,"author":{"gitId":"hambot072"},"content":"import java.util.regex.*;","lastModifiedDate":"2022-02-11"},{"lineNumber":4,"author":{"gitId":"hambot072"},"content":"","lastModifiedDate":"2022-02-10"},{"lineNumber":5,"author":{"gitId":"-"},"content":"public class Duke {","lastModifiedDate":"2019-07-29"},{"lineNumber":6,"author":{"gitId":"-"},"content":"    public static void main(String[] args) {","lastModifiedDate":"2019-07-29"},{"lineNumber":7,"author":{"gitId":"hambot072"},"content":"        Pattern p \u003d Pattern.compile(\"^mark[\\\\s][0-9]*$\");","lastModifiedDate":"2022-02-11"},{"lineNumber":8,"author":{"gitId":"hambot072"},"content":"        Pattern q \u003d Pattern.compile(\"^unmark[\\\\s][0-9]*$\");","lastModifiedDate":"2022-02-11"},{"lineNumber":9,"author":{"gitId":"hambot072"},"content":"","lastModifiedDate":"2022-02-11"},{"lineNumber":10,"author":{"gitId":"-"},"content":"        String logo \u003d \" ____        _        \\n\"","lastModifiedDate":"2019-07-29"},{"lineNumber":11,"author":{"gitId":"-"},"content":"                + \"|  _ \\\\ _   _| | _____ \\n\"","lastModifiedDate":"2019-07-29"},{"lineNumber":12,"author":{"gitId":"-"},"content":"                + \"| | | | | | | |/ / _ \\\\\\n\"","lastModifiedDate":"2019-07-29"},{"lineNumber":13,"author":{"gitId":"-"},"content":"                + \"| |_| | |_| |   \u003c  __/\\n\"","lastModifiedDate":"2019-07-29"},{"lineNumber":14,"author":{"gitId":"-"},"content":"                + \"|____/ \\\\__,_|_|\\\\_\\\\___|\\n\";","lastModifiedDate":"2019-07-29"},{"lineNumber":15,"author":{"gitId":"-"},"content":"        System.out.println(\"Hello from\\n\" + logo);","lastModifiedDate":"2019-07-29"},{"lineNumber":16,"author":{"gitId":"hambot072"},"content":"        String line \u003d \"\";","lastModifiedDate":"2022-02-10"},{"lineNumber":17,"author":{"gitId":"hambot072"},"content":"        Scanner in \u003d new Scanner(System.in);","lastModifiedDate":"2022-02-10"},{"lineNumber":18,"author":{"gitId":"hambot072"},"content":"        Task[] list \u003d new Task[100];","lastModifiedDate":"2022-02-11"},{"lineNumber":19,"author":{"gitId":"hambot072"},"content":"        Task[] temp \u003d new Task[100];","lastModifiedDate":"2022-02-11"},{"lineNumber":20,"author":{"gitId":"hambot072"},"content":"        int itemCount \u003d 0;","lastModifiedDate":"2022-02-10"},{"lineNumber":21,"author":{"gitId":"hambot072"},"content":"","lastModifiedDate":"2022-02-11"},{"lineNumber":22,"author":{"gitId":"hambot072"},"content":"","lastModifiedDate":"2022-02-10"},{"lineNumber":23,"author":{"gitId":"hambot072"},"content":"        while(!line.contains(\"bye\")) {","lastModifiedDate":"2022-02-10"},{"lineNumber":24,"author":{"gitId":"hambot072"},"content":"            System.out.print(\"Type something: \");","lastModifiedDate":"2022-02-10"},{"lineNumber":25,"author":{"gitId":"hambot072"},"content":"            line \u003d in.nextLine();","lastModifiedDate":"2022-02-10"},{"lineNumber":26,"author":{"gitId":"hambot072"},"content":"            Matcher m \u003d p.matcher(line);","lastModifiedDate":"2022-02-11"},{"lineNumber":27,"author":{"gitId":"hambot072"},"content":"            Matcher n \u003d q.matcher(line);","lastModifiedDate":"2022-02-11"},{"lineNumber":28,"author":{"gitId":"hambot072"},"content":"","lastModifiedDate":"2022-02-10"},{"lineNumber":29,"author":{"gitId":"hambot072"},"content":"            if (line.equals(\"bye\")){","lastModifiedDate":"2022-02-10"},{"lineNumber":30,"author":{"gitId":"hambot072"},"content":"                System.out.print(\"\\tGood day and good bye\");","lastModifiedDate":"2022-02-10"},{"lineNumber":31,"author":{"gitId":"hambot072"},"content":"                break;","lastModifiedDate":"2022-02-10"},{"lineNumber":32,"author":{"gitId":"hambot072"},"content":"            }","lastModifiedDate":"2022-02-10"},{"lineNumber":33,"author":{"gitId":"hambot072"},"content":"","lastModifiedDate":"2022-02-10"},{"lineNumber":34,"author":{"gitId":"hambot072"},"content":"            if(line.equals(\"list\")) {","lastModifiedDate":"2022-02-10"},{"lineNumber":35,"author":{"gitId":"hambot072"},"content":"                list \u003d Arrays.copyOf(temp, itemCount);","lastModifiedDate":"2022-02-10"},{"lineNumber":36,"author":{"gitId":"hambot072"},"content":"                for (int i \u003d 0; i \u003c list.length; i++) {","lastModifiedDate":"2022-02-10"},{"lineNumber":37,"author":{"gitId":"hambot072"},"content":"                    System.out.print(i+1 + \".\" + list[i].getStatusIcon() + list[i].getDescription() + \"\\n\");","lastModifiedDate":"2022-02-11"},{"lineNumber":38,"author":{"gitId":"hambot072"},"content":"                }","lastModifiedDate":"2022-02-11"},{"lineNumber":39,"author":{"gitId":"hambot072"},"content":"            }","lastModifiedDate":"2022-02-11"},{"lineNumber":40,"author":{"gitId":"hambot072"},"content":"            else {","lastModifiedDate":"2022-02-11"},{"lineNumber":41,"author":{"gitId":"hambot072"},"content":"","lastModifiedDate":"2022-02-11"},{"lineNumber":42,"author":{"gitId":"hambot072"},"content":"                if(m.matches()){","lastModifiedDate":"2022-02-11"},{"lineNumber":43,"author":{"gitId":"hambot072"},"content":"                    line \u003d line.replaceAll(\"[^0-9]\", \"\");","lastModifiedDate":"2022-02-11"},{"lineNumber":44,"author":{"gitId":"hambot072"},"content":"                    list[Integer.parseInt(line)-1].setStatus(true);","lastModifiedDate":"2022-02-11"},{"lineNumber":45,"author":{"gitId":"hambot072"},"content":"                    System.out.println(\"This task has been marked as done: \" + \"\\n\" + list[Integer.parseInt(line)-1].getStatusIcon() + list[Integer.parseInt(line)-1].getDescription());","lastModifiedDate":"2022-02-11"},{"lineNumber":46,"author":{"gitId":"hambot072"},"content":"                }","lastModifiedDate":"2022-02-10"},{"lineNumber":47,"author":{"gitId":"hambot072"},"content":"                else if(n.matches()){","lastModifiedDate":"2022-02-11"},{"lineNumber":48,"author":{"gitId":"hambot072"},"content":"                    line \u003d line.replaceAll(\"[^0-9]\", \"\");","lastModifiedDate":"2022-02-11"},{"lineNumber":49,"author":{"gitId":"hambot072"},"content":"                    list[Integer.parseInt(line)-1].setStatus(false);","lastModifiedDate":"2022-02-11"},{"lineNumber":50,"author":{"gitId":"hambot072"},"content":"                    System.out.println(\"This task has been marked as not done: \" + \"\\n\" + list[Integer.parseInt(line)-1].getStatusIcon() + list[Integer.parseInt(line)-1].getDescription());","lastModifiedDate":"2022-02-11"},{"lineNumber":51,"author":{"gitId":"hambot072"},"content":"                }","lastModifiedDate":"2022-02-10"},{"lineNumber":52,"author":{"gitId":"hambot072"},"content":"                else {","lastModifiedDate":"2022-02-10"},{"lineNumber":53,"author":{"gitId":"hambot072"},"content":"                    Task t \u003d new Task(line);","lastModifiedDate":"2022-02-11"},{"lineNumber":54,"author":{"gitId":"hambot072"},"content":"                    temp[itemCount] \u003d t;","lastModifiedDate":"2022-02-11"},{"lineNumber":55,"author":{"gitId":"hambot072"},"content":"                    itemCount++;","lastModifiedDate":"2022-02-10"},{"lineNumber":56,"author":{"gitId":"hambot072"},"content":"                    System.out.println(\"\\tadded: \" + line);","lastModifiedDate":"2022-02-10"},{"lineNumber":57,"author":{"gitId":"hambot072"},"content":"                }","lastModifiedDate":"2022-02-10"},{"lineNumber":58,"author":{"gitId":"hambot072"},"content":"","lastModifiedDate":"2022-02-10"},{"lineNumber":59,"author":{"gitId":"hambot072"},"content":"            }","lastModifiedDate":"2022-02-10"},{"lineNumber":60,"author":{"gitId":"-"},"content":"        }","lastModifiedDate":"2019-07-29"},{"lineNumber":61,"author":{"gitId":"-"},"content":"    }","lastModifiedDate":"2019-07-29"},{"lineNumber":62,"author":{"gitId":"-"},"content":"}","lastModifiedDate":"2022-02-11"},{"lineNumber":63,"author":{"gitId":"hambot072"},"content":"","lastModifiedDate":"2022-02-11"}],"authorContributionMap":{"hambot072":52,"-":11}},{"path":"src/main/java/Task.java","fileType":"java","lines":[{"lineNumber":1,"author":{"gitId":"hambot072"},"content":"public class Task {","lastModifiedDate":"2022-02-11"},{"lineNumber":2,"author":{"gitId":"hambot072"},"content":"    protected String description;","lastModifiedDate":"2022-02-11"},{"lineNumber":3,"author":{"gitId":"hambot072"},"content":"    protected boolean isDone;","lastModifiedDate":"2022-02-11"},{"lineNumber":4,"author":{"gitId":"hambot072"},"content":"","lastModifiedDate":"2022-02-11"},{"lineNumber":5,"author":{"gitId":"hambot072"},"content":"    public Task(String description) {","lastModifiedDate":"2022-02-11"},{"lineNumber":6,"author":{"gitId":"hambot072"},"content":"        this.description \u003d description;","lastModifiedDate":"2022-02-11"},{"lineNumber":7,"author":{"gitId":"hambot072"},"content":"        this.isDone \u003d false;","lastModifiedDate":"2022-02-11"},{"lineNumber":8,"author":{"gitId":"hambot072"},"content":"    }","lastModifiedDate":"2022-02-11"},{"lineNumber":9,"author":{"gitId":"hambot072"},"content":"","lastModifiedDate":"2022-02-11"},{"lineNumber":10,"author":{"gitId":"hambot072"},"content":"    public String getStatusIcon() {","lastModifiedDate":"2022-02-11"},{"lineNumber":11,"author":{"gitId":"hambot072"},"content":"        return (this.isDone ? \"[X] \" : \"[ ] \"); // mark done task with X","lastModifiedDate":"2022-02-11"},{"lineNumber":12,"author":{"gitId":"hambot072"},"content":"    }","lastModifiedDate":"2022-02-11"},{"lineNumber":13,"author":{"gitId":"hambot072"},"content":"","lastModifiedDate":"2022-02-11"},{"lineNumber":14,"author":{"gitId":"hambot072"},"content":"    public void setStatus(boolean isDone){","lastModifiedDate":"2022-02-11"},{"lineNumber":15,"author":{"gitId":"hambot072"},"content":"        this.isDone \u003d isDone;","lastModifiedDate":"2022-02-11"},{"lineNumber":16,"author":{"gitId":"hambot072"},"content":"    }","lastModifiedDate":"2022-02-11"},{"lineNumber":17,"author":{"gitId":"hambot072"},"content":"    public String getDescription(){","lastModifiedDate":"2022-02-11"},{"lineNumber":18,"author":{"gitId":"hambot072"},"content":"        return description;","lastModifiedDate":"2022-02-11"},{"lineNumber":19,"author":{"gitId":"hambot072"},"content":"    }","lastModifiedDate":"2022-02-11"},{"lineNumber":20,"author":{"gitId":"hambot072"},"content":"","lastModifiedDate":"2022-02-11"},{"lineNumber":21,"author":{"gitId":"hambot072"},"content":"}","lastModifiedDate":"2022-02-11"}],"authorContributionMap":{"hambot072":21}}]
