{"authorDailyContributionsMap":{"hambot072":[{"date":"2022-02-10","commitResults":[{"hash":"5116f1b2e07ec0a6f1825b547f94a0aec61550da","messageTitle":"Level-1","messageBody":"","tags":["Level-1"],"fileTypesAndContributionMap":{"java":{"insertions":16,"deletions":0}}},{"hash":"5f7a6bc4e96eaac76a12feffcf2b1793a0c7c27d","messageTitle":"Level-2","messageBody":"","tags":["Level-2"],"fileTypesAndContributionMap":{"java":{"insertions":18,"deletions":1}}}]},{"date":"2022-02-11","commitResults":[{"hash":"abb935959f7c036e91b4db48f5abdc218ca5566c","messageTitle":"Level-3","messageBody":"Added Task.java\n","tags":["Level-3"],"fileTypesAndContributionMap":{"java":{"insertions":50,"deletions":9}}}]},{"date":"2022-03-23","commitResults":[{"hash":"88b5412bc9758980f08b150c9b205cf62ab118ab","messageTitle":"Level-4","messageBody":"Level 4. ToDos, Events, Deadlines\n","tags":["Level-4"],"fileTypesAndContributionMap":{"java":{"insertions":111,"deletions":17}}},{"hash":"0b81dc9605b1b3e87bedcb202b4beb3ef8dd3dde","messageTitle":"Level-6","messageBody":"Add support for deleting tasks from the list and added rudimentary error handling.\n","tags":["Level-6"],"fileTypesAndContributionMap":{"java":{"insertions":34,"deletions":13}}}]},{"date":"2022-04-15","commitResults":[{"hash":"011d59160cb50e11e237066b3313e64986be5168","messageTitle":"Level-7 to Level-9","messageBody":"Level 7 to Level 9. Individual feature plus improvements to it also added.\n","fileTypesAndContributionMap":{"txt":{"insertions":1,"deletions":0},"java":{"insertions":662,"deletions":189}}},{"hash":"0eb6cdc511213fe6224c023865d40d41a9bfe199","messageTitle":"Gradle implemented + JUnit Tests added","messageBody":"Gradle implemented\nJUnit Tests added for creating todo, deadline and event tasks, deleting tasks, tagging tasks and finding tasks.\n","fileTypesAndContributionMap":{"java":{"insertions":69,"deletions":9}}}]}]},"authorFileTypeContributionMap":{"hambot072":{"java":724,"md":0,"fxml":0,"sh":0,"bat":0,"gradle":0,"txt":1}},"authorContributionVariance":{"hambot072":9221.417},"authorDisplayNameMap":{"hambot072":"BAY .. HAN"}}
