[{"path":"src/main/java/Deadline.java","fileType":"java","lines":[{"lineNumber":1,"author":{"gitId":"winson-mok"},"content":"public class Deadline extends Task {","lastModifiedDate":"2022-02-06"},{"lineNumber":2,"author":{"gitId":"winson-mok"},"content":"    protected String by;","lastModifiedDate":"2022-02-06"},{"lineNumber":3,"author":{"gitId":"winson-mok"},"content":"","lastModifiedDate":"2022-02-06"},{"lineNumber":4,"author":{"gitId":"winson-mok"},"content":"    public Deadline(String description, String by) {","lastModifiedDate":"2022-02-06"},{"lineNumber":5,"author":{"gitId":"winson-mok"},"content":"        super(description);","lastModifiedDate":"2022-02-06"},{"lineNumber":6,"author":{"gitId":"winson-mok"},"content":"        this.description \u003d description;","lastModifiedDate":"2022-02-06"},{"lineNumber":7,"author":{"gitId":"winson-mok"},"content":"        this.by \u003d by;","lastModifiedDate":"2022-02-06"},{"lineNumber":8,"author":{"gitId":"winson-mok"},"content":"    }","lastModifiedDate":"2022-02-06"},{"lineNumber":9,"author":{"gitId":"winson-mok"},"content":"","lastModifiedDate":"2022-02-06"},{"lineNumber":10,"author":{"gitId":"winson-mok"},"content":"    public String getBy(){","lastModifiedDate":"2022-02-06"},{"lineNumber":11,"author":{"gitId":"winson-mok"},"content":"        return this.by;","lastModifiedDate":"2022-02-06"},{"lineNumber":12,"author":{"gitId":"winson-mok"},"content":"    }","lastModifiedDate":"2022-02-06"},{"lineNumber":13,"author":{"gitId":"winson-mok"},"content":"","lastModifiedDate":"2022-02-06"},{"lineNumber":14,"author":{"gitId":"winson-mok"},"content":"    public void setBy(String by){","lastModifiedDate":"2022-02-06"},{"lineNumber":15,"author":{"gitId":"winson-mok"},"content":"        this.by \u003d by;","lastModifiedDate":"2022-02-06"},{"lineNumber":16,"author":{"gitId":"winson-mok"},"content":"    }","lastModifiedDate":"2022-02-06"},{"lineNumber":17,"author":{"gitId":"winson-mok"},"content":"","lastModifiedDate":"2022-02-09"},{"lineNumber":18,"author":{"gitId":"winson-mok"},"content":"    @Override","lastModifiedDate":"2022-02-09"},{"lineNumber":19,"author":{"gitId":"winson-mok"},"content":"    public String toString() {","lastModifiedDate":"2022-02-09"},{"lineNumber":20,"author":{"gitId":"winson-mok"},"content":"        String output \u003d super.toString();","lastModifiedDate":"2022-02-09"},{"lineNumber":21,"author":{"gitId":"winson-mok"},"content":"       return output.substring(0,1) + \u0027D\u0027 + output.substring(2) + \"\\t\" + by;","lastModifiedDate":"2022-02-09"},{"lineNumber":22,"author":{"gitId":"winson-mok"},"content":"    }","lastModifiedDate":"2022-02-09"},{"lineNumber":23,"author":{"gitId":"winson-mok"},"content":"}","lastModifiedDate":"2022-02-06"}],"authorContributionMap":{"winson-mok":23}},{"path":"src/main/java/Duke.java","fileType":"java","lines":[{"lineNumber":1,"author":{"gitId":"winson-mok"},"content":"import java.lang.*;","lastModifiedDate":"2022-01-27"},{"lineNumber":2,"author":{"gitId":"winson-mok"},"content":"import java.util.*;","lastModifiedDate":"2022-01-27"},{"lineNumber":3,"author":{"gitId":"winson-mok"},"content":"","lastModifiedDate":"2022-01-27"},{"lineNumber":4,"author":{"gitId":"-"},"content":"public class Duke {","lastModifiedDate":"2019-07-29"},{"lineNumber":5,"author":{"gitId":"winson-mok"},"content":"","lastModifiedDate":"2022-01-27"},{"lineNumber":6,"author":{"gitId":"winson-mok"},"content":"    public static String[] addIntoArray(String[] original, String add) {","lastModifiedDate":"2022-01-27"},{"lineNumber":7,"author":{"gitId":"winson-mok"},"content":"        // create an array with +1 size and copy old array to new array","lastModifiedDate":"2022-01-27"},{"lineNumber":8,"author":{"gitId":"winson-mok"},"content":"        String[] newOutput \u003d new String[original.length + 1];","lastModifiedDate":"2022-01-27"},{"lineNumber":9,"author":{"gitId":"winson-mok"},"content":"        System.arraycopy(original, 0, newOutput, 0,original.length);","lastModifiedDate":"2022-01-27"},{"lineNumber":10,"author":{"gitId":"winson-mok"},"content":"","lastModifiedDate":"2022-01-27"},{"lineNumber":11,"author":{"gitId":"winson-mok"},"content":"        // add items[i] into new array","lastModifiedDate":"2022-01-27"},{"lineNumber":12,"author":{"gitId":"winson-mok"},"content":"        newOutput[original.length] \u003d add;","lastModifiedDate":"2022-01-27"},{"lineNumber":13,"author":{"gitId":"winson-mok"},"content":"","lastModifiedDate":"2022-01-27"},{"lineNumber":14,"author":{"gitId":"winson-mok"},"content":"        // System.out.println(Arrays.toString(newOutput));","lastModifiedDate":"2022-01-27"},{"lineNumber":15,"author":{"gitId":"winson-mok"},"content":"        return newOutput;","lastModifiedDate":"2022-01-27"},{"lineNumber":16,"author":{"gitId":"winson-mok"},"content":"    }","lastModifiedDate":"2022-01-27"},{"lineNumber":17,"author":{"gitId":"winson-mok"},"content":"","lastModifiedDate":"2022-01-27"},{"lineNumber":18,"author":{"gitId":"winson-mok"},"content":"    public static String[] tokenizer(String input) {","lastModifiedDate":"2022-01-27"},{"lineNumber":19,"author":{"gitId":"winson-mok"},"content":"        String[] output \u003d new String[]{};","lastModifiedDate":"2022-01-27"},{"lineNumber":20,"author":{"gitId":"winson-mok"},"content":"        // iterate through input string","lastModifiedDate":"2022-01-27"},{"lineNumber":21,"author":{"gitId":"winson-mok"},"content":"        for (int i \u003d 0; i \u003c input.length();) {","lastModifiedDate":"2022-01-27"},{"lineNumber":22,"author":{"gitId":"winson-mok"},"content":"            String cur_word \u003d \"\";","lastModifiedDate":"2022-01-27"},{"lineNumber":23,"author":{"gitId":"winson-mok"},"content":"            // capture current word separated by space character","lastModifiedDate":"2022-01-27"},{"lineNumber":24,"author":{"gitId":"winson-mok"},"content":"            do {","lastModifiedDate":"2022-01-27"},{"lineNumber":25,"author":{"gitId":"winson-mok"},"content":"                cur_word \u003d cur_word + Character.toString(input.charAt(i));","lastModifiedDate":"2022-01-27"},{"lineNumber":26,"author":{"gitId":"winson-mok"},"content":"                i++;","lastModifiedDate":"2022-01-27"},{"lineNumber":27,"author":{"gitId":"winson-mok"},"content":"            }","lastModifiedDate":"2022-01-27"},{"lineNumber":28,"author":{"gitId":"winson-mok"},"content":"            while (i \u003c input.length() \u0026\u0026 input.charAt(i) !\u003d \u0027 \u0027);","lastModifiedDate":"2022-01-27"},{"lineNumber":29,"author":{"gitId":"winson-mok"},"content":"            cur_word \u003d cur_word.stripLeading();","lastModifiedDate":"2022-01-27"},{"lineNumber":30,"author":{"gitId":"winson-mok"},"content":"            cur_word \u003d cur_word.stripTrailing();","lastModifiedDate":"2022-01-27"},{"lineNumber":31,"author":{"gitId":"winson-mok"},"content":"            output \u003d addIntoArray(output, cur_word);","lastModifiedDate":"2022-01-27"},{"lineNumber":32,"author":{"gitId":"winson-mok"},"content":"        }","lastModifiedDate":"2022-01-27"},{"lineNumber":33,"author":{"gitId":"winson-mok"},"content":"        return output;","lastModifiedDate":"2022-01-27"},{"lineNumber":34,"author":{"gitId":"winson-mok"},"content":"    }","lastModifiedDate":"2022-01-27"},{"lineNumber":35,"author":{"gitId":"winson-mok"},"content":"","lastModifiedDate":"2022-01-27"},{"lineNumber":36,"author":{"gitId":"winson-mok"},"content":"    public static void addTodo (String[] inputContent, List\u003cTask\u003e toDoList) throws DukeException{","lastModifiedDate":"2022-02-16"},{"lineNumber":37,"author":{"gitId":"winson-mok"},"content":"        String content \u003d \"\";","lastModifiedDate":"2022-02-16"},{"lineNumber":38,"author":{"gitId":"winson-mok"},"content":"        for (int i \u003d 1; i \u003c inputContent.length; i++) {","lastModifiedDate":"2022-02-16"},{"lineNumber":39,"author":{"gitId":"winson-mok"},"content":"            content \u003d content + \" \" + inputContent[i];","lastModifiedDate":"2022-02-16"},{"lineNumber":40,"author":{"gitId":"winson-mok"},"content":"        }","lastModifiedDate":"2022-02-16"},{"lineNumber":41,"author":{"gitId":"winson-mok"},"content":"        content \u003d content.stripLeading();","lastModifiedDate":"2022-02-16"},{"lineNumber":42,"author":{"gitId":"winson-mok"},"content":"        content \u003d content.stripTrailing();","lastModifiedDate":"2022-02-16"},{"lineNumber":43,"author":{"gitId":"winson-mok"},"content":"        if (content.equalsIgnoreCase(\"\")){","lastModifiedDate":"2022-02-16"},{"lineNumber":44,"author":{"gitId":"winson-mok"},"content":"            throw new DukeException(\"missing task\");","lastModifiedDate":"2022-02-16"},{"lineNumber":45,"author":{"gitId":"winson-mok"},"content":"        }","lastModifiedDate":"2022-02-16"},{"lineNumber":46,"author":{"gitId":"winson-mok"},"content":"        else {","lastModifiedDate":"2022-02-16"},{"lineNumber":47,"author":{"gitId":"winson-mok"},"content":"            Task curTask \u003d new Task(content);","lastModifiedDate":"2022-02-16"},{"lineNumber":48,"author":{"gitId":"winson-mok"},"content":"            toDoList.add(curTask);","lastModifiedDate":"2022-02-16"},{"lineNumber":49,"author":{"gitId":"winson-mok"},"content":"        }","lastModifiedDate":"2022-02-16"},{"lineNumber":50,"author":{"gitId":"winson-mok"},"content":"    }","lastModifiedDate":"2022-02-16"},{"lineNumber":51,"author":{"gitId":"winson-mok"},"content":"","lastModifiedDate":"2022-02-16"},{"lineNumber":52,"author":{"gitId":"winson-mok"},"content":"    public static void addDeadline (String[] inputContent, List\u003cTask\u003e toDoList) throws DukeException{","lastModifiedDate":"2022-02-16"},{"lineNumber":53,"author":{"gitId":"winson-mok"},"content":"        String content \u003d \"\";","lastModifiedDate":"2022-02-16"},{"lineNumber":54,"author":{"gitId":"winson-mok"},"content":"        String by \u003d \"\";","lastModifiedDate":"2022-02-16"},{"lineNumber":55,"author":{"gitId":"winson-mok"},"content":"        for (int i \u003d 1; i \u003c inputContent.length;) {","lastModifiedDate":"2022-02-16"},{"lineNumber":56,"author":{"gitId":"winson-mok"},"content":"            if (!inputContent[i].equalsIgnoreCase(\"/by\")) {","lastModifiedDate":"2022-02-16"},{"lineNumber":57,"author":{"gitId":"winson-mok"},"content":"                content \u003d content + \" \" + inputContent[i];","lastModifiedDate":"2022-02-16"},{"lineNumber":58,"author":{"gitId":"winson-mok"},"content":"                i++;","lastModifiedDate":"2022-02-16"},{"lineNumber":59,"author":{"gitId":"winson-mok"},"content":"            }","lastModifiedDate":"2022-02-16"},{"lineNumber":60,"author":{"gitId":"winson-mok"},"content":"            if (i \u003c inputContent.length \u0026\u0026 inputContent[i].equalsIgnoreCase(\"/by\")) {","lastModifiedDate":"2022-02-16"},{"lineNumber":61,"author":{"gitId":"winson-mok"},"content":"                by \u003d by + \"(by :\";","lastModifiedDate":"2022-02-16"},{"lineNumber":62,"author":{"gitId":"winson-mok"},"content":"                i++;","lastModifiedDate":"2022-02-16"},{"lineNumber":63,"author":{"gitId":"winson-mok"},"content":"                while (i \u003c inputContent.length) {","lastModifiedDate":"2022-02-16"},{"lineNumber":64,"author":{"gitId":"winson-mok"},"content":"                    by \u003d by + \" \" + inputContent[i];","lastModifiedDate":"2022-02-16"},{"lineNumber":65,"author":{"gitId":"winson-mok"},"content":"                    i++;","lastModifiedDate":"2022-02-16"},{"lineNumber":66,"author":{"gitId":"winson-mok"},"content":"                }","lastModifiedDate":"2022-02-16"},{"lineNumber":67,"author":{"gitId":"winson-mok"},"content":"                by \u003d by + \")\";","lastModifiedDate":"2022-02-16"},{"lineNumber":68,"author":{"gitId":"winson-mok"},"content":"            }","lastModifiedDate":"2022-02-16"},{"lineNumber":69,"author":{"gitId":"winson-mok"},"content":"        }","lastModifiedDate":"2022-02-16"},{"lineNumber":70,"author":{"gitId":"winson-mok"},"content":"        content \u003d content.stripLeading();","lastModifiedDate":"2022-02-16"},{"lineNumber":71,"author":{"gitId":"winson-mok"},"content":"        content \u003d content.stripTrailing();","lastModifiedDate":"2022-02-16"},{"lineNumber":72,"author":{"gitId":"winson-mok"},"content":"        if (content.equalsIgnoreCase(\"\")) {","lastModifiedDate":"2022-02-16"},{"lineNumber":73,"author":{"gitId":"winson-mok"},"content":"            if (by.equalsIgnoreCase(\"\")|| by.equalsIgnoreCase(\"(by : )\")){","lastModifiedDate":"2022-02-16"},{"lineNumber":74,"author":{"gitId":"winson-mok"},"content":"                throw new DukeException(\"missing task \u0026 missing by\");","lastModifiedDate":"2022-02-16"},{"lineNumber":75,"author":{"gitId":"winson-mok"},"content":"            }","lastModifiedDate":"2022-02-16"},{"lineNumber":76,"author":{"gitId":"winson-mok"},"content":"            else {","lastModifiedDate":"2022-02-16"},{"lineNumber":77,"author":{"gitId":"winson-mok"},"content":"                throw new DukeException(\"missing task\");","lastModifiedDate":"2022-02-16"},{"lineNumber":78,"author":{"gitId":"winson-mok"},"content":"            }","lastModifiedDate":"2022-02-16"},{"lineNumber":79,"author":{"gitId":"winson-mok"},"content":"        }","lastModifiedDate":"2022-02-16"},{"lineNumber":80,"author":{"gitId":"winson-mok"},"content":"        else {","lastModifiedDate":"2022-02-16"},{"lineNumber":81,"author":{"gitId":"winson-mok"},"content":"            if (by.equalsIgnoreCase(\"\") || by.equalsIgnoreCase(\"(by : )\")) {","lastModifiedDate":"2022-02-16"},{"lineNumber":82,"author":{"gitId":"winson-mok"},"content":"                throw new DukeException(\"missing by\");","lastModifiedDate":"2022-02-16"},{"lineNumber":83,"author":{"gitId":"winson-mok"},"content":"            } else {","lastModifiedDate":"2022-02-16"},{"lineNumber":84,"author":{"gitId":"winson-mok"},"content":"                Deadline curTask \u003d new Deadline(content, by);","lastModifiedDate":"2022-02-16"},{"lineNumber":85,"author":{"gitId":"winson-mok"},"content":"                toDoList.add(curTask);","lastModifiedDate":"2022-02-16"},{"lineNumber":86,"author":{"gitId":"winson-mok"},"content":"            }","lastModifiedDate":"2022-02-16"},{"lineNumber":87,"author":{"gitId":"winson-mok"},"content":"        }","lastModifiedDate":"2022-02-16"},{"lineNumber":88,"author":{"gitId":"winson-mok"},"content":"    }","lastModifiedDate":"2022-02-16"},{"lineNumber":89,"author":{"gitId":"winson-mok"},"content":"","lastModifiedDate":"2022-02-16"},{"lineNumber":90,"author":{"gitId":"winson-mok"},"content":"    public static void addEvent (String[] inputContent, List\u003cTask\u003e toDoList) throws DukeException {","lastModifiedDate":"2022-02-16"},{"lineNumber":91,"author":{"gitId":"winson-mok"},"content":"        String content \u003d \"\";","lastModifiedDate":"2022-02-16"},{"lineNumber":92,"author":{"gitId":"winson-mok"},"content":"        String at \u003d \"\";","lastModifiedDate":"2022-02-16"},{"lineNumber":93,"author":{"gitId":"winson-mok"},"content":"        for (int i \u003d 1; i \u003c inputContent.length;) {","lastModifiedDate":"2022-02-16"},{"lineNumber":94,"author":{"gitId":"winson-mok"},"content":"            if (!inputContent[i].equalsIgnoreCase(\"/at\")) {","lastModifiedDate":"2022-02-16"},{"lineNumber":95,"author":{"gitId":"winson-mok"},"content":"                content \u003d content + \" \" + inputContent[i];","lastModifiedDate":"2022-02-16"},{"lineNumber":96,"author":{"gitId":"winson-mok"},"content":"                i++;","lastModifiedDate":"2022-02-16"},{"lineNumber":97,"author":{"gitId":"winson-mok"},"content":"            }","lastModifiedDate":"2022-02-16"},{"lineNumber":98,"author":{"gitId":"winson-mok"},"content":"            if (i \u003c inputContent.length \u0026\u0026 inputContent[i].equalsIgnoreCase(\"/at\")) {","lastModifiedDate":"2022-02-16"},{"lineNumber":99,"author":{"gitId":"winson-mok"},"content":"                at \u003d at + \"(at :\";","lastModifiedDate":"2022-02-16"},{"lineNumber":100,"author":{"gitId":"winson-mok"},"content":"                i++;","lastModifiedDate":"2022-02-16"},{"lineNumber":101,"author":{"gitId":"winson-mok"},"content":"                while (i \u003c inputContent.length) {","lastModifiedDate":"2022-02-16"},{"lineNumber":102,"author":{"gitId":"winson-mok"},"content":"                    at \u003d at + \" \" + inputContent[i];","lastModifiedDate":"2022-02-16"},{"lineNumber":103,"author":{"gitId":"winson-mok"},"content":"                    i++;","lastModifiedDate":"2022-02-16"},{"lineNumber":104,"author":{"gitId":"winson-mok"},"content":"                }","lastModifiedDate":"2022-02-16"},{"lineNumber":105,"author":{"gitId":"winson-mok"},"content":"                at \u003d at + \")\";","lastModifiedDate":"2022-02-16"},{"lineNumber":106,"author":{"gitId":"winson-mok"},"content":"            }","lastModifiedDate":"2022-02-16"},{"lineNumber":107,"author":{"gitId":"winson-mok"},"content":"        }","lastModifiedDate":"2022-02-16"},{"lineNumber":108,"author":{"gitId":"winson-mok"},"content":"        content \u003d content.stripLeading();","lastModifiedDate":"2022-02-16"},{"lineNumber":109,"author":{"gitId":"winson-mok"},"content":"        content \u003d content.stripTrailing();","lastModifiedDate":"2022-02-16"},{"lineNumber":110,"author":{"gitId":"winson-mok"},"content":"        if (content.equalsIgnoreCase(\"\")) {","lastModifiedDate":"2022-02-16"},{"lineNumber":111,"author":{"gitId":"winson-mok"},"content":"            if (at.equalsIgnoreCase(\"\")|| at.equalsIgnoreCase(\"(at : )\")){","lastModifiedDate":"2022-02-16"},{"lineNumber":112,"author":{"gitId":"winson-mok"},"content":"                throw new DukeException(\"missing task \u0026 missing at\");","lastModifiedDate":"2022-02-16"},{"lineNumber":113,"author":{"gitId":"winson-mok"},"content":"            }","lastModifiedDate":"2022-02-16"},{"lineNumber":114,"author":{"gitId":"winson-mok"},"content":"            else {","lastModifiedDate":"2022-02-16"},{"lineNumber":115,"author":{"gitId":"winson-mok"},"content":"                throw new DukeException(\"missing task\");","lastModifiedDate":"2022-02-16"},{"lineNumber":116,"author":{"gitId":"winson-mok"},"content":"            }","lastModifiedDate":"2022-02-16"},{"lineNumber":117,"author":{"gitId":"winson-mok"},"content":"        }","lastModifiedDate":"2022-02-16"},{"lineNumber":118,"author":{"gitId":"winson-mok"},"content":"        else {","lastModifiedDate":"2022-02-16"},{"lineNumber":119,"author":{"gitId":"winson-mok"},"content":"            if (at.equalsIgnoreCase(\"\")|| at.equalsIgnoreCase(\"(at : )\")){","lastModifiedDate":"2022-02-16"},{"lineNumber":120,"author":{"gitId":"winson-mok"},"content":"                throw new DukeException(\"missing at\");","lastModifiedDate":"2022-02-16"},{"lineNumber":121,"author":{"gitId":"winson-mok"},"content":"            }","lastModifiedDate":"2022-02-16"},{"lineNumber":122,"author":{"gitId":"winson-mok"},"content":"            else {","lastModifiedDate":"2022-02-16"},{"lineNumber":123,"author":{"gitId":"winson-mok"},"content":"                Event curTask \u003d new Event(content, at);","lastModifiedDate":"2022-02-16"},{"lineNumber":124,"author":{"gitId":"winson-mok"},"content":"                toDoList.add(curTask);","lastModifiedDate":"2022-02-16"},{"lineNumber":125,"author":{"gitId":"winson-mok"},"content":"            }","lastModifiedDate":"2022-02-16"},{"lineNumber":126,"author":{"gitId":"winson-mok"},"content":"        }","lastModifiedDate":"2022-02-16"},{"lineNumber":127,"author":{"gitId":"winson-mok"},"content":"    }","lastModifiedDate":"2022-02-16"},{"lineNumber":128,"author":{"gitId":"winson-mok"},"content":"","lastModifiedDate":"2022-02-16"},{"lineNumber":129,"author":{"gitId":"winson-mok"},"content":"    public static String deleteTask (int index, List\u003cTask\u003e toDoList) throws DukeException{","lastModifiedDate":"2022-03-05"},{"lineNumber":130,"author":{"gitId":"winson-mok"},"content":"        String output \u003d \"\";","lastModifiedDate":"2022-03-05"},{"lineNumber":131,"author":{"gitId":"winson-mok"},"content":"        if (index \u003e -1 \u0026\u0026 index \u003c toDoList.size()) {","lastModifiedDate":"2022-03-05"},{"lineNumber":132,"author":{"gitId":"winson-mok"},"content":"            output \u003d toDoList.get(index).getTask();","lastModifiedDate":"2022-03-05"},{"lineNumber":133,"author":{"gitId":"winson-mok"},"content":"            toDoList.remove(index);","lastModifiedDate":"2022-03-05"},{"lineNumber":134,"author":{"gitId":"winson-mok"},"content":"        }","lastModifiedDate":"2022-03-05"},{"lineNumber":135,"author":{"gitId":"winson-mok"},"content":"        else {","lastModifiedDate":"2022-03-05"},{"lineNumber":136,"author":{"gitId":"winson-mok"},"content":"            throw new DukeException(\"Out of Range\");","lastModifiedDate":"2022-03-05"},{"lineNumber":137,"author":{"gitId":"winson-mok"},"content":"        }","lastModifiedDate":"2022-03-05"},{"lineNumber":138,"author":{"gitId":"winson-mok"},"content":"        return output;","lastModifiedDate":"2022-03-05"},{"lineNumber":139,"author":{"gitId":"winson-mok"},"content":"    }","lastModifiedDate":"2022-03-05"},{"lineNumber":140,"author":{"gitId":"winson-mok"},"content":"","lastModifiedDate":"2022-03-05"},{"lineNumber":141,"author":{"gitId":"winson-mok"},"content":"    public static void checkToDoList(List \u003cTask\u003e toDoList, int index) throws DukeException{","lastModifiedDate":"2022-02-16"},{"lineNumber":142,"author":{"gitId":"winson-mok"},"content":"        if (index \u003e toDoList.size()) {","lastModifiedDate":"2022-02-16"},{"lineNumber":143,"author":{"gitId":"winson-mok"},"content":"            throw new DukeException(\"Out of Range\");","lastModifiedDate":"2022-02-16"},{"lineNumber":144,"author":{"gitId":"winson-mok"},"content":"        }","lastModifiedDate":"2022-02-16"},{"lineNumber":145,"author":{"gitId":"winson-mok"},"content":"    }","lastModifiedDate":"2022-02-16"},{"lineNumber":146,"author":{"gitId":"winson-mok"},"content":"","lastModifiedDate":"2022-02-16"},{"lineNumber":147,"author":{"gitId":"winson-mok"},"content":"    public static void printReply(String reply, int code) {","lastModifiedDate":"2022-01-27"},{"lineNumber":148,"author":{"gitId":"winson-mok"},"content":"        if (code \u003d\u003d 1) {","lastModifiedDate":"2022-02-06"},{"lineNumber":149,"author":{"gitId":"winson-mok"},"content":"            System.out.println(\"\\t\\t\\t\\t\\t\\t\\t\\t HARO : \");","lastModifiedDate":"2022-01-27"},{"lineNumber":150,"author":{"gitId":"winson-mok"},"content":"            Random rand \u003d new Random();","lastModifiedDate":"2022-01-27"},{"lineNumber":151,"author":{"gitId":"winson-mok"},"content":"            int randomNumber \u003d rand.nextInt(3);","lastModifiedDate":"2022-01-27"},{"lineNumber":152,"author":{"gitId":"winson-mok"},"content":"            if (randomNumber \u003d\u003d 0) {","lastModifiedDate":"2022-01-27"},{"lineNumber":153,"author":{"gitId":"winson-mok"},"content":"                System.out.println(\"\\t\\t\\t\\t\\t\\t\\t\\t Haro ! Here\u0027s the list ! Haro !\");","lastModifiedDate":"2022-02-06"},{"lineNumber":154,"author":{"gitId":"winson-mok"},"content":"            }","lastModifiedDate":"2022-01-27"},{"lineNumber":155,"author":{"gitId":"winson-mok"},"content":"            else if (randomNumber \u003d\u003d 1) {","lastModifiedDate":"2022-01-27"},{"lineNumber":156,"author":{"gitId":"winson-mok"},"content":"                System.out.println(\"\\t\\t\\t\\t\\t\\t\\t\\t Haro ! Roger that ! Haro !\");","lastModifiedDate":"2022-02-06"},{"lineNumber":157,"author":{"gitId":"winson-mok"},"content":"            }","lastModifiedDate":"2022-01-27"},{"lineNumber":158,"author":{"gitId":"winson-mok"},"content":"            else {","lastModifiedDate":"2022-01-27"},{"lineNumber":159,"author":{"gitId":"winson-mok"},"content":"                System.out.println(\"\\t\\t\\t\\t\\t\\t\\t\\t Haro ! Understood ! Haro !\");","lastModifiedDate":"2022-02-06"},{"lineNumber":160,"author":{"gitId":"winson-mok"},"content":"            }","lastModifiedDate":"2022-01-27"},{"lineNumber":161,"author":{"gitId":"winson-mok"},"content":"        }","lastModifiedDate":"2022-01-27"},{"lineNumber":162,"author":{"gitId":"winson-mok"},"content":"        else if (code \u003d\u003d 2) {","lastModifiedDate":"2022-01-27"},{"lineNumber":163,"author":{"gitId":"winson-mok"},"content":"            System.out.println(\"\\t\\t\\t\\t\\t\\t\\t\\t HARO : \");","lastModifiedDate":"2022-01-27"},{"lineNumber":164,"author":{"gitId":"winson-mok"},"content":"            Random rand \u003d new Random();","lastModifiedDate":"2022-01-27"},{"lineNumber":165,"author":{"gitId":"winson-mok"},"content":"            int randomNumber \u003d rand.nextInt(3);","lastModifiedDate":"2022-01-27"},{"lineNumber":166,"author":{"gitId":"winson-mok"},"content":"            if (randomNumber \u003d\u003d 0) {","lastModifiedDate":"2022-01-27"},{"lineNumber":167,"author":{"gitId":"winson-mok"},"content":"                System.out.println(\"\\t\\t\\t\\t\\t\\t\\t\\t Haro ! \\\"\" + reply + \"\\\" has been added to the list ! Haro !\");","lastModifiedDate":"2022-01-27"},{"lineNumber":168,"author":{"gitId":"winson-mok"},"content":"            }","lastModifiedDate":"2022-01-27"},{"lineNumber":169,"author":{"gitId":"winson-mok"},"content":"            else if (randomNumber \u003d\u003d 1) {","lastModifiedDate":"2022-01-27"},{"lineNumber":170,"author":{"gitId":"winson-mok"},"content":"                System.out.println(\"\\t\\t\\t\\t\\t\\t\\t\\t Haro ! Haro has added \\\"\" + reply + \"\\\" into the list ! Haro !\");","lastModifiedDate":"2022-01-27"},{"lineNumber":171,"author":{"gitId":"winson-mok"},"content":"            }","lastModifiedDate":"2022-01-27"},{"lineNumber":172,"author":{"gitId":"winson-mok"},"content":"            else {","lastModifiedDate":"2022-01-27"},{"lineNumber":173,"author":{"gitId":"winson-mok"},"content":"                System.out.println(\"\\t\\t\\t\\t\\t\\t\\t\\t Haro ! new Task : \\\"\" + reply + \"\\\" will be added to the list ! Haro !\");","lastModifiedDate":"2022-02-06"},{"lineNumber":174,"author":{"gitId":"winson-mok"},"content":"            }","lastModifiedDate":"2022-02-06"},{"lineNumber":175,"author":{"gitId":"winson-mok"},"content":"        }","lastModifiedDate":"2022-02-06"},{"lineNumber":176,"author":{"gitId":"winson-mok"},"content":"        else if (code \u003d\u003d 3) {","lastModifiedDate":"2022-02-06"},{"lineNumber":177,"author":{"gitId":"winson-mok"},"content":"            System.out.println(\"\\t\\t\\t\\t\\t\\t\\t\\t HARO : \");","lastModifiedDate":"2022-02-06"},{"lineNumber":178,"author":{"gitId":"winson-mok"},"content":"            Random rand \u003d new Random();","lastModifiedDate":"2022-02-06"},{"lineNumber":179,"author":{"gitId":"winson-mok"},"content":"            int randomNumber \u003d rand.nextInt(3);","lastModifiedDate":"2022-02-06"},{"lineNumber":180,"author":{"gitId":"winson-mok"},"content":"            if (randomNumber \u003d\u003d 0) {","lastModifiedDate":"2022-02-06"},{"lineNumber":181,"author":{"gitId":"winson-mok"},"content":"                System.out.println(\"\\t\\t\\t\\t\\t\\t\\t\\t Haro ! You mean \\\"\" + reply + \"\\\" ? Haro ? \");","lastModifiedDate":"2022-02-06"},{"lineNumber":182,"author":{"gitId":"winson-mok"},"content":"            }","lastModifiedDate":"2022-02-06"},{"lineNumber":183,"author":{"gitId":"winson-mok"},"content":"            else if (randomNumber \u003d\u003d 1) {","lastModifiedDate":"2022-02-06"},{"lineNumber":184,"author":{"gitId":"winson-mok"},"content":"                System.out.println(\"\\t\\t\\t\\t\\t\\t\\t\\t Haro ! \\\"\" + reply + \"\\\" ! Haro !\");","lastModifiedDate":"2022-02-06"},{"lineNumber":185,"author":{"gitId":"winson-mok"},"content":"            }","lastModifiedDate":"2022-02-06"},{"lineNumber":186,"author":{"gitId":"winson-mok"},"content":"            else {","lastModifiedDate":"2022-02-06"},{"lineNumber":187,"author":{"gitId":"winson-mok"},"content":"                System.out.println(\"\\t\\t\\t\\t\\t\\t\\t\\t Haro ! echoing \\\"\" + reply + \"\\\" ! Haro !\");","lastModifiedDate":"2022-02-06"},{"lineNumber":188,"author":{"gitId":"winson-mok"},"content":"            }","lastModifiedDate":"2022-02-06"},{"lineNumber":189,"author":{"gitId":"winson-mok"},"content":"        }","lastModifiedDate":"2022-02-06"},{"lineNumber":190,"author":{"gitId":"winson-mok"},"content":"        else if (code \u003d\u003d 4) {","lastModifiedDate":"2022-02-06"},{"lineNumber":191,"author":{"gitId":"winson-mok"},"content":"            System.out.println(\"\\t\\t\\t\\t\\t\\t\\t\\t HARO : \");","lastModifiedDate":"2022-02-06"},{"lineNumber":192,"author":{"gitId":"winson-mok"},"content":"            Random rand \u003d new Random();","lastModifiedDate":"2022-02-06"},{"lineNumber":193,"author":{"gitId":"winson-mok"},"content":"            int randomNumber \u003d rand.nextInt(3);","lastModifiedDate":"2022-02-06"},{"lineNumber":194,"author":{"gitId":"winson-mok"},"content":"            if (randomNumber \u003d\u003d 0) {","lastModifiedDate":"2022-02-06"},{"lineNumber":195,"author":{"gitId":"winson-mok"},"content":"                System.out.println(\"\\t\\t\\t\\t\\t\\t\\t\\t Haro ! Haro has updated the list as per your command! Haro !\");","lastModifiedDate":"2022-02-06"},{"lineNumber":196,"author":{"gitId":"winson-mok"},"content":"            }","lastModifiedDate":"2022-02-06"},{"lineNumber":197,"author":{"gitId":"winson-mok"},"content":"            else if (randomNumber \u003d\u003d 1) {","lastModifiedDate":"2022-02-06"},{"lineNumber":198,"author":{"gitId":"winson-mok"},"content":"                System.out.println(\"\\t\\t\\t\\t\\t\\t\\t\\t Haro ! Yes \" + reply + \" ! Here is the updated list ! Haro !\");","lastModifiedDate":"2022-02-06"},{"lineNumber":199,"author":{"gitId":"winson-mok"},"content":"            }","lastModifiedDate":"2022-02-06"},{"lineNumber":200,"author":{"gitId":"winson-mok"},"content":"            else {","lastModifiedDate":"2022-02-06"},{"lineNumber":201,"author":{"gitId":"winson-mok"},"content":"                System.out.println(\"\\t\\t\\t\\t\\t\\t\\t\\t Haro ! Update ! Haro ! Update list ! Haro !\");","lastModifiedDate":"2022-03-05"},{"lineNumber":202,"author":{"gitId":"winson-mok"},"content":"            }","lastModifiedDate":"2022-02-06"},{"lineNumber":203,"author":{"gitId":"winson-mok"},"content":"        }","lastModifiedDate":"2022-02-06"},{"lineNumber":204,"author":{"gitId":"winson-mok"},"content":"        else if (code \u003d\u003d 5) {","lastModifiedDate":"2022-02-06"},{"lineNumber":205,"author":{"gitId":"winson-mok"},"content":"            System.out.println(\"\\t\\t\\t\\t\\t\\t\\t\\t HARO : \");","lastModifiedDate":"2022-02-06"},{"lineNumber":206,"author":{"gitId":"winson-mok"},"content":"            Random rand \u003d new Random();","lastModifiedDate":"2022-02-06"},{"lineNumber":207,"author":{"gitId":"winson-mok"},"content":"            int randomNumber \u003d rand.nextInt(3);","lastModifiedDate":"2022-02-06"},{"lineNumber":208,"author":{"gitId":"winson-mok"},"content":"            if (randomNumber \u003d\u003d 0) {","lastModifiedDate":"2022-02-06"},{"lineNumber":209,"author":{"gitId":"winson-mok"},"content":"                System.out.println(\"\\t\\t\\t\\t\\t\\t\\t\\t Haro ! The task has already been \" + reply + \"ed ! Haro !\");","lastModifiedDate":"2022-02-06"},{"lineNumber":210,"author":{"gitId":"winson-mok"},"content":"            }","lastModifiedDate":"2022-02-06"},{"lineNumber":211,"author":{"gitId":"winson-mok"},"content":"            else if (randomNumber \u003d\u003d 1) {","lastModifiedDate":"2022-02-06"},{"lineNumber":212,"author":{"gitId":"winson-mok"},"content":"                System.out.println(\"\\t\\t\\t\\t\\t\\t\\t\\t Haro ! Unable to \" + reply + \" as per command ! Here is the list for reference! Haro !\");","lastModifiedDate":"2022-02-06"},{"lineNumber":213,"author":{"gitId":"winson-mok"},"content":"            }","lastModifiedDate":"2022-02-06"},{"lineNumber":214,"author":{"gitId":"winson-mok"},"content":"            else {","lastModifiedDate":"2022-02-06"},{"lineNumber":215,"author":{"gitId":"winson-mok"},"content":"                System.out.println(\"\\t\\t\\t\\t\\t\\t\\t\\t Haro ! Cannot execute \\\"\" + reply + \"\\\" command Haro ! Check the list ! Haro !\");","lastModifiedDate":"2022-02-16"},{"lineNumber":216,"author":{"gitId":"winson-mok"},"content":"            }","lastModifiedDate":"2022-02-16"},{"lineNumber":217,"author":{"gitId":"winson-mok"},"content":"        }","lastModifiedDate":"2022-02-16"},{"lineNumber":218,"author":{"gitId":"winson-mok"},"content":"        else if (code \u003d\u003d 6) {","lastModifiedDate":"2022-02-16"},{"lineNumber":219,"author":{"gitId":"winson-mok"},"content":"            System.out.println(\"\\t\\t\\t\\t\\t\\t\\t\\t HARO : \");","lastModifiedDate":"2022-02-16"},{"lineNumber":220,"author":{"gitId":"winson-mok"},"content":"            Random rand \u003d new Random();","lastModifiedDate":"2022-02-16"},{"lineNumber":221,"author":{"gitId":"winson-mok"},"content":"            int randomNumber \u003d rand.nextInt(3);","lastModifiedDate":"2022-02-16"},{"lineNumber":222,"author":{"gitId":"winson-mok"},"content":"            if (randomNumber \u003d\u003d 0) {","lastModifiedDate":"2022-02-16"},{"lineNumber":223,"author":{"gitId":"winson-mok"},"content":"                System.out.println(\"\\t\\t\\t\\t\\t\\t\\t\\t Haro ! The index is out of range ! Haro !\");","lastModifiedDate":"2022-02-16"},{"lineNumber":224,"author":{"gitId":"winson-mok"},"content":"            }","lastModifiedDate":"2022-02-16"},{"lineNumber":225,"author":{"gitId":"winson-mok"},"content":"            else if (randomNumber \u003d\u003d 1) {","lastModifiedDate":"2022-02-16"},{"lineNumber":226,"author":{"gitId":"winson-mok"},"content":"                System.out.println(\"\\t\\t\\t\\t\\t\\t\\t\\t Haro ! Please enter a valid index ! Haro !\");","lastModifiedDate":"2022-02-16"},{"lineNumber":227,"author":{"gitId":"winson-mok"},"content":"            }","lastModifiedDate":"2022-02-16"},{"lineNumber":228,"author":{"gitId":"winson-mok"},"content":"            else {","lastModifiedDate":"2022-02-16"},{"lineNumber":229,"author":{"gitId":"winson-mok"},"content":"                System.out.println(\"\\t\\t\\t\\t\\t\\t\\t\\t Haro ! Unable to find the input index ! Haro !\");","lastModifiedDate":"2022-02-16"},{"lineNumber":230,"author":{"gitId":"winson-mok"},"content":"            }","lastModifiedDate":"2022-02-16"},{"lineNumber":231,"author":{"gitId":"winson-mok"},"content":"        }","lastModifiedDate":"2022-02-16"},{"lineNumber":232,"author":{"gitId":"winson-mok"},"content":"        else if (code \u003d\u003d 7) {","lastModifiedDate":"2022-02-16"},{"lineNumber":233,"author":{"gitId":"winson-mok"},"content":"            System.out.println(\"\\t\\t\\t\\t\\t\\t\\t\\t HARO : \");","lastModifiedDate":"2022-02-16"},{"lineNumber":234,"author":{"gitId":"winson-mok"},"content":"            Random rand \u003d new Random();","lastModifiedDate":"2022-02-16"},{"lineNumber":235,"author":{"gitId":"winson-mok"},"content":"            int randomNumber \u003d rand.nextInt(3);","lastModifiedDate":"2022-02-16"},{"lineNumber":236,"author":{"gitId":"winson-mok"},"content":"            if (randomNumber \u003d\u003d 0) {","lastModifiedDate":"2022-02-16"},{"lineNumber":237,"author":{"gitId":"winson-mok"},"content":"                System.out.println(\"\\t\\t\\t\\t\\t\\t\\t\\t Haro ! The index must only contain numerical numbers ! Haro !\");","lastModifiedDate":"2022-02-16"},{"lineNumber":238,"author":{"gitId":"winson-mok"},"content":"            }","lastModifiedDate":"2022-02-16"},{"lineNumber":239,"author":{"gitId":"winson-mok"},"content":"            else if (randomNumber \u003d\u003d 1) {","lastModifiedDate":"2022-02-16"},{"lineNumber":240,"author":{"gitId":"winson-mok"},"content":"                System.out.println(\"\\t\\t\\t\\t\\t\\t\\t\\t Haro ! Alphabetic characters are not allowed in index ! Haro !\");","lastModifiedDate":"2022-02-16"},{"lineNumber":241,"author":{"gitId":"winson-mok"},"content":"            }","lastModifiedDate":"2022-02-16"},{"lineNumber":242,"author":{"gitId":"winson-mok"},"content":"            else {","lastModifiedDate":"2022-02-16"},{"lineNumber":243,"author":{"gitId":"winson-mok"},"content":"                System.out.println(\"\\t\\t\\t\\t\\t\\t\\t\\t Haro ! Unable to proceed with command due to non-numerical index input ! Haro !\");","lastModifiedDate":"2022-02-16"},{"lineNumber":244,"author":{"gitId":"winson-mok"},"content":"            }","lastModifiedDate":"2022-01-27"},{"lineNumber":245,"author":{"gitId":"winson-mok"},"content":"        }","lastModifiedDate":"2022-01-27"},{"lineNumber":246,"author":{"gitId":"winson-mok"},"content":"        else if (code \u003d\u003d 8) {","lastModifiedDate":"2022-03-05"},{"lineNumber":247,"author":{"gitId":"winson-mok"},"content":"            System.out.println(\"\\t\\t\\t\\t\\t\\t\\t\\t HARO : \");","lastModifiedDate":"2022-03-05"},{"lineNumber":248,"author":{"gitId":"winson-mok"},"content":"            Random rand \u003d new Random();","lastModifiedDate":"2022-03-05"},{"lineNumber":249,"author":{"gitId":"winson-mok"},"content":"            int randomNumber \u003d rand.nextInt(3);","lastModifiedDate":"2022-03-05"},{"lineNumber":250,"author":{"gitId":"winson-mok"},"content":"            if (randomNumber \u003d\u003d 0) {","lastModifiedDate":"2022-03-05"},{"lineNumber":251,"author":{"gitId":"winson-mok"},"content":"                System.out.println(\"\\t\\t\\t\\t\\t\\t\\t\\t Haro ! \\\" \" + reply + \" \\\" has been deleted from the list ! Haro !\");","lastModifiedDate":"2022-03-05"},{"lineNumber":252,"author":{"gitId":"winson-mok"},"content":"            }","lastModifiedDate":"2022-03-05"},{"lineNumber":253,"author":{"gitId":"winson-mok"},"content":"            else if (randomNumber \u003d\u003d 1) {","lastModifiedDate":"2022-03-05"},{"lineNumber":254,"author":{"gitId":"winson-mok"},"content":"                System.out.println(\"\\t\\t\\t\\t\\t\\t\\t\\t Haro ! Understood ! Haro has removed \\\" \" + reply + \" \\\" from the list ! Haro !\");","lastModifiedDate":"2022-03-05"},{"lineNumber":255,"author":{"gitId":"winson-mok"},"content":"            }","lastModifiedDate":"2022-03-05"},{"lineNumber":256,"author":{"gitId":"winson-mok"},"content":"            else {","lastModifiedDate":"2022-03-05"},{"lineNumber":257,"author":{"gitId":"winson-mok"},"content":"                System.out.println(\"\\t\\t\\t\\t\\t\\t\\t\\t Haro ! Roger that ! \\\" \" + reply + \" \\\" has been removed from the list ! Haro !\");","lastModifiedDate":"2022-03-05"},{"lineNumber":258,"author":{"gitId":"winson-mok"},"content":"            }","lastModifiedDate":"2022-03-05"},{"lineNumber":259,"author":{"gitId":"winson-mok"},"content":"        }","lastModifiedDate":"2022-03-05"},{"lineNumber":260,"author":{"gitId":"winson-mok"},"content":"        else if (code \u003d\u003d 0){","lastModifiedDate":"2022-01-27"},{"lineNumber":261,"author":{"gitId":"winson-mok"},"content":"            System.out.println(\"\\t\\t\\t\\t\\t\\t\\t\\t HARO : \");","lastModifiedDate":"2022-01-27"},{"lineNumber":262,"author":{"gitId":"winson-mok"},"content":"            System.out.println(\"\\t\\t\\t\\t\\t\\t\\t\\t Haro ! Goodbye and Have a nice day ! Haro !\");","lastModifiedDate":"2022-01-27"},{"lineNumber":263,"author":{"gitId":"winson-mok"},"content":"            System.out.println(\" \");","lastModifiedDate":"2022-01-27"},{"lineNumber":264,"author":{"gitId":"winson-mok"},"content":"        }","lastModifiedDate":"2022-01-27"},{"lineNumber":265,"author":{"gitId":"winson-mok"},"content":"        else if (code \u003d\u003d -5){","lastModifiedDate":"2022-01-27"},{"lineNumber":266,"author":{"gitId":"winson-mok"},"content":"            System.out.println(\"\\t\\t\\t\\t\\t\\t\\t\\t HARO : \");","lastModifiedDate":"2022-01-27"},{"lineNumber":267,"author":{"gitId":"winson-mok"},"content":"            Random rand \u003d new Random();","lastModifiedDate":"2022-01-27"},{"lineNumber":268,"author":{"gitId":"winson-mok"},"content":"            int randomNumber \u003d rand.nextInt(2);","lastModifiedDate":"2022-01-27"},{"lineNumber":269,"author":{"gitId":"winson-mok"},"content":"            if (randomNumber \u003d\u003d 0) {","lastModifiedDate":"2022-01-27"},{"lineNumber":270,"author":{"gitId":"winson-mok"},"content":"                System.out.println(\"\\t\\t\\t\\t\\t\\t\\t\\t Haro ! Feel free to let me know how can I help you ! Haro !\");","lastModifiedDate":"2022-01-27"},{"lineNumber":271,"author":{"gitId":"winson-mok"},"content":"            }","lastModifiedDate":"2022-01-27"},{"lineNumber":272,"author":{"gitId":"winson-mok"},"content":"            else {","lastModifiedDate":"2022-01-27"},{"lineNumber":273,"author":{"gitId":"winson-mok"},"content":"                System.out.println(\"\\t\\t\\t\\t\\t\\t\\t\\t Haro ! Haro ! Haro !\");","lastModifiedDate":"2022-01-27"},{"lineNumber":274,"author":{"gitId":"winson-mok"},"content":"            }","lastModifiedDate":"2022-01-27"},{"lineNumber":275,"author":{"gitId":"winson-mok"},"content":"            System.out.println(\" \");","lastModifiedDate":"2022-01-27"},{"lineNumber":276,"author":{"gitId":"winson-mok"},"content":"        }","lastModifiedDate":"2022-01-27"},{"lineNumber":277,"author":{"gitId":"winson-mok"},"content":"        else {","lastModifiedDate":"2022-01-27"},{"lineNumber":278,"author":{"gitId":"winson-mok"},"content":"            System.out.println(\"\\t\\t\\t\\t\\t\\t\\t\\t HARO : \");","lastModifiedDate":"2022-01-27"},{"lineNumber":279,"author":{"gitId":"winson-mok"},"content":"            Random rand \u003d new Random();","lastModifiedDate":"2022-01-27"},{"lineNumber":280,"author":{"gitId":"winson-mok"},"content":"            int randomNumber \u003d rand.nextInt(3);","lastModifiedDate":"2022-01-27"},{"lineNumber":281,"author":{"gitId":"winson-mok"},"content":"            if (randomNumber \u003d\u003d 0) {","lastModifiedDate":"2022-01-27"},{"lineNumber":282,"author":{"gitId":"winson-mok"},"content":"                System.out.println(\"\\t\\t\\t\\t\\t\\t\\t\\t Haro ! What do you mean ? Haro ?\");","lastModifiedDate":"2022-01-27"},{"lineNumber":283,"author":{"gitId":"winson-mok"},"content":"            }","lastModifiedDate":"2022-01-27"},{"lineNumber":284,"author":{"gitId":"winson-mok"},"content":"            else if (randomNumber \u003d\u003d 1) {","lastModifiedDate":"2022-01-27"},{"lineNumber":285,"author":{"gitId":"winson-mok"},"content":"                System.out.println(\"\\t\\t\\t\\t\\t\\t\\t\\t Haro ! Unable to comprehend the meaning ! Haro ?\");","lastModifiedDate":"2022-01-27"},{"lineNumber":286,"author":{"gitId":"winson-mok"},"content":"            }","lastModifiedDate":"2022-01-27"},{"lineNumber":287,"author":{"gitId":"winson-mok"},"content":"            else {","lastModifiedDate":"2022-01-27"},{"lineNumber":288,"author":{"gitId":"winson-mok"},"content":"                System.out.println(\"\\t\\t\\t\\t\\t\\t\\t\\t Haro ! Haro does not understand ! Haro ?\");","lastModifiedDate":"2022-01-27"},{"lineNumber":289,"author":{"gitId":"winson-mok"},"content":"            }","lastModifiedDate":"2022-01-27"},{"lineNumber":290,"author":{"gitId":"winson-mok"},"content":"        }","lastModifiedDate":"2022-01-27"},{"lineNumber":291,"author":{"gitId":"winson-mok"},"content":"    }","lastModifiedDate":"2022-01-27"},{"lineNumber":292,"author":{"gitId":"winson-mok"},"content":"","lastModifiedDate":"2022-01-27"},{"lineNumber":293,"author":{"gitId":"winson-mok"},"content":"    public static void printToDoList(List \u003cTask\u003e toDoList) {","lastModifiedDate":"2022-02-06"},{"lineNumber":294,"author":{"gitId":"winson-mok"},"content":"        if (toDoList.isEmpty()) {","lastModifiedDate":"2022-01-27"},{"lineNumber":295,"author":{"gitId":"winson-mok"},"content":"            System.out.println(\"\\t\\t\\t\\t\\t\\t\\t\\t HARO : \");","lastModifiedDate":"2022-01-27"},{"lineNumber":296,"author":{"gitId":"winson-mok"},"content":"            Random rand \u003d new Random();","lastModifiedDate":"2022-01-27"},{"lineNumber":297,"author":{"gitId":"winson-mok"},"content":"            int randomNumber \u003d rand.nextInt(3);","lastModifiedDate":"2022-01-27"},{"lineNumber":298,"author":{"gitId":"winson-mok"},"content":"            if (randomNumber \u003d\u003d 0) {","lastModifiedDate":"2022-01-27"},{"lineNumber":299,"author":{"gitId":"winson-mok"},"content":"                System.out.println(\"\\t\\t\\t\\t\\t\\t\\t\\t Haro ! The list is empty ! Haro !\");","lastModifiedDate":"2022-01-27"},{"lineNumber":300,"author":{"gitId":"winson-mok"},"content":"            }","lastModifiedDate":"2022-01-27"},{"lineNumber":301,"author":{"gitId":"winson-mok"},"content":"            else if (randomNumber \u003d\u003d 1) {","lastModifiedDate":"2022-01-27"},{"lineNumber":302,"author":{"gitId":"winson-mok"},"content":"                System.out.println(\"\\t\\t\\t\\t\\t\\t\\t\\t Haro ! You might want to add some item(s) into the empty list ! Haro !\");","lastModifiedDate":"2022-01-27"},{"lineNumber":303,"author":{"gitId":"winson-mok"},"content":"            }","lastModifiedDate":"2022-01-27"},{"lineNumber":304,"author":{"gitId":"winson-mok"},"content":"            else {","lastModifiedDate":"2022-01-27"},{"lineNumber":305,"author":{"gitId":"winson-mok"},"content":"                System.out.println(\"\\t\\t\\t\\t\\t\\t\\t\\t Haro ! There is item in the list ! Haro !\");","lastModifiedDate":"2022-01-27"},{"lineNumber":306,"author":{"gitId":"winson-mok"},"content":"            }","lastModifiedDate":"2022-01-27"},{"lineNumber":307,"author":{"gitId":"winson-mok"},"content":"        }","lastModifiedDate":"2022-01-27"},{"lineNumber":308,"author":{"gitId":"winson-mok"},"content":"        else {","lastModifiedDate":"2022-01-27"},{"lineNumber":309,"author":{"gitId":"winson-mok"},"content":"            int index \u003d 1;","lastModifiedDate":"2022-02-06"},{"lineNumber":310,"author":{"gitId":"winson-mok"},"content":"            for (Task t : toDoList) {","lastModifiedDate":"2022-02-06"},{"lineNumber":311,"author":{"gitId":"winson-mok"},"content":"                System.out.print(\"\\t\\t\\t\\t\\t\\t\\t\\t\\t \"+ index + \". \");","lastModifiedDate":"2022-02-06"},{"lineNumber":312,"author":{"gitId":"winson-mok"},"content":"                System.out.println(t);","lastModifiedDate":"2022-02-09"},{"lineNumber":313,"author":{"gitId":"winson-mok"},"content":"                index++;","lastModifiedDate":"2022-02-06"},{"lineNumber":314,"author":{"gitId":"winson-mok"},"content":"            }","lastModifiedDate":"2022-01-27"},{"lineNumber":315,"author":{"gitId":"winson-mok"},"content":"        }","lastModifiedDate":"2022-01-27"},{"lineNumber":316,"author":{"gitId":"winson-mok"},"content":"    }","lastModifiedDate":"2022-01-27"},{"lineNumber":317,"author":{"gitId":"winson-mok"},"content":"","lastModifiedDate":"2022-01-27"},{"lineNumber":318,"author":{"gitId":"winson-mok"},"content":"    public static void main (String[] args) throws DukeException{","lastModifiedDate":"2022-02-16"},{"lineNumber":319,"author":{"gitId":"winson-mok"},"content":"        String helloFiglet \u003d\"\\n\"","lastModifiedDate":"2022-01-27"},{"lineNumber":320,"author":{"gitId":"winson-mok"},"content":"                            +      \" _   _        _  _              My Name is \\n\"","lastModifiedDate":"2022-01-27"},{"lineNumber":321,"author":{"gitId":"winson-mok"},"content":"                            + \"| | | |      | || |              _   _     _     ____    ___  \\n\"","lastModifiedDate":"2022-01-27"},{"lineNumber":322,"author":{"gitId":"winson-mok"},"content":"                            + \"| |_| |  ___ | || |  ___        | | | |   / \\\\   |  _ \\\\  / _ \\\\ \\n\"","lastModifiedDate":"2022-01-27"},{"lineNumber":323,"author":{"gitId":"winson-mok"},"content":"                            + \"|  _  | / _ \\\\| || | / _ \\\\       | |_| |  / _ \\\\  | |_) || | | |\\n\"","lastModifiedDate":"2022-01-27"},{"lineNumber":324,"author":{"gitId":"winson-mok"},"content":"                            + \"| | | ||  __/| || || (_) |      |  _  | / ___ \\\\ |  _ \u003c | |_| |\\n\"","lastModifiedDate":"2022-01-27"},{"lineNumber":325,"author":{"gitId":"winson-mok"},"content":"                            + \"\\\\_| |_/ \\\\___||_||_| \\\\___/       |_| |_|/_/   \\\\_\\\\|_| \\\\_\\\\ \\\\___/ \\n\";","lastModifiedDate":"2022-01-27"},{"lineNumber":326,"author":{"gitId":"winson-mok"},"content":"","lastModifiedDate":"2022-01-27"},{"lineNumber":327,"author":{"gitId":"winson-mok"},"content":"        System.out.println(helloFiglet);","lastModifiedDate":"2022-01-27"},{"lineNumber":328,"author":{"gitId":"winson-mok"},"content":"        System.out.println(\"\\t\\t\\t\\t\\t\\t\\t\\t HARO : \");","lastModifiedDate":"2022-01-27"},{"lineNumber":329,"author":{"gitId":"winson-mok"},"content":"        System.out.println(\"\\t\\t\\t\\t\\t\\t\\t\\t Haro ! How may I address you ? Haro !\");","lastModifiedDate":"2022-01-27"},{"lineNumber":330,"author":{"gitId":"winson-mok"},"content":"        System.out.println(\"??? :\");","lastModifiedDate":"2022-01-27"},{"lineNumber":331,"author":{"gitId":"winson-mok"},"content":"        Scanner in \u003d new Scanner(System.in);","lastModifiedDate":"2022-01-27"},{"lineNumber":332,"author":{"gitId":"winson-mok"},"content":"        String userName \u003d in.nextLine();","lastModifiedDate":"2022-01-27"},{"lineNumber":333,"author":{"gitId":"winson-mok"},"content":"        System.out.println(\"\\t\\t\\t\\t\\t\\t\\t\\t HARO : \");","lastModifiedDate":"2022-01-27"},{"lineNumber":334,"author":{"gitId":"winson-mok"},"content":"        System.out.println(\"\\t\\t\\t\\t\\t\\t\\t\\t Haro ! \" + userName + \", How may Haro help you today ? Haro \");","lastModifiedDate":"2022-01-27"},{"lineNumber":335,"author":{"gitId":"winson-mok"},"content":"        System.out.println(userName + \" :\");","lastModifiedDate":"2022-01-27"},{"lineNumber":336,"author":{"gitId":"winson-mok"},"content":"        String input \u003d \"\";","lastModifiedDate":"2022-01-27"},{"lineNumber":337,"author":{"gitId":"winson-mok"},"content":"        List\u003cTask\u003e toDoList \u003d new ArrayList\u003cTask\u003e();","lastModifiedDate":"2022-02-06"},{"lineNumber":338,"author":{"gitId":"winson-mok"},"content":"        do {","lastModifiedDate":"2022-01-27"},{"lineNumber":339,"author":{"gitId":"winson-mok"},"content":"            // initialization","lastModifiedDate":"2022-01-27"},{"lineNumber":340,"author":{"gitId":"winson-mok"},"content":"            input \u003d in.nextLine();","lastModifiedDate":"2022-01-27"},{"lineNumber":341,"author":{"gitId":"winson-mok"},"content":"            String reply \u003d \"\";","lastModifiedDate":"2022-01-27"},{"lineNumber":342,"author":{"gitId":"winson-mok"},"content":"            int code \u003d -1;","lastModifiedDate":"2022-01-27"},{"lineNumber":343,"author":{"gitId":"winson-mok"},"content":"","lastModifiedDate":"2022-01-27"},{"lineNumber":344,"author":{"gitId":"winson-mok"},"content":"            // tokenization","lastModifiedDate":"2022-01-27"},{"lineNumber":345,"author":{"gitId":"winson-mok"},"content":"            String[] inputContent \u003d tokenizer(input);","lastModifiedDate":"2022-01-27"},{"lineNumber":346,"author":{"gitId":"winson-mok"},"content":"","lastModifiedDate":"2022-01-27"},{"lineNumber":347,"author":{"gitId":"winson-mok"},"content":"            // case handling","lastModifiedDate":"2022-01-27"},{"lineNumber":348,"author":{"gitId":"winson-mok"},"content":"            if (inputContent[0].equalsIgnoreCase(\"todo\")) {","lastModifiedDate":"2022-02-09"},{"lineNumber":349,"author":{"gitId":"winson-mok"},"content":"                code \u003d 2;","lastModifiedDate":"2022-01-27"},{"lineNumber":350,"author":{"gitId":"winson-mok"},"content":"                try {","lastModifiedDate":"2022-02-16"},{"lineNumber":351,"author":{"gitId":"winson-mok"},"content":"                    addTodo(inputContent, toDoList);","lastModifiedDate":"2022-02-16"},{"lineNumber":352,"author":{"gitId":"winson-mok"},"content":"                    reply \u003d toDoList.get(toDoList.size()-1).getTask();","lastModifiedDate":"2022-02-16"},{"lineNumber":353,"author":{"gitId":"winson-mok"},"content":"                } catch (DukeException e) {","lastModifiedDate":"2022-02-16"},{"lineNumber":354,"author":{"gitId":"winson-mok"},"content":"                    System.out.println(\"\\t\\t\\t\\t\\t\\t\\t\\t HARO : \");","lastModifiedDate":"2022-02-16"},{"lineNumber":355,"author":{"gitId":"winson-mok"},"content":"                    System.out.println(\"\\t\\t\\t\\t\\t\\t\\t\\t Haro ! You have entered an invalid command for \\\"todo\\\" ! Haro \");","lastModifiedDate":"2022-02-16"},{"lineNumber":356,"author":{"gitId":"winson-mok"},"content":"                    if (e.getError().equalsIgnoreCase(\"missing task\")) {","lastModifiedDate":"2022-02-16"},{"lineNumber":357,"author":{"gitId":"winson-mok"},"content":"                        System.out.println(\"\\t\\t\\t\\t\\t\\t\\t\\t Haro ! Missing task information ! Haro \");","lastModifiedDate":"2022-02-16"},{"lineNumber":358,"author":{"gitId":"winson-mok"},"content":"                    }","lastModifiedDate":"2022-02-16"},{"lineNumber":359,"author":{"gitId":"winson-mok"},"content":"                    code \u003d -3;","lastModifiedDate":"2022-02-16"},{"lineNumber":360,"author":{"gitId":"winson-mok"},"content":"                }","lastModifiedDate":"2022-01-27"},{"lineNumber":361,"author":{"gitId":"winson-mok"},"content":"            }","lastModifiedDate":"2022-02-06"},{"lineNumber":362,"author":{"gitId":"winson-mok"},"content":"            else if (inputContent[0].equalsIgnoreCase(\"deadline\")) {","lastModifiedDate":"2022-02-09"},{"lineNumber":363,"author":{"gitId":"winson-mok"},"content":"                code \u003d 2;","lastModifiedDate":"2022-02-09"},{"lineNumber":364,"author":{"gitId":"winson-mok"},"content":"                try {","lastModifiedDate":"2022-02-16"},{"lineNumber":365,"author":{"gitId":"winson-mok"},"content":"                    addDeadline(inputContent, toDoList);","lastModifiedDate":"2022-02-16"},{"lineNumber":366,"author":{"gitId":"winson-mok"},"content":"                    reply \u003d toDoList.get(toDoList.size()-1).getTask();","lastModifiedDate":"2022-02-16"},{"lineNumber":367,"author":{"gitId":"winson-mok"},"content":"                } catch (DukeException e) {","lastModifiedDate":"2022-02-16"},{"lineNumber":368,"author":{"gitId":"winson-mok"},"content":"                    System.out.println(\"\\t\\t\\t\\t\\t\\t\\t\\t HARO : \");","lastModifiedDate":"2022-02-16"},{"lineNumber":369,"author":{"gitId":"winson-mok"},"content":"                    System.out.println(\"\\t\\t\\t\\t\\t\\t\\t\\t Haro ! You have entered an invalid command for \\\"deadline\\\"! Haro \");","lastModifiedDate":"2022-02-16"},{"lineNumber":370,"author":{"gitId":"winson-mok"},"content":"                    if (e.getError().equalsIgnoreCase(\"missing task \u0026 missing by\")) {","lastModifiedDate":"2022-02-16"},{"lineNumber":371,"author":{"gitId":"winson-mok"},"content":"                        System.out.println(\"\\t\\t\\t\\t\\t\\t\\t\\t Haro ! Missing task \u0026 deadline information ! Haro \");","lastModifiedDate":"2022-02-16"},{"lineNumber":372,"author":{"gitId":"winson-mok"},"content":"                    }","lastModifiedDate":"2022-02-09"},{"lineNumber":373,"author":{"gitId":"winson-mok"},"content":"                    else if (e.getError().equalsIgnoreCase(\"missing task\")) {","lastModifiedDate":"2022-02-16"},{"lineNumber":374,"author":{"gitId":"winson-mok"},"content":"                        System.out.println(\"\\t\\t\\t\\t\\t\\t\\t\\t Haro ! Missing task information ! Haro \");","lastModifiedDate":"2022-02-16"},{"lineNumber":375,"author":{"gitId":"winson-mok"},"content":"                    }","lastModifiedDate":"2022-02-09"},{"lineNumber":376,"author":{"gitId":"winson-mok"},"content":"                    else if (e.getError().equalsIgnoreCase(\"missing by\")) {","lastModifiedDate":"2022-02-16"},{"lineNumber":377,"author":{"gitId":"winson-mok"},"content":"                        System.out.println(\"\\t\\t\\t\\t\\t\\t\\t\\t Haro ! Missing deadline information ! Haro \");","lastModifiedDate":"2022-02-16"},{"lineNumber":378,"author":{"gitId":"winson-mok"},"content":"                    }","lastModifiedDate":"2022-02-16"},{"lineNumber":379,"author":{"gitId":"winson-mok"},"content":"                    code \u003d -3;","lastModifiedDate":"2022-02-16"},{"lineNumber":380,"author":{"gitId":"winson-mok"},"content":"                }","lastModifiedDate":"2022-02-09"},{"lineNumber":381,"author":{"gitId":"winson-mok"},"content":"            }","lastModifiedDate":"2022-02-09"},{"lineNumber":382,"author":{"gitId":"winson-mok"},"content":"            else if (inputContent[0].equalsIgnoreCase(\"event\")) {","lastModifiedDate":"2022-02-09"},{"lineNumber":383,"author":{"gitId":"winson-mok"},"content":"                code \u003d 2;","lastModifiedDate":"2022-02-09"},{"lineNumber":384,"author":{"gitId":"winson-mok"},"content":"                try {","lastModifiedDate":"2022-02-16"},{"lineNumber":385,"author":{"gitId":"winson-mok"},"content":"                    addEvent(inputContent, toDoList);","lastModifiedDate":"2022-02-16"},{"lineNumber":386,"author":{"gitId":"winson-mok"},"content":"                    reply \u003d toDoList.get(toDoList.size()-1).getTask();","lastModifiedDate":"2022-02-16"},{"lineNumber":387,"author":{"gitId":"winson-mok"},"content":"                } catch (DukeException e) {","lastModifiedDate":"2022-02-16"},{"lineNumber":388,"author":{"gitId":"winson-mok"},"content":"                    System.out.println(\"\\t\\t\\t\\t\\t\\t\\t\\t HARO : \");","lastModifiedDate":"2022-02-16"},{"lineNumber":389,"author":{"gitId":"winson-mok"},"content":"                    System.out.println(\"\\t\\t\\t\\t\\t\\t\\t\\t Haro ! You have entered an invalid command for \\\"event\\\"! Haro \");","lastModifiedDate":"2022-02-16"},{"lineNumber":390,"author":{"gitId":"winson-mok"},"content":"                    if (e.getError().equalsIgnoreCase(\"missing task \u0026 missing at\")) {","lastModifiedDate":"2022-02-16"},{"lineNumber":391,"author":{"gitId":"winson-mok"},"content":"                        System.out.println(\"\\t\\t\\t\\t\\t\\t\\t\\t Haro ! Missing event \u0026 duration information ! Haro \");","lastModifiedDate":"2022-02-16"},{"lineNumber":392,"author":{"gitId":"winson-mok"},"content":"                    }","lastModifiedDate":"2022-02-09"},{"lineNumber":393,"author":{"gitId":"winson-mok"},"content":"                    else if (e.getError().equalsIgnoreCase(\"missing task\")) {","lastModifiedDate":"2022-02-16"},{"lineNumber":394,"author":{"gitId":"winson-mok"},"content":"                        System.out.println(\"\\t\\t\\t\\t\\t\\t\\t\\t Haro ! Missing event information ! Haro \");","lastModifiedDate":"2022-02-16"},{"lineNumber":395,"author":{"gitId":"winson-mok"},"content":"                    }","lastModifiedDate":"2022-02-09"},{"lineNumber":396,"author":{"gitId":"winson-mok"},"content":"                    else if (e.getError().equalsIgnoreCase(\"missing at\")) {","lastModifiedDate":"2022-02-16"},{"lineNumber":397,"author":{"gitId":"winson-mok"},"content":"                        System.out.println(\"\\t\\t\\t\\t\\t\\t\\t\\t Haro ! Missing duration information ! Haro \");","lastModifiedDate":"2022-02-16"},{"lineNumber":398,"author":{"gitId":"winson-mok"},"content":"                    }","lastModifiedDate":"2022-02-16"},{"lineNumber":399,"author":{"gitId":"winson-mok"},"content":"                    code \u003d -3;","lastModifiedDate":"2022-02-16"},{"lineNumber":400,"author":{"gitId":"winson-mok"},"content":"                }","lastModifiedDate":"2022-02-09"},{"lineNumber":401,"author":{"gitId":"winson-mok"},"content":"            }","lastModifiedDate":"2022-02-09"},{"lineNumber":402,"author":{"gitId":"winson-mok"},"content":"            else if (inputContent[0].equalsIgnoreCase(\"delete\")) {","lastModifiedDate":"2022-03-05"},{"lineNumber":403,"author":{"gitId":"winson-mok"},"content":"                code \u003d 8;","lastModifiedDate":"2022-03-05"},{"lineNumber":404,"author":{"gitId":"winson-mok"},"content":"                try {","lastModifiedDate":"2022-03-05"},{"lineNumber":405,"author":{"gitId":"winson-mok"},"content":"                    int deleteIndex \u003d Integer.parseInt(inputContent[1]) - 1;","lastModifiedDate":"2022-03-05"},{"lineNumber":406,"author":{"gitId":"winson-mok"},"content":"                    reply \u003d deleteTask(deleteIndex, toDoList);","lastModifiedDate":"2022-03-05"},{"lineNumber":407,"author":{"gitId":"winson-mok"},"content":"                } catch (DukeException e) {","lastModifiedDate":"2022-03-05"},{"lineNumber":408,"author":{"gitId":"winson-mok"},"content":"                    System.out.println(\"\\t\\t\\t\\t\\t\\t\\t\\t HARO : \");","lastModifiedDate":"2022-03-05"},{"lineNumber":409,"author":{"gitId":"winson-mok"},"content":"                    System.out.println(\"\\t\\t\\t\\t\\t\\t\\t\\t Haro ! You have entered an invalid command for \\\" delete \\\" ! Haro \");","lastModifiedDate":"2022-03-05"},{"lineNumber":410,"author":{"gitId":"winson-mok"},"content":"                    if (e.getError().equalsIgnoreCase(\"Out of Range\")) {","lastModifiedDate":"2022-03-05"},{"lineNumber":411,"author":{"gitId":"winson-mok"},"content":"                        System.out.println(\"\\t\\t\\t\\t\\t\\t\\t\\t Haro ! Error ! Please enter a valid index ! Haro \");","lastModifiedDate":"2022-03-05"},{"lineNumber":412,"author":{"gitId":"winson-mok"},"content":"                    }","lastModifiedDate":"2022-03-05"},{"lineNumber":413,"author":{"gitId":"winson-mok"},"content":"                    code \u003d -3;","lastModifiedDate":"2022-03-05"},{"lineNumber":414,"author":{"gitId":"winson-mok"},"content":"                }","lastModifiedDate":"2022-03-05"},{"lineNumber":415,"author":{"gitId":"winson-mok"},"content":"            }","lastModifiedDate":"2022-03-05"},{"lineNumber":416,"author":{"gitId":"winson-mok"},"content":"            else if (inputContent[0].equalsIgnoreCase(\"mark\")) {","lastModifiedDate":"2022-02-06"},{"lineNumber":417,"author":{"gitId":"winson-mok"},"content":"                boolean check \u003d true;","lastModifiedDate":"2022-02-16"},{"lineNumber":418,"author":{"gitId":"winson-mok"},"content":"                for (int i \u003d 0; i \u003c inputContent[1].length(); i++){","lastModifiedDate":"2022-02-16"},{"lineNumber":419,"author":{"gitId":"winson-mok"},"content":"                    if (!Character.isDigit(inputContent[1].charAt(i))) {","lastModifiedDate":"2022-02-16"},{"lineNumber":420,"author":{"gitId":"winson-mok"},"content":"                        check \u003d false;","lastModifiedDate":"2022-02-16"},{"lineNumber":421,"author":{"gitId":"winson-mok"},"content":"                        break;","lastModifiedDate":"2022-02-16"},{"lineNumber":422,"author":{"gitId":"winson-mok"},"content":"                    }","lastModifiedDate":"2022-02-16"},{"lineNumber":423,"author":{"gitId":"winson-mok"},"content":"                }","lastModifiedDate":"2022-02-16"},{"lineNumber":424,"author":{"gitId":"winson-mok"},"content":"                if (!check) {","lastModifiedDate":"2022-02-16"},{"lineNumber":425,"author":{"gitId":"winson-mok"},"content":"                    code \u003d 7;","lastModifiedDate":"2022-02-16"},{"lineNumber":426,"author":{"gitId":"winson-mok"},"content":"                }","lastModifiedDate":"2022-02-16"},{"lineNumber":427,"author":{"gitId":"winson-mok"},"content":"                else {","lastModifiedDate":"2022-02-16"},{"lineNumber":428,"author":{"gitId":"winson-mok"},"content":"                    int targetIndex \u003d Integer.parseInt(inputContent[1]);","lastModifiedDate":"2022-02-06"},{"lineNumber":429,"author":{"gitId":"winson-mok"},"content":"                    targetIndex--;","lastModifiedDate":"2022-02-06"},{"lineNumber":430,"author":{"gitId":"winson-mok"},"content":"","lastModifiedDate":"2022-02-16"},{"lineNumber":431,"author":{"gitId":"winson-mok"},"content":"                    if (targetIndex \u003c toDoList.size()) {","lastModifiedDate":"2022-02-16"},{"lineNumber":432,"author":{"gitId":"winson-mok"},"content":"                        boolean updateStatus \u003d toDoList.get(targetIndex).setTaskStatus(true);","lastModifiedDate":"2022-02-06"},{"lineNumber":433,"author":{"gitId":"winson-mok"},"content":"                        if (updateStatus) {","lastModifiedDate":"2022-02-06"},{"lineNumber":434,"author":{"gitId":"winson-mok"},"content":"                            code \u003d 4;","lastModifiedDate":"2022-02-06"},{"lineNumber":435,"author":{"gitId":"winson-mok"},"content":"                            reply \u003d userName;","lastModifiedDate":"2022-02-06"},{"lineNumber":436,"author":{"gitId":"winson-mok"},"content":"                        } else {","lastModifiedDate":"2022-02-16"},{"lineNumber":437,"author":{"gitId":"winson-mok"},"content":"                            code \u003d 5;","lastModifiedDate":"2022-02-06"},{"lineNumber":438,"author":{"gitId":"winson-mok"},"content":"                            reply \u003d \"mark\";","lastModifiedDate":"2022-02-06"},{"lineNumber":439,"author":{"gitId":"winson-mok"},"content":"                        }","lastModifiedDate":"2022-02-06"},{"lineNumber":440,"author":{"gitId":"winson-mok"},"content":"                    } else {","lastModifiedDate":"2022-02-16"},{"lineNumber":441,"author":{"gitId":"winson-mok"},"content":"                        code \u003d 6;","lastModifiedDate":"2022-02-16"},{"lineNumber":442,"author":{"gitId":"winson-mok"},"content":"                    }","lastModifiedDate":"2022-02-16"},{"lineNumber":443,"author":{"gitId":"winson-mok"},"content":"                }","lastModifiedDate":"2022-02-16"},{"lineNumber":444,"author":{"gitId":"winson-mok"},"content":"            }","lastModifiedDate":"2022-02-06"},{"lineNumber":445,"author":{"gitId":"winson-mok"},"content":"            else if (inputContent[0].equalsIgnoreCase(\"unmark\")) {","lastModifiedDate":"2022-02-06"},{"lineNumber":446,"author":{"gitId":"winson-mok"},"content":"                boolean check \u003d true;","lastModifiedDate":"2022-02-16"},{"lineNumber":447,"author":{"gitId":"winson-mok"},"content":"                for (int i \u003d 0; i \u003c inputContent[1].length(); i++){","lastModifiedDate":"2022-02-16"},{"lineNumber":448,"author":{"gitId":"winson-mok"},"content":"                    if (!Character.isDigit(inputContent[1].charAt(i))) {","lastModifiedDate":"2022-02-16"},{"lineNumber":449,"author":{"gitId":"winson-mok"},"content":"                        check \u003d false;","lastModifiedDate":"2022-02-16"},{"lineNumber":450,"author":{"gitId":"winson-mok"},"content":"                        break;","lastModifiedDate":"2022-02-16"},{"lineNumber":451,"author":{"gitId":"winson-mok"},"content":"                    }","lastModifiedDate":"2022-02-16"},{"lineNumber":452,"author":{"gitId":"winson-mok"},"content":"                }","lastModifiedDate":"2022-02-16"},{"lineNumber":453,"author":{"gitId":"winson-mok"},"content":"                if (!check) {","lastModifiedDate":"2022-02-16"},{"lineNumber":454,"author":{"gitId":"winson-mok"},"content":"                    code \u003d 7;","lastModifiedDate":"2022-02-16"},{"lineNumber":455,"author":{"gitId":"winson-mok"},"content":"                }","lastModifiedDate":"2022-02-16"},{"lineNumber":456,"author":{"gitId":"winson-mok"},"content":"                else {","lastModifiedDate":"2022-02-16"},{"lineNumber":457,"author":{"gitId":"winson-mok"},"content":"                    int targetIndex \u003d Integer.parseInt(inputContent[1]);","lastModifiedDate":"2022-02-06"},{"lineNumber":458,"author":{"gitId":"winson-mok"},"content":"                    targetIndex--;","lastModifiedDate":"2022-02-06"},{"lineNumber":459,"author":{"gitId":"winson-mok"},"content":"","lastModifiedDate":"2022-02-16"},{"lineNumber":460,"author":{"gitId":"winson-mok"},"content":"                    if (targetIndex \u003c toDoList.size()) {","lastModifiedDate":"2022-02-16"},{"lineNumber":461,"author":{"gitId":"winson-mok"},"content":"                        boolean updateStatus \u003d toDoList.get(targetIndex).setTaskStatus(false);","lastModifiedDate":"2022-02-06"},{"lineNumber":462,"author":{"gitId":"winson-mok"},"content":"                        if (updateStatus) {","lastModifiedDate":"2022-02-06"},{"lineNumber":463,"author":{"gitId":"winson-mok"},"content":"                            code \u003d 4;","lastModifiedDate":"2022-02-06"},{"lineNumber":464,"author":{"gitId":"winson-mok"},"content":"                            reply \u003d userName;","lastModifiedDate":"2022-02-06"},{"lineNumber":465,"author":{"gitId":"winson-mok"},"content":"                        } else {","lastModifiedDate":"2022-02-16"},{"lineNumber":466,"author":{"gitId":"winson-mok"},"content":"                            code \u003d 5;","lastModifiedDate":"2022-02-06"},{"lineNumber":467,"author":{"gitId":"winson-mok"},"content":"                            reply \u003d \"unmark\";","lastModifiedDate":"2022-02-06"},{"lineNumber":468,"author":{"gitId":"winson-mok"},"content":"                        }","lastModifiedDate":"2022-02-06"},{"lineNumber":469,"author":{"gitId":"winson-mok"},"content":"                    } else {","lastModifiedDate":"2022-02-16"},{"lineNumber":470,"author":{"gitId":"winson-mok"},"content":"                        code \u003d 6;","lastModifiedDate":"2022-02-16"},{"lineNumber":471,"author":{"gitId":"winson-mok"},"content":"                    }","lastModifiedDate":"2022-02-16"},{"lineNumber":472,"author":{"gitId":"winson-mok"},"content":"                }","lastModifiedDate":"2022-02-16"},{"lineNumber":473,"author":{"gitId":"winson-mok"},"content":"            }","lastModifiedDate":"2022-01-27"},{"lineNumber":474,"author":{"gitId":"winson-mok"},"content":"            else if (inputContent[0].equalsIgnoreCase(\"echo\")) {","lastModifiedDate":"2022-01-27"},{"lineNumber":475,"author":{"gitId":"winson-mok"},"content":"                code \u003d 3;","lastModifiedDate":"2022-01-27"},{"lineNumber":476,"author":{"gitId":"winson-mok"},"content":"                for (int i \u003d 1; i \u003c inputContent.length; i++) {","lastModifiedDate":"2022-01-27"},{"lineNumber":477,"author":{"gitId":"winson-mok"},"content":"                        reply \u003d reply + \" \" + inputContent[i];","lastModifiedDate":"2022-01-27"},{"lineNumber":478,"author":{"gitId":"winson-mok"},"content":"                }","lastModifiedDate":"2022-01-27"},{"lineNumber":479,"author":{"gitId":"winson-mok"},"content":"                reply \u003d reply.stripLeading();","lastModifiedDate":"2022-01-27"},{"lineNumber":480,"author":{"gitId":"winson-mok"},"content":"                reply \u003d reply.stripTrailing();","lastModifiedDate":"2022-01-27"},{"lineNumber":481,"author":{"gitId":"winson-mok"},"content":"            }","lastModifiedDate":"2022-01-27"},{"lineNumber":482,"author":{"gitId":"winson-mok"},"content":"            else if (inputContent[0].equalsIgnoreCase(\"list\")) {","lastModifiedDate":"2022-01-27"},{"lineNumber":483,"author":{"gitId":"winson-mok"},"content":"                if (toDoList.isEmpty()) {","lastModifiedDate":"2022-02-06"},{"lineNumber":484,"author":{"gitId":"winson-mok"},"content":"                    code \u003d -2;","lastModifiedDate":"2022-02-06"},{"lineNumber":485,"author":{"gitId":"winson-mok"},"content":"                }","lastModifiedDate":"2022-02-06"},{"lineNumber":486,"author":{"gitId":"winson-mok"},"content":"                else {","lastModifiedDate":"2022-02-06"},{"lineNumber":487,"author":{"gitId":"winson-mok"},"content":"                    code \u003d 1;","lastModifiedDate":"2022-01-27"},{"lineNumber":488,"author":{"gitId":"winson-mok"},"content":"                }","lastModifiedDate":"2022-01-27"},{"lineNumber":489,"author":{"gitId":"winson-mok"},"content":"            }","lastModifiedDate":"2022-02-06"},{"lineNumber":490,"author":{"gitId":"winson-mok"},"content":"            else if (Arrays.stream(inputContent).anyMatch(\"bye\"::equalsIgnoreCase) || Arrays.stream(inputContent).anyMatch(\"that\u0027s all\"::equalsIgnoreCase)) {","lastModifiedDate":"2022-01-27"},{"lineNumber":491,"author":{"gitId":"winson-mok"},"content":"                code \u003d 0;","lastModifiedDate":"2022-01-27"},{"lineNumber":492,"author":{"gitId":"winson-mok"},"content":"            }","lastModifiedDate":"2022-01-27"},{"lineNumber":493,"author":{"gitId":"winson-mok"},"content":"            else if (inputContent[0].equalsIgnoreCase(\"hello\")) {","lastModifiedDate":"2022-01-27"},{"lineNumber":494,"author":{"gitId":"winson-mok"},"content":"                code \u003d -5;","lastModifiedDate":"2022-01-27"},{"lineNumber":495,"author":{"gitId":"winson-mok"},"content":"            }","lastModifiedDate":"2022-01-27"},{"lineNumber":496,"author":{"gitId":"winson-mok"},"content":"","lastModifiedDate":"2022-01-27"},{"lineNumber":497,"author":{"gitId":"winson-mok"},"content":"            // output Handling","lastModifiedDate":"2022-01-27"},{"lineNumber":498,"author":{"gitId":"winson-mok"},"content":"            if (code \u003d\u003d 1 ||code \u003d\u003d 4 || code \u003d\u003d 5 || code \u003d\u003d 6) {","lastModifiedDate":"2022-02-16"},{"lineNumber":499,"author":{"gitId":"winson-mok"},"content":"                printReply(reply, code);","lastModifiedDate":"2022-02-06"},{"lineNumber":500,"author":{"gitId":"winson-mok"},"content":"                printToDoList(toDoList);","lastModifiedDate":"2022-02-06"},{"lineNumber":501,"author":{"gitId":"winson-mok"},"content":"            }","lastModifiedDate":"2022-02-06"},{"lineNumber":502,"author":{"gitId":"winson-mok"},"content":"            else if (code \u003d\u003d 2) {","lastModifiedDate":"2022-02-09"},{"lineNumber":503,"author":{"gitId":"winson-mok"},"content":"                printReply(reply, code);","lastModifiedDate":"2022-02-09"},{"lineNumber":504,"author":{"gitId":"winson-mok"},"content":"                if (!toDoList.isEmpty()) {","lastModifiedDate":"2022-03-05"},{"lineNumber":505,"author":{"gitId":"winson-mok"},"content":"                    System.out.println(\"\\t\\t\\t\\t\\t\\t\\t\\t Haro ! You now have \" + toDoList.size() + \" tasks in the list ! Haro !\");","lastModifiedDate":"2022-02-09"},{"lineNumber":506,"author":{"gitId":"winson-mok"},"content":"                }","lastModifiedDate":"2022-02-09"},{"lineNumber":507,"author":{"gitId":"winson-mok"},"content":"            }","lastModifiedDate":"2022-03-05"},{"lineNumber":508,"author":{"gitId":"winson-mok"},"content":"            else if (code \u003d\u003d 8) {","lastModifiedDate":"2022-03-05"},{"lineNumber":509,"author":{"gitId":"winson-mok"},"content":"                printReply(reply, code);","lastModifiedDate":"2022-03-05"},{"lineNumber":510,"author":{"gitId":"winson-mok"},"content":"                printToDoList(toDoList);","lastModifiedDate":"2022-03-05"},{"lineNumber":511,"author":{"gitId":"winson-mok"},"content":"                if (!toDoList.isEmpty()) {","lastModifiedDate":"2022-03-05"},{"lineNumber":512,"author":{"gitId":"winson-mok"},"content":"                    System.out.println(\"\\t\\t\\t\\t\\t\\t\\t\\t Haro ! You now have \" + toDoList.size() + \" tasks in the list ! Haro !\");","lastModifiedDate":"2022-03-05"},{"lineNumber":513,"author":{"gitId":"winson-mok"},"content":"                }","lastModifiedDate":"2022-03-05"},{"lineNumber":514,"author":{"gitId":"winson-mok"},"content":"            }","lastModifiedDate":"2022-03-05"},{"lineNumber":515,"author":{"gitId":"winson-mok"},"content":"            else if (code \u003d\u003d -2) {","lastModifiedDate":"2022-02-06"},{"lineNumber":516,"author":{"gitId":"winson-mok"},"content":"                printToDoList(toDoList);","lastModifiedDate":"2022-01-27"},{"lineNumber":517,"author":{"gitId":"winson-mok"},"content":"            }","lastModifiedDate":"2022-01-27"},{"lineNumber":518,"author":{"gitId":"winson-mok"},"content":"            else if (code \u003d\u003d -3) {","lastModifiedDate":"2022-02-16"},{"lineNumber":519,"author":{"gitId":"winson-mok"},"content":"                // print nothing","lastModifiedDate":"2022-02-16"},{"lineNumber":520,"author":{"gitId":"winson-mok"},"content":"            }","lastModifiedDate":"2022-02-16"},{"lineNumber":521,"author":{"gitId":"winson-mok"},"content":"            else {","lastModifiedDate":"2022-01-27"},{"lineNumber":522,"author":{"gitId":"winson-mok"},"content":"                printReply(reply, code);","lastModifiedDate":"2022-01-27"},{"lineNumber":523,"author":{"gitId":"winson-mok"},"content":"            }","lastModifiedDate":"2022-01-27"},{"lineNumber":524,"author":{"gitId":"winson-mok"},"content":"","lastModifiedDate":"2022-01-27"},{"lineNumber":525,"author":{"gitId":"winson-mok"},"content":"            if (code !\u003d 0) {","lastModifiedDate":"2022-01-27"},{"lineNumber":526,"author":{"gitId":"winson-mok"},"content":"                System.out.println(userName + \" :\");","lastModifiedDate":"2022-01-27"},{"lineNumber":527,"author":{"gitId":"winson-mok"},"content":"            }","lastModifiedDate":"2022-01-27"},{"lineNumber":528,"author":{"gitId":"winson-mok"},"content":"        }","lastModifiedDate":"2022-01-27"},{"lineNumber":529,"author":{"gitId":"winson-mok"},"content":"        while (!input.equalsIgnoreCase(\"bye\") \u0026\u0026 !input.equalsIgnoreCase(\"that\u0027s all\"));","lastModifiedDate":"2022-01-27"},{"lineNumber":530,"author":{"gitId":"-"},"content":"    }","lastModifiedDate":"2019-07-29"},{"lineNumber":531,"author":{"gitId":"-"},"content":"}","lastModifiedDate":"2019-07-29"}],"authorContributionMap":{"winson-mok":528,"-":3}},{"path":"src/main/java/DukeException.java","fileType":"java","lines":[{"lineNumber":1,"author":{"gitId":"winson-mok"},"content":"public class DukeException extends Exception{","lastModifiedDate":"2022-02-16"},{"lineNumber":2,"author":{"gitId":"winson-mok"},"content":"    private String error;","lastModifiedDate":"2022-02-16"},{"lineNumber":3,"author":{"gitId":"winson-mok"},"content":"","lastModifiedDate":"2022-02-16"},{"lineNumber":4,"author":{"gitId":"winson-mok"},"content":"    public DukeException (String error) {","lastModifiedDate":"2022-02-16"},{"lineNumber":5,"author":{"gitId":"winson-mok"},"content":"        this.error \u003d error;","lastModifiedDate":"2022-02-16"},{"lineNumber":6,"author":{"gitId":"winson-mok"},"content":"    }","lastModifiedDate":"2022-02-16"},{"lineNumber":7,"author":{"gitId":"winson-mok"},"content":"    public String getError () {","lastModifiedDate":"2022-02-16"},{"lineNumber":8,"author":{"gitId":"winson-mok"},"content":"        return this.error;","lastModifiedDate":"2022-02-16"},{"lineNumber":9,"author":{"gitId":"winson-mok"},"content":"    }","lastModifiedDate":"2022-02-16"},{"lineNumber":10,"author":{"gitId":"winson-mok"},"content":"}","lastModifiedDate":"2022-02-16"}],"authorContributionMap":{"winson-mok":10}},{"path":"src/main/java/Event.java","fileType":"java","lines":[{"lineNumber":1,"author":{"gitId":"winson-mok"},"content":"public class Event extends Task {","lastModifiedDate":"2022-02-09"},{"lineNumber":2,"author":{"gitId":"winson-mok"},"content":"    protected String at;","lastModifiedDate":"2022-02-09"},{"lineNumber":3,"author":{"gitId":"winson-mok"},"content":"","lastModifiedDate":"2022-02-09"},{"lineNumber":4,"author":{"gitId":"winson-mok"},"content":"    public Event(String description, String at) {","lastModifiedDate":"2022-02-09"},{"lineNumber":5,"author":{"gitId":"winson-mok"},"content":"        super(description);","lastModifiedDate":"2022-02-09"},{"lineNumber":6,"author":{"gitId":"winson-mok"},"content":"        this.description \u003d description;","lastModifiedDate":"2022-02-09"},{"lineNumber":7,"author":{"gitId":"winson-mok"},"content":"        this.at \u003d at;","lastModifiedDate":"2022-02-09"},{"lineNumber":8,"author":{"gitId":"winson-mok"},"content":"    }","lastModifiedDate":"2022-02-09"},{"lineNumber":9,"author":{"gitId":"winson-mok"},"content":"","lastModifiedDate":"2022-02-09"},{"lineNumber":10,"author":{"gitId":"winson-mok"},"content":"    public String getAt(){","lastModifiedDate":"2022-02-09"},{"lineNumber":11,"author":{"gitId":"winson-mok"},"content":"        return this.at;","lastModifiedDate":"2022-02-09"},{"lineNumber":12,"author":{"gitId":"winson-mok"},"content":"    }","lastModifiedDate":"2022-02-09"},{"lineNumber":13,"author":{"gitId":"winson-mok"},"content":"","lastModifiedDate":"2022-02-09"},{"lineNumber":14,"author":{"gitId":"winson-mok"},"content":"    public void setAt(String by){","lastModifiedDate":"2022-02-09"},{"lineNumber":15,"author":{"gitId":"winson-mok"},"content":"        this.at \u003d at;","lastModifiedDate":"2022-02-09"},{"lineNumber":16,"author":{"gitId":"winson-mok"},"content":"    }","lastModifiedDate":"2022-02-09"},{"lineNumber":17,"author":{"gitId":"winson-mok"},"content":"","lastModifiedDate":"2022-02-09"},{"lineNumber":18,"author":{"gitId":"winson-mok"},"content":"    @Override","lastModifiedDate":"2022-02-09"},{"lineNumber":19,"author":{"gitId":"winson-mok"},"content":"    public String toString() {","lastModifiedDate":"2022-02-09"},{"lineNumber":20,"author":{"gitId":"winson-mok"},"content":"        String output \u003d super.toString();","lastModifiedDate":"2022-02-09"},{"lineNumber":21,"author":{"gitId":"winson-mok"},"content":"       return output.substring(0,1) + \u0027E\u0027 + output.substring(2) + \"\\t\" + at;","lastModifiedDate":"2022-02-09"},{"lineNumber":22,"author":{"gitId":"winson-mok"},"content":"    }","lastModifiedDate":"2022-02-09"},{"lineNumber":23,"author":{"gitId":"winson-mok"},"content":"}","lastModifiedDate":"2022-02-09"}],"authorContributionMap":{"winson-mok":23}},{"path":"src/main/java/Task.java","fileType":"java","lines":[{"lineNumber":1,"author":{"gitId":"winson-mok"},"content":"public class Task {","lastModifiedDate":"2022-02-06"},{"lineNumber":2,"author":{"gitId":"winson-mok"},"content":"    protected String description;","lastModifiedDate":"2022-02-06"},{"lineNumber":3,"author":{"gitId":"winson-mok"},"content":"    protected boolean isDone;","lastModifiedDate":"2022-02-06"},{"lineNumber":4,"author":{"gitId":"winson-mok"},"content":"","lastModifiedDate":"2022-02-06"},{"lineNumber":5,"author":{"gitId":"winson-mok"},"content":"    public Task(String description) {","lastModifiedDate":"2022-02-06"},{"lineNumber":6,"author":{"gitId":"winson-mok"},"content":"        this.description \u003d description;","lastModifiedDate":"2022-02-06"},{"lineNumber":7,"author":{"gitId":"winson-mok"},"content":"        this.isDone \u003d false;","lastModifiedDate":"2022-02-06"},{"lineNumber":8,"author":{"gitId":"winson-mok"},"content":"    }","lastModifiedDate":"2022-02-06"},{"lineNumber":9,"author":{"gitId":"winson-mok"},"content":"    public Task() {","lastModifiedDate":"2022-02-06"},{"lineNumber":10,"author":{"gitId":"winson-mok"},"content":"        this.description \u003d \"\";","lastModifiedDate":"2022-02-06"},{"lineNumber":11,"author":{"gitId":"winson-mok"},"content":"        this.isDone \u003d false;","lastModifiedDate":"2022-02-06"},{"lineNumber":12,"author":{"gitId":"winson-mok"},"content":"    }","lastModifiedDate":"2022-02-06"},{"lineNumber":13,"author":{"gitId":"winson-mok"},"content":"","lastModifiedDate":"2022-02-06"},{"lineNumber":14,"author":{"gitId":"winson-mok"},"content":"    public String getTask(){","lastModifiedDate":"2022-02-06"},{"lineNumber":15,"author":{"gitId":"winson-mok"},"content":"        return this.description;","lastModifiedDate":"2022-02-06"},{"lineNumber":16,"author":{"gitId":"winson-mok"},"content":"    }","lastModifiedDate":"2022-02-06"},{"lineNumber":17,"author":{"gitId":"winson-mok"},"content":"","lastModifiedDate":"2022-02-06"},{"lineNumber":18,"author":{"gitId":"winson-mok"},"content":"    public boolean setTaskStatus(boolean isDone) {","lastModifiedDate":"2022-02-06"},{"lineNumber":19,"author":{"gitId":"winson-mok"},"content":"        if (this.isDone \u003d\u003d isDone) {","lastModifiedDate":"2022-02-06"},{"lineNumber":20,"author":{"gitId":"winson-mok"},"content":"            return false;","lastModifiedDate":"2022-02-06"},{"lineNumber":21,"author":{"gitId":"winson-mok"},"content":"        }","lastModifiedDate":"2022-02-06"},{"lineNumber":22,"author":{"gitId":"winson-mok"},"content":"        else {","lastModifiedDate":"2022-02-06"},{"lineNumber":23,"author":{"gitId":"winson-mok"},"content":"            this.isDone \u003d isDone;","lastModifiedDate":"2022-02-06"},{"lineNumber":24,"author":{"gitId":"winson-mok"},"content":"            return true;","lastModifiedDate":"2022-02-06"},{"lineNumber":25,"author":{"gitId":"winson-mok"},"content":"        }","lastModifiedDate":"2022-02-06"},{"lineNumber":26,"author":{"gitId":"winson-mok"},"content":"    }","lastModifiedDate":"2022-02-06"},{"lineNumber":27,"author":{"gitId":"winson-mok"},"content":"    public boolean getTaskStatus() {","lastModifiedDate":"2022-02-06"},{"lineNumber":28,"author":{"gitId":"winson-mok"},"content":"        return this.isDone;","lastModifiedDate":"2022-02-06"},{"lineNumber":29,"author":{"gitId":"winson-mok"},"content":"    }","lastModifiedDate":"2022-02-06"},{"lineNumber":30,"author":{"gitId":"winson-mok"},"content":"","lastModifiedDate":"2022-02-09"},{"lineNumber":31,"author":{"gitId":"winson-mok"},"content":"    @Override","lastModifiedDate":"2022-02-09"},{"lineNumber":32,"author":{"gitId":"winson-mok"},"content":"    public String toString() {","lastModifiedDate":"2022-02-09"},{"lineNumber":33,"author":{"gitId":"winson-mok"},"content":"        String type \u003d \"T\";","lastModifiedDate":"2022-02-09"},{"lineNumber":34,"author":{"gitId":"winson-mok"},"content":"        String status \u003d \"\";","lastModifiedDate":"2022-02-09"},{"lineNumber":35,"author":{"gitId":"winson-mok"},"content":"        if (this.getTaskStatus()) {","lastModifiedDate":"2022-02-09"},{"lineNumber":36,"author":{"gitId":"winson-mok"},"content":"            status \u003d \"[Done]\\t\";","lastModifiedDate":"2022-02-09"},{"lineNumber":37,"author":{"gitId":"winson-mok"},"content":"        }","lastModifiedDate":"2022-02-09"},{"lineNumber":38,"author":{"gitId":"winson-mok"},"content":"        else {","lastModifiedDate":"2022-02-09"},{"lineNumber":39,"author":{"gitId":"winson-mok"},"content":"            status \u003d \"[ ]\\t\\t\";","lastModifiedDate":"2022-02-09"},{"lineNumber":40,"author":{"gitId":"winson-mok"},"content":"        }","lastModifiedDate":"2022-02-09"},{"lineNumber":41,"author":{"gitId":"winson-mok"},"content":"","lastModifiedDate":"2022-02-09"},{"lineNumber":42,"author":{"gitId":"winson-mok"},"content":"        return \"[\" + type + \"]\\t\" + status + \"\" + this.description;","lastModifiedDate":"2022-02-09"},{"lineNumber":43,"author":{"gitId":"winson-mok"},"content":"    }","lastModifiedDate":"2022-02-09"},{"lineNumber":44,"author":{"gitId":"winson-mok"},"content":"}","lastModifiedDate":"2022-02-06"}],"authorContributionMap":{"winson-mok":44}}]
