[{"path":"src/main/java/Deadline.java","fileType":"java","lines":[{"lineNumber":1,"author":{"gitId":"winson-mok"},"content":"public class Deadline extends Task {","lastModifiedDate":"2022-02-06"},{"lineNumber":2,"author":{"gitId":"winson-mok"},"content":"    protected String by;","lastModifiedDate":"2022-02-06"},{"lineNumber":3,"author":{"gitId":"winson-mok"},"content":"","lastModifiedDate":"2022-02-06"},{"lineNumber":4,"author":{"gitId":"winson-mok"},"content":"    public Deadline(String description, String by) {","lastModifiedDate":"2022-02-06"},{"lineNumber":5,"author":{"gitId":"winson-mok"},"content":"        super(description);","lastModifiedDate":"2022-02-06"},{"lineNumber":6,"author":{"gitId":"winson-mok"},"content":"        this.description \u003d description;","lastModifiedDate":"2022-02-06"},{"lineNumber":7,"author":{"gitId":"winson-mok"},"content":"        this.by \u003d by;","lastModifiedDate":"2022-02-06"},{"lineNumber":8,"author":{"gitId":"winson-mok"},"content":"    }","lastModifiedDate":"2022-02-06"},{"lineNumber":9,"author":{"gitId":"winson-mok"},"content":"","lastModifiedDate":"2022-02-06"},{"lineNumber":10,"author":{"gitId":"winson-mok"},"content":"    public String getBy(){","lastModifiedDate":"2022-02-06"},{"lineNumber":11,"author":{"gitId":"winson-mok"},"content":"        return this.by;","lastModifiedDate":"2022-02-06"},{"lineNumber":12,"author":{"gitId":"winson-mok"},"content":"    }","lastModifiedDate":"2022-02-06"},{"lineNumber":13,"author":{"gitId":"winson-mok"},"content":"","lastModifiedDate":"2022-02-06"},{"lineNumber":14,"author":{"gitId":"winson-mok"},"content":"    public void setBy(String by){","lastModifiedDate":"2022-02-06"},{"lineNumber":15,"author":{"gitId":"winson-mok"},"content":"        this.by \u003d by;","lastModifiedDate":"2022-02-06"},{"lineNumber":16,"author":{"gitId":"winson-mok"},"content":"    }","lastModifiedDate":"2022-02-06"},{"lineNumber":17,"author":{"gitId":"winson-mok"},"content":"","lastModifiedDate":"2022-02-09"},{"lineNumber":18,"author":{"gitId":"winson-mok"},"content":"    @Override","lastModifiedDate":"2022-02-09"},{"lineNumber":19,"author":{"gitId":"winson-mok"},"content":"    public String toString() {","lastModifiedDate":"2022-02-09"},{"lineNumber":20,"author":{"gitId":"winson-mok"},"content":"        String output \u003d super.toString();","lastModifiedDate":"2022-02-09"},{"lineNumber":21,"author":{"gitId":"winson-mok"},"content":"       return output.substring(0,1) + \u0027D\u0027 + output.substring(2) + \"\\t\" + by;","lastModifiedDate":"2022-02-09"},{"lineNumber":22,"author":{"gitId":"winson-mok"},"content":"    }","lastModifiedDate":"2022-02-09"},{"lineNumber":23,"author":{"gitId":"winson-mok"},"content":"}","lastModifiedDate":"2022-02-06"}],"authorContributionMap":{"winson-mok":23}},{"path":"src/main/java/Duke.java","fileType":"java","lines":[{"lineNumber":1,"author":{"gitId":"winson-mok"},"content":"import java.lang.*;","lastModifiedDate":"2022-01-27"},{"lineNumber":2,"author":{"gitId":"winson-mok"},"content":"import java.util.*;","lastModifiedDate":"2022-01-27"},{"lineNumber":3,"author":{"gitId":"winson-mok"},"content":"","lastModifiedDate":"2022-01-27"},{"lineNumber":4,"author":{"gitId":"-"},"content":"public class Duke {","lastModifiedDate":"2019-07-29"},{"lineNumber":5,"author":{"gitId":"winson-mok"},"content":"","lastModifiedDate":"2022-01-27"},{"lineNumber":6,"author":{"gitId":"winson-mok"},"content":"    public static String[] addIntoArray(String[] original, String add) {","lastModifiedDate":"2022-01-27"},{"lineNumber":7,"author":{"gitId":"winson-mok"},"content":"        // create an array with +1 size and copy old array to new array","lastModifiedDate":"2022-01-27"},{"lineNumber":8,"author":{"gitId":"winson-mok"},"content":"        String[] newOutput \u003d new String[original.length + 1];","lastModifiedDate":"2022-01-27"},{"lineNumber":9,"author":{"gitId":"winson-mok"},"content":"        System.arraycopy(original, 0, newOutput, 0,original.length);","lastModifiedDate":"2022-01-27"},{"lineNumber":10,"author":{"gitId":"winson-mok"},"content":"","lastModifiedDate":"2022-01-27"},{"lineNumber":11,"author":{"gitId":"winson-mok"},"content":"        // add items[i] into new array","lastModifiedDate":"2022-01-27"},{"lineNumber":12,"author":{"gitId":"winson-mok"},"content":"        newOutput[original.length] \u003d add;","lastModifiedDate":"2022-01-27"},{"lineNumber":13,"author":{"gitId":"winson-mok"},"content":"","lastModifiedDate":"2022-01-27"},{"lineNumber":14,"author":{"gitId":"winson-mok"},"content":"        // System.out.println(Arrays.toString(newOutput));","lastModifiedDate":"2022-01-27"},{"lineNumber":15,"author":{"gitId":"winson-mok"},"content":"        return newOutput;","lastModifiedDate":"2022-01-27"},{"lineNumber":16,"author":{"gitId":"winson-mok"},"content":"    }","lastModifiedDate":"2022-01-27"},{"lineNumber":17,"author":{"gitId":"winson-mok"},"content":"","lastModifiedDate":"2022-01-27"},{"lineNumber":18,"author":{"gitId":"winson-mok"},"content":"    public static String[] tokenizer(String input) {","lastModifiedDate":"2022-01-27"},{"lineNumber":19,"author":{"gitId":"winson-mok"},"content":"        String[] output \u003d new String[]{};","lastModifiedDate":"2022-01-27"},{"lineNumber":20,"author":{"gitId":"winson-mok"},"content":"        // iterate through input string","lastModifiedDate":"2022-01-27"},{"lineNumber":21,"author":{"gitId":"winson-mok"},"content":"        for (int i \u003d 0; i \u003c input.length();) {","lastModifiedDate":"2022-01-27"},{"lineNumber":22,"author":{"gitId":"winson-mok"},"content":"            String cur_word \u003d \"\";","lastModifiedDate":"2022-01-27"},{"lineNumber":23,"author":{"gitId":"winson-mok"},"content":"            // capture current word separated by space character","lastModifiedDate":"2022-01-27"},{"lineNumber":24,"author":{"gitId":"winson-mok"},"content":"            do {","lastModifiedDate":"2022-01-27"},{"lineNumber":25,"author":{"gitId":"winson-mok"},"content":"                cur_word \u003d cur_word + Character.toString(input.charAt(i));","lastModifiedDate":"2022-01-27"},{"lineNumber":26,"author":{"gitId":"winson-mok"},"content":"                i++;","lastModifiedDate":"2022-01-27"},{"lineNumber":27,"author":{"gitId":"winson-mok"},"content":"            }","lastModifiedDate":"2022-01-27"},{"lineNumber":28,"author":{"gitId":"winson-mok"},"content":"            while (i \u003c input.length() \u0026\u0026 input.charAt(i) !\u003d \u0027 \u0027);","lastModifiedDate":"2022-01-27"},{"lineNumber":29,"author":{"gitId":"winson-mok"},"content":"            cur_word \u003d cur_word.stripLeading();","lastModifiedDate":"2022-01-27"},{"lineNumber":30,"author":{"gitId":"winson-mok"},"content":"            cur_word \u003d cur_word.stripTrailing();","lastModifiedDate":"2022-01-27"},{"lineNumber":31,"author":{"gitId":"winson-mok"},"content":"            output \u003d addIntoArray(output, cur_word);","lastModifiedDate":"2022-01-27"},{"lineNumber":32,"author":{"gitId":"winson-mok"},"content":"        }","lastModifiedDate":"2022-01-27"},{"lineNumber":33,"author":{"gitId":"winson-mok"},"content":"        return output;","lastModifiedDate":"2022-01-27"},{"lineNumber":34,"author":{"gitId":"winson-mok"},"content":"    }","lastModifiedDate":"2022-01-27"},{"lineNumber":35,"author":{"gitId":"winson-mok"},"content":"","lastModifiedDate":"2022-01-27"},{"lineNumber":36,"author":{"gitId":"winson-mok"},"content":"    public static void printReply(String reply, int code) {","lastModifiedDate":"2022-01-27"},{"lineNumber":37,"author":{"gitId":"winson-mok"},"content":"        if (code \u003d\u003d 1) {","lastModifiedDate":"2022-02-06"},{"lineNumber":38,"author":{"gitId":"winson-mok"},"content":"            System.out.println(\"\\t\\t\\t\\t\\t\\t\\t\\t HARO : \");","lastModifiedDate":"2022-01-27"},{"lineNumber":39,"author":{"gitId":"winson-mok"},"content":"            Random rand \u003d new Random();","lastModifiedDate":"2022-01-27"},{"lineNumber":40,"author":{"gitId":"winson-mok"},"content":"            int randomNumber \u003d rand.nextInt(3);","lastModifiedDate":"2022-01-27"},{"lineNumber":41,"author":{"gitId":"winson-mok"},"content":"            if (randomNumber \u003d\u003d 0) {","lastModifiedDate":"2022-01-27"},{"lineNumber":42,"author":{"gitId":"winson-mok"},"content":"                System.out.println(\"\\t\\t\\t\\t\\t\\t\\t\\t Haro ! Here\u0027s the list ! Haro !\");","lastModifiedDate":"2022-02-06"},{"lineNumber":43,"author":{"gitId":"winson-mok"},"content":"            }","lastModifiedDate":"2022-01-27"},{"lineNumber":44,"author":{"gitId":"winson-mok"},"content":"            else if (randomNumber \u003d\u003d 1) {","lastModifiedDate":"2022-01-27"},{"lineNumber":45,"author":{"gitId":"winson-mok"},"content":"                System.out.println(\"\\t\\t\\t\\t\\t\\t\\t\\t Haro ! Roger that ! Haro !\");","lastModifiedDate":"2022-02-06"},{"lineNumber":46,"author":{"gitId":"winson-mok"},"content":"            }","lastModifiedDate":"2022-01-27"},{"lineNumber":47,"author":{"gitId":"winson-mok"},"content":"            else {","lastModifiedDate":"2022-01-27"},{"lineNumber":48,"author":{"gitId":"winson-mok"},"content":"                System.out.println(\"\\t\\t\\t\\t\\t\\t\\t\\t Haro ! Understood ! Haro !\");","lastModifiedDate":"2022-02-06"},{"lineNumber":49,"author":{"gitId":"winson-mok"},"content":"            }","lastModifiedDate":"2022-01-27"},{"lineNumber":50,"author":{"gitId":"winson-mok"},"content":"        }","lastModifiedDate":"2022-01-27"},{"lineNumber":51,"author":{"gitId":"winson-mok"},"content":"        else if (code \u003d\u003d 2) {","lastModifiedDate":"2022-01-27"},{"lineNumber":52,"author":{"gitId":"winson-mok"},"content":"            System.out.println(\"\\t\\t\\t\\t\\t\\t\\t\\t HARO : \");","lastModifiedDate":"2022-01-27"},{"lineNumber":53,"author":{"gitId":"winson-mok"},"content":"            Random rand \u003d new Random();","lastModifiedDate":"2022-01-27"},{"lineNumber":54,"author":{"gitId":"winson-mok"},"content":"            int randomNumber \u003d rand.nextInt(3);","lastModifiedDate":"2022-01-27"},{"lineNumber":55,"author":{"gitId":"winson-mok"},"content":"            if (randomNumber \u003d\u003d 0) {","lastModifiedDate":"2022-01-27"},{"lineNumber":56,"author":{"gitId":"winson-mok"},"content":"                System.out.println(\"\\t\\t\\t\\t\\t\\t\\t\\t Haro ! \\\"\" + reply + \"\\\" has been added to the list ! Haro !\");","lastModifiedDate":"2022-01-27"},{"lineNumber":57,"author":{"gitId":"winson-mok"},"content":"            }","lastModifiedDate":"2022-01-27"},{"lineNumber":58,"author":{"gitId":"winson-mok"},"content":"            else if (randomNumber \u003d\u003d 1) {","lastModifiedDate":"2022-01-27"},{"lineNumber":59,"author":{"gitId":"winson-mok"},"content":"                System.out.println(\"\\t\\t\\t\\t\\t\\t\\t\\t Haro ! Haro has added \\\"\" + reply + \"\\\" into the list ! Haro !\");","lastModifiedDate":"2022-01-27"},{"lineNumber":60,"author":{"gitId":"winson-mok"},"content":"            }","lastModifiedDate":"2022-01-27"},{"lineNumber":61,"author":{"gitId":"winson-mok"},"content":"            else {","lastModifiedDate":"2022-01-27"},{"lineNumber":62,"author":{"gitId":"winson-mok"},"content":"                System.out.println(\"\\t\\t\\t\\t\\t\\t\\t\\t Haro ! new Task : \\\"\" + reply + \"\\\" will be added to the list ! Haro !\");","lastModifiedDate":"2022-02-06"},{"lineNumber":63,"author":{"gitId":"winson-mok"},"content":"            }","lastModifiedDate":"2022-02-06"},{"lineNumber":64,"author":{"gitId":"winson-mok"},"content":"        }","lastModifiedDate":"2022-02-06"},{"lineNumber":65,"author":{"gitId":"winson-mok"},"content":"        else if (code \u003d\u003d 3) {","lastModifiedDate":"2022-02-06"},{"lineNumber":66,"author":{"gitId":"winson-mok"},"content":"            System.out.println(\"\\t\\t\\t\\t\\t\\t\\t\\t HARO : \");","lastModifiedDate":"2022-02-06"},{"lineNumber":67,"author":{"gitId":"winson-mok"},"content":"            Random rand \u003d new Random();","lastModifiedDate":"2022-02-06"},{"lineNumber":68,"author":{"gitId":"winson-mok"},"content":"            int randomNumber \u003d rand.nextInt(3);","lastModifiedDate":"2022-02-06"},{"lineNumber":69,"author":{"gitId":"winson-mok"},"content":"            if (randomNumber \u003d\u003d 0) {","lastModifiedDate":"2022-02-06"},{"lineNumber":70,"author":{"gitId":"winson-mok"},"content":"                System.out.println(\"\\t\\t\\t\\t\\t\\t\\t\\t Haro ! You mean \\\"\" + reply + \"\\\" ? Haro ? \");","lastModifiedDate":"2022-02-06"},{"lineNumber":71,"author":{"gitId":"winson-mok"},"content":"            }","lastModifiedDate":"2022-02-06"},{"lineNumber":72,"author":{"gitId":"winson-mok"},"content":"            else if (randomNumber \u003d\u003d 1) {","lastModifiedDate":"2022-02-06"},{"lineNumber":73,"author":{"gitId":"winson-mok"},"content":"                System.out.println(\"\\t\\t\\t\\t\\t\\t\\t\\t Haro ! \\\"\" + reply + \"\\\" ! Haro !\");","lastModifiedDate":"2022-02-06"},{"lineNumber":74,"author":{"gitId":"winson-mok"},"content":"            }","lastModifiedDate":"2022-02-06"},{"lineNumber":75,"author":{"gitId":"winson-mok"},"content":"            else {","lastModifiedDate":"2022-02-06"},{"lineNumber":76,"author":{"gitId":"winson-mok"},"content":"                System.out.println(\"\\t\\t\\t\\t\\t\\t\\t\\t Haro ! echoing \\\"\" + reply + \"\\\" ! Haro !\");","lastModifiedDate":"2022-02-06"},{"lineNumber":77,"author":{"gitId":"winson-mok"},"content":"            }","lastModifiedDate":"2022-02-06"},{"lineNumber":78,"author":{"gitId":"winson-mok"},"content":"        }","lastModifiedDate":"2022-02-06"},{"lineNumber":79,"author":{"gitId":"winson-mok"},"content":"        else if (code \u003d\u003d 4) {","lastModifiedDate":"2022-02-06"},{"lineNumber":80,"author":{"gitId":"winson-mok"},"content":"            System.out.println(\"\\t\\t\\t\\t\\t\\t\\t\\t HARO : \");","lastModifiedDate":"2022-02-06"},{"lineNumber":81,"author":{"gitId":"winson-mok"},"content":"            Random rand \u003d new Random();","lastModifiedDate":"2022-02-06"},{"lineNumber":82,"author":{"gitId":"winson-mok"},"content":"            int randomNumber \u003d rand.nextInt(3);","lastModifiedDate":"2022-02-06"},{"lineNumber":83,"author":{"gitId":"winson-mok"},"content":"            if (randomNumber \u003d\u003d 0) {","lastModifiedDate":"2022-02-06"},{"lineNumber":84,"author":{"gitId":"winson-mok"},"content":"                System.out.println(\"\\t\\t\\t\\t\\t\\t\\t\\t Haro ! Haro has updated the list as per your command! Haro !\");","lastModifiedDate":"2022-02-06"},{"lineNumber":85,"author":{"gitId":"winson-mok"},"content":"            }","lastModifiedDate":"2022-02-06"},{"lineNumber":86,"author":{"gitId":"winson-mok"},"content":"            else if (randomNumber \u003d\u003d 1) {","lastModifiedDate":"2022-02-06"},{"lineNumber":87,"author":{"gitId":"winson-mok"},"content":"                System.out.println(\"\\t\\t\\t\\t\\t\\t\\t\\t Haro ! Yes \" + reply + \" ! Here is the updated list ! Haro !\");","lastModifiedDate":"2022-02-06"},{"lineNumber":88,"author":{"gitId":"winson-mok"},"content":"            }","lastModifiedDate":"2022-02-06"},{"lineNumber":89,"author":{"gitId":"winson-mok"},"content":"            else {","lastModifiedDate":"2022-02-06"},{"lineNumber":90,"author":{"gitId":"winson-mok"},"content":"                System.out.println(\"\\t\\t\\t\\t\\t\\t\\t\\t Haro ! Another done from the list ! Haro !\");","lastModifiedDate":"2022-02-06"},{"lineNumber":91,"author":{"gitId":"winson-mok"},"content":"            }","lastModifiedDate":"2022-02-06"},{"lineNumber":92,"author":{"gitId":"winson-mok"},"content":"        }","lastModifiedDate":"2022-02-06"},{"lineNumber":93,"author":{"gitId":"winson-mok"},"content":"        else if (code \u003d\u003d 5) {","lastModifiedDate":"2022-02-06"},{"lineNumber":94,"author":{"gitId":"winson-mok"},"content":"            System.out.println(\"\\t\\t\\t\\t\\t\\t\\t\\t HARO : \");","lastModifiedDate":"2022-02-06"},{"lineNumber":95,"author":{"gitId":"winson-mok"},"content":"            Random rand \u003d new Random();","lastModifiedDate":"2022-02-06"},{"lineNumber":96,"author":{"gitId":"winson-mok"},"content":"            int randomNumber \u003d rand.nextInt(3);","lastModifiedDate":"2022-02-06"},{"lineNumber":97,"author":{"gitId":"winson-mok"},"content":"            if (randomNumber \u003d\u003d 0) {","lastModifiedDate":"2022-02-06"},{"lineNumber":98,"author":{"gitId":"winson-mok"},"content":"                System.out.println(\"\\t\\t\\t\\t\\t\\t\\t\\t Haro ! The task has already been \" + reply + \"ed ! Haro !\");","lastModifiedDate":"2022-02-06"},{"lineNumber":99,"author":{"gitId":"winson-mok"},"content":"            }","lastModifiedDate":"2022-02-06"},{"lineNumber":100,"author":{"gitId":"winson-mok"},"content":"            else if (randomNumber \u003d\u003d 1) {","lastModifiedDate":"2022-02-06"},{"lineNumber":101,"author":{"gitId":"winson-mok"},"content":"                System.out.println(\"\\t\\t\\t\\t\\t\\t\\t\\t Haro ! Unable to \" + reply + \" as per command ! Here is the list for reference! Haro !\");","lastModifiedDate":"2022-02-06"},{"lineNumber":102,"author":{"gitId":"winson-mok"},"content":"            }","lastModifiedDate":"2022-02-06"},{"lineNumber":103,"author":{"gitId":"winson-mok"},"content":"            else {","lastModifiedDate":"2022-02-06"},{"lineNumber":104,"author":{"gitId":"winson-mok"},"content":"                System.out.println(\"\\t\\t\\t\\t\\t\\t\\t\\t Haro ! Cannot execute command Haro ! Check the list ! Haro !\");","lastModifiedDate":"2022-02-06"},{"lineNumber":105,"author":{"gitId":"winson-mok"},"content":"            }","lastModifiedDate":"2022-01-27"},{"lineNumber":106,"author":{"gitId":"winson-mok"},"content":"        }","lastModifiedDate":"2022-01-27"},{"lineNumber":107,"author":{"gitId":"winson-mok"},"content":"        else if (code \u003d\u003d 0){","lastModifiedDate":"2022-01-27"},{"lineNumber":108,"author":{"gitId":"winson-mok"},"content":"            System.out.println(\"\\t\\t\\t\\t\\t\\t\\t\\t HARO : \");","lastModifiedDate":"2022-01-27"},{"lineNumber":109,"author":{"gitId":"winson-mok"},"content":"            System.out.println(\"\\t\\t\\t\\t\\t\\t\\t\\t Haro ! Goodbye and Have a nice day ! Haro !\");","lastModifiedDate":"2022-01-27"},{"lineNumber":110,"author":{"gitId":"winson-mok"},"content":"            System.out.println(\" \");","lastModifiedDate":"2022-01-27"},{"lineNumber":111,"author":{"gitId":"winson-mok"},"content":"        }","lastModifiedDate":"2022-01-27"},{"lineNumber":112,"author":{"gitId":"winson-mok"},"content":"        else if (code \u003d\u003d -5){","lastModifiedDate":"2022-01-27"},{"lineNumber":113,"author":{"gitId":"winson-mok"},"content":"            System.out.println(\"\\t\\t\\t\\t\\t\\t\\t\\t HARO : \");","lastModifiedDate":"2022-01-27"},{"lineNumber":114,"author":{"gitId":"winson-mok"},"content":"            Random rand \u003d new Random();","lastModifiedDate":"2022-01-27"},{"lineNumber":115,"author":{"gitId":"winson-mok"},"content":"            int randomNumber \u003d rand.nextInt(2);","lastModifiedDate":"2022-01-27"},{"lineNumber":116,"author":{"gitId":"winson-mok"},"content":"            if (randomNumber \u003d\u003d 0) {","lastModifiedDate":"2022-01-27"},{"lineNumber":117,"author":{"gitId":"winson-mok"},"content":"                System.out.println(\"\\t\\t\\t\\t\\t\\t\\t\\t Haro ! Feel free to let me know how can I help you ! Haro !\");","lastModifiedDate":"2022-01-27"},{"lineNumber":118,"author":{"gitId":"winson-mok"},"content":"            }","lastModifiedDate":"2022-01-27"},{"lineNumber":119,"author":{"gitId":"winson-mok"},"content":"            else {","lastModifiedDate":"2022-01-27"},{"lineNumber":120,"author":{"gitId":"winson-mok"},"content":"                System.out.println(\"\\t\\t\\t\\t\\t\\t\\t\\t Haro ! Haro ! Haro !\");","lastModifiedDate":"2022-01-27"},{"lineNumber":121,"author":{"gitId":"winson-mok"},"content":"            }","lastModifiedDate":"2022-01-27"},{"lineNumber":122,"author":{"gitId":"winson-mok"},"content":"            System.out.println(\" \");","lastModifiedDate":"2022-01-27"},{"lineNumber":123,"author":{"gitId":"winson-mok"},"content":"        }","lastModifiedDate":"2022-01-27"},{"lineNumber":124,"author":{"gitId":"winson-mok"},"content":"        else {","lastModifiedDate":"2022-01-27"},{"lineNumber":125,"author":{"gitId":"winson-mok"},"content":"            System.out.println(\"\\t\\t\\t\\t\\t\\t\\t\\t HARO : \");","lastModifiedDate":"2022-01-27"},{"lineNumber":126,"author":{"gitId":"winson-mok"},"content":"            Random rand \u003d new Random();","lastModifiedDate":"2022-01-27"},{"lineNumber":127,"author":{"gitId":"winson-mok"},"content":"            int randomNumber \u003d rand.nextInt(3);","lastModifiedDate":"2022-01-27"},{"lineNumber":128,"author":{"gitId":"winson-mok"},"content":"            if (randomNumber \u003d\u003d 0) {","lastModifiedDate":"2022-01-27"},{"lineNumber":129,"author":{"gitId":"winson-mok"},"content":"                System.out.println(\"\\t\\t\\t\\t\\t\\t\\t\\t Haro ! What do you mean ? Haro ?\");","lastModifiedDate":"2022-01-27"},{"lineNumber":130,"author":{"gitId":"winson-mok"},"content":"            }","lastModifiedDate":"2022-01-27"},{"lineNumber":131,"author":{"gitId":"winson-mok"},"content":"            else if (randomNumber \u003d\u003d 1) {","lastModifiedDate":"2022-01-27"},{"lineNumber":132,"author":{"gitId":"winson-mok"},"content":"                System.out.println(\"\\t\\t\\t\\t\\t\\t\\t\\t Haro ! Unable to comprehend the meaning ! Haro ?\");","lastModifiedDate":"2022-01-27"},{"lineNumber":133,"author":{"gitId":"winson-mok"},"content":"            }","lastModifiedDate":"2022-01-27"},{"lineNumber":134,"author":{"gitId":"winson-mok"},"content":"            else {","lastModifiedDate":"2022-01-27"},{"lineNumber":135,"author":{"gitId":"winson-mok"},"content":"                System.out.println(\"\\t\\t\\t\\t\\t\\t\\t\\t Haro ! Haro does not understand ! Haro ?\");","lastModifiedDate":"2022-01-27"},{"lineNumber":136,"author":{"gitId":"winson-mok"},"content":"            }","lastModifiedDate":"2022-01-27"},{"lineNumber":137,"author":{"gitId":"winson-mok"},"content":"        }","lastModifiedDate":"2022-01-27"},{"lineNumber":138,"author":{"gitId":"winson-mok"},"content":"    }","lastModifiedDate":"2022-01-27"},{"lineNumber":139,"author":{"gitId":"winson-mok"},"content":"","lastModifiedDate":"2022-01-27"},{"lineNumber":140,"author":{"gitId":"winson-mok"},"content":"    public static void printToDoList(List \u003cTask\u003e toDoList) {","lastModifiedDate":"2022-02-06"},{"lineNumber":141,"author":{"gitId":"winson-mok"},"content":"        if (toDoList.isEmpty()) {","lastModifiedDate":"2022-01-27"},{"lineNumber":142,"author":{"gitId":"winson-mok"},"content":"            System.out.println(\"\\t\\t\\t\\t\\t\\t\\t\\t HARO : \");","lastModifiedDate":"2022-01-27"},{"lineNumber":143,"author":{"gitId":"winson-mok"},"content":"            Random rand \u003d new Random();","lastModifiedDate":"2022-01-27"},{"lineNumber":144,"author":{"gitId":"winson-mok"},"content":"            int randomNumber \u003d rand.nextInt(3);","lastModifiedDate":"2022-01-27"},{"lineNumber":145,"author":{"gitId":"winson-mok"},"content":"            if (randomNumber \u003d\u003d 0) {","lastModifiedDate":"2022-01-27"},{"lineNumber":146,"author":{"gitId":"winson-mok"},"content":"                System.out.println(\"\\t\\t\\t\\t\\t\\t\\t\\t Haro ! The list is empty ! Haro !\");","lastModifiedDate":"2022-01-27"},{"lineNumber":147,"author":{"gitId":"winson-mok"},"content":"            }","lastModifiedDate":"2022-01-27"},{"lineNumber":148,"author":{"gitId":"winson-mok"},"content":"            else if (randomNumber \u003d\u003d 1) {","lastModifiedDate":"2022-01-27"},{"lineNumber":149,"author":{"gitId":"winson-mok"},"content":"                System.out.println(\"\\t\\t\\t\\t\\t\\t\\t\\t Haro ! You might want to add some item(s) into the empty list ! Haro !\");","lastModifiedDate":"2022-01-27"},{"lineNumber":150,"author":{"gitId":"winson-mok"},"content":"            }","lastModifiedDate":"2022-01-27"},{"lineNumber":151,"author":{"gitId":"winson-mok"},"content":"            else {","lastModifiedDate":"2022-01-27"},{"lineNumber":152,"author":{"gitId":"winson-mok"},"content":"                System.out.println(\"\\t\\t\\t\\t\\t\\t\\t\\t Haro ! There is item in the list ! Haro !\");","lastModifiedDate":"2022-01-27"},{"lineNumber":153,"author":{"gitId":"winson-mok"},"content":"            }","lastModifiedDate":"2022-01-27"},{"lineNumber":154,"author":{"gitId":"winson-mok"},"content":"        }","lastModifiedDate":"2022-01-27"},{"lineNumber":155,"author":{"gitId":"winson-mok"},"content":"        else {","lastModifiedDate":"2022-01-27"},{"lineNumber":156,"author":{"gitId":"winson-mok"},"content":"            int index \u003d 1;","lastModifiedDate":"2022-02-06"},{"lineNumber":157,"author":{"gitId":"winson-mok"},"content":"            for (Task t : toDoList) {","lastModifiedDate":"2022-02-06"},{"lineNumber":158,"author":{"gitId":"winson-mok"},"content":"                System.out.print(\"\\t\\t\\t\\t\\t\\t\\t\\t\\t \"+ index + \". \");","lastModifiedDate":"2022-02-06"},{"lineNumber":159,"author":{"gitId":"winson-mok"},"content":"                System.out.println(t);","lastModifiedDate":"2022-02-09"},{"lineNumber":160,"author":{"gitId":"winson-mok"},"content":"                index++;","lastModifiedDate":"2022-02-06"},{"lineNumber":161,"author":{"gitId":"winson-mok"},"content":"            }","lastModifiedDate":"2022-01-27"},{"lineNumber":162,"author":{"gitId":"winson-mok"},"content":"        }","lastModifiedDate":"2022-01-27"},{"lineNumber":163,"author":{"gitId":"winson-mok"},"content":"    }","lastModifiedDate":"2022-01-27"},{"lineNumber":164,"author":{"gitId":"winson-mok"},"content":"","lastModifiedDate":"2022-01-27"},{"lineNumber":165,"author":{"gitId":"-"},"content":"    public static void main(String[] args) {","lastModifiedDate":"2019-07-29"},{"lineNumber":166,"author":{"gitId":"winson-mok"},"content":"        String helloFiglet \u003d\"\\n\"","lastModifiedDate":"2022-01-27"},{"lineNumber":167,"author":{"gitId":"winson-mok"},"content":"                            +      \" _   _        _  _              My Name is \\n\"","lastModifiedDate":"2022-01-27"},{"lineNumber":168,"author":{"gitId":"winson-mok"},"content":"                            + \"| | | |      | || |              _   _     _     ____    ___  \\n\"","lastModifiedDate":"2022-01-27"},{"lineNumber":169,"author":{"gitId":"winson-mok"},"content":"                            + \"| |_| |  ___ | || |  ___        | | | |   / \\\\   |  _ \\\\  / _ \\\\ \\n\"","lastModifiedDate":"2022-01-27"},{"lineNumber":170,"author":{"gitId":"winson-mok"},"content":"                            + \"|  _  | / _ \\\\| || | / _ \\\\       | |_| |  / _ \\\\  | |_) || | | |\\n\"","lastModifiedDate":"2022-01-27"},{"lineNumber":171,"author":{"gitId":"winson-mok"},"content":"                            + \"| | | ||  __/| || || (_) |      |  _  | / ___ \\\\ |  _ \u003c | |_| |\\n\"","lastModifiedDate":"2022-01-27"},{"lineNumber":172,"author":{"gitId":"winson-mok"},"content":"                            + \"\\\\_| |_/ \\\\___||_||_| \\\\___/       |_| |_|/_/   \\\\_\\\\|_| \\\\_\\\\ \\\\___/ \\n\";","lastModifiedDate":"2022-01-27"},{"lineNumber":173,"author":{"gitId":"winson-mok"},"content":"","lastModifiedDate":"2022-01-27"},{"lineNumber":174,"author":{"gitId":"winson-mok"},"content":"        System.out.println(helloFiglet);","lastModifiedDate":"2022-01-27"},{"lineNumber":175,"author":{"gitId":"winson-mok"},"content":"        System.out.println(\"\\t\\t\\t\\t\\t\\t\\t\\t HARO : \");","lastModifiedDate":"2022-01-27"},{"lineNumber":176,"author":{"gitId":"winson-mok"},"content":"        System.out.println(\"\\t\\t\\t\\t\\t\\t\\t\\t Haro ! How may I address you ? Haro !\");","lastModifiedDate":"2022-01-27"},{"lineNumber":177,"author":{"gitId":"winson-mok"},"content":"        System.out.println(\"??? :\");","lastModifiedDate":"2022-01-27"},{"lineNumber":178,"author":{"gitId":"winson-mok"},"content":"        Scanner in \u003d new Scanner(System.in);","lastModifiedDate":"2022-01-27"},{"lineNumber":179,"author":{"gitId":"winson-mok"},"content":"        String userName \u003d in.nextLine();","lastModifiedDate":"2022-01-27"},{"lineNumber":180,"author":{"gitId":"winson-mok"},"content":"        System.out.println(\"\\t\\t\\t\\t\\t\\t\\t\\t HARO : \");","lastModifiedDate":"2022-01-27"},{"lineNumber":181,"author":{"gitId":"winson-mok"},"content":"        System.out.println(\"\\t\\t\\t\\t\\t\\t\\t\\t Haro ! \" + userName + \", How may Haro help you today ? Haro \");","lastModifiedDate":"2022-01-27"},{"lineNumber":182,"author":{"gitId":"winson-mok"},"content":"        System.out.println(userName + \" :\");","lastModifiedDate":"2022-01-27"},{"lineNumber":183,"author":{"gitId":"winson-mok"},"content":"        String input \u003d \"\";","lastModifiedDate":"2022-01-27"},{"lineNumber":184,"author":{"gitId":"winson-mok"},"content":"        List\u003cTask\u003e toDoList \u003d new ArrayList\u003cTask\u003e();","lastModifiedDate":"2022-02-06"},{"lineNumber":185,"author":{"gitId":"winson-mok"},"content":"        do {","lastModifiedDate":"2022-01-27"},{"lineNumber":186,"author":{"gitId":"winson-mok"},"content":"            // initialization","lastModifiedDate":"2022-01-27"},{"lineNumber":187,"author":{"gitId":"winson-mok"},"content":"            input \u003d in.nextLine();","lastModifiedDate":"2022-01-27"},{"lineNumber":188,"author":{"gitId":"winson-mok"},"content":"            String reply \u003d \"\";","lastModifiedDate":"2022-01-27"},{"lineNumber":189,"author":{"gitId":"winson-mok"},"content":"            int code \u003d -1;","lastModifiedDate":"2022-01-27"},{"lineNumber":190,"author":{"gitId":"winson-mok"},"content":"","lastModifiedDate":"2022-01-27"},{"lineNumber":191,"author":{"gitId":"winson-mok"},"content":"            // tokenization","lastModifiedDate":"2022-01-27"},{"lineNumber":192,"author":{"gitId":"winson-mok"},"content":"            String[] inputContent \u003d tokenizer(input);","lastModifiedDate":"2022-01-27"},{"lineNumber":193,"author":{"gitId":"winson-mok"},"content":"","lastModifiedDate":"2022-01-27"},{"lineNumber":194,"author":{"gitId":"winson-mok"},"content":"            // case handling","lastModifiedDate":"2022-01-27"},{"lineNumber":195,"author":{"gitId":"winson-mok"},"content":"            if (inputContent[0].equalsIgnoreCase(\"todo\")) {","lastModifiedDate":"2022-02-09"},{"lineNumber":196,"author":{"gitId":"winson-mok"},"content":"                code \u003d 2;","lastModifiedDate":"2022-01-27"},{"lineNumber":197,"author":{"gitId":"winson-mok"},"content":"                for (int i \u003d 1; i \u003c inputContent.length; i++) {","lastModifiedDate":"2022-01-27"},{"lineNumber":198,"author":{"gitId":"winson-mok"},"content":"                        reply \u003d reply + \" \" + inputContent[i];","lastModifiedDate":"2022-01-27"},{"lineNumber":199,"author":{"gitId":"winson-mok"},"content":"                }","lastModifiedDate":"2022-01-27"},{"lineNumber":200,"author":{"gitId":"winson-mok"},"content":"                reply \u003d reply.stripLeading();","lastModifiedDate":"2022-01-27"},{"lineNumber":201,"author":{"gitId":"winson-mok"},"content":"                reply \u003d reply.stripTrailing();","lastModifiedDate":"2022-01-27"},{"lineNumber":202,"author":{"gitId":"winson-mok"},"content":"                Task curTask \u003d new Task(reply);","lastModifiedDate":"2022-02-06"},{"lineNumber":203,"author":{"gitId":"winson-mok"},"content":"                toDoList.add(curTask);","lastModifiedDate":"2022-02-06"},{"lineNumber":204,"author":{"gitId":"winson-mok"},"content":"            }","lastModifiedDate":"2022-02-06"},{"lineNumber":205,"author":{"gitId":"winson-mok"},"content":"            else if (inputContent[0].equalsIgnoreCase(\"deadline\")) {","lastModifiedDate":"2022-02-09"},{"lineNumber":206,"author":{"gitId":"winson-mok"},"content":"                code \u003d 2;","lastModifiedDate":"2022-02-09"},{"lineNumber":207,"author":{"gitId":"winson-mok"},"content":"                String by \u003d \"\";","lastModifiedDate":"2022-02-09"},{"lineNumber":208,"author":{"gitId":"winson-mok"},"content":"                for (int i \u003d 1; i \u003c inputContent.length;) {","lastModifiedDate":"2022-02-09"},{"lineNumber":209,"author":{"gitId":"winson-mok"},"content":"                    reply \u003d reply + \" \" + inputContent[i];","lastModifiedDate":"2022-02-09"},{"lineNumber":210,"author":{"gitId":"winson-mok"},"content":"                    i++;","lastModifiedDate":"2022-02-09"},{"lineNumber":211,"author":{"gitId":"winson-mok"},"content":"                    if (inputContent[i].equalsIgnoreCase(\"/by\")) {","lastModifiedDate":"2022-02-09"},{"lineNumber":212,"author":{"gitId":"winson-mok"},"content":"                        by \u003d by + \"(by :\";","lastModifiedDate":"2022-02-09"},{"lineNumber":213,"author":{"gitId":"winson-mok"},"content":"                        i++;","lastModifiedDate":"2022-02-09"},{"lineNumber":214,"author":{"gitId":"winson-mok"},"content":"                        while (i \u003c inputContent.length) {","lastModifiedDate":"2022-02-09"},{"lineNumber":215,"author":{"gitId":"winson-mok"},"content":"                            by \u003d by + \" \" + inputContent[i];","lastModifiedDate":"2022-02-09"},{"lineNumber":216,"author":{"gitId":"winson-mok"},"content":"                            i++;","lastModifiedDate":"2022-02-09"},{"lineNumber":217,"author":{"gitId":"winson-mok"},"content":"                        }","lastModifiedDate":"2022-02-09"},{"lineNumber":218,"author":{"gitId":"winson-mok"},"content":"                        by \u003d by + \")\";","lastModifiedDate":"2022-02-09"},{"lineNumber":219,"author":{"gitId":"winson-mok"},"content":"                    }","lastModifiedDate":"2022-02-09"},{"lineNumber":220,"author":{"gitId":"winson-mok"},"content":"                }","lastModifiedDate":"2022-02-09"},{"lineNumber":221,"author":{"gitId":"winson-mok"},"content":"                reply \u003d reply.stripLeading();","lastModifiedDate":"2022-02-09"},{"lineNumber":222,"author":{"gitId":"winson-mok"},"content":"                reply \u003d reply.stripTrailing();","lastModifiedDate":"2022-02-09"},{"lineNumber":223,"author":{"gitId":"winson-mok"},"content":"                Deadline curTask \u003d new Deadline(reply, by);","lastModifiedDate":"2022-02-09"},{"lineNumber":224,"author":{"gitId":"winson-mok"},"content":"                toDoList.add(curTask);","lastModifiedDate":"2022-02-09"},{"lineNumber":225,"author":{"gitId":"winson-mok"},"content":"            }","lastModifiedDate":"2022-02-09"},{"lineNumber":226,"author":{"gitId":"winson-mok"},"content":"            else if (inputContent[0].equalsIgnoreCase(\"event\")) {","lastModifiedDate":"2022-02-09"},{"lineNumber":227,"author":{"gitId":"winson-mok"},"content":"                code \u003d 2;","lastModifiedDate":"2022-02-09"},{"lineNumber":228,"author":{"gitId":"winson-mok"},"content":"                String at \u003d \"\";","lastModifiedDate":"2022-02-09"},{"lineNumber":229,"author":{"gitId":"winson-mok"},"content":"                for (int i \u003d 1; i \u003c inputContent.length;) {","lastModifiedDate":"2022-02-09"},{"lineNumber":230,"author":{"gitId":"winson-mok"},"content":"                    reply \u003d reply + \" \" + inputContent[i];","lastModifiedDate":"2022-02-09"},{"lineNumber":231,"author":{"gitId":"winson-mok"},"content":"                    i++;","lastModifiedDate":"2022-02-09"},{"lineNumber":232,"author":{"gitId":"winson-mok"},"content":"                    if (inputContent[i].equalsIgnoreCase(\"/at\")) {","lastModifiedDate":"2022-02-09"},{"lineNumber":233,"author":{"gitId":"winson-mok"},"content":"                        at \u003d at + \"(at :\";","lastModifiedDate":"2022-02-09"},{"lineNumber":234,"author":{"gitId":"winson-mok"},"content":"                        i++;","lastModifiedDate":"2022-02-09"},{"lineNumber":235,"author":{"gitId":"winson-mok"},"content":"                        while (i \u003c inputContent.length) {","lastModifiedDate":"2022-02-09"},{"lineNumber":236,"author":{"gitId":"winson-mok"},"content":"                            at \u003d at + \" \" + inputContent[i];","lastModifiedDate":"2022-02-09"},{"lineNumber":237,"author":{"gitId":"winson-mok"},"content":"                            i++;","lastModifiedDate":"2022-02-09"},{"lineNumber":238,"author":{"gitId":"winson-mok"},"content":"                        }","lastModifiedDate":"2022-02-09"},{"lineNumber":239,"author":{"gitId":"winson-mok"},"content":"                        at \u003d at + \")\";","lastModifiedDate":"2022-02-09"},{"lineNumber":240,"author":{"gitId":"winson-mok"},"content":"                    }","lastModifiedDate":"2022-02-09"},{"lineNumber":241,"author":{"gitId":"winson-mok"},"content":"                }","lastModifiedDate":"2022-02-09"},{"lineNumber":242,"author":{"gitId":"winson-mok"},"content":"                reply \u003d reply.stripLeading();","lastModifiedDate":"2022-02-09"},{"lineNumber":243,"author":{"gitId":"winson-mok"},"content":"                reply \u003d reply.stripTrailing();","lastModifiedDate":"2022-02-09"},{"lineNumber":244,"author":{"gitId":"winson-mok"},"content":"                Event curTask \u003d new Event(reply, at);","lastModifiedDate":"2022-02-09"},{"lineNumber":245,"author":{"gitId":"winson-mok"},"content":"                toDoList.add(curTask);","lastModifiedDate":"2022-02-09"},{"lineNumber":246,"author":{"gitId":"winson-mok"},"content":"            }","lastModifiedDate":"2022-02-09"},{"lineNumber":247,"author":{"gitId":"winson-mok"},"content":"            else if (inputContent[0].equalsIgnoreCase(\"mark\")) {","lastModifiedDate":"2022-02-06"},{"lineNumber":248,"author":{"gitId":"winson-mok"},"content":"                int targetIndex \u003d Integer.parseInt(inputContent[1]);","lastModifiedDate":"2022-02-06"},{"lineNumber":249,"author":{"gitId":"winson-mok"},"content":"                targetIndex--;","lastModifiedDate":"2022-02-06"},{"lineNumber":250,"author":{"gitId":"winson-mok"},"content":"                boolean updateStatus \u003d toDoList.get(targetIndex).setTaskStatus(true);","lastModifiedDate":"2022-02-06"},{"lineNumber":251,"author":{"gitId":"winson-mok"},"content":"                if (updateStatus) {","lastModifiedDate":"2022-02-06"},{"lineNumber":252,"author":{"gitId":"winson-mok"},"content":"                    code \u003d 4;","lastModifiedDate":"2022-02-06"},{"lineNumber":253,"author":{"gitId":"winson-mok"},"content":"                    reply \u003d userName;","lastModifiedDate":"2022-02-06"},{"lineNumber":254,"author":{"gitId":"winson-mok"},"content":"                }","lastModifiedDate":"2022-02-06"},{"lineNumber":255,"author":{"gitId":"winson-mok"},"content":"                else {","lastModifiedDate":"2022-02-06"},{"lineNumber":256,"author":{"gitId":"winson-mok"},"content":"                    code \u003d 5;","lastModifiedDate":"2022-02-06"},{"lineNumber":257,"author":{"gitId":"winson-mok"},"content":"                    reply \u003d \"mark\";","lastModifiedDate":"2022-02-06"},{"lineNumber":258,"author":{"gitId":"winson-mok"},"content":"                }","lastModifiedDate":"2022-02-06"},{"lineNumber":259,"author":{"gitId":"winson-mok"},"content":"","lastModifiedDate":"2022-02-06"},{"lineNumber":260,"author":{"gitId":"winson-mok"},"content":"            }","lastModifiedDate":"2022-02-06"},{"lineNumber":261,"author":{"gitId":"winson-mok"},"content":"            else if (inputContent[0].equalsIgnoreCase(\"unmark\")) {","lastModifiedDate":"2022-02-06"},{"lineNumber":262,"author":{"gitId":"winson-mok"},"content":"                int targetIndex \u003d Integer.parseInt(inputContent[1]);","lastModifiedDate":"2022-02-06"},{"lineNumber":263,"author":{"gitId":"winson-mok"},"content":"                targetIndex--;","lastModifiedDate":"2022-02-06"},{"lineNumber":264,"author":{"gitId":"winson-mok"},"content":"                boolean updateStatus \u003d toDoList.get(targetIndex).setTaskStatus(false);","lastModifiedDate":"2022-02-06"},{"lineNumber":265,"author":{"gitId":"winson-mok"},"content":"                if (updateStatus) {","lastModifiedDate":"2022-02-06"},{"lineNumber":266,"author":{"gitId":"winson-mok"},"content":"                    code \u003d 4;","lastModifiedDate":"2022-02-06"},{"lineNumber":267,"author":{"gitId":"winson-mok"},"content":"                    reply \u003d userName;","lastModifiedDate":"2022-02-06"},{"lineNumber":268,"author":{"gitId":"winson-mok"},"content":"                }","lastModifiedDate":"2022-02-06"},{"lineNumber":269,"author":{"gitId":"winson-mok"},"content":"                else {","lastModifiedDate":"2022-02-06"},{"lineNumber":270,"author":{"gitId":"winson-mok"},"content":"                    code \u003d 5;","lastModifiedDate":"2022-02-06"},{"lineNumber":271,"author":{"gitId":"winson-mok"},"content":"                    reply \u003d \"unmark\";","lastModifiedDate":"2022-02-06"},{"lineNumber":272,"author":{"gitId":"winson-mok"},"content":"                }","lastModifiedDate":"2022-02-06"},{"lineNumber":273,"author":{"gitId":"winson-mok"},"content":"            }","lastModifiedDate":"2022-01-27"},{"lineNumber":274,"author":{"gitId":"winson-mok"},"content":"            else if (inputContent[0].equalsIgnoreCase(\"echo\")) {","lastModifiedDate":"2022-01-27"},{"lineNumber":275,"author":{"gitId":"winson-mok"},"content":"                code \u003d 3;","lastModifiedDate":"2022-01-27"},{"lineNumber":276,"author":{"gitId":"winson-mok"},"content":"                for (int i \u003d 1; i \u003c inputContent.length; i++) {","lastModifiedDate":"2022-01-27"},{"lineNumber":277,"author":{"gitId":"winson-mok"},"content":"                        reply \u003d reply + \" \" + inputContent[i];","lastModifiedDate":"2022-01-27"},{"lineNumber":278,"author":{"gitId":"winson-mok"},"content":"                }","lastModifiedDate":"2022-01-27"},{"lineNumber":279,"author":{"gitId":"winson-mok"},"content":"                reply \u003d reply.stripLeading();","lastModifiedDate":"2022-01-27"},{"lineNumber":280,"author":{"gitId":"winson-mok"},"content":"                reply \u003d reply.stripTrailing();","lastModifiedDate":"2022-01-27"},{"lineNumber":281,"author":{"gitId":"winson-mok"},"content":"            }","lastModifiedDate":"2022-01-27"},{"lineNumber":282,"author":{"gitId":"winson-mok"},"content":"            else if (inputContent[0].equalsIgnoreCase(\"list\")) {","lastModifiedDate":"2022-01-27"},{"lineNumber":283,"author":{"gitId":"winson-mok"},"content":"                if (toDoList.isEmpty()) {","lastModifiedDate":"2022-02-06"},{"lineNumber":284,"author":{"gitId":"winson-mok"},"content":"                    code \u003d -2;","lastModifiedDate":"2022-02-06"},{"lineNumber":285,"author":{"gitId":"winson-mok"},"content":"                }","lastModifiedDate":"2022-02-06"},{"lineNumber":286,"author":{"gitId":"winson-mok"},"content":"                else {","lastModifiedDate":"2022-02-06"},{"lineNumber":287,"author":{"gitId":"winson-mok"},"content":"                    code \u003d 1;","lastModifiedDate":"2022-01-27"},{"lineNumber":288,"author":{"gitId":"winson-mok"},"content":"                }","lastModifiedDate":"2022-01-27"},{"lineNumber":289,"author":{"gitId":"winson-mok"},"content":"            }","lastModifiedDate":"2022-02-06"},{"lineNumber":290,"author":{"gitId":"winson-mok"},"content":"            else if (Arrays.stream(inputContent).anyMatch(\"bye\"::equalsIgnoreCase) || Arrays.stream(inputContent).anyMatch(\"that\u0027s all\"::equalsIgnoreCase)) {","lastModifiedDate":"2022-01-27"},{"lineNumber":291,"author":{"gitId":"winson-mok"},"content":"                code \u003d 0;","lastModifiedDate":"2022-01-27"},{"lineNumber":292,"author":{"gitId":"winson-mok"},"content":"            }","lastModifiedDate":"2022-01-27"},{"lineNumber":293,"author":{"gitId":"winson-mok"},"content":"            else if (inputContent[0].equalsIgnoreCase(\"hello\")) {","lastModifiedDate":"2022-01-27"},{"lineNumber":294,"author":{"gitId":"winson-mok"},"content":"                code \u003d -5;","lastModifiedDate":"2022-01-27"},{"lineNumber":295,"author":{"gitId":"winson-mok"},"content":"            }","lastModifiedDate":"2022-01-27"},{"lineNumber":296,"author":{"gitId":"winson-mok"},"content":"","lastModifiedDate":"2022-01-27"},{"lineNumber":297,"author":{"gitId":"winson-mok"},"content":"            // output Handling","lastModifiedDate":"2022-01-27"},{"lineNumber":298,"author":{"gitId":"winson-mok"},"content":"            if (code \u003d\u003d 1 ||code \u003d\u003d 4 || code \u003d\u003d 5) {","lastModifiedDate":"2022-02-06"},{"lineNumber":299,"author":{"gitId":"winson-mok"},"content":"                printReply(reply, code);","lastModifiedDate":"2022-02-06"},{"lineNumber":300,"author":{"gitId":"winson-mok"},"content":"                printToDoList(toDoList);","lastModifiedDate":"2022-02-06"},{"lineNumber":301,"author":{"gitId":"winson-mok"},"content":"            }","lastModifiedDate":"2022-02-06"},{"lineNumber":302,"author":{"gitId":"winson-mok"},"content":"            else if (code \u003d\u003d 2) {","lastModifiedDate":"2022-02-09"},{"lineNumber":303,"author":{"gitId":"winson-mok"},"content":"                printReply(reply, code);","lastModifiedDate":"2022-02-09"},{"lineNumber":304,"author":{"gitId":"winson-mok"},"content":"                System.out.println(\"\\t\\t\\t\\t\\t\\t\\t\\t Haro ! You now have \" + toDoList.size() + \" tasks in the list ! Haro !\");","lastModifiedDate":"2022-02-09"},{"lineNumber":305,"author":{"gitId":"winson-mok"},"content":"            }","lastModifiedDate":"2022-02-09"},{"lineNumber":306,"author":{"gitId":"winson-mok"},"content":"            else if (code \u003d\u003d -2) {","lastModifiedDate":"2022-02-06"},{"lineNumber":307,"author":{"gitId":"winson-mok"},"content":"                printToDoList(toDoList);","lastModifiedDate":"2022-01-27"},{"lineNumber":308,"author":{"gitId":"winson-mok"},"content":"            }","lastModifiedDate":"2022-01-27"},{"lineNumber":309,"author":{"gitId":"winson-mok"},"content":"            else {","lastModifiedDate":"2022-01-27"},{"lineNumber":310,"author":{"gitId":"winson-mok"},"content":"                printReply(reply, code);","lastModifiedDate":"2022-01-27"},{"lineNumber":311,"author":{"gitId":"winson-mok"},"content":"            }","lastModifiedDate":"2022-01-27"},{"lineNumber":312,"author":{"gitId":"winson-mok"},"content":"","lastModifiedDate":"2022-01-27"},{"lineNumber":313,"author":{"gitId":"winson-mok"},"content":"            if (code !\u003d 0) {","lastModifiedDate":"2022-01-27"},{"lineNumber":314,"author":{"gitId":"winson-mok"},"content":"                System.out.println(userName + \" :\");","lastModifiedDate":"2022-01-27"},{"lineNumber":315,"author":{"gitId":"winson-mok"},"content":"            }","lastModifiedDate":"2022-01-27"},{"lineNumber":316,"author":{"gitId":"winson-mok"},"content":"        }","lastModifiedDate":"2022-01-27"},{"lineNumber":317,"author":{"gitId":"winson-mok"},"content":"        while (!input.equalsIgnoreCase(\"bye\") \u0026\u0026 !input.equalsIgnoreCase(\"that\u0027s all\"));","lastModifiedDate":"2022-01-27"},{"lineNumber":318,"author":{"gitId":"-"},"content":"    }","lastModifiedDate":"2019-07-29"},{"lineNumber":319,"author":{"gitId":"-"},"content":"}","lastModifiedDate":"2019-07-29"}],"authorContributionMap":{"winson-mok":315,"-":4}},{"path":"src/main/java/Event.java","fileType":"java","lines":[{"lineNumber":1,"author":{"gitId":"winson-mok"},"content":"public class Event extends Task {","lastModifiedDate":"2022-02-09"},{"lineNumber":2,"author":{"gitId":"winson-mok"},"content":"    protected String at;","lastModifiedDate":"2022-02-09"},{"lineNumber":3,"author":{"gitId":"winson-mok"},"content":"","lastModifiedDate":"2022-02-09"},{"lineNumber":4,"author":{"gitId":"winson-mok"},"content":"    public Event(String description, String at) {","lastModifiedDate":"2022-02-09"},{"lineNumber":5,"author":{"gitId":"winson-mok"},"content":"        super(description);","lastModifiedDate":"2022-02-09"},{"lineNumber":6,"author":{"gitId":"winson-mok"},"content":"        this.description \u003d description;","lastModifiedDate":"2022-02-09"},{"lineNumber":7,"author":{"gitId":"winson-mok"},"content":"        this.at \u003d at;","lastModifiedDate":"2022-02-09"},{"lineNumber":8,"author":{"gitId":"winson-mok"},"content":"    }","lastModifiedDate":"2022-02-09"},{"lineNumber":9,"author":{"gitId":"winson-mok"},"content":"","lastModifiedDate":"2022-02-09"},{"lineNumber":10,"author":{"gitId":"winson-mok"},"content":"    public String getAt(){","lastModifiedDate":"2022-02-09"},{"lineNumber":11,"author":{"gitId":"winson-mok"},"content":"        return this.at;","lastModifiedDate":"2022-02-09"},{"lineNumber":12,"author":{"gitId":"winson-mok"},"content":"    }","lastModifiedDate":"2022-02-09"},{"lineNumber":13,"author":{"gitId":"winson-mok"},"content":"","lastModifiedDate":"2022-02-09"},{"lineNumber":14,"author":{"gitId":"winson-mok"},"content":"    public void setAt(String by){","lastModifiedDate":"2022-02-09"},{"lineNumber":15,"author":{"gitId":"winson-mok"},"content":"        this.at \u003d at;","lastModifiedDate":"2022-02-09"},{"lineNumber":16,"author":{"gitId":"winson-mok"},"content":"    }","lastModifiedDate":"2022-02-09"},{"lineNumber":17,"author":{"gitId":"winson-mok"},"content":"","lastModifiedDate":"2022-02-09"},{"lineNumber":18,"author":{"gitId":"winson-mok"},"content":"    @Override","lastModifiedDate":"2022-02-09"},{"lineNumber":19,"author":{"gitId":"winson-mok"},"content":"    public String toString() {","lastModifiedDate":"2022-02-09"},{"lineNumber":20,"author":{"gitId":"winson-mok"},"content":"        String output \u003d super.toString();","lastModifiedDate":"2022-02-09"},{"lineNumber":21,"author":{"gitId":"winson-mok"},"content":"       return output.substring(0,1) + \u0027E\u0027 + output.substring(2) + \"\\t\" + at;","lastModifiedDate":"2022-02-09"},{"lineNumber":22,"author":{"gitId":"winson-mok"},"content":"    }","lastModifiedDate":"2022-02-09"},{"lineNumber":23,"author":{"gitId":"winson-mok"},"content":"}","lastModifiedDate":"2022-02-09"}],"authorContributionMap":{"winson-mok":23}},{"path":"src/main/java/Task.java","fileType":"java","lines":[{"lineNumber":1,"author":{"gitId":"winson-mok"},"content":"public class Task {","lastModifiedDate":"2022-02-06"},{"lineNumber":2,"author":{"gitId":"winson-mok"},"content":"    protected String description;","lastModifiedDate":"2022-02-06"},{"lineNumber":3,"author":{"gitId":"winson-mok"},"content":"    protected boolean isDone;","lastModifiedDate":"2022-02-06"},{"lineNumber":4,"author":{"gitId":"winson-mok"},"content":"","lastModifiedDate":"2022-02-06"},{"lineNumber":5,"author":{"gitId":"winson-mok"},"content":"    public Task(String description) {","lastModifiedDate":"2022-02-06"},{"lineNumber":6,"author":{"gitId":"winson-mok"},"content":"        this.description \u003d description;","lastModifiedDate":"2022-02-06"},{"lineNumber":7,"author":{"gitId":"winson-mok"},"content":"        this.isDone \u003d false;","lastModifiedDate":"2022-02-06"},{"lineNumber":8,"author":{"gitId":"winson-mok"},"content":"    }","lastModifiedDate":"2022-02-06"},{"lineNumber":9,"author":{"gitId":"winson-mok"},"content":"    public Task() {","lastModifiedDate":"2022-02-06"},{"lineNumber":10,"author":{"gitId":"winson-mok"},"content":"        this.description \u003d \"\";","lastModifiedDate":"2022-02-06"},{"lineNumber":11,"author":{"gitId":"winson-mok"},"content":"        this.isDone \u003d false;","lastModifiedDate":"2022-02-06"},{"lineNumber":12,"author":{"gitId":"winson-mok"},"content":"    }","lastModifiedDate":"2022-02-06"},{"lineNumber":13,"author":{"gitId":"winson-mok"},"content":"","lastModifiedDate":"2022-02-06"},{"lineNumber":14,"author":{"gitId":"winson-mok"},"content":"    public String getTask(){","lastModifiedDate":"2022-02-06"},{"lineNumber":15,"author":{"gitId":"winson-mok"},"content":"        return this.description;","lastModifiedDate":"2022-02-06"},{"lineNumber":16,"author":{"gitId":"winson-mok"},"content":"    }","lastModifiedDate":"2022-02-06"},{"lineNumber":17,"author":{"gitId":"winson-mok"},"content":"","lastModifiedDate":"2022-02-06"},{"lineNumber":18,"author":{"gitId":"winson-mok"},"content":"    public boolean setTaskStatus(boolean isDone) {","lastModifiedDate":"2022-02-06"},{"lineNumber":19,"author":{"gitId":"winson-mok"},"content":"        if (this.isDone \u003d\u003d isDone) {","lastModifiedDate":"2022-02-06"},{"lineNumber":20,"author":{"gitId":"winson-mok"},"content":"            return false;","lastModifiedDate":"2022-02-06"},{"lineNumber":21,"author":{"gitId":"winson-mok"},"content":"        }","lastModifiedDate":"2022-02-06"},{"lineNumber":22,"author":{"gitId":"winson-mok"},"content":"        else {","lastModifiedDate":"2022-02-06"},{"lineNumber":23,"author":{"gitId":"winson-mok"},"content":"            this.isDone \u003d isDone;","lastModifiedDate":"2022-02-06"},{"lineNumber":24,"author":{"gitId":"winson-mok"},"content":"            return true;","lastModifiedDate":"2022-02-06"},{"lineNumber":25,"author":{"gitId":"winson-mok"},"content":"        }","lastModifiedDate":"2022-02-06"},{"lineNumber":26,"author":{"gitId":"winson-mok"},"content":"    }","lastModifiedDate":"2022-02-06"},{"lineNumber":27,"author":{"gitId":"winson-mok"},"content":"    public boolean getTaskStatus() {","lastModifiedDate":"2022-02-06"},{"lineNumber":28,"author":{"gitId":"winson-mok"},"content":"        return this.isDone;","lastModifiedDate":"2022-02-06"},{"lineNumber":29,"author":{"gitId":"winson-mok"},"content":"    }","lastModifiedDate":"2022-02-06"},{"lineNumber":30,"author":{"gitId":"winson-mok"},"content":"","lastModifiedDate":"2022-02-09"},{"lineNumber":31,"author":{"gitId":"winson-mok"},"content":"    @Override","lastModifiedDate":"2022-02-09"},{"lineNumber":32,"author":{"gitId":"winson-mok"},"content":"    public String toString() {","lastModifiedDate":"2022-02-09"},{"lineNumber":33,"author":{"gitId":"winson-mok"},"content":"        String type \u003d \"T\";","lastModifiedDate":"2022-02-09"},{"lineNumber":34,"author":{"gitId":"winson-mok"},"content":"        String status \u003d \"\";","lastModifiedDate":"2022-02-09"},{"lineNumber":35,"author":{"gitId":"winson-mok"},"content":"        if (this.getTaskStatus()) {","lastModifiedDate":"2022-02-09"},{"lineNumber":36,"author":{"gitId":"winson-mok"},"content":"            status \u003d \"[Done]\\t\";","lastModifiedDate":"2022-02-09"},{"lineNumber":37,"author":{"gitId":"winson-mok"},"content":"        }","lastModifiedDate":"2022-02-09"},{"lineNumber":38,"author":{"gitId":"winson-mok"},"content":"        else {","lastModifiedDate":"2022-02-09"},{"lineNumber":39,"author":{"gitId":"winson-mok"},"content":"            status \u003d \"[ ]\\t\\t\";","lastModifiedDate":"2022-02-09"},{"lineNumber":40,"author":{"gitId":"winson-mok"},"content":"        }","lastModifiedDate":"2022-02-09"},{"lineNumber":41,"author":{"gitId":"winson-mok"},"content":"","lastModifiedDate":"2022-02-09"},{"lineNumber":42,"author":{"gitId":"winson-mok"},"content":"        return \"[\" + type + \"]\\t\" + status + \"\" + this.description;","lastModifiedDate":"2022-02-09"},{"lineNumber":43,"author":{"gitId":"winson-mok"},"content":"    }","lastModifiedDate":"2022-02-09"},{"lineNumber":44,"author":{"gitId":"winson-mok"},"content":"}","lastModifiedDate":"2022-02-06"}],"authorContributionMap":{"winson-mok":44}}]
