{"authorDailyContributionsMap":{"winson-mok":[{"date":"2022-01-27","commitResults":[{"hash":"36a3afa84430ffca5d1f503876d50e7a5b7e268f","messageTitle":"Creation of new Class - Event ( Event.java )    Consist of 2 major parameters ( activities and status ) and methods to initialize, create and access instances of this class. Feature Addition for Level-1 \u0026 Level-2 ( Duke.java )    Level-1      - Greet ( Greet user and ask for user\u0027s name )      - Echo ( Adding keyword \"echo\" at the front of the sentence to be echoed )      - Exit ( By saying \"bye\" or \"that\u0027s all\" )    Level-2      - Add ( Adding keyword \"add\" at the front of the sentence/phrase to store sentence/phrase into a To-Do List)      - List ( By saying \"list\" to request viewing of the To-Do List)","messageBody":"","fileTypesAndContributionMap":{"java":{"insertions":227,"deletions":6}}}]},{"date":"2022-02-06","commitResults":[{"hash":"94530168201cf0b96939db7dfd3d589677055a5e","messageTitle":"Level-3 Addition of Functionality : - Update task status (By adding keyword \"mark\" and \"unmark\" infront of the task index)","messageBody":"Restructure of classes\n- Entire \"Event\" class has been modified and renamed to \"Task\" class\n- Addition of deadline class for future functionality\n","fileTypesAndContributionMap":{"java":{"insertions":148,"deletions":52}}}]},{"date":"2022-02-09","commitResults":[{"hash":"147aee3a4082638d8d79731075dc4552c162e27e","messageTitle":"Level-4","messageBody":"Addition of Functions\n- Changed \"add\" to \"todo\" for task class\n- Deadline (adding keyword \"deadline\" at front of task and followed by \"/by\" to indicate deadline for task\n- Event (adding keyword \"event\" at front of task and followed by \"/at\" to indicate event period for task\n- modified print function\n\nTask \u0026 Deadline class\n- Override toString()\n\nEvent class\n- created and override toString()\n","tags":["Level-4"],"fileTypesAndContributionMap":{"java":{"insertions":91,"deletions":9}}}]},{"date":"2022-02-16","commitResults":[{"hash":"6c62a7cf9b2f3e46da2a023b27c8e54485a7eabe","messageTitle":"Level-5 : Handle Errors","messageBody":"Addition of Functionality (Duke.java)\nHandling of invalid inputs\n- todo (can identify missing task information)\n- deadline (can identify missing task/missing deadline/ missing both information)\n- event (can identify missing event/missing duration/ missing both information)\n- Mark \u0026 Unmark (only numerical index )\n- unknown keyword / command (will let the user know that Haro does not recognise the command)\n\nAddition of Exception class (DukeException.java)\n- Addition of class to store information of different error types\n","tags":["Level-5"],"fileTypesAndContributionMap":{"java":{"insertions":231,"deletions":58}}}]},{"date":"2022-03-05","commitResults":[{"hash":"d190d62f0dd631e3f35f0e6de57a3bf781513ace","messageTitle":"Level-6","messageBody":"Additional of Feature:\n- Delete task in the list by adding keyword \"delete\" follow with the index of the task to be deleted (with error handling)\n\nFix wrong information:\n- Correction of reply from Haro upon updating the list\n","tags":["Level-6"],"fileTypesAndContributionMap":{"java":{"insertions":51,"deletions":2}}}]},{"date":"2022-03-08","commitResults":[{"hash":"c691c920b63bd0d445c2caa5c81893fe4856f457","messageTitle":"Level-7","messageBody":"Additional of Feature\n- Save (Saving list information into data/Duke.txt with keyword \"save\")\n","tags":["Level-7"],"fileTypesAndContributionMap":{"java":{"insertions":80,"deletions":1}}}]},{"date":"2022-03-17","commitResults":[{"hash":"5eb08278e597679a6f333881fca21e0b9a17293e","messageTitle":"Added tasks.txt","messageBody":"For saving of Task List content","fileTypesAndContributionMap":{"txt":{"insertions":1,"deletions":0}}},{"hash":"9e37fc8871c8491130811b6851a65b832ad12ad0","messageTitle":"A-MoreOOP \u0026 A-Packages","messageBody":"1. Created duke package\n\n2. Restructured and Modified Duke.java into duke package with all the existing features.\n\n3. Added data\\tasks.txt for storage of task list\n","tags":["A-MoreOOP/A-Packages"],"fileTypesAndContributionMap":{"java":{"insertions":1018,"deletions":612}}}]},{"date":"2022-03-18","commitResults":[{"hash":"1eca5f82deb559bf74c09924a1071b1c8a230a0b","messageTitle":"A-Gradle","messageBody":"Set up gradle\n- Build and Run Duke with gradle\n","tags":["A-Gradle"],"fileTypesAndContributionMap":{"gradle":{"insertions":1,"deletions":6}}}]},{"date":"2022-03-22","commitResults":[{"hash":"a64e6bf4bf775212b102c4717ec14e8999f6e8a5","messageTitle":"A-JavaDoc","messageBody":"Added documentation to all classes and methods in Duke project.\n","tags":["A-JavaDoc"],"fileTypesAndContributionMap":{"java":{"insertions":414,"deletions":1}}}]},{"date":"2022-03-27","commitResults":[{"hash":"c9429f3ce97a3cf4d68ba200135fa506144c9fae","messageTitle":"Level-8","messageBody":"Additional of Feature :\n- Deadline and Event can store dates and times in dd/MM/yyyy HHmm and dd-MM-yyyy HHmm format.\n\nModification :\n- Added new method in Parser to parse date and time\n- Modify Deadline and Event toString() override\n- Modify read method for storage for reading of date and time format\n- Modify AddCommand methods for adding deadline and event to support date and time format\n- Add additional message response in Ui\n","tags":["Level-8"],"fileTypesAndContributionMap":{"txt":{"insertions":1,"deletions":1},"java":{"insertions":124,"deletions":48}}}]},{"date":"2022-04-02","commitResults":[{"hash":"f26a875e1eed65269dce5aa468e5ed96271aff23","messageTitle":"A-JUnit","messageBody":"Added Test Methods\n- Test method for creation and output of Task, Deadline, Event and TaskList from classes in tasklist package.\n- Test method for generation of response message from Ui class.\n","tags":["A-JUnit"],"fileTypesAndContributionMap":{"java":{"insertions":118,"deletions":0}}}]},{"date":"2022-04-11","commitResults":[{"hash":"0aa7eeaa2c4c38d4444dfe479c55cf9f2e645893","messageTitle":"B-FindFreeTimes","messageBody":"Addition of Feature :\n- User can get periods of free time of a specific date by inputting they keyword \"free\" follow by a specific date.\n(The assumption of this feature is that Deadline task requires 2 hours needed before deadline, while Event task will be ongoing for 2 hours after event start time. Hence those 2 hours period will be marked as busy)\n\nAddition of Unit Testing\n- Added FindFreeTimeTest method for testing of added feature.\n","tags":["B-FindFreeTimes"],"fileTypesAndContributionMap":{"txt":{"insertions":5,"deletions":1},"java":{"insertions":201,"deletions":8}}},{"hash":"b225623bd0c00211587217b456884f426239f7c0","messageTitle":"Level-9","messageBody":"Addition of Feature :\n- User can search for task containing specified word or phrase by inputting the command \"find\" followed by specific word or phrase to search for.\n","tags":["Level-9"],"fileTypesAndContributionMap":{"java":{"insertions":95,"deletions":5}}},{"hash":"40c5b575ef8d4adec4019c42d764f3599e9558f8","messageTitle":"B-FixedDurationTasks","messageBody":"Addition of Feature :\n- Some predefined tasks has fixed duration which will be automatically considered and displayed after adding task to tasklist.\n(e.g. the task \"read book\" will be associated to having 2 hours duration)\n\nJavaDoc :\n- Added and corrected documentation for existing and addition class and methods\n","tags":["B-FixedDurationTasks"],"fileTypesAndContributionMap":{"txt":{"insertions":4,"deletions":3},"java":{"insertions":87,"deletions":5}}},{"hash":"9bc624343d2370b374b44ed8082c8f7f33c9fd59","messageTitle":"C-Update","messageBody":"Addition of Feature :\n- User can update the description of task by inputting command \"update\" follow by the index of task to be updated and follow by the new description to update onto existing description.\n\nModification :\n- Update methods has been added to TaskList and Task classes.\n- Added new response message and error message generation.\n","tags":["C-Update"],"fileTypesAndContributionMap":{"txt":{"insertions":2,"deletions":2},"java":{"insertions":98,"deletions":0}}}]}]},"authorFileTypeContributionMap":{"winson-mok":{"java":2186,"md":1,"fxml":0,"sh":0,"bat":0,"gradle":1,"txt":6}},"authorContributionVariance":{"winson-mok":34583.75},"authorDisplayNameMap":{"winson-mok":"MOK ..NSON"}}
