{"authorDailyContributionsMap":{"winson-mok":[{"date":"2022-01-27","commitResults":[{"hash":"36a3afa84430ffca5d1f503876d50e7a5b7e268f","messageTitle":"Creation of new Class - Event ( Event.java )    Consist of 2 major parameters ( activities and status ) and methods to initialize, create and access instances of this class. Feature Addition for Level-1 \u0026 Level-2 ( Duke.java )    Level-1      - Greet ( Greet user and ask for user\u0027s name )      - Echo ( Adding keyword \"echo\" at the front of the sentence to be echoed )      - Exit ( By saying \"bye\" or \"that\u0027s all\" )    Level-2      - Add ( Adding keyword \"add\" at the front of the sentence/phrase to store sentence/phrase into a To-Do List)      - List ( By saying \"list\" to request viewing of the To-Do List)","messageBody":"","fileTypesAndContributionMap":{"java":{"insertions":227,"deletions":6}}}]},{"date":"2022-02-06","commitResults":[{"hash":"94530168201cf0b96939db7dfd3d589677055a5e","messageTitle":"Level-3 Addition of Functionality : - Update task status (By adding keyword \"mark\" and \"unmark\" infront of the task index)","messageBody":"Restructure of classes\n- Entire \"Event\" class has been modified and renamed to \"Task\" class\n- Addition of deadline class for future functionality\n","fileTypesAndContributionMap":{"java":{"insertions":148,"deletions":52}}}]},{"date":"2022-02-09","commitResults":[{"hash":"147aee3a4082638d8d79731075dc4552c162e27e","messageTitle":"Level-4","messageBody":"Addition of Functions\n- Changed \"add\" to \"todo\" for task class\n- Deadline (adding keyword \"deadline\" at front of task and followed by \"/by\" to indicate deadline for task\n- Event (adding keyword \"event\" at front of task and followed by \"/at\" to indicate event period for task\n- modified print function\n\nTask \u0026 Deadline class\n- Override toString()\n\nEvent class\n- created and override toString()\n","tags":["Level-4"],"fileTypesAndContributionMap":{"java":{"insertions":91,"deletions":9}}}]}]},"authorFileTypeContributionMap":{"winson-mok":{"java":405,"md":0,"fxml":0,"sh":0,"bat":0,"gradle":0,"txt":0}},"authorContributionVariance":{"winson-mok":3068.5427},"authorDisplayNameMap":{"winson-mok":"MOK ..NSON"}}
