{"repoSenseVersion":"1c257d89d8","reportGeneratedTime":"Thu Feb 17 08:48:46 2022 UTC+08:00","reportGenerationTime":" 3.80 second(s)","zoneId":"UTC+08:00","reportTitle":"RepoSense Report","repos":[{"location":{"location":"https://github.com/kevinxx88/duke.git","repoName":"duke","organization":"kevinxx88"},"branch":"master","displayName":"kevinxx88/duke[master]","outputFolderName":"kevinxx88_duke_master"},{"location":{"location":"https://github.com/Louislz-l/duke.git","repoName":"duke","organization":"Louislz-l"},"branch":"master","displayName":"Louislz-l/duke[master]","outputFolderName":"Louislz-l_duke_master"},{"location":{"location":"https://github.com/olehze/duke.git","repoName":"duke","organization":"olehze"},"branch":"master","displayName":"olehze/duke[master]","outputFolderName":"olehze_duke_master"},{"location":{"location":"https://github.com/khs818/duke.git","repoName":"duke","organization":"khs818"},"branch":"master","displayName":"khs818/duke[master]","outputFolderName":"khs818_duke_master"},{"location":{"location":"https://github.com/angjingxuan/duke.git","repoName":"duke","organization":"angjingxuan"},"branch":"master","displayName":"angjingxuan/duke[master]","outputFolderName":"angjingxuan_duke_master"},{"location":{"location":"https://github.com/CyberS-N/duke.git","repoName":"duke","organization":"CyberS-N"},"branch":"master","displayName":"CyberS-N/duke[master]","outputFolderName":"CyberS-N_duke_master"},{"location":{"location":"https://github.com/JiaJieRion/duke.git","repoName":"duke","organization":"JiaJieRion"},"branch":"master","displayName":"JiaJieRion/duke[master]","outputFolderName":"JiaJieRion_duke_master"},{"location":{"location":"https://github.com/jaydencjs/duke.git","repoName":"duke","organization":"jaydencjs"},"branch":"master","displayName":"jaydencjs/duke[master]","outputFolderName":"jaydencjs_duke_master"},{"location":{"location":"https://github.com/benaiahr/duke.git","repoName":"duke","organization":"benaiahr"},"branch":"master","displayName":"benaiahr/duke[master]","outputFolderName":"benaiahr_duke_master"},{"location":{"location":"https://github.com/winson-mok/duke.git","repoName":"duke","organization":"winson-mok"},"branch":"master","displayName":"winson-mok/duke[master]","outputFolderName":"winson-mok_duke_master"},{"location":{"location":"https://github.com/yong362/duke.git","repoName":"duke","organization":"yong362"},"branch":"master","displayName":"yong362/duke[master]","outputFolderName":"yong362_duke_master"},{"location":{"location":"https://github.com/S-QUAN86/duke.git","repoName":"duke","organization":"S-QUAN86"},"branch":"master","displayName":"S-QUAN86/duke[master]","outputFolderName":"S-QUAN86_duke_master"},{"location":{"location":"https://github.com/wjyeoh1/duke.git","repoName":"duke","organization":"wjyeoh1"},"branch":"master","displayName":"wjyeoh1/duke[master]","outputFolderName":"wjyeoh1_duke_master"},{"location":{"location":"https://github.com/pennepenguin/duke.git","repoName":"duke","organization":"pennepenguin"},"branch":"master","displayName":"pennepenguin/duke[master]","outputFolderName":"pennepenguin_duke_master"},{"location":{"location":"https://github.com/Lexus195/duke.git","repoName":"duke","organization":"Lexus195"},"branch":"master","displayName":"Lexus195/duke[master]","outputFolderName":"Lexus195_duke_master"},{"location":{"location":"https://github.com/autumn3ffect/duke.git","repoName":"duke","organization":"autumn3ffect"},"branch":"master","displayName":"autumn3ffect/duke[master]","outputFolderName":"autumn3ffect_duke_master"},{"location":{"location":"https://github.com/hambot072/duke.git","repoName":"duke","organization":"hambot072"},"branch":"master","displayName":"hambot072/duke[master]","outputFolderName":"hambot072_duke_master"},{"location":{"location":"https://github.com/wizjoon/duke.git","repoName":"duke","organization":"wizjoon"},"branch":"master","displayName":"wizjoon/duke[master]","outputFolderName":"wizjoon_duke_master"},{"location":{"location":"https://github.com/DragonslayerLB/duke.git","repoName":"duke","organization":"DragonslayerLB"},"branch":"master","displayName":"DragonslayerLB/duke[master]","outputFolderName":"DragonslayerLB_duke_master"},{"location":{"location":"https://github.com/keyule/duke.git","repoName":"duke","organization":"keyule"},"branch":"master","displayName":"keyule/duke[master]","outputFolderName":"keyule_duke_master"},{"location":{"location":"https://github.com/kuanming3/duke.git","repoName":"duke","organization":"kuanming3"},"branch":"master","displayName":"kuanming3/duke[master]","outputFolderName":"kuanming3_duke_master"},{"location":{"location":"https://github.com/CalebJianHui/duke.git","repoName":"duke","organization":"CalebJianHui"},"branch":"master","displayName":"CalebJianHui/duke[master]","outputFolderName":"CalebJianHui_duke_master"},{"location":{"location":"https://github.com/sikowiz/duke.git","repoName":"duke","organization":"sikowiz"},"branch":"master","displayName":"sikowiz/duke[master]","outputFolderName":"sikowiz_duke_master"},{"location":{"location":"https://github.com/zhc9996/duke.git","repoName":"duke","organization":"zhc9996"},"branch":"master","displayName":"zhc9996/duke[master]","outputFolderName":"zhc9996_duke_master"},{"location":{"location":"https://github.com/yong324/duke.git","repoName":"duke","organization":"yong324"},"branch":"master","displayName":"yong324/duke[master]","outputFolderName":"yong324_duke_master"}],"errorSet":[{"repoName":"acidwuf/duke[master]","errorMessage":"Failed to clone from https://github.com/acidwuf/duke.git"},{"repoName":"Yutarosensei/duke[master]","errorMessage":"Failed to clone from https://github.com/Yutarosensei/duke.git"},{"repoName":"leonlegacy24/duke[master]","errorMessage":"Failed to clone from https://github.com/leonlegacy24/duke.git"},{"repoName":"JayL33z/duke[master]","errorMessage":"Branch \"master\" does not exist."},{"repoName":"hongchiong/duke[master]","errorMessage":"Failed to clone from https://github.com/hongchiong/duke.git"},{"repoName":"Ajaz-oops/duke[master]","errorMessage":"Failed to clone from https://github.com/Ajaz-oops/duke.git"}],"sinceDate":"2022-01-10","untilDate":"2022-02-17","isSinceDateProvided":true,"isUntilDateProvided":false}
