{"repoSenseVersion":"2b864022bb","reportGeneratedTime":"Thu Apr 7 12:28:11 2022 UTC+08:00","reportGenerationTime":" 5.65 second(s)","zoneId":"UTC+08:00","reportTitle":"RepoSense Report","repos":[{"location":{"location":"https://github.com/JayL33z/duke.git","repoName":"duke","organization":"JayL33z","domainName":"github"},"branch":"master","displayName":"JayL33z/duke[master]","outputFolderName":"JayL33z_duke_master"},{"location":{"location":"https://github.com/kevinxx88/duke.git","repoName":"duke","organization":"kevinxx88","domainName":"github"},"branch":"master","displayName":"kevinxx88/duke[master]","outputFolderName":"kevinxx88_duke_master"},{"location":{"location":"https://github.com/Louislz-l/duke.git","repoName":"duke","organization":"Louislz-l","domainName":"github"},"branch":"master","displayName":"Louislz-l/duke[master]","outputFolderName":"Louislz-l_duke_master"},{"location":{"location":"https://github.com/olehze/duke.git","repoName":"duke","organization":"olehze","domainName":"github"},"branch":"master","displayName":"olehze/duke[master]","outputFolderName":"olehze_duke_master"},{"location":{"location":"https://github.com/khs818/duke.git","repoName":"duke","organization":"khs818","domainName":"github"},"branch":"master","displayName":"khs818/duke[master]","outputFolderName":"khs818_duke_master"},{"location":{"location":"https://github.com/Yutarosensei/duke.git","repoName":"duke","organization":"Yutarosensei","domainName":"github"},"branch":"master","displayName":"Yutarosensei/duke[master]","outputFolderName":"Yutarosensei_duke_master"},{"location":{"location":"https://github.com/angjingxuan/duke.git","repoName":"duke","organization":"angjingxuan","domainName":"github"},"branch":"master","displayName":"angjingxuan/duke[master]","outputFolderName":"angjingxuan_duke_master"},{"location":{"location":"https://github.com/CyberS-N/duke.git","repoName":"duke","organization":"CyberS-N","domainName":"github"},"branch":"master","displayName":"CyberS-N/duke[master]","outputFolderName":"CyberS-N_duke_master"},{"location":{"location":"https://github.com/JiaJieRion/duke.git","repoName":"duke","organization":"JiaJieRion","domainName":"github"},"branch":"master","displayName":"JiaJieRion/duke[master]","outputFolderName":"JiaJieRion_duke_master"},{"location":{"location":"https://github.com/jaydencjs/duke.git","repoName":"duke","organization":"jaydencjs","domainName":"github"},"branch":"master","displayName":"jaydencjs/duke[master]","outputFolderName":"jaydencjs_duke_master"},{"location":{"location":"https://github.com/benaiahr/duke.git","repoName":"duke","organization":"benaiahr","domainName":"github"},"branch":"master","displayName":"benaiahr/duke[master]","outputFolderName":"benaiahr_duke_master"},{"location":{"location":"https://github.com/winson-mok/duke.git","repoName":"duke","organization":"winson-mok","domainName":"github"},"branch":"master","displayName":"winson-mok/duke[master]","outputFolderName":"winson-mok_duke_master"},{"location":{"location":"https://github.com/yong362/duke.git","repoName":"duke","organization":"yong362","domainName":"github"},"branch":"master","displayName":"yong362/duke[master]","outputFolderName":"yong362_duke_master"},{"location":{"location":"https://github.com/S-QUAN86/duke.git","repoName":"duke","organization":"S-QUAN86","domainName":"github"},"branch":"master","displayName":"S-QUAN86/duke[master]","outputFolderName":"S-QUAN86_duke_master"},{"location":{"location":"https://github.com/wjyeoh1/duke.git","repoName":"duke","organization":"wjyeoh1","domainName":"github"},"branch":"master","displayName":"wjyeoh1/duke[master]","outputFolderName":"wjyeoh1_duke_master"},{"location":{"location":"https://github.com/AjazYeap/duke.git","repoName":"duke","organization":"AjazYeap","domainName":"github"},"branch":"master","displayName":"AjazYeap/duke[master]","outputFolderName":"AjazYeap_duke_master"},{"location":{"location":"https://github.com/pennepenguin/duke.git","repoName":"duke","organization":"pennepenguin","domainName":"github"},"branch":"master","displayName":"pennepenguin/duke[master]","outputFolderName":"pennepenguin_duke_master"},{"location":{"location":"https://github.com/Lexus195/duke.git","repoName":"duke","organization":"Lexus195","domainName":"github"},"branch":"master","displayName":"Lexus195/duke[master]","outputFolderName":"Lexus195_duke_master"},{"location":{"location":"https://github.com/autumn3ffect/duke.git","repoName":"duke","organization":"autumn3ffect","domainName":"github"},"branch":"master","displayName":"autumn3ffect/duke[master]","outputFolderName":"autumn3ffect_duke_master"},{"location":{"location":"https://github.com/hambot072/duke.git","repoName":"duke","organization":"hambot072","domainName":"github"},"branch":"master","displayName":"hambot072/duke[master]","outputFolderName":"hambot072_duke_master"},{"location":{"location":"https://github.com/wizjoon/duke.git","repoName":"duke","organization":"wizjoon","domainName":"github"},"branch":"master","displayName":"wizjoon/duke[master]","outputFolderName":"wizjoon_duke_master"},{"location":{"location":"https://github.com/DragonslayerLB/duke.git","repoName":"duke","organization":"DragonslayerLB","domainName":"github"},"branch":"master","displayName":"DragonslayerLB/duke[master]","outputFolderName":"DragonslayerLB_duke_master"},{"location":{"location":"https://github.com/keyule/duke.git","repoName":"duke","organization":"keyule","domainName":"github"},"branch":"master","displayName":"keyule/duke[master]","outputFolderName":"keyule_duke_master"},{"location":{"location":"https://github.com/kuanming3/duke.git","repoName":"duke","organization":"kuanming3","domainName":"github"},"branch":"master","displayName":"kuanming3/duke[master]","outputFolderName":"kuanming3_duke_master"},{"location":{"location":"https://github.com/CalebJianHui/duke.git","repoName":"duke","organization":"CalebJianHui","domainName":"github"},"branch":"master","displayName":"CalebJianHui/duke[master]","outputFolderName":"CalebJianHui_duke_master"},{"location":{"location":"https://github.com/sikowiz/duke.git","repoName":"duke","organization":"sikowiz","domainName":"github"},"branch":"master","displayName":"sikowiz/duke[master]","outputFolderName":"sikowiz_duke_master"},{"location":{"location":"https://github.com/zhc9996/duke.git","repoName":"duke","organization":"zhc9996","domainName":"github"},"branch":"master","displayName":"zhc9996/duke[master]","outputFolderName":"zhc9996_duke_master"},{"location":{"location":"https://github.com/yong324/duke.git","repoName":"duke","organization":"yong324","domainName":"github"},"branch":"master","displayName":"yong324/duke[master]","outputFolderName":"yong324_duke_master"}],"errorSet":[{"repoName":"acidwuf/duke[master]","errorMessage":"Failed to clone from https://github.com/acidwuf/duke.git"},{"repoName":"leonlegacy24/duke[master]","errorMessage":"Failed to clone from https://github.com/leonlegacy24/duke.git"},{"repoName":"hongchiong/duke[master]","errorMessage":"Failed to clone from https://github.com/hongchiong/duke.git"}],"sinceDate":"2022-01-10","untilDate":"2022-04-07","isSinceDateProvided":true,"isUntilDateProvided":false,"supportedDomainUrlMap":{"NOT_RECOGNIZED":{"BRANCH":"","REPO_URL":"UNSUPPORTED","BASE_URL":"UNSUPPORTED","HISTORY_PATH":"","COMMIT_PATH":"","BLAME_PATH":""},"github":{"BRANCH":"tree/$BRANCH","REPO_URL":"https://github.com/$ORGANIZATION/$REPO_NAME/","BASE_URL":"https://github.com/","HISTORY_PATH":"commits/$BRANCH/$FILE_PATH","COMMIT_PATH":"commit/$COMMIT_HASH","BLAME_PATH":"blame/$BRANCH/$FILE_PATH"}}}
