[{"path":"data/duke.txt","fileType":"txt","lines":[{"lineNumber":1,"author":{"gitId":"angjingxuan"},"content":"[D] [ ] submit duke (by: 2022-03-16T18:00)","lastModifiedDate":"2022-03-25"},{"lineNumber":2,"author":{"gitId":"angjingxuan"},"content":"[E] [ ] tic2002 class (at: 2022-03-23T19:00)","lastModifiedDate":"2022-03-25"},{"lineNumber":3,"author":{"gitId":"angjingxuan"},"content":"[T] [X] read a book","lastModifiedDate":"2022-03-26"},{"lineNumber":4,"author":{"gitId":"angjingxuan"},"content":"[D] [ ] hmwk 7 (by: 2022-03-28T23:59)","lastModifiedDate":"2022-03-26"},{"lineNumber":5,"author":{"gitId":"angjingxuan"},"content":"[E] [ ] TIC2002 class (at: 2022-03-30T19:00)","lastModifiedDate":"2022-03-26"}],"authorContributionMap":{"angjingxuan":5}},{"path":"src/main/java/duke/Deadline.java","fileType":"java","lines":[{"lineNumber":1,"author":{"gitId":"angjingxuan"},"content":"/**","lastModifiedDate":"2022-03-23"},{"lineNumber":2,"author":{"gitId":"angjingxuan"},"content":" * Creates a Deadline object. Deadline object is inherited from Task object.","lastModifiedDate":"2022-03-23"},{"lineNumber":3,"author":{"gitId":"angjingxuan"},"content":" *","lastModifiedDate":"2022-03-26"},{"lineNumber":4,"author":{"gitId":"angjingxuan"},"content":" */","lastModifiedDate":"2022-03-23"},{"lineNumber":5,"author":{"gitId":"angjingxuan"},"content":"package duke;","lastModifiedDate":"2022-03-23"},{"lineNumber":6,"author":{"gitId":"angjingxuan"},"content":"import java.time.LocalDateTime;","lastModifiedDate":"2022-03-23"},{"lineNumber":7,"author":{"gitId":"angjingxuan"},"content":"import java.time.format.DateTimeFormatter;","lastModifiedDate":"2022-03-23"},{"lineNumber":8,"author":{"gitId":"angjingxuan"},"content":"","lastModifiedDate":"2022-02-21"},{"lineNumber":9,"author":{"gitId":"angjingxuan"},"content":"public class Deadline extends Task {","lastModifiedDate":"2022-02-21"},{"lineNumber":10,"author":{"gitId":"angjingxuan"},"content":"","lastModifiedDate":"2022-02-21"},{"lineNumber":11,"author":{"gitId":"angjingxuan"},"content":"    protected String taskType \u003d \"D\";","lastModifiedDate":"2022-02-21"},{"lineNumber":12,"author":{"gitId":"angjingxuan"},"content":"    protected LocalDateTime by;","lastModifiedDate":"2022-03-23"},{"lineNumber":13,"author":{"gitId":"angjingxuan"},"content":"    protected DateTimeFormatter formatter \u003d DateTimeFormatter.ofPattern(\"yyyy-MM-dd\u0027T\u0027HH:mm\");","lastModifiedDate":"2022-03-26"},{"lineNumber":14,"author":{"gitId":"angjingxuan"},"content":"","lastModifiedDate":"2022-02-21"},{"lineNumber":15,"author":{"gitId":"angjingxuan"},"content":"    public Deadline(String description) {","lastModifiedDate":"2022-02-21"},{"lineNumber":16,"author":{"gitId":"angjingxuan"},"content":"        super(description.substring(0, description.lastIndexOf(\"by\") -1).trim());","lastModifiedDate":"2022-03-25"},{"lineNumber":17,"author":{"gitId":"angjingxuan"},"content":"        this.by \u003d LocalDateTime.parse(description.substring(description.lastIndexOf(\"by\") + 3, description.length()).trim(), formatter);","lastModifiedDate":"2022-03-23"},{"lineNumber":18,"author":{"gitId":"angjingxuan"},"content":"    }","lastModifiedDate":"2022-02-21"},{"lineNumber":19,"author":{"gitId":"angjingxuan"},"content":"","lastModifiedDate":"2022-02-21"},{"lineNumber":20,"author":{"gitId":"angjingxuan"},"content":"    @Override","lastModifiedDate":"2022-02-21"},{"lineNumber":21,"author":{"gitId":"angjingxuan"},"content":"    public void getTask () {","lastModifiedDate":"2022-02-21"},{"lineNumber":22,"author":{"gitId":"angjingxuan"},"content":"        System.out.println(\"[\" + taskType + \"] [\" + getStatusIcon() + \"] \" + getDescription() + \" (by: \" + by + \")\");","lastModifiedDate":"2022-02-21"},{"lineNumber":23,"author":{"gitId":"angjingxuan"},"content":"    }","lastModifiedDate":"2022-02-21"},{"lineNumber":24,"author":{"gitId":"angjingxuan"},"content":"","lastModifiedDate":"2022-02-21"},{"lineNumber":25,"author":{"gitId":"angjingxuan"},"content":"    public String toString () {","lastModifiedDate":"2022-03-09"},{"lineNumber":26,"author":{"gitId":"angjingxuan"},"content":"        return \"[\" + taskType + \"] [\" + getStatusIcon() + \"] \" + getDescription() + \" (by: \" + by + \")\";","lastModifiedDate":"2022-03-09"},{"lineNumber":27,"author":{"gitId":"angjingxuan"},"content":"    }","lastModifiedDate":"2022-03-09"},{"lineNumber":28,"author":{"gitId":"angjingxuan"},"content":"","lastModifiedDate":"2022-03-09"},{"lineNumber":29,"author":{"gitId":"angjingxuan"},"content":"    public LocalDateTime getTaskDate () { return by; }","lastModifiedDate":"2022-03-26"},{"lineNumber":30,"author":{"gitId":"angjingxuan"},"content":"","lastModifiedDate":"2022-03-26"},{"lineNumber":31,"author":{"gitId":"angjingxuan"},"content":"}","lastModifiedDate":"2022-02-21"}],"authorContributionMap":{"angjingxuan":31}},{"path":"src/main/java/duke/Duke.java","fileType":"java","lines":[{"lineNumber":1,"author":{"gitId":"angjingxuan"},"content":"package duke;","lastModifiedDate":"2022-03-23"},{"lineNumber":2,"author":{"gitId":"angjingxuan"},"content":"import java.io.IOException;","lastModifiedDate":"2022-03-09"},{"lineNumber":3,"author":{"gitId":"angjingxuan"},"content":"import java.time.format.DateTimeParseException;","lastModifiedDate":"2022-03-25"},{"lineNumber":4,"author":{"gitId":"angjingxuan"},"content":"import java.lang.StringIndexOutOfBoundsException;","lastModifiedDate":"2022-03-25"},{"lineNumber":5,"author":{"gitId":"angjingxuan"},"content":"","lastModifiedDate":"2022-01-31"},{"lineNumber":6,"author":{"gitId":"-"},"content":"public class Duke {","lastModifiedDate":"2019-07-29"},{"lineNumber":7,"author":{"gitId":"angjingxuan"},"content":"","lastModifiedDate":"2022-01-31"},{"lineNumber":8,"author":{"gitId":"angjingxuan"},"content":"    private final static String fileName \u003d \"data\\\\duke.txt\";","lastModifiedDate":"2022-03-25"},{"lineNumber":9,"author":{"gitId":"angjingxuan"},"content":"","lastModifiedDate":"2022-02-21"},{"lineNumber":10,"author":{"gitId":"angjingxuan"},"content":"    private Storage storage;","lastModifiedDate":"2022-03-25"},{"lineNumber":11,"author":{"gitId":"angjingxuan"},"content":"    private TaskList list;","lastModifiedDate":"2022-03-25"},{"lineNumber":12,"author":{"gitId":"angjingxuan"},"content":"    private Ui ui;","lastModifiedDate":"2022-03-25"},{"lineNumber":13,"author":{"gitId":"angjingxuan"},"content":"","lastModifiedDate":"2022-01-31"},{"lineNumber":14,"author":{"gitId":"angjingxuan"},"content":"    public Duke(String fileName) {","lastModifiedDate":"2022-03-25"},{"lineNumber":15,"author":{"gitId":"angjingxuan"},"content":"        ui \u003d new Ui();","lastModifiedDate":"2022-03-25"},{"lineNumber":16,"author":{"gitId":"angjingxuan"},"content":"        storage \u003d new Storage(fileName);","lastModifiedDate":"2022-03-25"},{"lineNumber":17,"author":{"gitId":"angjingxuan"},"content":"        try {","lastModifiedDate":"2022-03-25"},{"lineNumber":18,"author":{"gitId":"angjingxuan"},"content":"            storage.readFile();","lastModifiedDate":"2022-03-25"},{"lineNumber":19,"author":{"gitId":"angjingxuan"},"content":"            TaskList.printNoOfItemsInList();","lastModifiedDate":"2022-03-26"},{"lineNumber":20,"author":{"gitId":"angjingxuan"},"content":"        } catch (IOException e) {","lastModifiedDate":"2022-03-25"},{"lineNumber":21,"author":{"gitId":"angjingxuan"},"content":"            Ui.printFileErrorMsg();","lastModifiedDate":"2022-03-25"},{"lineNumber":22,"author":{"gitId":"angjingxuan"},"content":"        }","lastModifiedDate":"2022-03-25"},{"lineNumber":23,"author":{"gitId":"angjingxuan"},"content":"    }","lastModifiedDate":"2022-03-25"},{"lineNumber":24,"author":{"gitId":"angjingxuan"},"content":"","lastModifiedDate":"2022-01-31"},{"lineNumber":25,"author":{"gitId":"angjingxuan"},"content":"    public void run(){","lastModifiedDate":"2022-03-25"},{"lineNumber":26,"author":{"gitId":"angjingxuan"},"content":"","lastModifiedDate":"2022-03-09"},{"lineNumber":27,"author":{"gitId":"angjingxuan"},"content":"        int dukeStatus \u003d 0;","lastModifiedDate":"2022-03-26"},{"lineNumber":28,"author":{"gitId":"angjingxuan"},"content":"","lastModifiedDate":"2022-01-31"},{"lineNumber":29,"author":{"gitId":"angjingxuan"},"content":"        Ui.printHello();","lastModifiedDate":"2022-03-25"},{"lineNumber":30,"author":{"gitId":"angjingxuan"},"content":"","lastModifiedDate":"2022-03-11"},{"lineNumber":31,"author":{"gitId":"angjingxuan"},"content":"        do {","lastModifiedDate":"2022-01-31"},{"lineNumber":32,"author":{"gitId":"angjingxuan"},"content":"","lastModifiedDate":"2022-01-31"},{"lineNumber":33,"author":{"gitId":"angjingxuan"},"content":"            Ui.printPrompt();","lastModifiedDate":"2022-03-25"},{"lineNumber":34,"author":{"gitId":"angjingxuan"},"content":"","lastModifiedDate":"2022-01-31"},{"lineNumber":35,"author":{"gitId":"angjingxuan"},"content":"            assert dukeStatus \u003d\u003d 0 : \"dukeStatus should be FALSE (Duke will not be terminated yet).\";","lastModifiedDate":"2022-03-29"},{"lineNumber":36,"author":{"gitId":"angjingxuan"},"content":"","lastModifiedDate":"2022-03-29"},{"lineNumber":37,"author":{"gitId":"angjingxuan"},"content":"            try {","lastModifiedDate":"2022-03-25"},{"lineNumber":38,"author":{"gitId":"angjingxuan"},"content":"","lastModifiedDate":"2022-03-25"},{"lineNumber":39,"author":{"gitId":"angjingxuan"},"content":"                String line \u003d Ui.getLine();","lastModifiedDate":"2022-03-25"},{"lineNumber":40,"author":{"gitId":"angjingxuan"},"content":"","lastModifiedDate":"2022-01-31"},{"lineNumber":41,"author":{"gitId":"angjingxuan"},"content":"                int index;","lastModifiedDate":"2022-03-26"},{"lineNumber":42,"author":{"gitId":"angjingxuan"},"content":"                if (line.toLowerCase().equals(\"bye\")) {","lastModifiedDate":"2022-01-31"},{"lineNumber":43,"author":{"gitId":"angjingxuan"},"content":"                    Ui.printBye();","lastModifiedDate":"2022-03-25"},{"lineNumber":44,"author":{"gitId":"angjingxuan"},"content":"                    dukeStatus \u003d 1; // can escape from loop","lastModifiedDate":"2022-03-26"},{"lineNumber":45,"author":{"gitId":"angjingxuan"},"content":"                } else if (line.toLowerCase().equals(\"help\")) {","lastModifiedDate":"2022-03-26"},{"lineNumber":46,"author":{"gitId":"angjingxuan"},"content":"                    Ui.printHelp();","lastModifiedDate":"2022-03-26"},{"lineNumber":47,"author":{"gitId":"angjingxuan"},"content":"                } else if (line.toLowerCase().equals(\"hello\")) {","lastModifiedDate":"2022-03-25"},{"lineNumber":48,"author":{"gitId":"angjingxuan"},"content":"                    Ui.printHello();","lastModifiedDate":"2022-03-25"},{"lineNumber":49,"author":{"gitId":"angjingxuan"},"content":"                } else if (line.toLowerCase().equals(\"list\")) { //Print list","lastModifiedDate":"2022-02-21"},{"lineNumber":50,"author":{"gitId":"angjingxuan"},"content":"                    TaskList.printList();","lastModifiedDate":"2022-03-25"},{"lineNumber":51,"author":{"gitId":"angjingxuan"},"content":"                    TaskList.printNoOfItemsInList();","lastModifiedDate":"2022-03-26"},{"lineNumber":52,"author":{"gitId":"angjingxuan"},"content":"                } else if (line.startsWith(\"todo \")) {","lastModifiedDate":"2022-02-09"},{"lineNumber":53,"author":{"gitId":"angjingxuan"},"content":"                    if (line.substring(4, line.length()).trim().length() \u003c 1) {","lastModifiedDate":"2022-03-25"},{"lineNumber":54,"author":{"gitId":"angjingxuan"},"content":"                        Ui.printBlankDescMsg();","lastModifiedDate":"2022-03-25"},{"lineNumber":55,"author":{"gitId":"angjingxuan"},"content":"                        continue;","lastModifiedDate":"2022-03-23"},{"lineNumber":56,"author":{"gitId":"angjingxuan"},"content":"                    }","lastModifiedDate":"2022-02-21"},{"lineNumber":57,"author":{"gitId":"angjingxuan"},"content":"                    TaskList.addTodo(line.substring(5, line.length()));","lastModifiedDate":"2022-03-25"},{"lineNumber":58,"author":{"gitId":"angjingxuan"},"content":"                    Ui.printAddTaskMsg();","lastModifiedDate":"2022-03-25"},{"lineNumber":59,"author":{"gitId":"angjingxuan"},"content":"                    TaskList.printOneTask(TaskList.getListLength()-1);","lastModifiedDate":"2022-03-25"},{"lineNumber":60,"author":{"gitId":"angjingxuan"},"content":"                    TaskList.printNoOfItemsInList();","lastModifiedDate":"2022-03-26"},{"lineNumber":61,"author":{"gitId":"angjingxuan"},"content":"                    storage.writeFile(list); // save file","lastModifiedDate":"2022-03-25"},{"lineNumber":62,"author":{"gitId":"angjingxuan"},"content":"                    continue;","lastModifiedDate":"2022-02-21"},{"lineNumber":63,"author":{"gitId":"angjingxuan"},"content":"                } else if (line.startsWith(\"deadline \")) {","lastModifiedDate":"2022-02-21"},{"lineNumber":64,"author":{"gitId":"angjingxuan"},"content":"                    if (line.substring(9, line.length()).trim().length() \u003c 1) {","lastModifiedDate":"2022-02-21"},{"lineNumber":65,"author":{"gitId":"angjingxuan"},"content":"                        Ui.printBlankDescMsg();","lastModifiedDate":"2022-03-25"},{"lineNumber":66,"author":{"gitId":"angjingxuan"},"content":"                        continue;","lastModifiedDate":"2022-03-23"},{"lineNumber":67,"author":{"gitId":"angjingxuan"},"content":"                    }","lastModifiedDate":"2022-02-21"},{"lineNumber":68,"author":{"gitId":"angjingxuan"},"content":"                    TaskList.addDeadline(line.substring(9, line.length()));","lastModifiedDate":"2022-03-25"},{"lineNumber":69,"author":{"gitId":"angjingxuan"},"content":"                    Ui.printAddTaskMsg();","lastModifiedDate":"2022-03-25"},{"lineNumber":70,"author":{"gitId":"angjingxuan"},"content":"                    TaskList.printOneTask(TaskList.getListLength()-1);","lastModifiedDate":"2022-03-25"},{"lineNumber":71,"author":{"gitId":"angjingxuan"},"content":"                    TaskList.printNoOfItemsInList();","lastModifiedDate":"2022-03-26"},{"lineNumber":72,"author":{"gitId":"angjingxuan"},"content":"                    storage.writeFile(list); // save file","lastModifiedDate":"2022-03-25"},{"lineNumber":73,"author":{"gitId":"angjingxuan"},"content":"                    continue;","lastModifiedDate":"2022-02-21"},{"lineNumber":74,"author":{"gitId":"angjingxuan"},"content":"                } else if (line.startsWith(\"event \")) {","lastModifiedDate":"2022-02-21"},{"lineNumber":75,"author":{"gitId":"angjingxuan"},"content":"                    if (line.substring(6, line.length()).trim().length() \u003c 1) {","lastModifiedDate":"2022-02-21"},{"lineNumber":76,"author":{"gitId":"angjingxuan"},"content":"                        Ui.printBlankDescMsg();","lastModifiedDate":"2022-03-25"},{"lineNumber":77,"author":{"gitId":"angjingxuan"},"content":"                        continue;","lastModifiedDate":"2022-03-23"},{"lineNumber":78,"author":{"gitId":"angjingxuan"},"content":"                    }","lastModifiedDate":"2022-02-21"},{"lineNumber":79,"author":{"gitId":"angjingxuan"},"content":"                    TaskList.addEvent(line.substring(6, line.length()));","lastModifiedDate":"2022-03-25"},{"lineNumber":80,"author":{"gitId":"angjingxuan"},"content":"                    Ui.printAddTaskMsg();","lastModifiedDate":"2022-03-25"},{"lineNumber":81,"author":{"gitId":"angjingxuan"},"content":"                    TaskList.printOneTask(TaskList.getListLength()-1);","lastModifiedDate":"2022-03-25"},{"lineNumber":82,"author":{"gitId":"angjingxuan"},"content":"                    TaskList.printNoOfItemsInList();","lastModifiedDate":"2022-03-26"},{"lineNumber":83,"author":{"gitId":"angjingxuan"},"content":"                    storage.writeFile(list); // save file","lastModifiedDate":"2022-03-25"},{"lineNumber":84,"author":{"gitId":"angjingxuan"},"content":"                    continue;","lastModifiedDate":"2022-02-09"},{"lineNumber":85,"author":{"gitId":"angjingxuan"},"content":"                } else if (line.startsWith(\"mark \")) {","lastModifiedDate":"2022-02-09"},{"lineNumber":86,"author":{"gitId":"angjingxuan"},"content":"                    index \u003d Integer.parseInt(line.substring(line.indexOf(\"mark \") + 5, line.length())) - 1;","lastModifiedDate":"2022-03-09"},{"lineNumber":87,"author":{"gitId":"angjingxuan"},"content":"                    if (index \u003e\u003d TaskList.getListLength()) {","lastModifiedDate":"2022-03-25"},{"lineNumber":88,"author":{"gitId":"angjingxuan"},"content":"                        Ui.printOutOfRangeMsg();","lastModifiedDate":"2022-03-25"},{"lineNumber":89,"author":{"gitId":"angjingxuan"},"content":"                        continue;","lastModifiedDate":"2022-03-23"},{"lineNumber":90,"author":{"gitId":"angjingxuan"},"content":"                    }","lastModifiedDate":"2022-02-21"},{"lineNumber":91,"author":{"gitId":"angjingxuan"},"content":"                    if(TaskList.checkDone(index)) {","lastModifiedDate":"2022-03-25"},{"lineNumber":92,"author":{"gitId":"angjingxuan"},"content":"                        Ui.printMarkDoneBeforeMsg();","lastModifiedDate":"2022-03-25"},{"lineNumber":93,"author":{"gitId":"angjingxuan"},"content":"                        TaskList.printOneTask(index);","lastModifiedDate":"2022-03-25"},{"lineNumber":94,"author":{"gitId":"angjingxuan"},"content":"                    } else {","lastModifiedDate":"2022-03-25"},{"lineNumber":95,"author":{"gitId":"angjingxuan"},"content":"                        TaskList.markDone(index);","lastModifiedDate":"2022-03-25"},{"lineNumber":96,"author":{"gitId":"angjingxuan"},"content":"                        Ui.printMarkDoneMsg();","lastModifiedDate":"2022-03-25"},{"lineNumber":97,"author":{"gitId":"angjingxuan"},"content":"                        TaskList.printOneTask(index);","lastModifiedDate":"2022-03-25"},{"lineNumber":98,"author":{"gitId":"angjingxuan"},"content":"                    }","lastModifiedDate":"2022-03-25"},{"lineNumber":99,"author":{"gitId":"angjingxuan"},"content":"                    storage.writeFile(list); // save file","lastModifiedDate":"2022-03-25"},{"lineNumber":100,"author":{"gitId":"angjingxuan"},"content":"                    continue;","lastModifiedDate":"2022-02-09"},{"lineNumber":101,"author":{"gitId":"angjingxuan"},"content":"                } else if (line.startsWith(\"unmark \")) {","lastModifiedDate":"2022-02-09"},{"lineNumber":102,"author":{"gitId":"angjingxuan"},"content":"                    index \u003d Integer.parseInt(line.substring(line.indexOf(\"unmark \") + 7, line.length())) - 1;","lastModifiedDate":"2022-03-09"},{"lineNumber":103,"author":{"gitId":"angjingxuan"},"content":"                    if (index \u003e\u003d TaskList.getListLength()) {","lastModifiedDate":"2022-03-25"},{"lineNumber":104,"author":{"gitId":"angjingxuan"},"content":"                        Ui.printOutOfRangeMsg();","lastModifiedDate":"2022-03-25"},{"lineNumber":105,"author":{"gitId":"angjingxuan"},"content":"                        continue;","lastModifiedDate":"2022-03-23"},{"lineNumber":106,"author":{"gitId":"angjingxuan"},"content":"                    }","lastModifiedDate":"2022-02-21"},{"lineNumber":107,"author":{"gitId":"angjingxuan"},"content":"                    TaskList.markNotDone(index);","lastModifiedDate":"2022-03-25"},{"lineNumber":108,"author":{"gitId":"angjingxuan"},"content":"                    Ui.printMarkNotDoneMsg();","lastModifiedDate":"2022-03-25"},{"lineNumber":109,"author":{"gitId":"angjingxuan"},"content":"                    TaskList.printOneTask(index);","lastModifiedDate":"2022-03-25"},{"lineNumber":110,"author":{"gitId":"angjingxuan"},"content":"                    storage.writeFile(list); // save file","lastModifiedDate":"2022-03-25"},{"lineNumber":111,"author":{"gitId":"angjingxuan"},"content":"                    continue;","lastModifiedDate":"2022-02-09"},{"lineNumber":112,"author":{"gitId":"angjingxuan"},"content":"                } else if (line.startsWith(\"delete \")) {","lastModifiedDate":"2022-03-02"},{"lineNumber":113,"author":{"gitId":"angjingxuan"},"content":"                    index \u003d Integer.parseInt(line.substring(line.indexOf(\"delete \") + 7, line.length())) - 1;","lastModifiedDate":"2022-03-09"},{"lineNumber":114,"author":{"gitId":"angjingxuan"},"content":"                    if (index \u003e\u003d TaskList.getListLength()) {","lastModifiedDate":"2022-03-25"},{"lineNumber":115,"author":{"gitId":"angjingxuan"},"content":"                        Ui.printOutOfRangeMsg();","lastModifiedDate":"2022-03-25"},{"lineNumber":116,"author":{"gitId":"angjingxuan"},"content":"                        continue;","lastModifiedDate":"2022-03-23"},{"lineNumber":117,"author":{"gitId":"angjingxuan"},"content":"                    }","lastModifiedDate":"2022-03-02"},{"lineNumber":118,"author":{"gitId":"angjingxuan"},"content":"                    Ui.printDeleteMsg();","lastModifiedDate":"2022-03-25"},{"lineNumber":119,"author":{"gitId":"angjingxuan"},"content":"                    TaskList.printOneTask(index);","lastModifiedDate":"2022-03-25"},{"lineNumber":120,"author":{"gitId":"angjingxuan"},"content":"                    TaskList.deleteTask(index);","lastModifiedDate":"2022-03-25"},{"lineNumber":121,"author":{"gitId":"angjingxuan"},"content":"                    TaskList.printNoOfItemsInList();","lastModifiedDate":"2022-03-26"},{"lineNumber":122,"author":{"gitId":"angjingxuan"},"content":"                    storage.writeFile(list); // save file","lastModifiedDate":"2022-03-25"},{"lineNumber":123,"author":{"gitId":"angjingxuan"},"content":"                    continue;","lastModifiedDate":"2022-03-02"},{"lineNumber":124,"author":{"gitId":"angjingxuan"},"content":"                } else if (line.toLowerCase().equals(\"sort\")) {","lastModifiedDate":"2022-03-26"},{"lineNumber":125,"author":{"gitId":"angjingxuan"},"content":"                    Ui.printSortMsg();","lastModifiedDate":"2022-03-26"},{"lineNumber":126,"author":{"gitId":"angjingxuan"},"content":"                    TaskList.sortList();","lastModifiedDate":"2022-03-26"},{"lineNumber":127,"author":{"gitId":"angjingxuan"},"content":"                    TaskList.printList();","lastModifiedDate":"2022-03-26"},{"lineNumber":128,"author":{"gitId":"angjingxuan"},"content":"                    TaskList.printNoOfItemsInList();","lastModifiedDate":"2022-03-26"},{"lineNumber":129,"author":{"gitId":"angjingxuan"},"content":"                    storage.writeFile(list); // save file","lastModifiedDate":"2022-03-26"},{"lineNumber":130,"author":{"gitId":"angjingxuan"},"content":"                } else if (line.startsWith(\"find \")) {","lastModifiedDate":"2022-03-26"},{"lineNumber":131,"author":{"gitId":"angjingxuan"},"content":"                    if (line.substring(4, line.length()).trim().length() \u003c 1) {","lastModifiedDate":"2022-03-26"},{"lineNumber":132,"author":{"gitId":"angjingxuan"},"content":"                        Ui.printBlankDescMsg();","lastModifiedDate":"2022-03-26"},{"lineNumber":133,"author":{"gitId":"angjingxuan"},"content":"                        continue;","lastModifiedDate":"2022-03-26"},{"lineNumber":134,"author":{"gitId":"angjingxuan"},"content":"                    }","lastModifiedDate":"2022-03-26"},{"lineNumber":135,"author":{"gitId":"angjingxuan"},"content":"                    Ui.printFindMsg();","lastModifiedDate":"2022-03-26"},{"lineNumber":136,"author":{"gitId":"angjingxuan"},"content":"                    TaskList.findTask(line.substring(5, line.length()));","lastModifiedDate":"2022-03-26"},{"lineNumber":137,"author":{"gitId":"angjingxuan"},"content":"                    continue;","lastModifiedDate":"2022-03-26"},{"lineNumber":138,"author":{"gitId":"angjingxuan"},"content":"                } else {","lastModifiedDate":"2022-02-21"},{"lineNumber":139,"author":{"gitId":"angjingxuan"},"content":"                    Ui.printUnknownCommandMsg();","lastModifiedDate":"2022-03-25"},{"lineNumber":140,"author":{"gitId":"angjingxuan"},"content":"                    Ui.printHelp();","lastModifiedDate":"2022-03-26"},{"lineNumber":141,"author":{"gitId":"angjingxuan"},"content":"                }","lastModifiedDate":"2022-01-31"},{"lineNumber":142,"author":{"gitId":"angjingxuan"},"content":"            } catch(IOException e) {","lastModifiedDate":"2022-03-25"},{"lineNumber":143,"author":{"gitId":"angjingxuan"},"content":"                Ui.printFileErrorMsg();","lastModifiedDate":"2022-03-25"},{"lineNumber":144,"author":{"gitId":"angjingxuan"},"content":"            } catch(DateTimeParseException e) {","lastModifiedDate":"2022-03-25"},{"lineNumber":145,"author":{"gitId":"angjingxuan"},"content":"                Ui.printDateFormatErrorMsg();","lastModifiedDate":"2022-03-25"},{"lineNumber":146,"author":{"gitId":"angjingxuan"},"content":"            } catch(StringIndexOutOfBoundsException e) {","lastModifiedDate":"2022-03-25"},{"lineNumber":147,"author":{"gitId":"angjingxuan"},"content":"                Ui.printShortDescErrorMsg();","lastModifiedDate":"2022-03-25"},{"lineNumber":148,"author":{"gitId":"angjingxuan"},"content":"            }","lastModifiedDate":"2022-03-09"},{"lineNumber":149,"author":{"gitId":"angjingxuan"},"content":"","lastModifiedDate":"2022-03-09"},{"lineNumber":150,"author":{"gitId":"angjingxuan"},"content":"        } while (dukeStatus \u003d\u003d 0);","lastModifiedDate":"2022-03-26"},{"lineNumber":151,"author":{"gitId":"angjingxuan"},"content":"","lastModifiedDate":"2022-03-11"},{"lineNumber":152,"author":{"gitId":"angjingxuan"},"content":"    }","lastModifiedDate":"2022-03-11"},{"lineNumber":153,"author":{"gitId":"angjingxuan"},"content":"","lastModifiedDate":"2022-03-11"},{"lineNumber":154,"author":{"gitId":"angjingxuan"},"content":"    public static void main(String[] args){","lastModifiedDate":"2022-03-25"},{"lineNumber":155,"author":{"gitId":"angjingxuan"},"content":"        new Duke(fileName).run();","lastModifiedDate":"2022-03-25"},{"lineNumber":156,"author":{"gitId":"angjingxuan"},"content":"    }","lastModifiedDate":"2022-03-11"},{"lineNumber":157,"author":{"gitId":"angjingxuan"},"content":"","lastModifiedDate":"2022-03-11"},{"lineNumber":158,"author":{"gitId":"-"},"content":"}","lastModifiedDate":"2019-07-29"}],"authorContributionMap":{"-":2,"angjingxuan":156}},{"path":"src/main/java/duke/Event.java","fileType":"java","lines":[{"lineNumber":1,"author":{"gitId":"angjingxuan"},"content":"/**","lastModifiedDate":"2022-03-25"},{"lineNumber":2,"author":{"gitId":"angjingxuan"},"content":" * Creates an Event object. Event object is inherited from Task object.","lastModifiedDate":"2022-03-25"},{"lineNumber":3,"author":{"gitId":"angjingxuan"},"content":" *","lastModifiedDate":"2022-03-26"},{"lineNumber":4,"author":{"gitId":"angjingxuan"},"content":" */","lastModifiedDate":"2022-03-25"},{"lineNumber":5,"author":{"gitId":"angjingxuan"},"content":"package duke;","lastModifiedDate":"2022-03-23"},{"lineNumber":6,"author":{"gitId":"angjingxuan"},"content":"import java.time.LocalDateTime;","lastModifiedDate":"2022-03-23"},{"lineNumber":7,"author":{"gitId":"angjingxuan"},"content":"import java.time.format.DateTimeFormatter;","lastModifiedDate":"2022-03-23"},{"lineNumber":8,"author":{"gitId":"angjingxuan"},"content":"","lastModifiedDate":"2022-02-21"},{"lineNumber":9,"author":{"gitId":"angjingxuan"},"content":"public class Event extends Task {","lastModifiedDate":"2022-02-21"},{"lineNumber":10,"author":{"gitId":"angjingxuan"},"content":"","lastModifiedDate":"2022-02-21"},{"lineNumber":11,"author":{"gitId":"angjingxuan"},"content":"    protected String taskType \u003d \"E\";","lastModifiedDate":"2022-02-21"},{"lineNumber":12,"author":{"gitId":"angjingxuan"},"content":"    protected LocalDateTime at;","lastModifiedDate":"2022-03-23"},{"lineNumber":13,"author":{"gitId":"angjingxuan"},"content":"    protected DateTimeFormatter formatter \u003d DateTimeFormatter.ofPattern(\"yyyy-MM-dd\u0027T\u0027HH:mm\");","lastModifiedDate":"2022-03-26"},{"lineNumber":14,"author":{"gitId":"angjingxuan"},"content":"","lastModifiedDate":"2022-02-21"},{"lineNumber":15,"author":{"gitId":"angjingxuan"},"content":"    public Event(String description) {","lastModifiedDate":"2022-02-21"},{"lineNumber":16,"author":{"gitId":"angjingxuan"},"content":"        super(description.substring(0,description.lastIndexOf(\"at\") -2).trim());","lastModifiedDate":"2022-03-11"},{"lineNumber":17,"author":{"gitId":"angjingxuan"},"content":"        this.at \u003d LocalDateTime.parse(description.substring(description.lastIndexOf(\"at\") + 3, description.length()).trim(), formatter);","lastModifiedDate":"2022-03-23"},{"lineNumber":18,"author":{"gitId":"angjingxuan"},"content":"    }","lastModifiedDate":"2022-02-21"},{"lineNumber":19,"author":{"gitId":"angjingxuan"},"content":"","lastModifiedDate":"2022-02-21"},{"lineNumber":20,"author":{"gitId":"angjingxuan"},"content":"    @Override","lastModifiedDate":"2022-02-21"},{"lineNumber":21,"author":{"gitId":"angjingxuan"},"content":"    public void getTask () {","lastModifiedDate":"2022-02-21"},{"lineNumber":22,"author":{"gitId":"angjingxuan"},"content":"        System.out.println(\"[\" + taskType + \"] [\" + getStatusIcon() + \"] \" + getDescription() + \" (at: \" + at + \")\");","lastModifiedDate":"2022-02-21"},{"lineNumber":23,"author":{"gitId":"angjingxuan"},"content":"    }","lastModifiedDate":"2022-02-21"},{"lineNumber":24,"author":{"gitId":"angjingxuan"},"content":"","lastModifiedDate":"2022-02-21"},{"lineNumber":25,"author":{"gitId":"angjingxuan"},"content":"    public String toString () {","lastModifiedDate":"2022-03-09"},{"lineNumber":26,"author":{"gitId":"angjingxuan"},"content":"        return \"[\" + taskType + \"] [\" + getStatusIcon() + \"] \" + getDescription() + \" (at: \" + at + \")\";","lastModifiedDate":"2022-03-09"},{"lineNumber":27,"author":{"gitId":"angjingxuan"},"content":"    }","lastModifiedDate":"2022-03-09"},{"lineNumber":28,"author":{"gitId":"angjingxuan"},"content":"","lastModifiedDate":"2022-03-09"},{"lineNumber":29,"author":{"gitId":"angjingxuan"},"content":"    public LocalDateTime getTaskDate () { return at; }","lastModifiedDate":"2022-03-26"},{"lineNumber":30,"author":{"gitId":"angjingxuan"},"content":"","lastModifiedDate":"2022-03-26"},{"lineNumber":31,"author":{"gitId":"angjingxuan"},"content":"}","lastModifiedDate":"2022-02-21"}],"authorContributionMap":{"angjingxuan":31}},{"path":"src/main/java/duke/Storage.java","fileType":"java","lines":[{"lineNumber":1,"author":{"gitId":"angjingxuan"},"content":"/**","lastModifiedDate":"2022-03-25"},{"lineNumber":2,"author":{"gitId":"angjingxuan"},"content":" * Storage handles the writing and reading of list file (duke.txt).","lastModifiedDate":"2022-03-25"},{"lineNumber":3,"author":{"gitId":"angjingxuan"},"content":" *","lastModifiedDate":"2022-03-26"},{"lineNumber":4,"author":{"gitId":"angjingxuan"},"content":" * @throws IOException if file is not found or cannot be created or saved.","lastModifiedDate":"2022-03-26"},{"lineNumber":5,"author":{"gitId":"angjingxuan"},"content":" *","lastModifiedDate":"2022-03-26"},{"lineNumber":6,"author":{"gitId":"angjingxuan"},"content":" */","lastModifiedDate":"2022-03-25"},{"lineNumber":7,"author":{"gitId":"angjingxuan"},"content":"package duke;","lastModifiedDate":"2022-03-25"},{"lineNumber":8,"author":{"gitId":"angjingxuan"},"content":"","lastModifiedDate":"2022-03-25"},{"lineNumber":9,"author":{"gitId":"angjingxuan"},"content":"import java.io.File;","lastModifiedDate":"2022-03-25"},{"lineNumber":10,"author":{"gitId":"angjingxuan"},"content":"import java.io.FileWriter;","lastModifiedDate":"2022-03-25"},{"lineNumber":11,"author":{"gitId":"angjingxuan"},"content":"import java.io.IOException;","lastModifiedDate":"2022-03-25"},{"lineNumber":12,"author":{"gitId":"angjingxuan"},"content":"import java.util.Scanner;","lastModifiedDate":"2022-03-25"},{"lineNumber":13,"author":{"gitId":"angjingxuan"},"content":"","lastModifiedDate":"2022-03-25"},{"lineNumber":14,"author":{"gitId":"angjingxuan"},"content":"public class Storage {","lastModifiedDate":"2022-03-25"},{"lineNumber":15,"author":{"gitId":"angjingxuan"},"content":"","lastModifiedDate":"2022-03-25"},{"lineNumber":16,"author":{"gitId":"angjingxuan"},"content":"    private String fileName;","lastModifiedDate":"2022-03-26"},{"lineNumber":17,"author":{"gitId":"angjingxuan"},"content":"","lastModifiedDate":"2022-03-25"},{"lineNumber":18,"author":{"gitId":"angjingxuan"},"content":"    public Storage(String fileName) {","lastModifiedDate":"2022-03-25"},{"lineNumber":19,"author":{"gitId":"angjingxuan"},"content":"        this.fileName \u003d fileName;","lastModifiedDate":"2022-03-25"},{"lineNumber":20,"author":{"gitId":"angjingxuan"},"content":"    }","lastModifiedDate":"2022-03-25"},{"lineNumber":21,"author":{"gitId":"angjingxuan"},"content":"","lastModifiedDate":"2022-03-25"},{"lineNumber":22,"author":{"gitId":"angjingxuan"},"content":"    public void readFile() throws IOException {","lastModifiedDate":"2022-03-25"},{"lineNumber":23,"author":{"gitId":"angjingxuan"},"content":"","lastModifiedDate":"2022-03-25"},{"lineNumber":24,"author":{"gitId":"angjingxuan"},"content":"        File myFile \u003d new File(this.fileName);","lastModifiedDate":"2022-03-26"},{"lineNumber":25,"author":{"gitId":"angjingxuan"},"content":"        final int START_INDEX_CLEAN \u003d 8; //starting index for clean format (format in the file)","lastModifiedDate":"2022-03-26"},{"lineNumber":26,"author":{"gitId":"angjingxuan"},"content":"        final int STATUS_ICON_INDEX_CLEAN \u003d 5; //status icon index for clean format (format in the file)","lastModifiedDate":"2022-03-26"},{"lineNumber":27,"author":{"gitId":"angjingxuan"},"content":"","lastModifiedDate":"2022-03-25"},{"lineNumber":28,"author":{"gitId":"angjingxuan"},"content":"        if (myFile.createNewFile()) {","lastModifiedDate":"2022-03-25"},{"lineNumber":29,"author":{"gitId":"angjingxuan"},"content":"            System.out.print(\"A new list file has been created for you. \");","lastModifiedDate":"2022-03-25"},{"lineNumber":30,"author":{"gitId":"angjingxuan"},"content":"        } else {","lastModifiedDate":"2022-03-25"},{"lineNumber":31,"author":{"gitId":"angjingxuan"},"content":"            Scanner s \u003d new Scanner(myFile);","lastModifiedDate":"2022-03-25"},{"lineNumber":32,"author":{"gitId":"angjingxuan"},"content":"            System.out.print(\"The list file already exists and has been loaded for you. \");","lastModifiedDate":"2022-03-25"},{"lineNumber":33,"author":{"gitId":"angjingxuan"},"content":"            while (s.hasNext()) {","lastModifiedDate":"2022-03-25"},{"lineNumber":34,"author":{"gitId":"angjingxuan"},"content":"                String line \u003d s.nextLine();","lastModifiedDate":"2022-03-25"},{"lineNumber":35,"author":{"gitId":"angjingxuan"},"content":"                int index;","lastModifiedDate":"2022-03-25"},{"lineNumber":36,"author":{"gitId":"angjingxuan"},"content":"","lastModifiedDate":"2022-03-26"},{"lineNumber":37,"author":{"gitId":"angjingxuan"},"content":"                if (line.startsWith(\"[T] \")) { //to do","lastModifiedDate":"2022-03-26"},{"lineNumber":38,"author":{"gitId":"angjingxuan"},"content":"                    TaskList.addTodo(line.substring(START_INDEX_CLEAN, line.length())); //","lastModifiedDate":"2022-03-26"},{"lineNumber":39,"author":{"gitId":"angjingxuan"},"content":"                    index \u003d TaskList.getListLength() - 1;","lastModifiedDate":"2022-03-25"},{"lineNumber":40,"author":{"gitId":"angjingxuan"},"content":"                    if(line.charAt(STATUS_ICON_INDEX_CLEAN) \u003d\u003d \u0027X\u0027) {","lastModifiedDate":"2022-03-26"},{"lineNumber":41,"author":{"gitId":"angjingxuan"},"content":"                        TaskList.markDone(index);","lastModifiedDate":"2022-03-25"},{"lineNumber":42,"author":{"gitId":"angjingxuan"},"content":"                    }","lastModifiedDate":"2022-03-25"},{"lineNumber":43,"author":{"gitId":"angjingxuan"},"content":"                } else if (line.startsWith(\"[D] \")) { //deadline","lastModifiedDate":"2022-03-25"},{"lineNumber":44,"author":{"gitId":"angjingxuan"},"content":"                    TaskList.addDeadline(line.substring(START_INDEX_CLEAN, line.length()-1));","lastModifiedDate":"2022-03-26"},{"lineNumber":45,"author":{"gitId":"angjingxuan"},"content":"                    index \u003d TaskList.getListLength() - 1;","lastModifiedDate":"2022-03-25"},{"lineNumber":46,"author":{"gitId":"angjingxuan"},"content":"                    if(line.charAt(STATUS_ICON_INDEX_CLEAN) \u003d\u003d \u0027X\u0027) {","lastModifiedDate":"2022-03-26"},{"lineNumber":47,"author":{"gitId":"angjingxuan"},"content":"                        TaskList.markDone(index);","lastModifiedDate":"2022-03-25"},{"lineNumber":48,"author":{"gitId":"angjingxuan"},"content":"                    }","lastModifiedDate":"2022-03-25"},{"lineNumber":49,"author":{"gitId":"angjingxuan"},"content":"                } else if (line.startsWith(\"[E] \")) { //event","lastModifiedDate":"2022-03-25"},{"lineNumber":50,"author":{"gitId":"angjingxuan"},"content":"                    TaskList.addEvent(line.substring(START_INDEX_CLEAN, line.length()-1));","lastModifiedDate":"2022-03-26"},{"lineNumber":51,"author":{"gitId":"angjingxuan"},"content":"                    index \u003d TaskList.getListLength() - 1;","lastModifiedDate":"2022-03-25"},{"lineNumber":52,"author":{"gitId":"angjingxuan"},"content":"                    if(line.charAt(STATUS_ICON_INDEX_CLEAN) \u003d\u003d \u0027X\u0027) {","lastModifiedDate":"2022-03-26"},{"lineNumber":53,"author":{"gitId":"angjingxuan"},"content":"                        TaskList.markDone(index);","lastModifiedDate":"2022-03-25"},{"lineNumber":54,"author":{"gitId":"angjingxuan"},"content":"                    }","lastModifiedDate":"2022-03-25"},{"lineNumber":55,"author":{"gitId":"angjingxuan"},"content":"                }","lastModifiedDate":"2022-03-25"},{"lineNumber":56,"author":{"gitId":"angjingxuan"},"content":"            }","lastModifiedDate":"2022-03-25"},{"lineNumber":57,"author":{"gitId":"angjingxuan"},"content":"        }","lastModifiedDate":"2022-03-25"},{"lineNumber":58,"author":{"gitId":"angjingxuan"},"content":"    }","lastModifiedDate":"2022-03-25"},{"lineNumber":59,"author":{"gitId":"angjingxuan"},"content":"","lastModifiedDate":"2022-03-25"},{"lineNumber":60,"author":{"gitId":"angjingxuan"},"content":"    public void writeFile(TaskList list) throws IOException {","lastModifiedDate":"2022-03-26"},{"lineNumber":61,"author":{"gitId":"angjingxuan"},"content":"","lastModifiedDate":"2022-03-26"},{"lineNumber":62,"author":{"gitId":"angjingxuan"},"content":"        FileWriter myFile \u003d new FileWriter(fileName); //filePath+","lastModifiedDate":"2022-03-26"},{"lineNumber":63,"author":{"gitId":"angjingxuan"},"content":"","lastModifiedDate":"2022-03-26"},{"lineNumber":64,"author":{"gitId":"angjingxuan"},"content":"        for (int i \u003d 0; i \u003c TaskList.getListLength(); i++) {","lastModifiedDate":"2022-03-26"},{"lineNumber":65,"author":{"gitId":"angjingxuan"},"content":"            myFile.write(TaskList.getOneTask(i));","lastModifiedDate":"2022-03-26"},{"lineNumber":66,"author":{"gitId":"angjingxuan"},"content":"            myFile.write(\"\\n\");","lastModifiedDate":"2022-03-26"},{"lineNumber":67,"author":{"gitId":"angjingxuan"},"content":"        }","lastModifiedDate":"2022-03-26"},{"lineNumber":68,"author":{"gitId":"angjingxuan"},"content":"","lastModifiedDate":"2022-03-26"},{"lineNumber":69,"author":{"gitId":"angjingxuan"},"content":"        myFile.close();","lastModifiedDate":"2022-03-26"},{"lineNumber":70,"author":{"gitId":"angjingxuan"},"content":"    }","lastModifiedDate":"2022-03-26"},{"lineNumber":71,"author":{"gitId":"angjingxuan"},"content":"","lastModifiedDate":"2022-03-26"},{"lineNumber":72,"author":{"gitId":"angjingxuan"},"content":"}","lastModifiedDate":"2022-03-25"},{"lineNumber":73,"author":{"gitId":"angjingxuan"},"content":"","lastModifiedDate":"2022-03-25"},{"lineNumber":74,"author":{"gitId":"angjingxuan"},"content":"","lastModifiedDate":"2022-03-25"},{"lineNumber":75,"author":{"gitId":"angjingxuan"},"content":"","lastModifiedDate":"2022-03-25"}],"authorContributionMap":{"angjingxuan":75}},{"path":"src/main/java/duke/Task.java","fileType":"java","lines":[{"lineNumber":1,"author":{"gitId":"angjingxuan"},"content":"/**","lastModifiedDate":"2022-03-23"},{"lineNumber":2,"author":{"gitId":"angjingxuan"},"content":" * Creates a Task object. There are 3 subtypes - To do, Deadline, Event.","lastModifiedDate":"2022-03-23"},{"lineNumber":3,"author":{"gitId":"angjingxuan"},"content":" *","lastModifiedDate":"2022-03-26"},{"lineNumber":4,"author":{"gitId":"angjingxuan"},"content":" */","lastModifiedDate":"2022-03-23"},{"lineNumber":5,"author":{"gitId":"angjingxuan"},"content":"package duke;","lastModifiedDate":"2022-03-23"},{"lineNumber":6,"author":{"gitId":"angjingxuan"},"content":"import java.time.LocalDateTime;","lastModifiedDate":"2022-03-26"},{"lineNumber":7,"author":{"gitId":"angjingxuan"},"content":"","lastModifiedDate":"2022-03-26"},{"lineNumber":8,"author":{"gitId":"angjingxuan"},"content":"public class Task {","lastModifiedDate":"2022-02-09"},{"lineNumber":9,"author":{"gitId":"angjingxuan"},"content":"","lastModifiedDate":"2022-02-09"},{"lineNumber":10,"author":{"gitId":"angjingxuan"},"content":"    protected String description;","lastModifiedDate":"2022-02-21"},{"lineNumber":11,"author":{"gitId":"angjingxuan"},"content":"    protected boolean isDone;","lastModifiedDate":"2022-02-21"},{"lineNumber":12,"author":{"gitId":"angjingxuan"},"content":"    protected LocalDateTime taskDate;","lastModifiedDate":"2022-03-26"},{"lineNumber":13,"author":{"gitId":"angjingxuan"},"content":"","lastModifiedDate":"2022-02-21"},{"lineNumber":14,"author":{"gitId":"angjingxuan"},"content":"    public Task(String description) {","lastModifiedDate":"2022-02-21"},{"lineNumber":15,"author":{"gitId":"angjingxuan"},"content":"        this.description \u003d description.trim();","lastModifiedDate":"2022-02-21"},{"lineNumber":16,"author":{"gitId":"angjingxuan"},"content":"        this.isDone \u003d false;","lastModifiedDate":"2022-02-21"},{"lineNumber":17,"author":{"gitId":"angjingxuan"},"content":"    }","lastModifiedDate":"2022-02-21"},{"lineNumber":18,"author":{"gitId":"angjingxuan"},"content":"","lastModifiedDate":"2022-02-21"},{"lineNumber":19,"author":{"gitId":"angjingxuan"},"content":"    public String getStatusIcon() {","lastModifiedDate":"2022-02-21"},{"lineNumber":20,"author":{"gitId":"angjingxuan"},"content":"        return (isDone ? \"X\" : \" \"); // mark done task with X","lastModifiedDate":"2022-02-21"},{"lineNumber":21,"author":{"gitId":"angjingxuan"},"content":"    }","lastModifiedDate":"2022-02-21"},{"lineNumber":22,"author":{"gitId":"angjingxuan"},"content":"","lastModifiedDate":"2022-02-21"},{"lineNumber":23,"author":{"gitId":"angjingxuan"},"content":"    public Boolean getStatusBoolean() {","lastModifiedDate":"2022-03-25"},{"lineNumber":24,"author":{"gitId":"angjingxuan"},"content":"        return (isDone);","lastModifiedDate":"2022-03-25"},{"lineNumber":25,"author":{"gitId":"angjingxuan"},"content":"    }","lastModifiedDate":"2022-03-25"},{"lineNumber":26,"author":{"gitId":"angjingxuan"},"content":"","lastModifiedDate":"2022-03-25"},{"lineNumber":27,"author":{"gitId":"angjingxuan"},"content":"    public String getDescription() {","lastModifiedDate":"2022-02-21"},{"lineNumber":28,"author":{"gitId":"angjingxuan"},"content":"        return description;","lastModifiedDate":"2022-02-21"},{"lineNumber":29,"author":{"gitId":"angjingxuan"},"content":"    }","lastModifiedDate":"2022-02-21"},{"lineNumber":30,"author":{"gitId":"angjingxuan"},"content":"","lastModifiedDate":"2022-02-21"},{"lineNumber":31,"author":{"gitId":"angjingxuan"},"content":"    public void markAsDone() {","lastModifiedDate":"2022-02-21"},{"lineNumber":32,"author":{"gitId":"angjingxuan"},"content":"        isDone \u003d true;","lastModifiedDate":"2022-02-21"},{"lineNumber":33,"author":{"gitId":"angjingxuan"},"content":"    }","lastModifiedDate":"2022-02-21"},{"lineNumber":34,"author":{"gitId":"angjingxuan"},"content":"","lastModifiedDate":"2022-02-21"},{"lineNumber":35,"author":{"gitId":"angjingxuan"},"content":"    public void markAsNotDone() {","lastModifiedDate":"2022-02-21"},{"lineNumber":36,"author":{"gitId":"angjingxuan"},"content":"        isDone \u003d false;","lastModifiedDate":"2022-02-21"},{"lineNumber":37,"author":{"gitId":"angjingxuan"},"content":"    }","lastModifiedDate":"2022-02-21"},{"lineNumber":38,"author":{"gitId":"angjingxuan"},"content":"","lastModifiedDate":"2022-02-21"},{"lineNumber":39,"author":{"gitId":"angjingxuan"},"content":"    public void getTask () {","lastModifiedDate":"2022-02-21"},{"lineNumber":40,"author":{"gitId":"angjingxuan"},"content":"        System.out.println(\"[\" + getStatusIcon() + \"] \" + getDescription());","lastModifiedDate":"2022-02-21"},{"lineNumber":41,"author":{"gitId":"angjingxuan"},"content":"    }","lastModifiedDate":"2022-02-21"},{"lineNumber":42,"author":{"gitId":"angjingxuan"},"content":"","lastModifiedDate":"2022-02-21"},{"lineNumber":43,"author":{"gitId":"angjingxuan"},"content":"    public String toString () {","lastModifiedDate":"2022-03-09"},{"lineNumber":44,"author":{"gitId":"angjingxuan"},"content":"        return \"[\" + getStatusIcon() + \"] \" + getDescription();","lastModifiedDate":"2022-03-09"},{"lineNumber":45,"author":{"gitId":"angjingxuan"},"content":"    }","lastModifiedDate":"2022-03-09"},{"lineNumber":46,"author":{"gitId":"angjingxuan"},"content":"","lastModifiedDate":"2022-03-09"},{"lineNumber":47,"author":{"gitId":"angjingxuan"},"content":"    public LocalDateTime getTaskDate () { return taskDate; }","lastModifiedDate":"2022-03-26"},{"lineNumber":48,"author":{"gitId":"angjingxuan"},"content":"","lastModifiedDate":"2022-03-26"},{"lineNumber":49,"author":{"gitId":"angjingxuan"},"content":"}","lastModifiedDate":"2022-02-09"}],"authorContributionMap":{"angjingxuan":49}},{"path":"src/main/java/duke/TaskList.java","fileType":"java","lines":[{"lineNumber":1,"author":{"gitId":"angjingxuan"},"content":"/**","lastModifiedDate":"2022-03-25"},{"lineNumber":2,"author":{"gitId":"angjingxuan"},"content":" * TaskList interacts between Tasks objects vs Ui and Storage.","lastModifiedDate":"2022-03-25"},{"lineNumber":3,"author":{"gitId":"angjingxuan"},"content":" *","lastModifiedDate":"2022-03-26"},{"lineNumber":4,"author":{"gitId":"angjingxuan"},"content":" */","lastModifiedDate":"2022-03-25"},{"lineNumber":5,"author":{"gitId":"angjingxuan"},"content":"package duke;","lastModifiedDate":"2022-03-25"},{"lineNumber":6,"author":{"gitId":"angjingxuan"},"content":"import java.util.ArrayList;","lastModifiedDate":"2022-03-25"},{"lineNumber":7,"author":{"gitId":"angjingxuan"},"content":"","lastModifiedDate":"2022-03-25"},{"lineNumber":8,"author":{"gitId":"angjingxuan"},"content":"public class TaskList {","lastModifiedDate":"2022-03-25"},{"lineNumber":9,"author":{"gitId":"angjingxuan"},"content":"","lastModifiedDate":"2022-03-25"},{"lineNumber":10,"author":{"gitId":"angjingxuan"},"content":"    private static ArrayList\u003cTask\u003e list \u003d new ArrayList\u003c\u003e();","lastModifiedDate":"2022-03-25"},{"lineNumber":11,"author":{"gitId":"angjingxuan"},"content":"","lastModifiedDate":"2022-03-25"},{"lineNumber":12,"author":{"gitId":"angjingxuan"},"content":"    public TaskList() {    }","lastModifiedDate":"2022-03-25"},{"lineNumber":13,"author":{"gitId":"angjingxuan"},"content":"","lastModifiedDate":"2022-03-25"},{"lineNumber":14,"author":{"gitId":"angjingxuan"},"content":"    public static void printList () {","lastModifiedDate":"2022-03-25"},{"lineNumber":15,"author":{"gitId":"angjingxuan"},"content":"        if (list.size() \u003d\u003d 0) {","lastModifiedDate":"2022-03-25"},{"lineNumber":16,"author":{"gitId":"angjingxuan"},"content":"            Ui.printNothingInListMsg();","lastModifiedDate":"2022-03-26"},{"lineNumber":17,"author":{"gitId":"angjingxuan"},"content":"        } else {","lastModifiedDate":"2022-03-25"},{"lineNumber":18,"author":{"gitId":"angjingxuan"},"content":"            for (int i \u003d 0; i \u003c list.size(); i++) {","lastModifiedDate":"2022-03-25"},{"lineNumber":19,"author":{"gitId":"angjingxuan"},"content":"                System.out.print(i + 1 + \".\");","lastModifiedDate":"2022-03-25"},{"lineNumber":20,"author":{"gitId":"angjingxuan"},"content":"                list.get(i).getTask();","lastModifiedDate":"2022-03-25"},{"lineNumber":21,"author":{"gitId":"angjingxuan"},"content":"            }","lastModifiedDate":"2022-03-25"},{"lineNumber":22,"author":{"gitId":"angjingxuan"},"content":"        }","lastModifiedDate":"2022-03-25"},{"lineNumber":23,"author":{"gitId":"angjingxuan"},"content":"    }","lastModifiedDate":"2022-03-25"},{"lineNumber":24,"author":{"gitId":"angjingxuan"},"content":"","lastModifiedDate":"2022-03-25"},{"lineNumber":25,"author":{"gitId":"angjingxuan"},"content":"    public static void printNoOfItemsInList() {","lastModifiedDate":"2022-03-26"},{"lineNumber":26,"author":{"gitId":"angjingxuan"},"content":"        System.out.println(\"Now you have \" + list.size() + \" task(s) in the list.\");","lastModifiedDate":"2022-03-26"},{"lineNumber":27,"author":{"gitId":"angjingxuan"},"content":"    }","lastModifiedDate":"2022-03-25"},{"lineNumber":28,"author":{"gitId":"angjingxuan"},"content":"","lastModifiedDate":"2022-03-25"},{"lineNumber":29,"author":{"gitId":"angjingxuan"},"content":"    public static int getListLength () {","lastModifiedDate":"2022-03-25"},{"lineNumber":30,"author":{"gitId":"angjingxuan"},"content":"        return list.size();","lastModifiedDate":"2022-03-25"},{"lineNumber":31,"author":{"gitId":"angjingxuan"},"content":"    }","lastModifiedDate":"2022-03-25"},{"lineNumber":32,"author":{"gitId":"angjingxuan"},"content":"","lastModifiedDate":"2022-03-25"},{"lineNumber":33,"author":{"gitId":"angjingxuan"},"content":"    public static void printOneTask (int i) {","lastModifiedDate":"2022-03-25"},{"lineNumber":34,"author":{"gitId":"angjingxuan"},"content":"        System.out.println(list.get(i).toString());","lastModifiedDate":"2022-03-25"},{"lineNumber":35,"author":{"gitId":"angjingxuan"},"content":"    }","lastModifiedDate":"2022-03-25"},{"lineNumber":36,"author":{"gitId":"angjingxuan"},"content":"","lastModifiedDate":"2022-03-25"},{"lineNumber":37,"author":{"gitId":"angjingxuan"},"content":"    public static String getOneTask(int i) {","lastModifiedDate":"2022-03-26"},{"lineNumber":38,"author":{"gitId":"angjingxuan"},"content":"        return list.get(i).toString();","lastModifiedDate":"2022-03-25"},{"lineNumber":39,"author":{"gitId":"angjingxuan"},"content":"    }","lastModifiedDate":"2022-03-25"},{"lineNumber":40,"author":{"gitId":"angjingxuan"},"content":"","lastModifiedDate":"2022-03-25"},{"lineNumber":41,"author":{"gitId":"angjingxuan"},"content":"    public static void addTodo(String line) {","lastModifiedDate":"2022-03-25"},{"lineNumber":42,"author":{"gitId":"angjingxuan"},"content":"        list.add(new Todo(line));","lastModifiedDate":"2022-03-25"},{"lineNumber":43,"author":{"gitId":"angjingxuan"},"content":"    }","lastModifiedDate":"2022-03-25"},{"lineNumber":44,"author":{"gitId":"angjingxuan"},"content":"","lastModifiedDate":"2022-03-26"},{"lineNumber":45,"author":{"gitId":"angjingxuan"},"content":"    public static void addDeadline(String line) {","lastModifiedDate":"2022-03-25"},{"lineNumber":46,"author":{"gitId":"angjingxuan"},"content":"        list.add(new Deadline(line));","lastModifiedDate":"2022-03-25"},{"lineNumber":47,"author":{"gitId":"angjingxuan"},"content":"    }","lastModifiedDate":"2022-03-25"},{"lineNumber":48,"author":{"gitId":"angjingxuan"},"content":"","lastModifiedDate":"2022-03-25"},{"lineNumber":49,"author":{"gitId":"angjingxuan"},"content":"    public static void addEvent(String line) {","lastModifiedDate":"2022-03-25"},{"lineNumber":50,"author":{"gitId":"angjingxuan"},"content":"        list.add(new Event(line));","lastModifiedDate":"2022-03-25"},{"lineNumber":51,"author":{"gitId":"angjingxuan"},"content":"    }","lastModifiedDate":"2022-03-25"},{"lineNumber":52,"author":{"gitId":"angjingxuan"},"content":"","lastModifiedDate":"2022-03-25"},{"lineNumber":53,"author":{"gitId":"angjingxuan"},"content":"    public static void markDone(int index) {","lastModifiedDate":"2022-03-25"},{"lineNumber":54,"author":{"gitId":"angjingxuan"},"content":"        list.get(index).markAsDone();","lastModifiedDate":"2022-03-25"},{"lineNumber":55,"author":{"gitId":"angjingxuan"},"content":"    }","lastModifiedDate":"2022-03-25"},{"lineNumber":56,"author":{"gitId":"angjingxuan"},"content":"","lastModifiedDate":"2022-03-25"},{"lineNumber":57,"author":{"gitId":"angjingxuan"},"content":"    public static Boolean checkDone(int index) {","lastModifiedDate":"2022-03-25"},{"lineNumber":58,"author":{"gitId":"angjingxuan"},"content":"        return list.get(index).getStatusBoolean();","lastModifiedDate":"2022-03-25"},{"lineNumber":59,"author":{"gitId":"angjingxuan"},"content":"    }","lastModifiedDate":"2022-03-25"},{"lineNumber":60,"author":{"gitId":"angjingxuan"},"content":"","lastModifiedDate":"2022-03-25"},{"lineNumber":61,"author":{"gitId":"angjingxuan"},"content":"    public static void markNotDone(int index) {","lastModifiedDate":"2022-03-25"},{"lineNumber":62,"author":{"gitId":"angjingxuan"},"content":"        list.get(index).markAsNotDone();","lastModifiedDate":"2022-03-25"},{"lineNumber":63,"author":{"gitId":"angjingxuan"},"content":"    }","lastModifiedDate":"2022-03-25"},{"lineNumber":64,"author":{"gitId":"angjingxuan"},"content":"","lastModifiedDate":"2022-03-25"},{"lineNumber":65,"author":{"gitId":"angjingxuan"},"content":"    public static void deleteTask(int index) {","lastModifiedDate":"2022-03-25"},{"lineNumber":66,"author":{"gitId":"angjingxuan"},"content":"        list.remove(index);","lastModifiedDate":"2022-03-25"},{"lineNumber":67,"author":{"gitId":"angjingxuan"},"content":"    }","lastModifiedDate":"2022-03-25"},{"lineNumber":68,"author":{"gitId":"angjingxuan"},"content":"","lastModifiedDate":"2022-03-26"},{"lineNumber":69,"author":{"gitId":"angjingxuan"},"content":"    public static ArrayList\u003cTask\u003e sortList() {","lastModifiedDate":"2022-03-26"},{"lineNumber":70,"author":{"gitId":"angjingxuan"},"content":"","lastModifiedDate":"2022-03-26"},{"lineNumber":71,"author":{"gitId":"angjingxuan"},"content":"        if (list.size() \u003d\u003d 0) {","lastModifiedDate":"2022-03-26"},{"lineNumber":72,"author":{"gitId":"angjingxuan"},"content":"            Ui.printNothingInListMsg();","lastModifiedDate":"2022-03-26"},{"lineNumber":73,"author":{"gitId":"angjingxuan"},"content":"        } else {","lastModifiedDate":"2022-03-26"},{"lineNumber":74,"author":{"gitId":"angjingxuan"},"content":"","lastModifiedDate":"2022-03-26"},{"lineNumber":75,"author":{"gitId":"angjingxuan"},"content":"            for (int i \u003d 0; i \u003c list.size(); i++) { //outer loop","lastModifiedDate":"2022-03-26"},{"lineNumber":76,"author":{"gitId":"angjingxuan"},"content":"                for (int j \u003d i + 1; j \u003c list.size(); j++) { //inner loop","lastModifiedDate":"2022-03-26"},{"lineNumber":77,"author":{"gitId":"angjingxuan"},"content":"","lastModifiedDate":"2022-03-26"},{"lineNumber":78,"author":{"gitId":"angjingxuan"},"content":"                    //checking tasks","lastModifiedDate":"2022-03-26"},{"lineNumber":79,"author":{"gitId":"angjingxuan"},"content":"                    ArrayList\u003cTask\u003e tempTask \u003d new ArrayList\u003c\u003e();","lastModifiedDate":"2022-03-26"},{"lineNumber":80,"author":{"gitId":"angjingxuan"},"content":"                    if(list.get(j).getTaskDate().compareTo(list.get(i).getTaskDate()) \u003c 0) { //check if next task is before current task","lastModifiedDate":"2022-03-26"},{"lineNumber":81,"author":{"gitId":"angjingxuan"},"content":"","lastModifiedDate":"2022-03-26"},{"lineNumber":82,"author":{"gitId":"angjingxuan"},"content":"                        // swapping","lastModifiedDate":"2022-03-26"},{"lineNumber":83,"author":{"gitId":"angjingxuan"},"content":"                        tempTask.add(0,list.get(i));","lastModifiedDate":"2022-03-26"},{"lineNumber":84,"author":{"gitId":"angjingxuan"},"content":"                        list.set(i, list.get(j));","lastModifiedDate":"2022-03-26"},{"lineNumber":85,"author":{"gitId":"angjingxuan"},"content":"                        list.set(j, tempTask.get(0));","lastModifiedDate":"2022-03-26"},{"lineNumber":86,"author":{"gitId":"angjingxuan"},"content":"","lastModifiedDate":"2022-03-26"},{"lineNumber":87,"author":{"gitId":"angjingxuan"},"content":"                    }","lastModifiedDate":"2022-03-26"},{"lineNumber":88,"author":{"gitId":"angjingxuan"},"content":"","lastModifiedDate":"2022-03-26"},{"lineNumber":89,"author":{"gitId":"angjingxuan"},"content":"                }","lastModifiedDate":"2022-03-26"},{"lineNumber":90,"author":{"gitId":"angjingxuan"},"content":"","lastModifiedDate":"2022-03-26"},{"lineNumber":91,"author":{"gitId":"angjingxuan"},"content":"            }","lastModifiedDate":"2022-03-26"},{"lineNumber":92,"author":{"gitId":"angjingxuan"},"content":"        }","lastModifiedDate":"2022-03-26"},{"lineNumber":93,"author":{"gitId":"angjingxuan"},"content":"","lastModifiedDate":"2022-03-26"},{"lineNumber":94,"author":{"gitId":"angjingxuan"},"content":"        return list;","lastModifiedDate":"2022-03-26"},{"lineNumber":95,"author":{"gitId":"angjingxuan"},"content":"    }","lastModifiedDate":"2022-03-26"},{"lineNumber":96,"author":{"gitId":"angjingxuan"},"content":"","lastModifiedDate":"2022-03-26"},{"lineNumber":97,"author":{"gitId":"angjingxuan"},"content":"    public static void findTask (String line) {","lastModifiedDate":"2022-03-26"},{"lineNumber":98,"author":{"gitId":"angjingxuan"},"content":"        int noOfTasks \u003d 0;","lastModifiedDate":"2022-03-26"},{"lineNumber":99,"author":{"gitId":"angjingxuan"},"content":"        if (list.size() \u003d\u003d 0) {","lastModifiedDate":"2022-03-26"},{"lineNumber":100,"author":{"gitId":"angjingxuan"},"content":"            Ui.printNothingInListMsg();","lastModifiedDate":"2022-03-26"},{"lineNumber":101,"author":{"gitId":"angjingxuan"},"content":"        } else {","lastModifiedDate":"2022-03-26"},{"lineNumber":102,"author":{"gitId":"angjingxuan"},"content":"            for (int i \u003d 0; i \u003c list.size(); i++) {","lastModifiedDate":"2022-03-26"},{"lineNumber":103,"author":{"gitId":"angjingxuan"},"content":"                if(list.get(i).toString().toLowerCase().contains(line.toLowerCase())) {","lastModifiedDate":"2022-03-26"},{"lineNumber":104,"author":{"gitId":"angjingxuan"},"content":"                    noOfTasks++;","lastModifiedDate":"2022-03-26"},{"lineNumber":105,"author":{"gitId":"angjingxuan"},"content":"                    System.out.print(noOfTasks + \".\");","lastModifiedDate":"2022-03-26"},{"lineNumber":106,"author":{"gitId":"angjingxuan"},"content":"                    list.get(i).getTask();","lastModifiedDate":"2022-03-26"},{"lineNumber":107,"author":{"gitId":"angjingxuan"},"content":"                }","lastModifiedDate":"2022-03-26"},{"lineNumber":108,"author":{"gitId":"angjingxuan"},"content":"            }","lastModifiedDate":"2022-03-26"},{"lineNumber":109,"author":{"gitId":"angjingxuan"},"content":"            System.out.println(\"There are \" + noOfTasks + \" matching task(s) in the list.\");","lastModifiedDate":"2022-03-26"},{"lineNumber":110,"author":{"gitId":"angjingxuan"},"content":"        }","lastModifiedDate":"2022-03-26"},{"lineNumber":111,"author":{"gitId":"angjingxuan"},"content":"    }","lastModifiedDate":"2022-03-26"},{"lineNumber":112,"author":{"gitId":"angjingxuan"},"content":"}","lastModifiedDate":"2022-03-25"}],"authorContributionMap":{"angjingxuan":112}},{"path":"src/main/java/duke/Todo.java","fileType":"java","lines":[{"lineNumber":1,"author":{"gitId":"angjingxuan"},"content":"/**","lastModifiedDate":"2022-03-23"},{"lineNumber":2,"author":{"gitId":"angjingxuan"},"content":" * Creates a To do object. To do object is inherited from Task object.","lastModifiedDate":"2022-03-23"},{"lineNumber":3,"author":{"gitId":"angjingxuan"},"content":" *","lastModifiedDate":"2022-03-26"},{"lineNumber":4,"author":{"gitId":"angjingxuan"},"content":" */","lastModifiedDate":"2022-03-23"},{"lineNumber":5,"author":{"gitId":"angjingxuan"},"content":"package duke;","lastModifiedDate":"2022-03-23"},{"lineNumber":6,"author":{"gitId":"angjingxuan"},"content":"import java.time.LocalDateTime;","lastModifiedDate":"2022-03-26"},{"lineNumber":7,"author":{"gitId":"angjingxuan"},"content":"","lastModifiedDate":"2022-03-26"},{"lineNumber":8,"author":{"gitId":"angjingxuan"},"content":"public class Todo extends Task {","lastModifiedDate":"2022-02-09"},{"lineNumber":9,"author":{"gitId":"angjingxuan"},"content":"","lastModifiedDate":"2022-02-09"},{"lineNumber":10,"author":{"gitId":"angjingxuan"},"content":"    protected String taskType \u003d \"T\";","lastModifiedDate":"2022-02-21"},{"lineNumber":11,"author":{"gitId":"angjingxuan"},"content":"    protected LocalDateTime taskDate;","lastModifiedDate":"2022-03-26"},{"lineNumber":12,"author":{"gitId":"angjingxuan"},"content":"","lastModifiedDate":"2022-02-09"},{"lineNumber":13,"author":{"gitId":"angjingxuan"},"content":"    public Todo(String description) {","lastModifiedDate":"2022-02-09"},{"lineNumber":14,"author":{"gitId":"angjingxuan"},"content":"        super(description.trim());","lastModifiedDate":"2022-02-21"},{"lineNumber":15,"author":{"gitId":"angjingxuan"},"content":"        this.taskDate \u003d LocalDateTime.now();","lastModifiedDate":"2022-03-26"},{"lineNumber":16,"author":{"gitId":"angjingxuan"},"content":"    }","lastModifiedDate":"2022-02-21"},{"lineNumber":17,"author":{"gitId":"angjingxuan"},"content":"","lastModifiedDate":"2022-02-21"},{"lineNumber":18,"author":{"gitId":"angjingxuan"},"content":"    @Override","lastModifiedDate":"2022-02-21"},{"lineNumber":19,"author":{"gitId":"angjingxuan"},"content":"    public void getTask () {","lastModifiedDate":"2022-02-21"},{"lineNumber":20,"author":{"gitId":"angjingxuan"},"content":"        System.out.println(\"[\" + taskType + \"] [\" + getStatusIcon() + \"] \" + getDescription());","lastModifiedDate":"2022-02-21"},{"lineNumber":21,"author":{"gitId":"angjingxuan"},"content":"    }","lastModifiedDate":"2022-02-21"},{"lineNumber":22,"author":{"gitId":"angjingxuan"},"content":"","lastModifiedDate":"2022-02-21"},{"lineNumber":23,"author":{"gitId":"angjingxuan"},"content":"    public String toString () {","lastModifiedDate":"2022-03-09"},{"lineNumber":24,"author":{"gitId":"angjingxuan"},"content":"        return \"[\" + taskType + \"] [\" + getStatusIcon() + \"] \" + getDescription();","lastModifiedDate":"2022-03-09"},{"lineNumber":25,"author":{"gitId":"angjingxuan"},"content":"    }","lastModifiedDate":"2022-03-09"},{"lineNumber":26,"author":{"gitId":"angjingxuan"},"content":"","lastModifiedDate":"2022-03-09"},{"lineNumber":27,"author":{"gitId":"angjingxuan"},"content":"    public LocalDateTime getTaskDate () { return taskDate; }","lastModifiedDate":"2022-03-26"},{"lineNumber":28,"author":{"gitId":"angjingxuan"},"content":"","lastModifiedDate":"2022-03-26"},{"lineNumber":29,"author":{"gitId":"angjingxuan"},"content":"}","lastModifiedDate":"2022-02-09"}],"authorContributionMap":{"angjingxuan":29}},{"path":"src/main/java/duke/Ui.java","fileType":"java","lines":[{"lineNumber":1,"author":{"gitId":"angjingxuan"},"content":"/**","lastModifiedDate":"2022-03-25"},{"lineNumber":2,"author":{"gitId":"angjingxuan"},"content":" * Ui handles user\u0027s commands and prints messages to user in Duke.","lastModifiedDate":"2022-03-26"},{"lineNumber":3,"author":{"gitId":"angjingxuan"},"content":" *","lastModifiedDate":"2022-03-26"},{"lineNumber":4,"author":{"gitId":"angjingxuan"},"content":" */","lastModifiedDate":"2022-03-25"},{"lineNumber":5,"author":{"gitId":"angjingxuan"},"content":"package duke;","lastModifiedDate":"2022-03-25"},{"lineNumber":6,"author":{"gitId":"angjingxuan"},"content":"import java.util.Scanner;","lastModifiedDate":"2022-03-26"},{"lineNumber":7,"author":{"gitId":"angjingxuan"},"content":"import java.util.ArrayList;","lastModifiedDate":"2022-03-26"},{"lineNumber":8,"author":{"gitId":"angjingxuan"},"content":"","lastModifiedDate":"2022-03-25"},{"lineNumber":9,"author":{"gitId":"angjingxuan"},"content":"public class Ui {","lastModifiedDate":"2022-03-25"},{"lineNumber":10,"author":{"gitId":"angjingxuan"},"content":"","lastModifiedDate":"2022-03-25"},{"lineNumber":11,"author":{"gitId":"angjingxuan"},"content":"    private static Scanner in;","lastModifiedDate":"2022-03-25"},{"lineNumber":12,"author":{"gitId":"angjingxuan"},"content":"    private static ArrayList\u003cTask\u003e list \u003d new ArrayList\u003c\u003e(); // ArrayList of Tasks","lastModifiedDate":"2022-03-25"},{"lineNumber":13,"author":{"gitId":"angjingxuan"},"content":"","lastModifiedDate":"2022-03-25"},{"lineNumber":14,"author":{"gitId":"angjingxuan"},"content":"    public Ui () { this.in \u003d new Scanner(System.in); }","lastModifiedDate":"2022-03-25"},{"lineNumber":15,"author":{"gitId":"angjingxuan"},"content":"","lastModifiedDate":"2022-03-25"},{"lineNumber":16,"author":{"gitId":"angjingxuan"},"content":"    public static String getLine(){","lastModifiedDate":"2022-03-25"},{"lineNumber":17,"author":{"gitId":"angjingxuan"},"content":"        return in.nextLine();","lastModifiedDate":"2022-03-25"},{"lineNumber":18,"author":{"gitId":"angjingxuan"},"content":"    }","lastModifiedDate":"2022-03-25"},{"lineNumber":19,"author":{"gitId":"angjingxuan"},"content":"","lastModifiedDate":"2022-03-25"},{"lineNumber":20,"author":{"gitId":"angjingxuan"},"content":"    //Print general messages","lastModifiedDate":"2022-03-25"},{"lineNumber":21,"author":{"gitId":"angjingxuan"},"content":"","lastModifiedDate":"2022-03-25"},{"lineNumber":22,"author":{"gitId":"angjingxuan"},"content":"    public static void printHello() {","lastModifiedDate":"2022-03-25"},{"lineNumber":23,"author":{"gitId":"angjingxuan"},"content":"        String logo \u003d \" ____        _        \\n\"","lastModifiedDate":"2022-03-25"},{"lineNumber":24,"author":{"gitId":"angjingxuan"},"content":"                + \"|  _ \\\\ _   _| | _____ \\n\"","lastModifiedDate":"2022-03-25"},{"lineNumber":25,"author":{"gitId":"angjingxuan"},"content":"                + \"| | | | | | | |/ / _ \\\\\\n\"","lastModifiedDate":"2022-03-25"},{"lineNumber":26,"author":{"gitId":"angjingxuan"},"content":"                + \"| |_| | |_| |   \u003c  __/\\n\"","lastModifiedDate":"2022-03-25"},{"lineNumber":27,"author":{"gitId":"angjingxuan"},"content":"                + \"|____/ \\\\__,_|_|\\\\_\\\\___|\\n\";","lastModifiedDate":"2022-03-25"},{"lineNumber":28,"author":{"gitId":"angjingxuan"},"content":"        System.out.println(\"Hello from\\n\" + logo);","lastModifiedDate":"2022-03-25"},{"lineNumber":29,"author":{"gitId":"angjingxuan"},"content":"    }","lastModifiedDate":"2022-03-25"},{"lineNumber":30,"author":{"gitId":"angjingxuan"},"content":"","lastModifiedDate":"2022-03-25"},{"lineNumber":31,"author":{"gitId":"angjingxuan"},"content":"    public static void printBye(){","lastModifiedDate":"2022-03-25"},{"lineNumber":32,"author":{"gitId":"angjingxuan"},"content":"        System.out.println(\"Bye. Hope to see you again soon!\");","lastModifiedDate":"2022-03-25"},{"lineNumber":33,"author":{"gitId":"angjingxuan"},"content":"    }","lastModifiedDate":"2022-03-25"},{"lineNumber":34,"author":{"gitId":"angjingxuan"},"content":"","lastModifiedDate":"2022-03-25"},{"lineNumber":35,"author":{"gitId":"angjingxuan"},"content":"    public static void printPrompt() {","lastModifiedDate":"2022-03-25"},{"lineNumber":36,"author":{"gitId":"angjingxuan"},"content":"        System.out.print(\"What can I do for you? (type \u0027help\u0027 if you need help to remember the commands) \");","lastModifiedDate":"2022-03-26"},{"lineNumber":37,"author":{"gitId":"angjingxuan"},"content":"    }","lastModifiedDate":"2022-03-25"},{"lineNumber":38,"author":{"gitId":"angjingxuan"},"content":"","lastModifiedDate":"2022-03-25"},{"lineNumber":39,"author":{"gitId":"angjingxuan"},"content":"    public static void printHelp() {","lastModifiedDate":"2022-03-26"},{"lineNumber":40,"author":{"gitId":"angjingxuan"},"content":"        String help \u003d \"Here are the commands you can type: \\n\"","lastModifiedDate":"2022-03-26"},{"lineNumber":41,"author":{"gitId":"angjingxuan"},"content":"                + \"1. type \u0027bye\u0027 to escape\\n\"","lastModifiedDate":"2022-03-25"},{"lineNumber":42,"author":{"gitId":"angjingxuan"},"content":"                + \"2. type \u0027list\u0027 to check your list\\n\"","lastModifiedDate":"2022-03-25"},{"lineNumber":43,"author":{"gitId":"angjingxuan"},"content":"                + \"3. type \u0027todo \u003cadd task here\u003e\u0027 (e.g. todo read a book) [todo is assumed as today\u0027s date.]\\n\"","lastModifiedDate":"2022-03-26"},{"lineNumber":44,"author":{"gitId":"angjingxuan"},"content":"                + \"4. type \u0027deadline \u003cadd task here\u003e /by \u003cadd deadline  in yyyy-MM-dd\u0027T\u0027HH:mm\u003e\u0027 (e.g. deadline submit duke project /by 2022-04-11T23:59)\\n\"","lastModifiedDate":"2022-03-25"},{"lineNumber":45,"author":{"gitId":"angjingxuan"},"content":"                + \"5. type \u0027event \u003cadd task here\u003e /at \u003cadd event timing in yyyy-MM-dd\u0027T\u0027HH:mm\u003e\u0027 (e.g. event attend TIC2002 class /at 2022-03-11T19:00)\";","lastModifiedDate":"2022-03-25"},{"lineNumber":46,"author":{"gitId":"angjingxuan"},"content":"        System.out.println(help);","lastModifiedDate":"2022-03-26"},{"lineNumber":47,"author":{"gitId":"angjingxuan"},"content":"    }","lastModifiedDate":"2022-03-25"},{"lineNumber":48,"author":{"gitId":"angjingxuan"},"content":"","lastModifiedDate":"2022-03-25"},{"lineNumber":49,"author":{"gitId":"angjingxuan"},"content":"    //Print helpful messages after command","lastModifiedDate":"2022-03-25"},{"lineNumber":50,"author":{"gitId":"angjingxuan"},"content":"","lastModifiedDate":"2022-03-25"},{"lineNumber":51,"author":{"gitId":"angjingxuan"},"content":"    public static void printAddTaskMsg() {","lastModifiedDate":"2022-03-25"},{"lineNumber":52,"author":{"gitId":"angjingxuan"},"content":"        System.out.println(\"Nice! I\u0027ve added this task: \");","lastModifiedDate":"2022-03-25"},{"lineNumber":53,"author":{"gitId":"angjingxuan"},"content":"    }","lastModifiedDate":"2022-03-25"},{"lineNumber":54,"author":{"gitId":"angjingxuan"},"content":"","lastModifiedDate":"2022-03-25"},{"lineNumber":55,"author":{"gitId":"angjingxuan"},"content":"    public static void printMarkDoneMsg() {","lastModifiedDate":"2022-03-25"},{"lineNumber":56,"author":{"gitId":"angjingxuan"},"content":"        System.out.println(\"Nice! I\u0027ve marked this task as done: \");","lastModifiedDate":"2022-03-25"},{"lineNumber":57,"author":{"gitId":"angjingxuan"},"content":"    }","lastModifiedDate":"2022-03-25"},{"lineNumber":58,"author":{"gitId":"angjingxuan"},"content":"","lastModifiedDate":"2022-03-25"},{"lineNumber":59,"author":{"gitId":"angjingxuan"},"content":"    public static void printMarkNotDoneMsg() {","lastModifiedDate":"2022-03-25"},{"lineNumber":60,"author":{"gitId":"angjingxuan"},"content":"        System.out.println(\"OK, I\u0027ve marked this task as not done yet: \");","lastModifiedDate":"2022-03-25"},{"lineNumber":61,"author":{"gitId":"angjingxuan"},"content":"    }","lastModifiedDate":"2022-03-25"},{"lineNumber":62,"author":{"gitId":"angjingxuan"},"content":"","lastModifiedDate":"2022-03-25"},{"lineNumber":63,"author":{"gitId":"angjingxuan"},"content":"    public static void printDeleteMsg() {","lastModifiedDate":"2022-03-25"},{"lineNumber":64,"author":{"gitId":"angjingxuan"},"content":"        System.out.println(\"Noted. I\u0027ve removed this task: \");","lastModifiedDate":"2022-03-25"},{"lineNumber":65,"author":{"gitId":"angjingxuan"},"content":"    }","lastModifiedDate":"2022-03-25"},{"lineNumber":66,"author":{"gitId":"angjingxuan"},"content":"","lastModifiedDate":"2022-03-25"},{"lineNumber":67,"author":{"gitId":"angjingxuan"},"content":"    public static void printSortMsg() {","lastModifiedDate":"2022-03-26"},{"lineNumber":68,"author":{"gitId":"angjingxuan"},"content":"        System.out.println(\"Noted. I\u0027ve sorted the list by date: \");","lastModifiedDate":"2022-03-26"},{"lineNumber":69,"author":{"gitId":"angjingxuan"},"content":"    }","lastModifiedDate":"2022-03-26"},{"lineNumber":70,"author":{"gitId":"angjingxuan"},"content":"","lastModifiedDate":"2022-03-26"},{"lineNumber":71,"author":{"gitId":"angjingxuan"},"content":"    public static void printFindMsg() {","lastModifiedDate":"2022-03-26"},{"lineNumber":72,"author":{"gitId":"angjingxuan"},"content":"        System.out.println(\"Here are the matching task(s) in your list: \");","lastModifiedDate":"2022-03-26"},{"lineNumber":73,"author":{"gitId":"angjingxuan"},"content":"    }","lastModifiedDate":"2022-03-26"},{"lineNumber":74,"author":{"gitId":"angjingxuan"},"content":"","lastModifiedDate":"2022-03-26"},{"lineNumber":75,"author":{"gitId":"angjingxuan"},"content":"    public static void printNothingInListMsg() { System.out.println(\"There is nothing on the list! :)\"); }","lastModifiedDate":"2022-03-26"},{"lineNumber":76,"author":{"gitId":"angjingxuan"},"content":"","lastModifiedDate":"2022-03-26"},{"lineNumber":77,"author":{"gitId":"angjingxuan"},"content":"    //Print error messages","lastModifiedDate":"2022-03-25"},{"lineNumber":78,"author":{"gitId":"angjingxuan"},"content":"","lastModifiedDate":"2022-03-25"},{"lineNumber":79,"author":{"gitId":"angjingxuan"},"content":"    public static void printOutOfRangeMsg() {","lastModifiedDate":"2022-03-25"},{"lineNumber":80,"author":{"gitId":"angjingxuan"},"content":"        System.out.println(\"Sorry, you have chosen the item number you choose to mark is out of range. Please type \u0027list\u0027 to check the number of tasks you have.\");","lastModifiedDate":"2022-03-25"},{"lineNumber":81,"author":{"gitId":"angjingxuan"},"content":"    }","lastModifiedDate":"2022-03-25"},{"lineNumber":82,"author":{"gitId":"angjingxuan"},"content":"","lastModifiedDate":"2022-03-25"},{"lineNumber":83,"author":{"gitId":"angjingxuan"},"content":"    public static void printBlankDescMsg() {","lastModifiedDate":"2022-03-25"},{"lineNumber":84,"author":{"gitId":"angjingxuan"},"content":"        System.out.println(\"Sorry, description cannot be blank. Type \u0027help\u0027 to check the format for Todo/Deadlines/Events.\");","lastModifiedDate":"2022-03-26"},{"lineNumber":85,"author":{"gitId":"angjingxuan"},"content":"    }","lastModifiedDate":"2022-03-25"},{"lineNumber":86,"author":{"gitId":"angjingxuan"},"content":"","lastModifiedDate":"2022-03-25"},{"lineNumber":87,"author":{"gitId":"angjingxuan"},"content":"    public static void printMarkDoneBeforeMsg() {","lastModifiedDate":"2022-03-25"},{"lineNumber":88,"author":{"gitId":"angjingxuan"},"content":"        System.out.println(\"This task has been marked done before!\");","lastModifiedDate":"2022-03-25"},{"lineNumber":89,"author":{"gitId":"angjingxuan"},"content":"    }","lastModifiedDate":"2022-03-25"},{"lineNumber":90,"author":{"gitId":"angjingxuan"},"content":"","lastModifiedDate":"2022-03-25"},{"lineNumber":91,"author":{"gitId":"angjingxuan"},"content":"    public static void printUnknownCommandMsg() {","lastModifiedDate":"2022-03-25"},{"lineNumber":92,"author":{"gitId":"angjingxuan"},"content":"        System.out.print(\"Sorry, I don\u0027t understand. \");","lastModifiedDate":"2022-03-25"},{"lineNumber":93,"author":{"gitId":"angjingxuan"},"content":"    }","lastModifiedDate":"2022-03-25"},{"lineNumber":94,"author":{"gitId":"angjingxuan"},"content":"","lastModifiedDate":"2022-03-25"},{"lineNumber":95,"author":{"gitId":"angjingxuan"},"content":"    public static void printFileErrorMsg() {","lastModifiedDate":"2022-03-25"},{"lineNumber":96,"author":{"gitId":"angjingxuan"},"content":"        System.out.println(\"The list file (duke.txt) is not found and/or cannot be created/saved.\");","lastModifiedDate":"2022-03-25"},{"lineNumber":97,"author":{"gitId":"angjingxuan"},"content":"    }","lastModifiedDate":"2022-03-25"},{"lineNumber":98,"author":{"gitId":"angjingxuan"},"content":"","lastModifiedDate":"2022-03-25"},{"lineNumber":99,"author":{"gitId":"angjingxuan"},"content":"    public static void printDateFormatErrorMsg() {","lastModifiedDate":"2022-03-25"},{"lineNumber":100,"author":{"gitId":"angjingxuan"},"content":"        System.out.println(\"The date format is not correct. Please type \u0027help\u0027 to check the date format for Events/Deadlines.\");","lastModifiedDate":"2022-03-26"},{"lineNumber":101,"author":{"gitId":"angjingxuan"},"content":"    }","lastModifiedDate":"2022-03-25"},{"lineNumber":102,"author":{"gitId":"angjingxuan"},"content":"","lastModifiedDate":"2022-03-25"},{"lineNumber":103,"author":{"gitId":"angjingxuan"},"content":"    public static void printShortDescErrorMsg() {","lastModifiedDate":"2022-03-25"},{"lineNumber":104,"author":{"gitId":"angjingxuan"},"content":"        System.out.println(\"The description is too short. Please type \u0027help\u0027 to check the date format for Events/Deadlines.\");","lastModifiedDate":"2022-03-26"},{"lineNumber":105,"author":{"gitId":"angjingxuan"},"content":"    }","lastModifiedDate":"2022-03-25"},{"lineNumber":106,"author":{"gitId":"angjingxuan"},"content":"","lastModifiedDate":"2022-03-25"},{"lineNumber":107,"author":{"gitId":"angjingxuan"},"content":"}","lastModifiedDate":"2022-03-25"}],"authorContributionMap":{"angjingxuan":107}},{"path":"text-ui-test/data/duke.txt","fileType":"txt","lines":[{"lineNumber":1,"author":{"gitId":"angjingxuan"},"content":"[E] [ ] tic2002 class (at: 2022-03-23T19:00)","lastModifiedDate":"2022-03-23"},{"lineNumber":2,"author":{"gitId":"angjingxuan"},"content":"[T] [X] read a book","lastModifiedDate":"2022-03-26"},{"lineNumber":3,"author":{"gitId":"angjingxuan"},"content":"[T] [ ] read textbook","lastModifiedDate":"2022-03-23"},{"lineNumber":4,"author":{"gitId":"angjingxuan"},"content":"[E] [ ] TIC2002 class (at: 2022-04-06T19:00)","lastModifiedDate":"2022-03-26"},{"lineNumber":5,"author":{"gitId":"angjingxuan"},"content":"[D] [ ] submit duke project (by: 2022-04-11T23:59)","lastModifiedDate":"2022-03-23"}],"authorContributionMap":{"angjingxuan":5}},{"path":"text-ui-test/data/dukeOriginal.txt","fileType":"txt","lines":[{"lineNumber":1,"author":{"gitId":"angjingxuan"},"content":"[T] [X] read a book","lastModifiedDate":"2022-03-23"},{"lineNumber":2,"author":{"gitId":"angjingxuan"},"content":"[D] [ ] submit duke (by: 2022-03-16T18:00)","lastModifiedDate":"2022-03-23"},{"lineNumber":3,"author":{"gitId":"angjingxuan"},"content":"[E] [ ] tic2002 class (at: 2022-03-23T19:00)","lastModifiedDate":"2022-03-23"}],"authorContributionMap":{"angjingxuan":3}},{"path":"text-ui-test/duke.txt","fileType":"txt","lines":[{"lineNumber":1,"author":{"gitId":"angjingxuan"},"content":"\"dukeOriginal.txt\" ","lastModifiedDate":"2022-03-23"}],"authorContributionMap":{"angjingxuan":1}},{"path":"text-ui-test/input.txt","fileType":"txt","lines":[{"lineNumber":1,"author":{"gitId":"angjingxuan"},"content":"list","lastModifiedDate":"2022-03-23"},{"lineNumber":2,"author":{"gitId":"angjingxuan"},"content":"todo read textbook","lastModifiedDate":"2022-03-23"},{"lineNumber":3,"author":{"gitId":"angjingxuan"},"content":"read","lastModifiedDate":"2022-03-23"},{"lineNumber":4,"author":{"gitId":"angjingxuan"},"content":"deadline submit duke project /by 2022-04-11T23:59","lastModifiedDate":"2022-03-23"},{"lineNumber":5,"author":{"gitId":"angjingxuan"},"content":"event TIC2002 class /at 2022-04-06T19:00","lastModifiedDate":"2022-03-26"},{"lineNumber":6,"author":{"gitId":"angjingxuan"},"content":"list","lastModifiedDate":"2022-03-23"},{"lineNumber":7,"author":{"gitId":"angjingxuan"},"content":"todo","lastModifiedDate":"2022-03-25"},{"lineNumber":8,"author":{"gitId":"angjingxuan"},"content":"todo ","lastModifiedDate":"2022-03-25"},{"lineNumber":9,"author":{"gitId":"angjingxuan"},"content":"todo a","lastModifiedDate":"2022-03-25"},{"lineNumber":10,"author":{"gitId":"angjingxuan"},"content":"deadline a","lastModifiedDate":"2022-03-25"},{"lineNumber":11,"author":{"gitId":"angjingxuan"},"content":"help","lastModifiedDate":"2022-03-26"},{"lineNumber":12,"author":{"gitId":"angjingxuan"},"content":"list","lastModifiedDate":"2022-03-25"},{"lineNumber":13,"author":{"gitId":"angjingxuan"},"content":"delete 7","lastModifiedDate":"2022-03-25"},{"lineNumber":14,"author":{"gitId":"angjingxuan"},"content":"mark 1","lastModifiedDate":"2022-03-23"},{"lineNumber":15,"author":{"gitId":"angjingxuan"},"content":"mark 3","lastModifiedDate":"2022-03-23"},{"lineNumber":16,"author":{"gitId":"angjingxuan"},"content":"mark 10","lastModifiedDate":"2022-03-26"},{"lineNumber":17,"author":{"gitId":"angjingxuan"},"content":"list","lastModifiedDate":"2022-03-23"},{"lineNumber":18,"author":{"gitId":"angjingxuan"},"content":"unmark 3","lastModifiedDate":"2022-03-23"},{"lineNumber":19,"author":{"gitId":"angjingxuan"},"content":"delete 2","lastModifiedDate":"2022-03-23"},{"lineNumber":20,"author":{"gitId":"angjingxuan"},"content":"list","lastModifiedDate":"2022-03-23"},{"lineNumber":21,"author":{"gitId":"angjingxuan"},"content":"sort","lastModifiedDate":"2022-03-26"},{"lineNumber":22,"author":{"gitId":"angjingxuan"},"content":"find tic","lastModifiedDate":"2022-03-26"},{"lineNumber":23,"author":{"gitId":"angjingxuan"},"content":"bye","lastModifiedDate":"2022-03-23"}],"authorContributionMap":{"angjingxuan":23}},{"path":"text-ui-test/runtest.bat","fileType":"bat","lines":[{"lineNumber":1,"author":{"gitId":"-"},"content":"@ECHO OFF","lastModifiedDate":"2020-05-25"},{"lineNumber":2,"author":{"gitId":"-"},"content":"","lastModifiedDate":"2020-05-25"},{"lineNumber":3,"author":{"gitId":"-"},"content":"REM create bin directory if it doesn\u0027t exist","lastModifiedDate":"2020-05-25"},{"lineNumber":4,"author":{"gitId":"-"},"content":"if not exist ..\\bin mkdir ..\\bin","lastModifiedDate":"2020-05-25"},{"lineNumber":5,"author":{"gitId":"-"},"content":"","lastModifiedDate":"2020-05-25"},{"lineNumber":6,"author":{"gitId":"-"},"content":"REM delete output from previous run","lastModifiedDate":"2020-05-25"},{"lineNumber":7,"author":{"gitId":"-"},"content":"if exist ACTUAL.TXT del ACTUAL.TXT","lastModifiedDate":"2020-08-25"},{"lineNumber":8,"author":{"gitId":"-"},"content":"","lastModifiedDate":"2020-05-25"},{"lineNumber":9,"author":{"gitId":"angjingxuan"},"content":"REM rest duke.txt","lastModifiedDate":"2022-03-23"},{"lineNumber":10,"author":{"gitId":"angjingxuan"},"content":"xcopy /y ..\\text-ui-test\\data\\dukeOriginal.txt ..\\text-ui-test\\data\\duke.txt","lastModifiedDate":"2022-03-23"},{"lineNumber":11,"author":{"gitId":"angjingxuan"},"content":"","lastModifiedDate":"2022-03-23"},{"lineNumber":12,"author":{"gitId":"-"},"content":"REM compile the code into the bin folder","lastModifiedDate":"2020-05-25"},{"lineNumber":13,"author":{"gitId":"angjingxuan"},"content":"javac  -cp ..\\src\\main\\java -Xlint:none -d ..\\bin ..\\src\\main\\java\\duke\\*.java","lastModifiedDate":"2022-03-23"},{"lineNumber":14,"author":{"gitId":"-"},"content":"IF ERRORLEVEL 1 (","lastModifiedDate":"2020-05-25"},{"lineNumber":15,"author":{"gitId":"-"},"content":"    echo ********** BUILD FAILURE **********","lastModifiedDate":"2020-05-25"},{"lineNumber":16,"author":{"gitId":"-"},"content":"    exit /b 1","lastModifiedDate":"2020-05-25"},{"lineNumber":17,"author":{"gitId":"-"},"content":")","lastModifiedDate":"2020-05-25"},{"lineNumber":18,"author":{"gitId":"-"},"content":"REM no error here, errorlevel \u003d\u003d 0","lastModifiedDate":"2020-05-25"},{"lineNumber":19,"author":{"gitId":"-"},"content":"","lastModifiedDate":"2020-05-25"},{"lineNumber":20,"author":{"gitId":"-"},"content":"REM run the program, feed commands from input.txt file and redirect the output to the ACTUAL.TXT","lastModifiedDate":"2020-05-25"},{"lineNumber":21,"author":{"gitId":"angjingxuan"},"content":"java -classpath ..\\bin duke.Duke \u003c input.txt \u003e ACTUAL.TXT","lastModifiedDate":"2022-03-23"},{"lineNumber":22,"author":{"gitId":"-"},"content":"","lastModifiedDate":"2020-05-25"},{"lineNumber":23,"author":{"gitId":"-"},"content":"REM compare the output to the expected output","lastModifiedDate":"2020-05-25"},{"lineNumber":24,"author":{"gitId":"-"},"content":"FC ACTUAL.TXT EXPECTED.TXT","lastModifiedDate":"2020-05-25"},{"lineNumber":25,"author":{"gitId":"angjingxuan"},"content":"","lastModifiedDate":"2022-03-26"},{"lineNumber":26,"author":{"gitId":"angjingxuan"},"content":"REM show results before screen close","lastModifiedDate":"2022-03-26"},{"lineNumber":27,"author":{"gitId":"angjingxuan"},"content":"timeout /t 30","lastModifiedDate":"2022-03-26"}],"authorContributionMap":{"-":19,"angjingxuan":8}},{"path":"text-ui-test/runtest.sh","fileType":"sh","lines":[{"lineNumber":1,"author":{"gitId":"-"},"content":"#!/usr/bin/env bash","lastModifiedDate":"2020-05-25"},{"lineNumber":2,"author":{"gitId":"-"},"content":"","lastModifiedDate":"2020-05-25"},{"lineNumber":3,"author":{"gitId":"-"},"content":"# create bin directory if it doesn\u0027t exist","lastModifiedDate":"2020-05-25"},{"lineNumber":4,"author":{"gitId":"-"},"content":"if [ ! -d \"../bin\" ]","lastModifiedDate":"2020-05-25"},{"lineNumber":5,"author":{"gitId":"-"},"content":"then","lastModifiedDate":"2020-05-25"},{"lineNumber":6,"author":{"gitId":"-"},"content":"    mkdir ../bin","lastModifiedDate":"2020-05-25"},{"lineNumber":7,"author":{"gitId":"-"},"content":"fi","lastModifiedDate":"2020-05-25"},{"lineNumber":8,"author":{"gitId":"-"},"content":"","lastModifiedDate":"2020-05-25"},{"lineNumber":9,"author":{"gitId":"-"},"content":"# delete output from previous run","lastModifiedDate":"2020-05-25"},{"lineNumber":10,"author":{"gitId":"-"},"content":"if [ -e \"./ACTUAL.TXT\" ]","lastModifiedDate":"2020-05-25"},{"lineNumber":11,"author":{"gitId":"-"},"content":"then","lastModifiedDate":"2020-05-25"},{"lineNumber":12,"author":{"gitId":"-"},"content":"    rm ACTUAL.TXT","lastModifiedDate":"2020-05-25"},{"lineNumber":13,"author":{"gitId":"-"},"content":"fi","lastModifiedDate":"2020-05-25"},{"lineNumber":14,"author":{"gitId":"-"},"content":"","lastModifiedDate":"2020-05-25"},{"lineNumber":15,"author":{"gitId":"-"},"content":"# compile the code into the bin folder, terminates if error occurred","lastModifiedDate":"2020-05-25"},{"lineNumber":16,"author":{"gitId":"angjingxuan"},"content":"if ! javac -cp ../src/main/java -Xlint:none -d ../bin ../src/main/java/duke/*.java","lastModifiedDate":"2022-03-23"},{"lineNumber":17,"author":{"gitId":"-"},"content":"then","lastModifiedDate":"2020-05-25"},{"lineNumber":18,"author":{"gitId":"-"},"content":"    echo \"********** BUILD FAILURE **********\"","lastModifiedDate":"2020-05-25"},{"lineNumber":19,"author":{"gitId":"-"},"content":"    exit 1","lastModifiedDate":"2020-05-25"},{"lineNumber":20,"author":{"gitId":"-"},"content":"fi","lastModifiedDate":"2020-05-25"},{"lineNumber":21,"author":{"gitId":"-"},"content":"","lastModifiedDate":"2020-05-25"},{"lineNumber":22,"author":{"gitId":"-"},"content":"# run the program, feed commands from input.txt file and redirect the output to the ACTUAL.TXT","lastModifiedDate":"2020-05-25"},{"lineNumber":23,"author":{"gitId":"angjingxuan"},"content":"java -classpath ../bin duke.Duke \u003c input.txt \u003e ACTUAL.TXT","lastModifiedDate":"2022-03-23"},{"lineNumber":24,"author":{"gitId":"-"},"content":"","lastModifiedDate":"2020-05-25"},{"lineNumber":25,"author":{"gitId":"-"},"content":"# convert to UNIX format","lastModifiedDate":"2020-05-25"},{"lineNumber":26,"author":{"gitId":"-"},"content":"cp EXPECTED.TXT EXPECTED-UNIX.TXT","lastModifiedDate":"2020-05-25"},{"lineNumber":27,"author":{"gitId":"-"},"content":"dos2unix ACTUAL.TXT EXPECTED-UNIX.TXT","lastModifiedDate":"2020-05-25"},{"lineNumber":28,"author":{"gitId":"-"},"content":"","lastModifiedDate":"2020-05-25"},{"lineNumber":29,"author":{"gitId":"-"},"content":"# compare the output to the expected output","lastModifiedDate":"2020-05-25"},{"lineNumber":30,"author":{"gitId":"-"},"content":"diff ACTUAL.TXT EXPECTED-UNIX.TXT","lastModifiedDate":"2020-05-25"},{"lineNumber":31,"author":{"gitId":"-"},"content":"if [ $? -eq 0 ]","lastModifiedDate":"2020-05-25"},{"lineNumber":32,"author":{"gitId":"-"},"content":"then","lastModifiedDate":"2020-05-25"},{"lineNumber":33,"author":{"gitId":"-"},"content":"    echo \"Test result: PASSED\"","lastModifiedDate":"2020-05-25"},{"lineNumber":34,"author":{"gitId":"-"},"content":"    exit 0","lastModifiedDate":"2020-05-25"},{"lineNumber":35,"author":{"gitId":"-"},"content":"else","lastModifiedDate":"2020-05-25"},{"lineNumber":36,"author":{"gitId":"-"},"content":"    echo \"Test result: FAILED\"","lastModifiedDate":"2020-05-25"},{"lineNumber":37,"author":{"gitId":"-"},"content":"    exit 1","lastModifiedDate":"2020-05-25"},{"lineNumber":38,"author":{"gitId":"-"},"content":"fi","lastModifiedDate":"2020-05-25"}],"authorContributionMap":{"-":36,"angjingxuan":2}}]
