{"authorDailyContributionsMap":{"angjingxuan":[{"date":"2022-01-31","commitResults":[{"hash":"7b83da31045fadbdda78a4911a1e49a3c375aba3","messageTitle":"level-1","messageBody":"","fileTypesAndContributionMap":{"java":{"insertions":20,"deletions":0}}},{"hash":"7c63dbb218216e99dcda013cd7a2b4744408aece","messageTitle":"level-1 w while loop","messageBody":"","tags":["level-1"],"fileTypesAndContributionMap":{"java":{"insertions":15,"deletions":9}}},{"hash":"4327e56a623b7015c207d955141f8cba2af44221","messageTitle":"level-1 w loop","messageBody":"","fileTypesAndContributionMap":{"java":{"insertions":3,"deletions":4}}},{"hash":"44d4eae1ef996aaf4f3beae6b79330f65aca297d","messageTitle":"level-2","messageBody":"","tags":["level-2"],"fileTypesAndContributionMap":{"java":{"insertions":13,"deletions":3}}}]},{"date":"2022-02-09","commitResults":[{"hash":"b8a91b3da8d4645783fa75d4a648186bdf4e46dc","messageTitle":"added new class to allow mark as done feature","messageBody":"","fileTypesAndContributionMap":{"java":{"insertions":82,"deletions":7}}},{"hash":"270b670aae6f6cf122dbb13273878c2cafd13c0e","messageTitle":"swapped task and todo names.","messageBody":"","fileTypesAndContributionMap":{"java":{"insertions":68,"deletions":51}}}]}]},"authorFileTypeContributionMap":{"angjingxuan":{"java":127,"md":0,"fxml":0,"sh":0,"bat":0,"gradle":0,"txt":0}},"authorContributionVariance":{"angjingxuan":1461.7252},"authorDisplayNameMap":{"angjingxuan":"ANG ..XUAN"}}
