{"authorDailyContributionsMap":{"angjingxuan":[{"date":"2022-01-31","commitResults":[{"hash":"7b83da31045fadbdda78a4911a1e49a3c375aba3","messageTitle":"level-1","messageBody":"","fileTypesAndContributionMap":{"java":{"insertions":20,"deletions":0}}},{"hash":"7c63dbb218216e99dcda013cd7a2b4744408aece","messageTitle":"level-1 w while loop","messageBody":"","tags":["level-1"],"fileTypesAndContributionMap":{"java":{"insertions":15,"deletions":9}}},{"hash":"4327e56a623b7015c207d955141f8cba2af44221","messageTitle":"level-1 w loop","messageBody":"","fileTypesAndContributionMap":{"java":{"insertions":3,"deletions":4}}},{"hash":"44d4eae1ef996aaf4f3beae6b79330f65aca297d","messageTitle":"level-2","messageBody":"","tags":["level-2"],"fileTypesAndContributionMap":{"java":{"insertions":13,"deletions":3}}}]},{"date":"2022-02-09","commitResults":[{"hash":"b8a91b3da8d4645783fa75d4a648186bdf4e46dc","messageTitle":"added new class to allow mark as done feature","messageBody":"","fileTypesAndContributionMap":{"java":{"insertions":82,"deletions":7}}},{"hash":"270b670aae6f6cf122dbb13273878c2cafd13c0e","messageTitle":"swapped task and todo names.","messageBody":"","fileTypesAndContributionMap":{"java":{"insertions":68,"deletions":51}}}]},{"date":"2022-02-21","commitResults":[{"hash":"c4b46feac263da12461f3b6a4a02179160bbc3ab","messageTitle":"added deadline and event as sub class, moved some functions around too, printing of list not working yet","messageBody":"","fileTypesAndContributionMap":{"java":{"insertions":204,"deletions":15}}},{"hash":"a5261cff9506c93e6a9d75a79c5f4aef270bb22d","messageTitle":"fixed printing of list. cleaned up some codes. pending the by and at for deadline and event respectively.","messageBody":"","fileTypesAndContributionMap":{"java":{"insertions":20,"deletions":67}}},{"hash":"546ee8f82e26757361ef055ad8b96a6fb6f406da","messageTitle":"added in the by and at for deadline and event respectively.","messageBody":"","fileTypesAndContributionMap":{"java":{"insertions":19,"deletions":22}}},{"hash":"042fc86e23eba288fa3760030bc80dde75743ec0","messageTitle":"added in error handling","messageBody":"","fileTypesAndContributionMap":{"java":{"insertions":59,"deletions":64}}}]},{"date":"2022-03-02","commitResults":[{"hash":"886b451fa096eb39a2c74ffb65eb5d17e112f90e","messageTitle":"added in support to delete tasks","messageBody":"","fileTypesAndContributionMap":{"java":{"insertions":13,"deletions":8}}}]},{"date":"2022-03-09","commitResults":[{"hash":"6f655fb6d36f7113a9c957132b2d937098e2e10b","messageTitle":"added command variable to minimise lines of code","messageBody":"","fileTypesAndContributionMap":{"java":{"insertions":9,"deletions":12}}},{"hash":"ec59ddf501875b506ab05d1588c78e881e1ee4dd","messageTitle":"remove unused codes, further reduced codes, i.e. printTask(), markAsDone(), markAsNotDone()","messageBody":"","fileTypesAndContributionMap":{"java":{"insertions":33,"deletions":83}}},{"hash":"ec5b2c5aec79cdb9f97b125583a73577ad9abb54","messageTitle":"added in logo command for personalisation of duke","messageBody":"","fileTypesAndContributionMap":{"java":{"insertions":2,"deletions":0}}},{"hash":"860308bdec5952e451afe6d37659a7892c5a1783","messageTitle":"added ability to save into a file after every action, file restarts every start of Duke","messageBody":"","fileTypesAndContributionMap":{"txt":{"insertions":1,"deletions":0},"java":{"insertions":42,"deletions":6}}}]},{"date":"2022-03-11","commitResults":[{"hash":"e8e5cbc4375c5903f37c4e385047486dcfbb3519","messageTitle":"enhance file feature to read from hard disk v1","messageBody":"","fileTypesAndContributionMap":{"txt":{"insertions":3,"deletions":1},"java":{"insertions":53,"deletions":12}}},{"hash":"0231bf7b5021da5a08563c57bf78e7c9a6703b77","messageTitle":"enhance file feature to read from hard disk v2 (no more extra brackets)","messageBody":"","fileTypesAndContributionMap":{"txt":{"insertions":2,"deletions":2},"java":{"insertions":2,"deletions":2}}},{"hash":"a5767190682e43055751702de5831311e129516c","messageTitle":"switched to relative file path","messageBody":"","fileTypesAndContributionMap":{"java":{"insertions":4,"deletions":4}}},{"hash":"f2f5b4730dba4b4989927b4e33205c121d80f312","messageTitle":"created new file if file does not exists","messageBody":"","fileTypesAndContributionMap":{"java":{"insertions":34,"deletions":27}}},{"hash":"70ce8c46db7b99cfd4da2deab3d7db361afb2753","messageTitle":"fixed the status icon (mark done, mark undone now loads properly whenever duke starts)","messageBody":"","fileTypesAndContributionMap":{"txt":{"insertions":1,"deletions":1},"java":{"insertions":6,"deletions":8}}},{"hash":"da9826e2916d3df6459d6134d2395e449a6897f6","messageTitle":"cleaned up codes","messageBody":"","fileTypesAndContributionMap":{"java":{"insertions":0,"deletions":3}}}]},{"date":"2022-03-23","commitResults":[{"hash":"67467f080611735ec03d65a6f7a2684f55c5d103","messageTitle":"datetime basic (require specific format)","messageBody":"","fileTypesAndContributionMap":{"txt":{"insertions":3,"deletions":2},"java":{"insertions":16,"deletions":7}}},{"hash":"d6c48827143151abafc0aad4e99d2847d3f8ccdf","messageTitle":"Added in java doc.","messageBody":"","fileTypesAndContributionMap":{"java":{"insertions":18,"deletions":0}}},{"hash":"671ca1b21001eb8dd26fc2757f34e56584adf3a6","messageTitle":"Add all classes into package, duke","messageBody":"","fileTypesAndContributionMap":{"txt":{"insertions":1,"deletions":1},"java":{"insertions":7,"deletions":8}}},{"hash":"069e34768d26a11b6b11e393dc85906600d41488","messageTitle":"A-TextUiTesting v1","messageBody":"","fileTypesAndContributionMap":{"txt":{"insertions":2,"deletions":0},"bat":{"insertions":2,"deletions":2},"sh":{"insertions":2,"deletions":2}}},{"hash":"eb08365fc990262668f1f9672829e2c028f654d9","messageTitle":"A-TextUiTesting v2","messageBody":"","fileTypesAndContributionMap":{"txt":{"insertions":5,"deletions":1},"java":{"insertions":4,"deletions":4}}},{"hash":"7edc19f21fef3facd4011339838a7c82199345d2","messageTitle":"a-textuitesting v3 (working version) + commented out exceptions for now.","messageBody":"","fileTypesAndContributionMap":{"txt":{"insertions":20,"deletions":3},"java":{"insertions":30,"deletions":16},"bat":{"insertions":3,"deletions":0}}}]},{"date":"2022-03-25","commitResults":[{"hash":"14080c2e5eda53891822745ee52dbf8738e59035","messageTitle":"made the codes more oop as per week 8 req. tasks description are cut off. pending further edits.","messageBody":"","fileTypesAndContributionMap":{"txt":{"insertions":1,"deletions":3},"java":{"insertions":312,"deletions":164}}},{"hash":"f135681e6c08cfca54e8b2b6e535f3791484d22b","messageTitle":"fixed the output issues from previous step. tested with textuitesting and no differences found.","messageBody":"","fileTypesAndContributionMap":{"txt":{"insertions":2,"deletions":1},"java":{"insertions":68,"deletions":43}}},{"hash":"c3fc1ba605f195c9bec089f86ffc8037afa3bbb7","messageTitle":"moved all System.out.print statements to Ui and cleaned up the unused codes.","messageBody":"","fileTypesAndContributionMap":{"txt":{"insertions":7,"deletions":2},"java":{"insertions":62,"deletions":46}}}]},{"date":"2022-03-26","commitResults":[{"hash":"6d03f1728c90c60a65122a6f6cac7b9c24ebbc7a","messageTitle":"implement help feature","messageBody":"","fileTypesAndContributionMap":{"java":{"insertions":10,"deletions":10}}},{"hash":"b8b2e54e4d37bb4d39692c1c7ae6a802564695be","messageTitle":"implement sort feature","messageBody":"","fileTypesAndContributionMap":{"txt":{"insertions":7,"deletions":4},"java":{"insertions":65,"deletions":3}}},{"hash":"7a8d4098dfb386a2caa721272a67cf7421d56661","messageTitle":"implement find feature","messageBody":"","fileTypesAndContributionMap":{"txt":{"insertions":3,"deletions":0},"java":{"insertions":30,"deletions":4},"bat":{"insertions":3,"deletions":0}}},{"hash":"eacc126e3b3c04e33d747e5bc3c78ddaf5972318","messageTitle":"aligned codes to coding standard defined in se-education.org","messageBody":"","fileTypesAndContributionMap":{"java":{"insertions":19,"deletions":49}}},{"hash":"11eaed1c438673ca1da33b32490e74eed6b1e7de","messageTitle":"aligned codes to coding quality defined in https://nus-tic2002-2022.github.io/","messageBody":"","fileTypesAndContributionMap":{"java":{"insertions":51,"deletions":52}}}]},{"date":"2022-03-29","commitResults":[{"hash":"3469cc6e88496937e15980f95fa1b73fcd0c216b","messageTitle":"add in assertions","messageBody":"","fileTypesAndContributionMap":{"java":{"insertions":2,"deletions":0}}},{"hash":"95c55c4be474818470db56c0533b9401a3cbe597","messageTitle":"add in assertions","messageBody":"","fileTypesAndContributionMap":{"java":{"insertions":1,"deletions":1}}}]},{"date":"2022-03-30","commitResults":[{"hash":"67399375f63da11e76035b886db803f3d683ddca","messageTitle":"added in gradle","messageBody":"","fileTypesAndContributionMap":{"gradle":{"insertions":1,"deletions":1}}},{"hash":"e7fee62899557180fcf34a32997b24106d624f03","messageTitle":"added in junit testing","messageBody":"","fileTypesAndContributionMap":{"gradle":{"insertions":4,"deletions":0},"java":{"insertions":81,"deletions":0}}},{"hash":"7876195511d1be0ad325e06ee9e3658e01d4f0e1","messageTitle":"build JAR file with Gradle","messageBody":"","fileTypesAndContributionMap":{"gradle":{"insertions":1,"deletions":1}}},{"hash":"acd44f2479aa79ceb7fa252b8329350606719b9e","messageTitle":"updated readme.md","messageBody":"","fileTypesAndContributionMap":{"md":{"insertions":264,"deletions":11}}}]},{"date":"2022-04-02","commitResults":[{"hash":"69a309fea972fc05fa3fe1bdbdc92190329b8ae2","messageTitle":"updated some parts to make it more user-friendly","messageBody":"","fileTypesAndContributionMap":{"java":{"insertions":15,"deletions":6},"md":{"insertions":6,"deletions":0}}},{"hash":"ab676184b5c27b32894d6a4e897385b7bbcb3c35","messageTitle":"clean up codes accordingly to prof bot comments","messageBody":"","fileTypesAndContributionMap":{"java":{"insertions":0,"deletions":1}}},{"hash":"4b695a3387add683b470724c1248fe51a3fb7eee","messageTitle":"minor edits and tweaks while doing report.","messageBody":"","fileTypesAndContributionMap":{"java":{"insertions":8,"deletions":8},"md":{"insertions":27,"deletions":22}}},{"hash":"6a6c6061ae0ab539a249b916b500b05208bb888b","messageTitle":"changed file path to change file separator accordingly to the OS","messageBody":"","fileTypesAndContributionMap":{"java":{"insertions":3,"deletions":1}}},{"hash":"db234db415ed212fe3ab713e2eaf7f3be265e749","messageTitle":"adjusted the errors messages","messageBody":"","fileTypesAndContributionMap":{"java":{"insertions":0,"deletions":2},"md":{"insertions":37,"deletions":3}}},{"hash":"2d346b03ddd30c5408d098dacd05255a62b59636","messageTitle":"added in another assertion","messageBody":"","fileTypesAndContributionMap":{"java":{"insertions":2,"deletions":0}}}]},{"date":"2022-04-06","commitResults":[{"hash":"b9b4ed96a5cfa2ec08c41134c62737d794a3a3c7","messageTitle":"reformat codes in intellij","messageBody":"","fileTypesAndContributionMap":{"txt":{"insertions":2,"deletions":6},"java":{"insertions":76,"deletions":62},"md":{"insertions":4,"deletions":1}}}]},{"date":"2022-04-08","commitResults":[{"hash":"7f480951190e0996d2263b9ac099d7447d85aec4","messageTitle":"clean up codes while preparing for submission","messageBody":"","fileTypesAndContributionMap":{"txt":{"insertions":2,"deletions":1},"java":{"insertions":1,"deletions":1},"md":{"insertions":12,"deletions":11}}}]},{"date":"2022-04-12","commitResults":[{"hash":"9fca81aca587a09f7b32b98d43c473d94b847caf","messageTitle":"clean up the tests","messageBody":"","fileTypesAndContributionMap":{"txt":{"insertions":5,"deletions":3}}},{"hash":"438713265203f8a2f9d9c3371d7026b376e7658d","messageTitle":"added in help to create a data folder","messageBody":"","fileTypesAndContributionMap":{"txt":{"insertions":4,"deletions":4},"md":{"insertions":1,"deletions":1}}}]}]},"authorFileTypeContributionMap":{"angjingxuan":{"java":695,"md":302,"fxml":0,"sh":2,"bat":8,"gradle":4,"txt":36}},"authorContributionVariance":{"angjingxuan":11158.82},"authorDisplayNameMap":{"angjingxuan":"ANG ..XUAN"}}
