{"authorDailyContributionsMap":{"angjingxuan":[{"date":"2022-01-31","commitResults":[{"hash":"7b83da31045fadbdda78a4911a1e49a3c375aba3","messageTitle":"level-1","messageBody":"","fileTypesAndContributionMap":{"java":{"insertions":20,"deletions":0}}},{"hash":"7c63dbb218216e99dcda013cd7a2b4744408aece","messageTitle":"level-1 w while loop","messageBody":"","tags":["level-1"],"fileTypesAndContributionMap":{"java":{"insertions":15,"deletions":9}}},{"hash":"4327e56a623b7015c207d955141f8cba2af44221","messageTitle":"level-1 w loop","messageBody":"","fileTypesAndContributionMap":{"java":{"insertions":3,"deletions":4}}},{"hash":"44d4eae1ef996aaf4f3beae6b79330f65aca297d","messageTitle":"level-2","messageBody":"","tags":["level-2"],"fileTypesAndContributionMap":{"java":{"insertions":13,"deletions":3}}}]},{"date":"2022-02-09","commitResults":[{"hash":"b8a91b3da8d4645783fa75d4a648186bdf4e46dc","messageTitle":"added new class to allow mark as done feature","messageBody":"","fileTypesAndContributionMap":{"java":{"insertions":82,"deletions":7}}},{"hash":"270b670aae6f6cf122dbb13273878c2cafd13c0e","messageTitle":"swapped task and todo names.","messageBody":"","fileTypesAndContributionMap":{"java":{"insertions":68,"deletions":51}}}]},{"date":"2022-02-21","commitResults":[{"hash":"c4b46feac263da12461f3b6a4a02179160bbc3ab","messageTitle":"added deadline and event as sub class, moved some functions around too, printing of list not working yet","messageBody":"","fileTypesAndContributionMap":{"java":{"insertions":204,"deletions":15}}},{"hash":"a5261cff9506c93e6a9d75a79c5f4aef270bb22d","messageTitle":"fixed printing of list. cleaned up some codes. pending the by and at for deadline and event respectively.","messageBody":"","fileTypesAndContributionMap":{"java":{"insertions":20,"deletions":67}}},{"hash":"546ee8f82e26757361ef055ad8b96a6fb6f406da","messageTitle":"added in the by and at for deadline and event respectively.","messageBody":"","fileTypesAndContributionMap":{"java":{"insertions":19,"deletions":22}}},{"hash":"042fc86e23eba288fa3760030bc80dde75743ec0","messageTitle":"added in error handling","messageBody":"","fileTypesAndContributionMap":{"java":{"insertions":59,"deletions":64}}}]},{"date":"2022-03-02","commitResults":[{"hash":"886b451fa096eb39a2c74ffb65eb5d17e112f90e","messageTitle":"added in support to delete tasks","messageBody":"","fileTypesAndContributionMap":{"java":{"insertions":13,"deletions":8}}}]},{"date":"2022-03-09","commitResults":[{"hash":"6f655fb6d36f7113a9c957132b2d937098e2e10b","messageTitle":"added command variable to minimise lines of code","messageBody":"","fileTypesAndContributionMap":{"java":{"insertions":9,"deletions":12}}},{"hash":"ec59ddf501875b506ab05d1588c78e881e1ee4dd","messageTitle":"remove unused codes, further reduced codes, i.e. printTask(), markAsDone(), markAsNotDone()","messageBody":"","fileTypesAndContributionMap":{"java":{"insertions":33,"deletions":83}}},{"hash":"ec5b2c5aec79cdb9f97b125583a73577ad9abb54","messageTitle":"added in logo command for personalisation of duke","messageBody":"","fileTypesAndContributionMap":{"java":{"insertions":2,"deletions":0}}},{"hash":"860308bdec5952e451afe6d37659a7892c5a1783","messageTitle":"added ability to save into a file after every action, file restarts every start of Duke","messageBody":"","fileTypesAndContributionMap":{"txt":{"insertions":1,"deletions":0},"java":{"insertions":42,"deletions":6}}}]},{"date":"2022-03-11","commitResults":[{"hash":"e8e5cbc4375c5903f37c4e385047486dcfbb3519","messageTitle":"enhance file feature to read from hard disk v1","messageBody":"","fileTypesAndContributionMap":{"txt":{"insertions":3,"deletions":1},"java":{"insertions":53,"deletions":12}}},{"hash":"0231bf7b5021da5a08563c57bf78e7c9a6703b77","messageTitle":"enhance file feature to read from hard disk v2 (no more extra brackets)","messageBody":"","fileTypesAndContributionMap":{"txt":{"insertions":2,"deletions":2},"java":{"insertions":2,"deletions":2}}},{"hash":"a5767190682e43055751702de5831311e129516c","messageTitle":"switched to relative file path","messageBody":"","fileTypesAndContributionMap":{"java":{"insertions":4,"deletions":4}}},{"hash":"f2f5b4730dba4b4989927b4e33205c121d80f312","messageTitle":"created new file if file does not exists","messageBody":"","fileTypesAndContributionMap":{"java":{"insertions":34,"deletions":27}}},{"hash":"70ce8c46db7b99cfd4da2deab3d7db361afb2753","messageTitle":"fixed the status icon (mark done, mark undone now loads properly whenever duke starts)","messageBody":"","fileTypesAndContributionMap":{"txt":{"insertions":1,"deletions":1},"java":{"insertions":6,"deletions":8}}},{"hash":"da9826e2916d3df6459d6134d2395e449a6897f6","messageTitle":"cleaned up codes","messageBody":"","fileTypesAndContributionMap":{"java":{"insertions":0,"deletions":3}}}]}]},"authorFileTypeContributionMap":{"angjingxuan":{"java":295,"md":0,"fxml":0,"sh":0,"bat":0,"gradle":0,"txt":3}},"authorContributionVariance":{"angjingxuan":5100.5864},"authorDisplayNameMap":{"angjingxuan":"ANG ..XUAN"}}
