[{"path":"src/main/Task.java","fileType":"java","lines":[{"lineNumber":1,"author":{"gitId":"Yutarosensei"},"content":"import java.util.Arrays;","lastModifiedDate":"2022-04-15"},{"lineNumber":2,"author":{"gitId":"Yutarosensei"},"content":"import java.util.Scanner;","lastModifiedDate":"2022-04-15"},{"lineNumber":3,"author":{"gitId":"Yutarosensei"},"content":"","lastModifiedDate":"2022-04-15"},{"lineNumber":4,"author":{"gitId":"Yutarosensei"},"content":"","lastModifiedDate":"2022-04-15"},{"lineNumber":5,"author":{"gitId":"Yutarosensei"},"content":"public class Task {","lastModifiedDate":"2022-04-15"},{"lineNumber":6,"author":{"gitId":"Yutarosensei"},"content":"    public static int counter \u003d 0;","lastModifiedDate":"2022-04-15"},{"lineNumber":7,"author":{"gitId":"Yutarosensei"},"content":"    public static int list_order \u003d 1;","lastModifiedDate":"2022-04-15"},{"lineNumber":8,"author":{"gitId":"Yutarosensei"},"content":"    public static Task[] list \u003d new Task[100];","lastModifiedDate":"2022-04-15"},{"lineNumber":9,"author":{"gitId":"Yutarosensei"},"content":"","lastModifiedDate":"2022-04-15"},{"lineNumber":10,"author":{"gitId":"Yutarosensei"},"content":"    protected String description;","lastModifiedDate":"2022-04-15"},{"lineNumber":11,"author":{"gitId":"Yutarosensei"},"content":"    protected boolean isDone;","lastModifiedDate":"2022-04-15"},{"lineNumber":12,"author":{"gitId":"Yutarosensei"},"content":"","lastModifiedDate":"2022-04-15"},{"lineNumber":13,"author":{"gitId":"Yutarosensei"},"content":"","lastModifiedDate":"2022-04-15"},{"lineNumber":14,"author":{"gitId":"Yutarosensei"},"content":"","lastModifiedDate":"2022-04-15"},{"lineNumber":15,"author":{"gitId":"Yutarosensei"},"content":"    public Task(String description) {","lastModifiedDate":"2022-04-15"},{"lineNumber":16,"author":{"gitId":"Yutarosensei"},"content":"        this.description \u003d description;","lastModifiedDate":"2022-04-15"},{"lineNumber":17,"author":{"gitId":"Yutarosensei"},"content":"        this.isDone \u003d false;","lastModifiedDate":"2022-04-15"},{"lineNumber":18,"author":{"gitId":"Yutarosensei"},"content":"    }","lastModifiedDate":"2022-04-15"},{"lineNumber":19,"author":{"gitId":"Yutarosensei"},"content":"","lastModifiedDate":"2022-04-15"},{"lineNumber":20,"author":{"gitId":"Yutarosensei"},"content":"    public String getStatusIcon() {","lastModifiedDate":"2022-04-15"},{"lineNumber":21,"author":{"gitId":"Yutarosensei"},"content":"        return (isDone ? \"X\" : \" \"); // mark done task with X","lastModifiedDate":"2022-04-15"},{"lineNumber":22,"author":{"gitId":"Yutarosensei"},"content":"    }","lastModifiedDate":"2022-04-15"},{"lineNumber":23,"author":{"gitId":"Yutarosensei"},"content":"","lastModifiedDate":"2022-04-15"},{"lineNumber":24,"author":{"gitId":"Yutarosensei"},"content":"    @Override","lastModifiedDate":"2022-04-15"},{"lineNumber":25,"author":{"gitId":"Yutarosensei"},"content":"    public String toString()","lastModifiedDate":"2022-04-15"},{"lineNumber":26,"author":{"gitId":"Yutarosensei"},"content":"    {","lastModifiedDate":"2022-04-15"},{"lineNumber":27,"author":{"gitId":"Yutarosensei"},"content":"        return \"[\" + getStatusIcon() + \"] \" + description;","lastModifiedDate":"2022-04-15"},{"lineNumber":28,"author":{"gitId":"Yutarosensei"},"content":"    }","lastModifiedDate":"2022-04-15"},{"lineNumber":29,"author":{"gitId":"Yutarosensei"},"content":"","lastModifiedDate":"2022-04-15"},{"lineNumber":30,"author":{"gitId":"Yutarosensei"},"content":"    public static void add_list() {","lastModifiedDate":"2022-04-15"},{"lineNumber":31,"author":{"gitId":"Yutarosensei"},"content":"","lastModifiedDate":"2022-04-15"},{"lineNumber":32,"author":{"gitId":"Yutarosensei"},"content":"        Scanner in \u003d new Scanner(System.in);","lastModifiedDate":"2022-04-15"},{"lineNumber":33,"author":{"gitId":"Yutarosensei"},"content":"        String command \u003d in.nextLine();","lastModifiedDate":"2022-04-15"},{"lineNumber":34,"author":{"gitId":"Yutarosensei"},"content":"","lastModifiedDate":"2022-04-15"},{"lineNumber":35,"author":{"gitId":"Yutarosensei"},"content":"        String task;","lastModifiedDate":"2022-04-15"},{"lineNumber":36,"author":{"gitId":"Yutarosensei"},"content":"        String date;","lastModifiedDate":"2022-04-15"},{"lineNumber":37,"author":{"gitId":"Yutarosensei"},"content":"        int delimiter;","lastModifiedDate":"2022-04-15"},{"lineNumber":38,"author":{"gitId":"Yutarosensei"},"content":"","lastModifiedDate":"2022-04-15"},{"lineNumber":39,"author":{"gitId":"Yutarosensei"},"content":"        if (command.toLowerCase().equals(\"bye\")) {","lastModifiedDate":"2022-04-15"},{"lineNumber":40,"author":{"gitId":"Yutarosensei"},"content":"            System.out.println(\"Bye. Hope to see you again soon!\");","lastModifiedDate":"2022-04-15"},{"lineNumber":41,"author":{"gitId":"Yutarosensei"},"content":"        } else if (command.toLowerCase().equals(\"list\")) {","lastModifiedDate":"2022-04-15"},{"lineNumber":42,"author":{"gitId":"Yutarosensei"},"content":"            System.out.println(\"____________________________________________________________\");","lastModifiedDate":"2022-04-15"},{"lineNumber":43,"author":{"gitId":"Yutarosensei"},"content":"            System.out.println(\"Here are the tasks in your list:\");","lastModifiedDate":"2022-04-15"},{"lineNumber":44,"author":{"gitId":"Yutarosensei"},"content":"","lastModifiedDate":"2022-04-15"},{"lineNumber":45,"author":{"gitId":"Yutarosensei"},"content":"            for (int i \u003d 0; i \u003c counter; i++) {","lastModifiedDate":"2022-04-15"},{"lineNumber":46,"author":{"gitId":"Yutarosensei"},"content":"                System.out.println(list_order + \". [\" + list[i].getStatusIcon() + \"] \" + list[i].description);","lastModifiedDate":"2022-04-15"},{"lineNumber":47,"author":{"gitId":"Yutarosensei"},"content":"                list_order++;","lastModifiedDate":"2022-04-15"},{"lineNumber":48,"author":{"gitId":"Yutarosensei"},"content":"            }","lastModifiedDate":"2022-04-15"},{"lineNumber":49,"author":{"gitId":"Yutarosensei"},"content":"            System.out.println(\"____________________________________________________________\");","lastModifiedDate":"2022-04-15"},{"lineNumber":50,"author":{"gitId":"Yutarosensei"},"content":"            System.out.println(\"\\n\");","lastModifiedDate":"2022-04-15"},{"lineNumber":51,"author":{"gitId":"Yutarosensei"},"content":"","lastModifiedDate":"2022-04-15"},{"lineNumber":52,"author":{"gitId":"Yutarosensei"},"content":"            list_order \u003d 1;","lastModifiedDate":"2022-04-15"},{"lineNumber":53,"author":{"gitId":"Yutarosensei"},"content":"            add_list();","lastModifiedDate":"2022-04-15"},{"lineNumber":54,"author":{"gitId":"Yutarosensei"},"content":"","lastModifiedDate":"2022-04-15"},{"lineNumber":55,"author":{"gitId":"Yutarosensei"},"content":"        } else if (command.toLowerCase().startsWith(\"mark\")){","lastModifiedDate":"2022-04-15"},{"lineNumber":56,"author":{"gitId":"Yutarosensei"},"content":"            System.out.println(\"____________________________________________________________\" );","lastModifiedDate":"2022-04-15"},{"lineNumber":57,"author":{"gitId":"Yutarosensei"},"content":"            System.out.println(\"Nice! I\u0027ve marked this task as done: \");","lastModifiedDate":"2022-04-15"},{"lineNumber":58,"author":{"gitId":"Yutarosensei"},"content":"","lastModifiedDate":"2022-04-15"},{"lineNumber":59,"author":{"gitId":"Yutarosensei"},"content":"            int taskOrder \u003d Integer.parseInt(command.split(\" \")[1]) - 1;","lastModifiedDate":"2022-04-15"},{"lineNumber":60,"author":{"gitId":"Yutarosensei"},"content":"            list[taskOrder].markAsDone();","lastModifiedDate":"2022-04-15"},{"lineNumber":61,"author":{"gitId":"Yutarosensei"},"content":"            list[taskOrder].printMark();","lastModifiedDate":"2022-04-15"},{"lineNumber":62,"author":{"gitId":"Yutarosensei"},"content":"            add_list();","lastModifiedDate":"2022-04-15"},{"lineNumber":63,"author":{"gitId":"Yutarosensei"},"content":"","lastModifiedDate":"2022-04-15"},{"lineNumber":64,"author":{"gitId":"Yutarosensei"},"content":"        }else if (command.toLowerCase().startsWith(\"unmark\")){","lastModifiedDate":"2022-04-15"},{"lineNumber":65,"author":{"gitId":"Yutarosensei"},"content":"            System.out.println(\"____________________________________________________________\" );","lastModifiedDate":"2022-04-15"},{"lineNumber":66,"author":{"gitId":"Yutarosensei"},"content":"            System.out.println(\"Oh no! I\u0027ve unmarked this task as not done: \");","lastModifiedDate":"2022-04-15"},{"lineNumber":67,"author":{"gitId":"Yutarosensei"},"content":"","lastModifiedDate":"2022-04-15"},{"lineNumber":68,"author":{"gitId":"Yutarosensei"},"content":"            int taskOrder \u003d Integer.parseInt(command.split(\" \")[1]) - 1;","lastModifiedDate":"2022-04-15"},{"lineNumber":69,"author":{"gitId":"Yutarosensei"},"content":"            list[taskOrder].markAsNotDone();","lastModifiedDate":"2022-04-15"},{"lineNumber":70,"author":{"gitId":"Yutarosensei"},"content":"            list[taskOrder].printMark();","lastModifiedDate":"2022-04-15"},{"lineNumber":71,"author":{"gitId":"Yutarosensei"},"content":"            add_list();","lastModifiedDate":"2022-04-15"},{"lineNumber":72,"author":{"gitId":"Yutarosensei"},"content":"","lastModifiedDate":"2022-04-15"},{"lineNumber":73,"author":{"gitId":"Yutarosensei"},"content":"        }else if(command.contains(\"/by\")){","lastModifiedDate":"2022-04-15"},{"lineNumber":74,"author":{"gitId":"Yutarosensei"},"content":"            delimiter \u003d command.indexOf(\"/by\");","lastModifiedDate":"2022-04-15"},{"lineNumber":75,"author":{"gitId":"Yutarosensei"},"content":"            task \u003d command.substring(0, delimiter);","lastModifiedDate":"2022-04-15"},{"lineNumber":76,"author":{"gitId":"Yutarosensei"},"content":"            date \u003d command.substring(delimiter+3);","lastModifiedDate":"2022-04-15"},{"lineNumber":77,"author":{"gitId":"Yutarosensei"},"content":"            list[counter] \u003d new Deadline(task, date);","lastModifiedDate":"2022-04-15"},{"lineNumber":78,"author":{"gitId":"Yutarosensei"},"content":"        }else if(command.contains(\"/at\")){","lastModifiedDate":"2022-04-15"},{"lineNumber":79,"author":{"gitId":"Yutarosensei"},"content":"            delimiter \u003d command.indexOf(\"/at\");","lastModifiedDate":"2022-04-15"},{"lineNumber":80,"author":{"gitId":"Yutarosensei"},"content":"            task \u003d command.substring(0, delimiter);","lastModifiedDate":"2022-04-15"},{"lineNumber":81,"author":{"gitId":"Yutarosensei"},"content":"            date \u003d command.substring(delimiter+3);","lastModifiedDate":"2022-04-15"},{"lineNumber":82,"author":{"gitId":"Yutarosensei"},"content":"            list[counter] \u003d new Event(task, date);","lastModifiedDate":"2022-04-15"},{"lineNumber":83,"author":{"gitId":"Yutarosensei"},"content":"        }else {","lastModifiedDate":"2022-04-15"},{"lineNumber":84,"author":{"gitId":"Yutarosensei"},"content":"            System.out.println(\"added: \" + command + \"\\n\");","lastModifiedDate":"2022-04-15"},{"lineNumber":85,"author":{"gitId":"Yutarosensei"},"content":"            list[counter] \u003d new Task(command);","lastModifiedDate":"2022-04-15"},{"lineNumber":86,"author":{"gitId":"Yutarosensei"},"content":"            counter++;","lastModifiedDate":"2022-04-15"},{"lineNumber":87,"author":{"gitId":"Yutarosensei"},"content":"            add_list();","lastModifiedDate":"2022-04-15"},{"lineNumber":88,"author":{"gitId":"Yutarosensei"},"content":"        }","lastModifiedDate":"2022-04-15"},{"lineNumber":89,"author":{"gitId":"Yutarosensei"},"content":"","lastModifiedDate":"2022-04-15"},{"lineNumber":90,"author":{"gitId":"Yutarosensei"},"content":"    }","lastModifiedDate":"2022-04-15"},{"lineNumber":91,"author":{"gitId":"Yutarosensei"},"content":"","lastModifiedDate":"2022-04-15"},{"lineNumber":92,"author":{"gitId":"Yutarosensei"},"content":"    public void printMark()","lastModifiedDate":"2022-04-15"},{"lineNumber":93,"author":{"gitId":"Yutarosensei"},"content":"    {","lastModifiedDate":"2022-04-15"},{"lineNumber":94,"author":{"gitId":"Yutarosensei"},"content":"        System.out.println(\"  [\" + getStatusIcon() + \"] \" + description);","lastModifiedDate":"2022-04-15"},{"lineNumber":95,"author":{"gitId":"Yutarosensei"},"content":"    }","lastModifiedDate":"2022-04-15"},{"lineNumber":96,"author":{"gitId":"Yutarosensei"},"content":"","lastModifiedDate":"2022-04-15"},{"lineNumber":97,"author":{"gitId":"Yutarosensei"},"content":"    public void markAsDone()","lastModifiedDate":"2022-04-15"},{"lineNumber":98,"author":{"gitId":"Yutarosensei"},"content":"    {","lastModifiedDate":"2022-04-15"},{"lineNumber":99,"author":{"gitId":"Yutarosensei"},"content":"        this.isDone \u003d true;","lastModifiedDate":"2022-04-15"},{"lineNumber":100,"author":{"gitId":"Yutarosensei"},"content":"    }","lastModifiedDate":"2022-04-15"},{"lineNumber":101,"author":{"gitId":"Yutarosensei"},"content":"","lastModifiedDate":"2022-04-15"},{"lineNumber":102,"author":{"gitId":"Yutarosensei"},"content":"    public void markAsNotDone()","lastModifiedDate":"2022-04-15"},{"lineNumber":103,"author":{"gitId":"Yutarosensei"},"content":"    {","lastModifiedDate":"2022-04-15"},{"lineNumber":104,"author":{"gitId":"Yutarosensei"},"content":"        this.isDone \u003d false;","lastModifiedDate":"2022-04-15"},{"lineNumber":105,"author":{"gitId":"Yutarosensei"},"content":"    }","lastModifiedDate":"2022-04-15"},{"lineNumber":106,"author":{"gitId":"Yutarosensei"},"content":"    //...","lastModifiedDate":"2022-04-15"},{"lineNumber":107,"author":{"gitId":"Yutarosensei"},"content":"}","lastModifiedDate":"2022-04-15"},{"lineNumber":108,"author":{"gitId":"Yutarosensei"},"content":"","lastModifiedDate":"2022-04-15"}],"authorContributionMap":{"Yutarosensei":108}},{"path":"src/main/backup/Task 0415 2000.java","fileType":"java","lines":[{"lineNumber":1,"author":{"gitId":"Yutarosensei"},"content":"import java.util.Arrays;","lastModifiedDate":"2022-04-15"},{"lineNumber":2,"author":{"gitId":"Yutarosensei"},"content":"import java.util.Scanner;","lastModifiedDate":"2022-04-15"},{"lineNumber":3,"author":{"gitId":"Yutarosensei"},"content":"","lastModifiedDate":"2022-04-15"},{"lineNumber":4,"author":{"gitId":"Yutarosensei"},"content":"","lastModifiedDate":"2022-04-15"},{"lineNumber":5,"author":{"gitId":"Yutarosensei"},"content":"public class Task {","lastModifiedDate":"2022-04-15"},{"lineNumber":6,"author":{"gitId":"Yutarosensei"},"content":"    public static int counter \u003d 0;","lastModifiedDate":"2022-04-15"},{"lineNumber":7,"author":{"gitId":"Yutarosensei"},"content":"    public static int list_order \u003d 1;","lastModifiedDate":"2022-04-15"},{"lineNumber":8,"author":{"gitId":"Yutarosensei"},"content":"    public static Task[] list \u003d new Task[100];","lastModifiedDate":"2022-04-15"},{"lineNumber":9,"author":{"gitId":"Yutarosensei"},"content":"","lastModifiedDate":"2022-04-15"},{"lineNumber":10,"author":{"gitId":"Yutarosensei"},"content":"    protected String description;","lastModifiedDate":"2022-04-15"},{"lineNumber":11,"author":{"gitId":"Yutarosensei"},"content":"    protected boolean isDone;","lastModifiedDate":"2022-04-15"},{"lineNumber":12,"author":{"gitId":"Yutarosensei"},"content":"","lastModifiedDate":"2022-04-15"},{"lineNumber":13,"author":{"gitId":"Yutarosensei"},"content":"","lastModifiedDate":"2022-04-15"},{"lineNumber":14,"author":{"gitId":"Yutarosensei"},"content":"","lastModifiedDate":"2022-04-15"},{"lineNumber":15,"author":{"gitId":"Yutarosensei"},"content":"    public Task(String description) {","lastModifiedDate":"2022-04-15"},{"lineNumber":16,"author":{"gitId":"Yutarosensei"},"content":"        this.description \u003d description;","lastModifiedDate":"2022-04-15"},{"lineNumber":17,"author":{"gitId":"Yutarosensei"},"content":"        this.isDone \u003d false;","lastModifiedDate":"2022-04-15"},{"lineNumber":18,"author":{"gitId":"Yutarosensei"},"content":"    }","lastModifiedDate":"2022-04-15"},{"lineNumber":19,"author":{"gitId":"Yutarosensei"},"content":"","lastModifiedDate":"2022-04-15"},{"lineNumber":20,"author":{"gitId":"Yutarosensei"},"content":"    public String getStatusIcon() {","lastModifiedDate":"2022-04-15"},{"lineNumber":21,"author":{"gitId":"Yutarosensei"},"content":"        return (isDone ? \"X\" : \" \"); // mark done task with X","lastModifiedDate":"2022-04-15"},{"lineNumber":22,"author":{"gitId":"Yutarosensei"},"content":"    }","lastModifiedDate":"2022-04-15"},{"lineNumber":23,"author":{"gitId":"Yutarosensei"},"content":"","lastModifiedDate":"2022-04-15"},{"lineNumber":24,"author":{"gitId":"Yutarosensei"},"content":"    public String toString()","lastModifiedDate":"2022-04-15"},{"lineNumber":25,"author":{"gitId":"Yutarosensei"},"content":"    {","lastModifiedDate":"2022-04-15"},{"lineNumber":26,"author":{"gitId":"Yutarosensei"},"content":"        return \"[\" + getStatusIcon() + \"] \" + description;","lastModifiedDate":"2022-04-15"},{"lineNumber":27,"author":{"gitId":"Yutarosensei"},"content":"    }","lastModifiedDate":"2022-04-15"},{"lineNumber":28,"author":{"gitId":"Yutarosensei"},"content":"","lastModifiedDate":"2022-04-15"},{"lineNumber":29,"author":{"gitId":"Yutarosensei"},"content":"    public static void add_list() {","lastModifiedDate":"2022-04-15"},{"lineNumber":30,"author":{"gitId":"Yutarosensei"},"content":"","lastModifiedDate":"2022-04-15"},{"lineNumber":31,"author":{"gitId":"Yutarosensei"},"content":"        Scanner in \u003d new Scanner(System.in);","lastModifiedDate":"2022-04-15"},{"lineNumber":32,"author":{"gitId":"Yutarosensei"},"content":"        String command \u003d in.nextLine();","lastModifiedDate":"2022-04-15"},{"lineNumber":33,"author":{"gitId":"Yutarosensei"},"content":"","lastModifiedDate":"2022-04-15"},{"lineNumber":34,"author":{"gitId":"Yutarosensei"},"content":"        String task;","lastModifiedDate":"2022-04-15"},{"lineNumber":35,"author":{"gitId":"Yutarosensei"},"content":"        String date;","lastModifiedDate":"2022-04-15"},{"lineNumber":36,"author":{"gitId":"Yutarosensei"},"content":"        int delimiter;","lastModifiedDate":"2022-04-15"},{"lineNumber":37,"author":{"gitId":"Yutarosensei"},"content":"","lastModifiedDate":"2022-04-15"},{"lineNumber":38,"author":{"gitId":"Yutarosensei"},"content":"        if (command.toLowerCase().equals(\"bye\")) {","lastModifiedDate":"2022-04-15"},{"lineNumber":39,"author":{"gitId":"Yutarosensei"},"content":"            System.out.println(\"Bye. Hope to see you again soon!\");","lastModifiedDate":"2022-04-15"},{"lineNumber":40,"author":{"gitId":"Yutarosensei"},"content":"        }","lastModifiedDate":"2022-04-15"},{"lineNumber":41,"author":{"gitId":"Yutarosensei"},"content":"","lastModifiedDate":"2022-04-15"},{"lineNumber":42,"author":{"gitId":"Yutarosensei"},"content":"        else if (command.toLowerCase().equals(\"list\")) {","lastModifiedDate":"2022-04-15"},{"lineNumber":43,"author":{"gitId":"Yutarosensei"},"content":"            System.out.println(\"____________________________________________________________\");","lastModifiedDate":"2022-04-15"},{"lineNumber":44,"author":{"gitId":"Yutarosensei"},"content":"            System.out.println(\"Here are the tasks in your list:\");","lastModifiedDate":"2022-04-15"},{"lineNumber":45,"author":{"gitId":"Yutarosensei"},"content":"","lastModifiedDate":"2022-04-15"},{"lineNumber":46,"author":{"gitId":"Yutarosensei"},"content":"            for (int i \u003d 0; i \u003c counter; i++) {","lastModifiedDate":"2022-04-15"},{"lineNumber":47,"author":{"gitId":"Yutarosensei"},"content":"                System.out.println(list_order + \". [\" + list[i].getStatusIcon() + \"] \" + list[i].description);","lastModifiedDate":"2022-04-15"},{"lineNumber":48,"author":{"gitId":"Yutarosensei"},"content":"                list_order++;","lastModifiedDate":"2022-04-15"},{"lineNumber":49,"author":{"gitId":"Yutarosensei"},"content":"            }","lastModifiedDate":"2022-04-15"},{"lineNumber":50,"author":{"gitId":"Yutarosensei"},"content":"            System.out.println(\"____________________________________________________________\");","lastModifiedDate":"2022-04-15"},{"lineNumber":51,"author":{"gitId":"Yutarosensei"},"content":"            System.out.println(\"\\n\");","lastModifiedDate":"2022-04-15"},{"lineNumber":52,"author":{"gitId":"Yutarosensei"},"content":"","lastModifiedDate":"2022-04-15"},{"lineNumber":53,"author":{"gitId":"Yutarosensei"},"content":"            list_order \u003d 1;","lastModifiedDate":"2022-04-15"},{"lineNumber":54,"author":{"gitId":"Yutarosensei"},"content":"            add_list();","lastModifiedDate":"2022-04-15"},{"lineNumber":55,"author":{"gitId":"Yutarosensei"},"content":"","lastModifiedDate":"2022-04-15"},{"lineNumber":56,"author":{"gitId":"Yutarosensei"},"content":"        } else if (command.toLowerCase().startsWith(\"mark\")){","lastModifiedDate":"2022-04-15"},{"lineNumber":57,"author":{"gitId":"Yutarosensei"},"content":"            System.out.println(\"____________________________________________________________\" );","lastModifiedDate":"2022-04-15"},{"lineNumber":58,"author":{"gitId":"Yutarosensei"},"content":"            System.out.println(\"Nice! I\u0027ve marked this task as done: \");","lastModifiedDate":"2022-04-15"},{"lineNumber":59,"author":{"gitId":"Yutarosensei"},"content":"","lastModifiedDate":"2022-04-15"},{"lineNumber":60,"author":{"gitId":"Yutarosensei"},"content":"            int taskOrder \u003d Integer.parseInt(command.split(\" \")[1]) - 1;","lastModifiedDate":"2022-04-15"},{"lineNumber":61,"author":{"gitId":"Yutarosensei"},"content":"            list[taskOrder].markAsDone();","lastModifiedDate":"2022-04-15"},{"lineNumber":62,"author":{"gitId":"Yutarosensei"},"content":"            list[taskOrder].printMark();","lastModifiedDate":"2022-04-15"},{"lineNumber":63,"author":{"gitId":"Yutarosensei"},"content":"            add_list();","lastModifiedDate":"2022-04-15"},{"lineNumber":64,"author":{"gitId":"Yutarosensei"},"content":"","lastModifiedDate":"2022-04-15"},{"lineNumber":65,"author":{"gitId":"Yutarosensei"},"content":"        }else if (command.toLowerCase().startsWith(\"unmark\")){","lastModifiedDate":"2022-04-15"},{"lineNumber":66,"author":{"gitId":"Yutarosensei"},"content":"            System.out.println(\"____________________________________________________________\" );","lastModifiedDate":"2022-04-15"},{"lineNumber":67,"author":{"gitId":"Yutarosensei"},"content":"            System.out.println(\"Oh no! I\u0027ve unmarked this task as not done: \");","lastModifiedDate":"2022-04-15"},{"lineNumber":68,"author":{"gitId":"Yutarosensei"},"content":"","lastModifiedDate":"2022-04-15"},{"lineNumber":69,"author":{"gitId":"Yutarosensei"},"content":"            int taskOrder \u003d Integer.parseInt(command.split(\" \")[1]) - 1;","lastModifiedDate":"2022-04-15"},{"lineNumber":70,"author":{"gitId":"Yutarosensei"},"content":"            list[taskOrder].markAsNotDone();","lastModifiedDate":"2022-04-15"},{"lineNumber":71,"author":{"gitId":"Yutarosensei"},"content":"            list[taskOrder].printMark();","lastModifiedDate":"2022-04-15"},{"lineNumber":72,"author":{"gitId":"Yutarosensei"},"content":"            add_list();","lastModifiedDate":"2022-04-15"},{"lineNumber":73,"author":{"gitId":"Yutarosensei"},"content":"","lastModifiedDate":"2022-04-15"},{"lineNumber":74,"author":{"gitId":"Yutarosensei"},"content":"        }else if(command.contains(\"/by\")){","lastModifiedDate":"2022-04-15"},{"lineNumber":75,"author":{"gitId":"Yutarosensei"},"content":"            delimiter \u003d command.indexOf(\"/by\");","lastModifiedDate":"2022-04-15"},{"lineNumber":76,"author":{"gitId":"Yutarosensei"},"content":"            task \u003d command.substring(0, delimiter);","lastModifiedDate":"2022-04-15"},{"lineNumber":77,"author":{"gitId":"Yutarosensei"},"content":"            date \u003d command.substring(delimiter+3);","lastModifiedDate":"2022-04-15"},{"lineNumber":78,"author":{"gitId":"Yutarosensei"},"content":"            list[counter] \u003d new Deadline(task, date);","lastModifiedDate":"2022-04-15"},{"lineNumber":79,"author":{"gitId":"Yutarosensei"},"content":"        }else if(command.contains(\"/at\")){","lastModifiedDate":"2022-04-15"},{"lineNumber":80,"author":{"gitId":"Yutarosensei"},"content":"            delimiter \u003d command.indexOf(\"/at\");","lastModifiedDate":"2022-04-15"},{"lineNumber":81,"author":{"gitId":"Yutarosensei"},"content":"            task \u003d command.substring(0, delimiter);","lastModifiedDate":"2022-04-15"},{"lineNumber":82,"author":{"gitId":"Yutarosensei"},"content":"            date \u003d command.substring(delimiter+3);","lastModifiedDate":"2022-04-15"},{"lineNumber":83,"author":{"gitId":"Yutarosensei"},"content":"            list[counter] \u003d new Event(task, date);","lastModifiedDate":"2022-04-15"},{"lineNumber":84,"author":{"gitId":"Yutarosensei"},"content":"        }else {","lastModifiedDate":"2022-04-15"},{"lineNumber":85,"author":{"gitId":"Yutarosensei"},"content":"            System.out.println(\"added: \" + command + \"\\n\");","lastModifiedDate":"2022-04-15"},{"lineNumber":86,"author":{"gitId":"Yutarosensei"},"content":"            list[counter] \u003d new ToDo(command);","lastModifiedDate":"2022-04-15"},{"lineNumber":87,"author":{"gitId":"Yutarosensei"},"content":"            counter++;","lastModifiedDate":"2022-04-15"},{"lineNumber":88,"author":{"gitId":"Yutarosensei"},"content":"            add_list();","lastModifiedDate":"2022-04-15"},{"lineNumber":89,"author":{"gitId":"Yutarosensei"},"content":"        }","lastModifiedDate":"2022-04-15"},{"lineNumber":90,"author":{"gitId":"Yutarosensei"},"content":"","lastModifiedDate":"2022-04-15"},{"lineNumber":91,"author":{"gitId":"Yutarosensei"},"content":"    }","lastModifiedDate":"2022-04-15"},{"lineNumber":92,"author":{"gitId":"Yutarosensei"},"content":"","lastModifiedDate":"2022-04-15"},{"lineNumber":93,"author":{"gitId":"Yutarosensei"},"content":"    public void printMark()","lastModifiedDate":"2022-04-15"},{"lineNumber":94,"author":{"gitId":"Yutarosensei"},"content":"    {","lastModifiedDate":"2022-04-15"},{"lineNumber":95,"author":{"gitId":"Yutarosensei"},"content":"        System.out.println(\"  [\" + getStatusIcon() + \"] \" + description);","lastModifiedDate":"2022-04-15"},{"lineNumber":96,"author":{"gitId":"Yutarosensei"},"content":"    }","lastModifiedDate":"2022-04-15"},{"lineNumber":97,"author":{"gitId":"Yutarosensei"},"content":"","lastModifiedDate":"2022-04-15"},{"lineNumber":98,"author":{"gitId":"Yutarosensei"},"content":"    public void markAsDone()","lastModifiedDate":"2022-04-15"},{"lineNumber":99,"author":{"gitId":"Yutarosensei"},"content":"    {","lastModifiedDate":"2022-04-15"},{"lineNumber":100,"author":{"gitId":"Yutarosensei"},"content":"        this.isDone \u003d true;","lastModifiedDate":"2022-04-15"},{"lineNumber":101,"author":{"gitId":"Yutarosensei"},"content":"    }","lastModifiedDate":"2022-04-15"},{"lineNumber":102,"author":{"gitId":"Yutarosensei"},"content":"","lastModifiedDate":"2022-04-15"},{"lineNumber":103,"author":{"gitId":"Yutarosensei"},"content":"    public void markAsNotDone()","lastModifiedDate":"2022-04-15"},{"lineNumber":104,"author":{"gitId":"Yutarosensei"},"content":"    {","lastModifiedDate":"2022-04-15"},{"lineNumber":105,"author":{"gitId":"Yutarosensei"},"content":"        this.isDone \u003d false;","lastModifiedDate":"2022-04-15"},{"lineNumber":106,"author":{"gitId":"Yutarosensei"},"content":"    }","lastModifiedDate":"2022-04-15"},{"lineNumber":107,"author":{"gitId":"Yutarosensei"},"content":"    //...","lastModifiedDate":"2022-04-15"},{"lineNumber":108,"author":{"gitId":"Yutarosensei"},"content":"}","lastModifiedDate":"2022-04-15"},{"lineNumber":109,"author":{"gitId":"Yutarosensei"},"content":"","lastModifiedDate":"2022-04-15"}],"authorContributionMap":{"Yutarosensei":109}},{"path":"src/main/java/CommandList.java","fileType":"java","lines":[{"lineNumber":1,"author":{"gitId":"Yutarosensei"},"content":"","lastModifiedDate":"2022-04-15"},{"lineNumber":2,"author":{"gitId":"Yutarosensei"},"content":"public class CommandList {","lastModifiedDate":"2022-04-15"},{"lineNumber":3,"author":{"gitId":"Yutarosensei"},"content":"","lastModifiedDate":"2022-04-15"},{"lineNumber":4,"author":{"gitId":"Yutarosensei"},"content":"    private static String[] list \u003d {","lastModifiedDate":"2022-04-15"},{"lineNumber":5,"author":{"gitId":"Yutarosensei"},"content":"            \"help - display this menu\",","lastModifiedDate":"2022-04-15"},{"lineNumber":6,"author":{"gitId":"Yutarosensei"},"content":"            \"bye - terminate this program\",","lastModifiedDate":"2022-04-15"},{"lineNumber":7,"author":{"gitId":"Yutarosensei"},"content":"            \"list - list your tasks\",","lastModifiedDate":"2022-04-15"},{"lineNumber":8,"author":{"gitId":"Yutarosensei"},"content":"            \"mark \u003cindex of task\u003e - mark the task as done\",","lastModifiedDate":"2022-04-15"},{"lineNumber":9,"author":{"gitId":"Yutarosensei"},"content":"            \"unmark \u003cindex of task\u003e - unmark the task as not done\",","lastModifiedDate":"2022-04-15"},{"lineNumber":10,"author":{"gitId":"Yutarosensei"},"content":"            \"delete \u003cindex of task\u003e - delete the task from the list\",","lastModifiedDate":"2022-04-15"},{"lineNumber":11,"author":{"gitId":"Yutarosensei"},"content":"            \"todo \u003cdescription of task\u003e - create a new todo task\",","lastModifiedDate":"2022-04-15"},{"lineNumber":12,"author":{"gitId":"Yutarosensei"},"content":"            \"deadline \u003cdescription of task\u003e /by \u003cdate/time\u003e - create a new deadline task\",","lastModifiedDate":"2022-04-15"},{"lineNumber":13,"author":{"gitId":"Yutarosensei"},"content":"            \"event \u003cdescription of task\u003e /at \u003cdate/time\u003e - create a new event task\",","lastModifiedDate":"2022-04-15"},{"lineNumber":14,"author":{"gitId":"Yutarosensei"},"content":"    };","lastModifiedDate":"2022-04-15"},{"lineNumber":15,"author":{"gitId":"Yutarosensei"},"content":"","lastModifiedDate":"2022-04-15"},{"lineNumber":16,"author":{"gitId":"Yutarosensei"},"content":"    public static void help(){","lastModifiedDate":"2022-04-15"},{"lineNumber":17,"author":{"gitId":"Yutarosensei"},"content":"        System.out.println(\"Below are commands I currently understand :)\");","lastModifiedDate":"2022-04-15"},{"lineNumber":18,"author":{"gitId":"Yutarosensei"},"content":"        for(String str : list){","lastModifiedDate":"2022-04-15"},{"lineNumber":19,"author":{"gitId":"Yutarosensei"},"content":"            System.out.println(str);","lastModifiedDate":"2022-04-15"},{"lineNumber":20,"author":{"gitId":"Yutarosensei"},"content":"        }","lastModifiedDate":"2022-04-15"},{"lineNumber":21,"author":{"gitId":"Yutarosensei"},"content":"        System.out.println(\"---End of Command List---\");","lastModifiedDate":"2022-04-15"},{"lineNumber":22,"author":{"gitId":"Yutarosensei"},"content":"    }","lastModifiedDate":"2022-04-15"},{"lineNumber":23,"author":{"gitId":"Yutarosensei"},"content":"}","lastModifiedDate":"2022-04-15"},{"lineNumber":24,"author":{"gitId":"Yutarosensei"},"content":"","lastModifiedDate":"2022-04-15"}],"authorContributionMap":{"Yutarosensei":24}},{"path":"src/main/java/Deadline.java","fileType":"java","lines":[{"lineNumber":1,"author":{"gitId":"Yutarosensei"},"content":"","lastModifiedDate":"2022-04-15"},{"lineNumber":2,"author":{"gitId":"Yutarosensei"},"content":"","lastModifiedDate":"2022-04-15"},{"lineNumber":3,"author":{"gitId":"Yutarosensei"},"content":"public class Deadline extends Task {","lastModifiedDate":"2022-04-15"},{"lineNumber":4,"author":{"gitId":"Yutarosensei"},"content":"","lastModifiedDate":"2022-04-15"},{"lineNumber":5,"author":{"gitId":"Yutarosensei"},"content":"    protected String deadlines;","lastModifiedDate":"2022-04-15"},{"lineNumber":6,"author":{"gitId":"Yutarosensei"},"content":"","lastModifiedDate":"2022-04-15"},{"lineNumber":7,"author":{"gitId":"Yutarosensei"},"content":"    public Deadline(String description, String deadlines) {","lastModifiedDate":"2022-04-15"},{"lineNumber":8,"author":{"gitId":"Yutarosensei"},"content":"        super(description);","lastModifiedDate":"2022-04-15"},{"lineNumber":9,"author":{"gitId":"Yutarosensei"},"content":"        this.deadlines \u003d deadlines;","lastModifiedDate":"2022-04-15"},{"lineNumber":10,"author":{"gitId":"Yutarosensei"},"content":"        System.out.println(\"Got it. I\u0027ve added this task:\");","lastModifiedDate":"2022-04-15"},{"lineNumber":11,"author":{"gitId":"Yutarosensei"},"content":"        System.out.println(this.toString());","lastModifiedDate":"2022-04-15"},{"lineNumber":12,"author":{"gitId":"Yutarosensei"},"content":"    }","lastModifiedDate":"2022-04-15"},{"lineNumber":13,"author":{"gitId":"Yutarosensei"},"content":"","lastModifiedDate":"2022-04-15"},{"lineNumber":14,"author":{"gitId":"Yutarosensei"},"content":"    @Override","lastModifiedDate":"2022-04-15"},{"lineNumber":15,"author":{"gitId":"Yutarosensei"},"content":"    public String toString() {","lastModifiedDate":"2022-04-15"},{"lineNumber":16,"author":{"gitId":"Yutarosensei"},"content":"        return \"[D]\" + super.toString() + \"(by:\" + deadlines + \")\";","lastModifiedDate":"2022-04-15"},{"lineNumber":17,"author":{"gitId":"Yutarosensei"},"content":"    }","lastModifiedDate":"2022-04-15"},{"lineNumber":18,"author":{"gitId":"Yutarosensei"},"content":"}","lastModifiedDate":"2022-04-15"},{"lineNumber":19,"author":{"gitId":"Yutarosensei"},"content":"","lastModifiedDate":"2022-04-15"}],"authorContributionMap":{"Yutarosensei":19}},{"path":"src/main/java/Duke.java","fileType":"java","lines":[{"lineNumber":1,"author":{"gitId":"Yutarosensei"},"content":"import java.util.Scanner;","lastModifiedDate":"2022-04-09"},{"lineNumber":2,"author":{"gitId":"Yutarosensei"},"content":"","lastModifiedDate":"2022-04-09"},{"lineNumber":3,"author":{"gitId":"-"},"content":"public class Duke {","lastModifiedDate":"2019-07-29"},{"lineNumber":4,"author":{"gitId":"Yutarosensei"},"content":"","lastModifiedDate":"2022-04-09"},{"lineNumber":5,"author":{"gitId":"-"},"content":"        public static void main (String[]args){","lastModifiedDate":"2019-07-29"},{"lineNumber":6,"author":{"gitId":"-"},"content":"            String logo \u003d \" ____        _        \\n\"","lastModifiedDate":"2019-07-29"},{"lineNumber":7,"author":{"gitId":"-"},"content":"                    + \"|  _ \\\\ _   _| | _____ \\n\"","lastModifiedDate":"2019-07-29"},{"lineNumber":8,"author":{"gitId":"-"},"content":"                    + \"| | | | | | | |/ / _ \\\\\\n\"","lastModifiedDate":"2019-07-29"},{"lineNumber":9,"author":{"gitId":"-"},"content":"                    + \"| |_| | |_| |   \u003c  __/\\n\"","lastModifiedDate":"2019-07-29"},{"lineNumber":10,"author":{"gitId":"-"},"content":"                    + \"|____/ \\\\__,_|_|\\\\_\\\\___|\\n\";","lastModifiedDate":"2019-07-29"},{"lineNumber":11,"author":{"gitId":"-"},"content":"            System.out.println(\"Hello from\\n\" + logo);","lastModifiedDate":"2019-07-29"},{"lineNumber":12,"author":{"gitId":"Yutarosensei"},"content":"","lastModifiedDate":"2022-04-09"},{"lineNumber":13,"author":{"gitId":"Yutarosensei"},"content":"            System.out.println(\"Hello I am Taro the Duke\");","lastModifiedDate":"2022-04-09"},{"lineNumber":14,"author":{"gitId":"Yutarosensei"},"content":"            System.out.println(\"What can I do for you today?\");","lastModifiedDate":"2022-04-09"},{"lineNumber":15,"author":{"gitId":"Yutarosensei"},"content":"","lastModifiedDate":"2022-04-09"},{"lineNumber":16,"author":{"gitId":"Yutarosensei"},"content":"            new TaskList();","lastModifiedDate":"2022-04-15"},{"lineNumber":17,"author":{"gitId":"Yutarosensei"},"content":"","lastModifiedDate":"2022-04-10"},{"lineNumber":18,"author":{"gitId":"Yutarosensei"},"content":"            while(true) {","lastModifiedDate":"2022-04-15"},{"lineNumber":19,"author":{"gitId":"Yutarosensei"},"content":"                Scanner scanInput \u003d new Scanner(System.in); //Scan user input","lastModifiedDate":"2022-04-15"},{"lineNumber":20,"author":{"gitId":"Yutarosensei"},"content":"                String userInput \u003d scanInput.nextLine(); //Read user input","lastModifiedDate":"2022-04-15"},{"lineNumber":21,"author":{"gitId":"Yutarosensei"},"content":"                Parser.parse(userInput);","lastModifiedDate":"2022-04-15"},{"lineNumber":22,"author":{"gitId":"Yutarosensei"},"content":"            }","lastModifiedDate":"2022-04-15"},{"lineNumber":23,"author":{"gitId":"-"},"content":"        }","lastModifiedDate":"2019-07-29"},{"lineNumber":24,"author":{"gitId":"Yutarosensei"},"content":"","lastModifiedDate":"2022-04-09"},{"lineNumber":25,"author":{"gitId":"-"},"content":"    }","lastModifiedDate":"2019-07-29"},{"lineNumber":26,"author":{"gitId":"Yutarosensei"},"content":"","lastModifiedDate":"2022-04-09"}],"authorContributionMap":{"Yutarosensei":16,"-":10}},{"path":"src/main/java/Event.java","fileType":"java","lines":[{"lineNumber":1,"author":{"gitId":"Yutarosensei"},"content":"import java.util.Arrays;","lastModifiedDate":"2022-04-15"},{"lineNumber":2,"author":{"gitId":"Yutarosensei"},"content":"import java.util.Scanner;","lastModifiedDate":"2022-04-15"},{"lineNumber":3,"author":{"gitId":"Yutarosensei"},"content":"","lastModifiedDate":"2022-04-15"},{"lineNumber":4,"author":{"gitId":"Yutarosensei"},"content":"","lastModifiedDate":"2022-04-15"},{"lineNumber":5,"author":{"gitId":"Yutarosensei"},"content":"public class  Event extends Task {","lastModifiedDate":"2022-04-15"},{"lineNumber":6,"author":{"gitId":"Yutarosensei"},"content":"","lastModifiedDate":"2022-04-15"},{"lineNumber":7,"author":{"gitId":"Yutarosensei"},"content":"    protected String events;","lastModifiedDate":"2022-04-15"},{"lineNumber":8,"author":{"gitId":"Yutarosensei"},"content":"","lastModifiedDate":"2022-04-15"},{"lineNumber":9,"author":{"gitId":"Yutarosensei"},"content":"    public Event(String description, String events) {","lastModifiedDate":"2022-04-15"},{"lineNumber":10,"author":{"gitId":"Yutarosensei"},"content":"        super(description);","lastModifiedDate":"2022-04-15"},{"lineNumber":11,"author":{"gitId":"Yutarosensei"},"content":"        this.events \u003d events;","lastModifiedDate":"2022-04-15"},{"lineNumber":12,"author":{"gitId":"Yutarosensei"},"content":"        System.out.println(\"Got it. I\u0027ve added this task:\");","lastModifiedDate":"2022-04-15"},{"lineNumber":13,"author":{"gitId":"Yutarosensei"},"content":"        System.out.println(this.toString());","lastModifiedDate":"2022-04-15"},{"lineNumber":14,"author":{"gitId":"Yutarosensei"},"content":"    }","lastModifiedDate":"2022-04-15"},{"lineNumber":15,"author":{"gitId":"Yutarosensei"},"content":"","lastModifiedDate":"2022-04-15"},{"lineNumber":16,"author":{"gitId":"Yutarosensei"},"content":"    @Override","lastModifiedDate":"2022-04-15"},{"lineNumber":17,"author":{"gitId":"Yutarosensei"},"content":"    public String toString() {","lastModifiedDate":"2022-04-15"},{"lineNumber":18,"author":{"gitId":"Yutarosensei"},"content":"        return \"[E]\" + super.toString() + \"(at:\" + events +\")\";","lastModifiedDate":"2022-04-15"},{"lineNumber":19,"author":{"gitId":"Yutarosensei"},"content":"    }","lastModifiedDate":"2022-04-15"},{"lineNumber":20,"author":{"gitId":"Yutarosensei"},"content":"}","lastModifiedDate":"2022-04-15"},{"lineNumber":21,"author":{"gitId":"Yutarosensei"},"content":"","lastModifiedDate":"2022-04-15"}],"authorContributionMap":{"Yutarosensei":21}},{"path":"src/main/java/Parser.java","fileType":"java","lines":[{"lineNumber":1,"author":{"gitId":"Yutarosensei"},"content":"public class Parser extends Exception{","lastModifiedDate":"2022-04-15"},{"lineNumber":2,"author":{"gitId":"Yutarosensei"},"content":"","lastModifiedDate":"2022-04-15"},{"lineNumber":3,"author":{"gitId":"Yutarosensei"},"content":"    private static void taskValidate (String userInput, String taskType) throws StringIndexOutOfBoundsException{","lastModifiedDate":"2022-04-15"},{"lineNumber":4,"author":{"gitId":"Yutarosensei"},"content":"        try {","lastModifiedDate":"2022-04-15"},{"lineNumber":5,"author":{"gitId":"Yutarosensei"},"content":"            String description \u003d userInput.substring(0, userInput.indexOf(\u0027 \u0027));","lastModifiedDate":"2022-04-15"},{"lineNumber":6,"author":{"gitId":"Yutarosensei"},"content":"        } catch (StringIndexOutOfBoundsException s) {","lastModifiedDate":"2022-04-15"},{"lineNumber":7,"author":{"gitId":"Yutarosensei"},"content":"            // Missing description (task)","lastModifiedDate":"2022-04-15"},{"lineNumber":8,"author":{"gitId":"Yutarosensei"},"content":"            System.out.println(\"☹ OOPS!!! The description of a \" + taskType + \" cannot be empty.\");","lastModifiedDate":"2022-04-15"},{"lineNumber":9,"author":{"gitId":"Yutarosensei"},"content":"            throw new StringIndexOutOfBoundsException();","lastModifiedDate":"2022-04-15"},{"lineNumber":10,"author":{"gitId":"Yutarosensei"},"content":"        }","lastModifiedDate":"2022-04-15"},{"lineNumber":11,"author":{"gitId":"Yutarosensei"},"content":"    }","lastModifiedDate":"2022-04-15"},{"lineNumber":12,"author":{"gitId":"Yutarosensei"},"content":"    private static void dateValidate (String userInput, String taskType) throws StringIndexOutOfBoundsException {","lastModifiedDate":"2022-04-15"},{"lineNumber":13,"author":{"gitId":"Yutarosensei"},"content":"        //Below checks are for deadlines and events","lastModifiedDate":"2022-04-15"},{"lineNumber":14,"author":{"gitId":"Yutarosensei"},"content":"        int delimiter \u003d 0;","lastModifiedDate":"2022-04-15"},{"lineNumber":15,"author":{"gitId":"Yutarosensei"},"content":"        if(taskType.equals(\"deadline\")){","lastModifiedDate":"2022-04-15"},{"lineNumber":16,"author":{"gitId":"Yutarosensei"},"content":"            delimiter \u003d userInput.indexOf(\"/by\");","lastModifiedDate":"2022-04-15"},{"lineNumber":17,"author":{"gitId":"Yutarosensei"},"content":"            if(delimiter \u003d\u003d -1){","lastModifiedDate":"2022-04-15"},{"lineNumber":18,"author":{"gitId":"Yutarosensei"},"content":"                //Validate /by","lastModifiedDate":"2022-04-15"},{"lineNumber":19,"author":{"gitId":"Yutarosensei"},"content":"                System.out.println(\"☹ OOPS!!! Please make sure /by is mentioned for \" + taskType);","lastModifiedDate":"2022-04-15"},{"lineNumber":20,"author":{"gitId":"Yutarosensei"},"content":"                throw new StringIndexOutOfBoundsException();","lastModifiedDate":"2022-04-15"},{"lineNumber":21,"author":{"gitId":"Yutarosensei"},"content":"            }","lastModifiedDate":"2022-04-15"},{"lineNumber":22,"author":{"gitId":"Yutarosensei"},"content":"        }else if(taskType.equals(\"event\")){","lastModifiedDate":"2022-04-15"},{"lineNumber":23,"author":{"gitId":"Yutarosensei"},"content":"            delimiter \u003d userInput.indexOf(\"/at\");","lastModifiedDate":"2022-04-15"},{"lineNumber":24,"author":{"gitId":"Yutarosensei"},"content":"            if(delimiter \u003d\u003d -1){","lastModifiedDate":"2022-04-15"},{"lineNumber":25,"author":{"gitId":"Yutarosensei"},"content":"                //Validate /at","lastModifiedDate":"2022-04-15"},{"lineNumber":26,"author":{"gitId":"Yutarosensei"},"content":"                System.out.println(\"☹ OOPS!!! Please make sure /at is mentioned for \" + taskType);","lastModifiedDate":"2022-04-15"},{"lineNumber":27,"author":{"gitId":"Yutarosensei"},"content":"                throw new StringIndexOutOfBoundsException();","lastModifiedDate":"2022-04-15"},{"lineNumber":28,"author":{"gitId":"Yutarosensei"},"content":"            }","lastModifiedDate":"2022-04-15"},{"lineNumber":29,"author":{"gitId":"Yutarosensei"},"content":"        }","lastModifiedDate":"2022-04-15"},{"lineNumber":30,"author":{"gitId":"Yutarosensei"},"content":"","lastModifiedDate":"2022-04-15"},{"lineNumber":31,"author":{"gitId":"Yutarosensei"},"content":"        String date \u003d userInput.substring(delimiter + 3);","lastModifiedDate":"2022-04-15"},{"lineNumber":32,"author":{"gitId":"Yutarosensei"},"content":"        //Validate if date is empty","lastModifiedDate":"2022-04-15"},{"lineNumber":33,"author":{"gitId":"Yutarosensei"},"content":"        if (date.isBlank()) {","lastModifiedDate":"2022-04-15"},{"lineNumber":34,"author":{"gitId":"Yutarosensei"},"content":"            System.out.println(\"☹ OOPS!!! The date of a \" + taskType + \" cannot be empty.\");","lastModifiedDate":"2022-04-15"},{"lineNumber":35,"author":{"gitId":"Yutarosensei"},"content":"            throw new StringIndexOutOfBoundsException();","lastModifiedDate":"2022-04-15"},{"lineNumber":36,"author":{"gitId":"Yutarosensei"},"content":"        }","lastModifiedDate":"2022-04-15"},{"lineNumber":37,"author":{"gitId":"Yutarosensei"},"content":"        //Validate if description is empty","lastModifiedDate":"2022-04-15"},{"lineNumber":38,"author":{"gitId":"Yutarosensei"},"content":"        String description \u003d userInput.substring(userInput.indexOf(\u0027 \u0027), delimiter);","lastModifiedDate":"2022-04-15"},{"lineNumber":39,"author":{"gitId":"Yutarosensei"},"content":"        if (description.isBlank()) {","lastModifiedDate":"2022-04-15"},{"lineNumber":40,"author":{"gitId":"Yutarosensei"},"content":"            System.out.println(\"☹ OOPS!!! The description of a \" + taskType + \" cannot be empty.\");","lastModifiedDate":"2022-04-15"},{"lineNumber":41,"author":{"gitId":"Yutarosensei"},"content":"            throw new StringIndexOutOfBoundsException();","lastModifiedDate":"2022-04-15"},{"lineNumber":42,"author":{"gitId":"Yutarosensei"},"content":"        }","lastModifiedDate":"2022-04-15"},{"lineNumber":43,"author":{"gitId":"Yutarosensei"},"content":"    }","lastModifiedDate":"2022-04-15"},{"lineNumber":44,"author":{"gitId":"Yutarosensei"},"content":"    private static void indexValidate (String userInput, String action) throws NumberFormatException{","lastModifiedDate":"2022-04-15"},{"lineNumber":45,"author":{"gitId":"Yutarosensei"},"content":"        try {","lastModifiedDate":"2022-04-15"},{"lineNumber":46,"author":{"gitId":"Yutarosensei"},"content":"            String index \u003d userInput.substring(userInput.indexOf(\u0027 \u0027)+1);","lastModifiedDate":"2022-04-15"},{"lineNumber":47,"author":{"gitId":"Yutarosensei"},"content":"            int i \u003d Integer.parseInt(index);","lastModifiedDate":"2022-04-15"},{"lineNumber":48,"author":{"gitId":"Yutarosensei"},"content":"        } catch (NumberFormatException n) {","lastModifiedDate":"2022-04-15"},{"lineNumber":49,"author":{"gitId":"Yutarosensei"},"content":"            // Missing index","lastModifiedDate":"2022-04-15"},{"lineNumber":50,"author":{"gitId":"Yutarosensei"},"content":"            System.out.println(\"☹ OOPS!!! Please indicate the index of the task you wish to \" + action +\"!\");","lastModifiedDate":"2022-04-15"},{"lineNumber":51,"author":{"gitId":"Yutarosensei"},"content":"            throw new NumberFormatException();","lastModifiedDate":"2022-04-15"},{"lineNumber":52,"author":{"gitId":"Yutarosensei"},"content":"        }","lastModifiedDate":"2022-04-15"},{"lineNumber":53,"author":{"gitId":"Yutarosensei"},"content":"    }","lastModifiedDate":"2022-04-15"},{"lineNumber":54,"author":{"gitId":"Yutarosensei"},"content":"","lastModifiedDate":"2022-04-15"},{"lineNumber":55,"author":{"gitId":"Yutarosensei"},"content":"    public static void parse(String userInput){","lastModifiedDate":"2022-04-15"},{"lineNumber":56,"author":{"gitId":"Yutarosensei"},"content":"","lastModifiedDate":"2022-04-15"},{"lineNumber":57,"author":{"gitId":"Yutarosensei"},"content":"        String command \u003d userInput.split(\" \")[0];","lastModifiedDate":"2022-04-15"},{"lineNumber":58,"author":{"gitId":"Yutarosensei"},"content":"","lastModifiedDate":"2022-04-15"},{"lineNumber":59,"author":{"gitId":"Yutarosensei"},"content":"        switch(command) {","lastModifiedDate":"2022-04-15"},{"lineNumber":60,"author":{"gitId":"Yutarosensei"},"content":"            //Help Function","lastModifiedDate":"2022-04-15"},{"lineNumber":61,"author":{"gitId":"Yutarosensei"},"content":"            case \"help\":","lastModifiedDate":"2022-04-15"},{"lineNumber":62,"author":{"gitId":"Yutarosensei"},"content":"                CommandList.help();","lastModifiedDate":"2022-04-15"},{"lineNumber":63,"author":{"gitId":"Yutarosensei"},"content":"                break;","lastModifiedDate":"2022-04-15"},{"lineNumber":64,"author":{"gitId":"Yutarosensei"},"content":"","lastModifiedDate":"2022-04-15"},{"lineNumber":65,"author":{"gitId":"Yutarosensei"},"content":"            //Level 1 Greet, Echo, Exit","lastModifiedDate":"2022-04-15"},{"lineNumber":66,"author":{"gitId":"Yutarosensei"},"content":"            case \"bye\":","lastModifiedDate":"2022-04-15"},{"lineNumber":67,"author":{"gitId":"Yutarosensei"},"content":"                System.out.println(\"Bye. Hope to see you again soon!\");","lastModifiedDate":"2022-04-15"},{"lineNumber":68,"author":{"gitId":"Yutarosensei"},"content":"                System.exit(0); //Exit program","lastModifiedDate":"2022-04-15"},{"lineNumber":69,"author":{"gitId":"Yutarosensei"},"content":"            case \"list\":","lastModifiedDate":"2022-04-15"},{"lineNumber":70,"author":{"gitId":"Yutarosensei"},"content":"                TaskList.list();","lastModifiedDate":"2022-04-15"},{"lineNumber":71,"author":{"gitId":"Yutarosensei"},"content":"                break;","lastModifiedDate":"2022-04-15"},{"lineNumber":72,"author":{"gitId":"Yutarosensei"},"content":"            case \"mark\":","lastModifiedDate":"2022-04-15"},{"lineNumber":73,"author":{"gitId":"Yutarosensei"},"content":"                try {","lastModifiedDate":"2022-04-15"},{"lineNumber":74,"author":{"gitId":"Yutarosensei"},"content":"                    indexValidate(userInput,\"mark\");","lastModifiedDate":"2022-04-15"},{"lineNumber":75,"author":{"gitId":"Yutarosensei"},"content":"                }catch (NumberFormatException n){","lastModifiedDate":"2022-04-15"},{"lineNumber":76,"author":{"gitId":"Yutarosensei"},"content":"                    return;","lastModifiedDate":"2022-04-15"},{"lineNumber":77,"author":{"gitId":"Yutarosensei"},"content":"                }","lastModifiedDate":"2022-04-15"},{"lineNumber":78,"author":{"gitId":"Yutarosensei"},"content":"                TaskList.mark(userInput);","lastModifiedDate":"2022-04-15"},{"lineNumber":79,"author":{"gitId":"Yutarosensei"},"content":"                break;","lastModifiedDate":"2022-04-15"},{"lineNumber":80,"author":{"gitId":"Yutarosensei"},"content":"            case \"unmark\":","lastModifiedDate":"2022-04-15"},{"lineNumber":81,"author":{"gitId":"Yutarosensei"},"content":"                try {","lastModifiedDate":"2022-04-15"},{"lineNumber":82,"author":{"gitId":"Yutarosensei"},"content":"                    indexValidate(userInput,\"unmark\");","lastModifiedDate":"2022-04-15"},{"lineNumber":83,"author":{"gitId":"Yutarosensei"},"content":"                }catch (NumberFormatException n){","lastModifiedDate":"2022-04-15"},{"lineNumber":84,"author":{"gitId":"Yutarosensei"},"content":"                    return;","lastModifiedDate":"2022-04-15"},{"lineNumber":85,"author":{"gitId":"Yutarosensei"},"content":"                }","lastModifiedDate":"2022-04-15"},{"lineNumber":86,"author":{"gitId":"Yutarosensei"},"content":"                TaskList.unmark(userInput);","lastModifiedDate":"2022-04-15"},{"lineNumber":87,"author":{"gitId":"Yutarosensei"},"content":"                break;","lastModifiedDate":"2022-04-15"},{"lineNumber":88,"author":{"gitId":"Yutarosensei"},"content":"            case \"delete\":","lastModifiedDate":"2022-04-15"},{"lineNumber":89,"author":{"gitId":"Yutarosensei"},"content":"                try {","lastModifiedDate":"2022-04-15"},{"lineNumber":90,"author":{"gitId":"Yutarosensei"},"content":"                    indexValidate(userInput,\"delete\");","lastModifiedDate":"2022-04-15"},{"lineNumber":91,"author":{"gitId":"Yutarosensei"},"content":"                }catch (NumberFormatException n){","lastModifiedDate":"2022-04-15"},{"lineNumber":92,"author":{"gitId":"Yutarosensei"},"content":"                    return;","lastModifiedDate":"2022-04-15"},{"lineNumber":93,"author":{"gitId":"Yutarosensei"},"content":"                }","lastModifiedDate":"2022-04-15"},{"lineNumber":94,"author":{"gitId":"Yutarosensei"},"content":"                TaskList.delete(userInput);","lastModifiedDate":"2022-04-15"},{"lineNumber":95,"author":{"gitId":"Yutarosensei"},"content":"                break;","lastModifiedDate":"2022-04-15"},{"lineNumber":96,"author":{"gitId":"Yutarosensei"},"content":"            case \"todo\":","lastModifiedDate":"2022-04-15"},{"lineNumber":97,"author":{"gitId":"Yutarosensei"},"content":"                try {","lastModifiedDate":"2022-04-15"},{"lineNumber":98,"author":{"gitId":"Yutarosensei"},"content":"                    taskValidate(userInput, \"todo\");","lastModifiedDate":"2022-04-15"},{"lineNumber":99,"author":{"gitId":"Yutarosensei"},"content":"                } catch (StringIndexOutOfBoundsException s){","lastModifiedDate":"2022-04-15"},{"lineNumber":100,"author":{"gitId":"Yutarosensei"},"content":"                    return;","lastModifiedDate":"2022-04-15"},{"lineNumber":101,"author":{"gitId":"Yutarosensei"},"content":"                }","lastModifiedDate":"2022-04-15"},{"lineNumber":102,"author":{"gitId":"Yutarosensei"},"content":"                TaskList.todo(userInput);","lastModifiedDate":"2022-04-15"},{"lineNumber":103,"author":{"gitId":"Yutarosensei"},"content":"                break;","lastModifiedDate":"2022-04-15"},{"lineNumber":104,"author":{"gitId":"Yutarosensei"},"content":"            case \"deadline\":","lastModifiedDate":"2022-04-15"},{"lineNumber":105,"author":{"gitId":"Yutarosensei"},"content":"                try {","lastModifiedDate":"2022-04-15"},{"lineNumber":106,"author":{"gitId":"Yutarosensei"},"content":"                    taskValidate(userInput, \"deadline\");","lastModifiedDate":"2022-04-15"},{"lineNumber":107,"author":{"gitId":"Yutarosensei"},"content":"                    dateValidate(userInput, \"deadline\");","lastModifiedDate":"2022-04-15"},{"lineNumber":108,"author":{"gitId":"Yutarosensei"},"content":"                } catch (StringIndexOutOfBoundsException s){","lastModifiedDate":"2022-04-15"},{"lineNumber":109,"author":{"gitId":"Yutarosensei"},"content":"                    return;","lastModifiedDate":"2022-04-15"},{"lineNumber":110,"author":{"gitId":"Yutarosensei"},"content":"                }","lastModifiedDate":"2022-04-15"},{"lineNumber":111,"author":{"gitId":"Yutarosensei"},"content":"                TaskList.deadline(userInput);","lastModifiedDate":"2022-04-15"},{"lineNumber":112,"author":{"gitId":"Yutarosensei"},"content":"                break;","lastModifiedDate":"2022-04-15"},{"lineNumber":113,"author":{"gitId":"Yutarosensei"},"content":"            case \"event\":","lastModifiedDate":"2022-04-15"},{"lineNumber":114,"author":{"gitId":"Yutarosensei"},"content":"                try {","lastModifiedDate":"2022-04-15"},{"lineNumber":115,"author":{"gitId":"Yutarosensei"},"content":"                    taskValidate(userInput, \"event\");","lastModifiedDate":"2022-04-15"},{"lineNumber":116,"author":{"gitId":"Yutarosensei"},"content":"                    dateValidate(userInput, \"event\");","lastModifiedDate":"2022-04-15"},{"lineNumber":117,"author":{"gitId":"Yutarosensei"},"content":"                } catch (StringIndexOutOfBoundsException s){","lastModifiedDate":"2022-04-15"},{"lineNumber":118,"author":{"gitId":"Yutarosensei"},"content":"                    return;","lastModifiedDate":"2022-04-15"},{"lineNumber":119,"author":{"gitId":"Yutarosensei"},"content":"                }","lastModifiedDate":"2022-04-15"},{"lineNumber":120,"author":{"gitId":"Yutarosensei"},"content":"                TaskList.event(userInput);","lastModifiedDate":"2022-04-15"},{"lineNumber":121,"author":{"gitId":"Yutarosensei"},"content":"                break;","lastModifiedDate":"2022-04-15"},{"lineNumber":122,"author":{"gitId":"Yutarosensei"},"content":"            default:","lastModifiedDate":"2022-04-15"},{"lineNumber":123,"author":{"gitId":"Yutarosensei"},"content":"                //Level 5 Else, unrecognized command","lastModifiedDate":"2022-04-15"},{"lineNumber":124,"author":{"gitId":"Yutarosensei"},"content":"                System.out.println(\"☹ OOPS!!! I\u0027m sorry, but I don\u0027t know what that means :-(\");","lastModifiedDate":"2022-04-15"},{"lineNumber":125,"author":{"gitId":"Yutarosensei"},"content":"                break;","lastModifiedDate":"2022-04-15"},{"lineNumber":126,"author":{"gitId":"Yutarosensei"},"content":"        }","lastModifiedDate":"2022-04-15"},{"lineNumber":127,"author":{"gitId":"Yutarosensei"},"content":"    }","lastModifiedDate":"2022-04-15"},{"lineNumber":128,"author":{"gitId":"Yutarosensei"},"content":"","lastModifiedDate":"2022-04-15"},{"lineNumber":129,"author":{"gitId":"Yutarosensei"},"content":"","lastModifiedDate":"2022-04-15"},{"lineNumber":130,"author":{"gitId":"Yutarosensei"},"content":"}","lastModifiedDate":"2022-04-15"},{"lineNumber":131,"author":{"gitId":"Yutarosensei"},"content":"","lastModifiedDate":"2022-04-15"}],"authorContributionMap":{"Yutarosensei":131}},{"path":"src/main/java/Task.java","fileType":"java","lines":[{"lineNumber":1,"author":{"gitId":"Yutarosensei"},"content":"import java.util.Arrays;","lastModifiedDate":"2022-04-10"},{"lineNumber":2,"author":{"gitId":"Yutarosensei"},"content":"import java.util.Scanner;","lastModifiedDate":"2022-04-10"},{"lineNumber":3,"author":{"gitId":"Yutarosensei"},"content":"","lastModifiedDate":"2022-04-10"},{"lineNumber":4,"author":{"gitId":"Yutarosensei"},"content":"","lastModifiedDate":"2022-04-10"},{"lineNumber":5,"author":{"gitId":"Yutarosensei"},"content":"public class Task {","lastModifiedDate":"2022-04-10"},{"lineNumber":6,"author":{"gitId":"Yutarosensei"},"content":"","lastModifiedDate":"2022-04-10"},{"lineNumber":7,"author":{"gitId":"Yutarosensei"},"content":"    protected String description;","lastModifiedDate":"2022-04-10"},{"lineNumber":8,"author":{"gitId":"Yutarosensei"},"content":"    protected boolean isDone;","lastModifiedDate":"2022-04-10"},{"lineNumber":9,"author":{"gitId":"Yutarosensei"},"content":"    public Task(String description) {","lastModifiedDate":"2022-04-10"},{"lineNumber":10,"author":{"gitId":"Yutarosensei"},"content":"        this.description \u003d description;","lastModifiedDate":"2022-04-10"},{"lineNumber":11,"author":{"gitId":"Yutarosensei"},"content":"        this.isDone \u003d false;","lastModifiedDate":"2022-04-10"},{"lineNumber":12,"author":{"gitId":"Yutarosensei"},"content":"    }","lastModifiedDate":"2022-04-10"},{"lineNumber":13,"author":{"gitId":"Yutarosensei"},"content":"    public String getStatusIcon() {","lastModifiedDate":"2022-04-10"},{"lineNumber":14,"author":{"gitId":"Yutarosensei"},"content":"        return (isDone ? \"X\" : \" \"); // mark done task with X","lastModifiedDate":"2022-04-10"},{"lineNumber":15,"author":{"gitId":"Yutarosensei"},"content":"    }","lastModifiedDate":"2022-04-10"},{"lineNumber":16,"author":{"gitId":"Yutarosensei"},"content":"","lastModifiedDate":"2022-04-10"},{"lineNumber":17,"author":{"gitId":"Yutarosensei"},"content":"    public String toString() {","lastModifiedDate":"2022-04-15"},{"lineNumber":18,"author":{"gitId":"Yutarosensei"},"content":"        return \"[\" + getStatusIcon() + \"] \" + description;","lastModifiedDate":"2022-04-10"},{"lineNumber":19,"author":{"gitId":"Yutarosensei"},"content":"    }","lastModifiedDate":"2022-04-10"},{"lineNumber":20,"author":{"gitId":"Yutarosensei"},"content":"}","lastModifiedDate":"2022-04-10"},{"lineNumber":21,"author":{"gitId":"Yutarosensei"},"content":"","lastModifiedDate":"2022-04-10"}],"authorContributionMap":{"Yutarosensei":21}},{"path":"src/main/java/TaskList.java","fileType":"java","lines":[{"lineNumber":1,"author":{"gitId":"Yutarosensei"},"content":"import java.util.ArrayList;","lastModifiedDate":"2022-04-15"},{"lineNumber":2,"author":{"gitId":"Yutarosensei"},"content":"","lastModifiedDate":"2022-04-15"},{"lineNumber":3,"author":{"gitId":"Yutarosensei"},"content":"public class TaskList {","lastModifiedDate":"2022-04-15"},{"lineNumber":4,"author":{"gitId":"Yutarosensei"},"content":"","lastModifiedDate":"2022-04-15"},{"lineNumber":5,"author":{"gitId":"Yutarosensei"},"content":"    private static ArrayList\u003cTask\u003e taskList \u003d new ArrayList\u003c\u003e();","lastModifiedDate":"2022-04-15"},{"lineNumber":6,"author":{"gitId":"Yutarosensei"},"content":"    private static int numOfTasks;","lastModifiedDate":"2022-04-15"},{"lineNumber":7,"author":{"gitId":"Yutarosensei"},"content":"","lastModifiedDate":"2022-04-15"},{"lineNumber":8,"author":{"gitId":"Yutarosensei"},"content":"    //Constructor of TaskList","lastModifiedDate":"2022-04-15"},{"lineNumber":9,"author":{"gitId":"Yutarosensei"},"content":"    public TaskList() {","lastModifiedDate":"2022-04-15"},{"lineNumber":10,"author":{"gitId":"Yutarosensei"},"content":"        numOfTasks \u003d 0;","lastModifiedDate":"2022-04-15"},{"lineNumber":11,"author":{"gitId":"Yutarosensei"},"content":"    }","lastModifiedDate":"2022-04-15"},{"lineNumber":12,"author":{"gitId":"Yutarosensei"},"content":"","lastModifiedDate":"2022-04-15"},{"lineNumber":13,"author":{"gitId":"Yutarosensei"},"content":"    //Finding index of taskList","lastModifiedDate":"2022-04-15"},{"lineNumber":14,"author":{"gitId":"Yutarosensei"},"content":"    private static int indexer(String userInput) {","lastModifiedDate":"2022-04-15"},{"lineNumber":15,"author":{"gitId":"Yutarosensei"},"content":"        if (numOfTasks \u003d\u003d 0) {","lastModifiedDate":"2022-04-15"},{"lineNumber":16,"author":{"gitId":"Yutarosensei"},"content":"            System.out.println(\"☹ OOPS!!! There is no task in your list!\");","lastModifiedDate":"2022-04-15"},{"lineNumber":17,"author":{"gitId":"Yutarosensei"},"content":"            return -1;","lastModifiedDate":"2022-04-15"},{"lineNumber":18,"author":{"gitId":"Yutarosensei"},"content":"        }","lastModifiedDate":"2022-04-15"},{"lineNumber":19,"author":{"gitId":"Yutarosensei"},"content":"        String listIndexer \u003d userInput;","lastModifiedDate":"2022-04-15"},{"lineNumber":20,"author":{"gitId":"Yutarosensei"},"content":"        listIndexer \u003d listIndexer.replaceAll(\"[^\\\\d]\", \"\");","lastModifiedDate":"2022-04-15"},{"lineNumber":21,"author":{"gitId":"Yutarosensei"},"content":"        int index \u003d Integer.parseInt(listIndexer);","lastModifiedDate":"2022-04-15"},{"lineNumber":22,"author":{"gitId":"Yutarosensei"},"content":"        if (index \u003e numOfTasks) {","lastModifiedDate":"2022-04-15"},{"lineNumber":23,"author":{"gitId":"Yutarosensei"},"content":"            System.out.println(\"ERROR: The number entered exceeds the number of task(s) in the list!\");","lastModifiedDate":"2022-04-15"},{"lineNumber":24,"author":{"gitId":"Yutarosensei"},"content":"            System.out.println(numOfTasks + \" task(s) in the list.\");","lastModifiedDate":"2022-04-15"},{"lineNumber":25,"author":{"gitId":"Yutarosensei"},"content":"            return -1;","lastModifiedDate":"2022-04-15"},{"lineNumber":26,"author":{"gitId":"Yutarosensei"},"content":"        }","lastModifiedDate":"2022-04-15"},{"lineNumber":27,"author":{"gitId":"Yutarosensei"},"content":"        return index - 1;","lastModifiedDate":"2022-04-15"},{"lineNumber":28,"author":{"gitId":"Yutarosensei"},"content":"    }","lastModifiedDate":"2022-04-15"},{"lineNumber":29,"author":{"gitId":"Yutarosensei"},"content":"","lastModifiedDate":"2022-04-15"},{"lineNumber":30,"author":{"gitId":"Yutarosensei"},"content":"    //Level 2 List","lastModifiedDate":"2022-04-15"},{"lineNumber":31,"author":{"gitId":"Yutarosensei"},"content":"    public static void list() {","lastModifiedDate":"2022-04-15"},{"lineNumber":32,"author":{"gitId":"Yutarosensei"},"content":"        if (numOfTasks \u003e 0) {","lastModifiedDate":"2022-04-15"},{"lineNumber":33,"author":{"gitId":"Yutarosensei"},"content":"            System.out.println(\"Here are the tasks in your list:\");","lastModifiedDate":"2022-04-15"},{"lineNumber":34,"author":{"gitId":"Yutarosensei"},"content":"            for (int i \u003d 0; i \u003c numOfTasks; i++) {","lastModifiedDate":"2022-04-15"},{"lineNumber":35,"author":{"gitId":"Yutarosensei"},"content":"                System.out.println(i + 1 + \".\" + taskList.get(i).toString());","lastModifiedDate":"2022-04-15"},{"lineNumber":36,"author":{"gitId":"Yutarosensei"},"content":"            }","lastModifiedDate":"2022-04-15"},{"lineNumber":37,"author":{"gitId":"Yutarosensei"},"content":"        } else {","lastModifiedDate":"2022-04-15"},{"lineNumber":38,"author":{"gitId":"Yutarosensei"},"content":"            System.out.println(\"☹ OOPS!!! There is no task in your list!\");","lastModifiedDate":"2022-04-15"},{"lineNumber":39,"author":{"gitId":"Yutarosensei"},"content":"        }","lastModifiedDate":"2022-04-15"},{"lineNumber":40,"author":{"gitId":"Yutarosensei"},"content":"    }","lastModifiedDate":"2022-04-15"},{"lineNumber":41,"author":{"gitId":"Yutarosensei"},"content":"","lastModifiedDate":"2022-04-15"},{"lineNumber":42,"author":{"gitId":"Yutarosensei"},"content":"    //Level 3 Mark as Done","lastModifiedDate":"2022-04-15"},{"lineNumber":43,"author":{"gitId":"Yutarosensei"},"content":"    public static void mark(String userInput) {","lastModifiedDate":"2022-04-15"},{"lineNumber":44,"author":{"gitId":"Yutarosensei"},"content":"        int index \u003d indexer(userInput);","lastModifiedDate":"2022-04-15"},{"lineNumber":45,"author":{"gitId":"Yutarosensei"},"content":"        if (index \u003d\u003d -1) {","lastModifiedDate":"2022-04-15"},{"lineNumber":46,"author":{"gitId":"Yutarosensei"},"content":"            return;","lastModifiedDate":"2022-04-15"},{"lineNumber":47,"author":{"gitId":"Yutarosensei"},"content":"        }","lastModifiedDate":"2022-04-15"},{"lineNumber":48,"author":{"gitId":"Yutarosensei"},"content":"        if (taskList.get(index).isDone) {","lastModifiedDate":"2022-04-15"},{"lineNumber":49,"author":{"gitId":"Yutarosensei"},"content":"            System.out.println(\"This task was already marked as done:\");","lastModifiedDate":"2022-04-15"},{"lineNumber":50,"author":{"gitId":"Yutarosensei"},"content":"        } else {","lastModifiedDate":"2022-04-15"},{"lineNumber":51,"author":{"gitId":"Yutarosensei"},"content":"            taskList.get(index).isDone \u003d true;","lastModifiedDate":"2022-04-15"},{"lineNumber":52,"author":{"gitId":"Yutarosensei"},"content":"            System.out.println(\"Nice! I\u0027ve marked this task as done:\");","lastModifiedDate":"2022-04-15"},{"lineNumber":53,"author":{"gitId":"Yutarosensei"},"content":"        }","lastModifiedDate":"2022-04-15"},{"lineNumber":54,"author":{"gitId":"Yutarosensei"},"content":"        System.out.println(taskList.get(index).toString());","lastModifiedDate":"2022-04-15"},{"lineNumber":55,"author":{"gitId":"Yutarosensei"},"content":"    }","lastModifiedDate":"2022-04-15"},{"lineNumber":56,"author":{"gitId":"Yutarosensei"},"content":"","lastModifiedDate":"2022-04-15"},{"lineNumber":57,"author":{"gitId":"Yutarosensei"},"content":"    public static void unmark(String userInput) {","lastModifiedDate":"2022-04-15"},{"lineNumber":58,"author":{"gitId":"Yutarosensei"},"content":"        int index \u003d indexer(userInput);","lastModifiedDate":"2022-04-15"},{"lineNumber":59,"author":{"gitId":"Yutarosensei"},"content":"        if (index \u003d\u003d -1) {","lastModifiedDate":"2022-04-15"},{"lineNumber":60,"author":{"gitId":"Yutarosensei"},"content":"            return;","lastModifiedDate":"2022-04-15"},{"lineNumber":61,"author":{"gitId":"Yutarosensei"},"content":"        }","lastModifiedDate":"2022-04-15"},{"lineNumber":62,"author":{"gitId":"Yutarosensei"},"content":"        if (taskList.get(index).isDone) {","lastModifiedDate":"2022-04-15"},{"lineNumber":63,"author":{"gitId":"Yutarosensei"},"content":"            taskList.get(index).isDone \u003d false;","lastModifiedDate":"2022-04-15"},{"lineNumber":64,"author":{"gitId":"Yutarosensei"},"content":"            System.out.println(\"OK, I\u0027ve marked this task as not done yet:\");","lastModifiedDate":"2022-04-15"},{"lineNumber":65,"author":{"gitId":"Yutarosensei"},"content":"        } else {","lastModifiedDate":"2022-04-15"},{"lineNumber":66,"author":{"gitId":"Yutarosensei"},"content":"            System.out.println(\"STATUS ERROR: CANNOT UNMARK PENDING TASK\");","lastModifiedDate":"2022-04-15"},{"lineNumber":67,"author":{"gitId":"Yutarosensei"},"content":"        }","lastModifiedDate":"2022-04-15"},{"lineNumber":68,"author":{"gitId":"Yutarosensei"},"content":"        System.out.println(taskList.get(index).toString());","lastModifiedDate":"2022-04-15"},{"lineNumber":69,"author":{"gitId":"Yutarosensei"},"content":"    }","lastModifiedDate":"2022-04-15"},{"lineNumber":70,"author":{"gitId":"Yutarosensei"},"content":"","lastModifiedDate":"2022-04-15"},{"lineNumber":71,"author":{"gitId":"Yutarosensei"},"content":"    //Level 4 Todos, Events, Deadlines","lastModifiedDate":"2022-04-15"},{"lineNumber":72,"author":{"gitId":"Yutarosensei"},"content":"    public static void todo(String userInput) {","lastModifiedDate":"2022-04-15"},{"lineNumber":73,"author":{"gitId":"Yutarosensei"},"content":"        String description \u003d userInput.replaceFirst(\"\\\\w+\\\\s\", \"\");","lastModifiedDate":"2022-04-15"},{"lineNumber":74,"author":{"gitId":"Yutarosensei"},"content":"        //Creating new todo task","lastModifiedDate":"2022-04-15"},{"lineNumber":75,"author":{"gitId":"Yutarosensei"},"content":"        ToDo task \u003d new ToDo(description);","lastModifiedDate":"2022-04-15"},{"lineNumber":76,"author":{"gitId":"Yutarosensei"},"content":"        taskList.add(task);","lastModifiedDate":"2022-04-15"},{"lineNumber":77,"author":{"gitId":"Yutarosensei"},"content":"        numOfTasks++;","lastModifiedDate":"2022-04-15"},{"lineNumber":78,"author":{"gitId":"Yutarosensei"},"content":"        System.out.println(\"Now you have \" + numOfTasks + \" task(s) in the list.\");","lastModifiedDate":"2022-04-15"},{"lineNumber":79,"author":{"gitId":"Yutarosensei"},"content":"    }","lastModifiedDate":"2022-04-15"},{"lineNumber":80,"author":{"gitId":"Yutarosensei"},"content":"","lastModifiedDate":"2022-04-15"},{"lineNumber":81,"author":{"gitId":"Yutarosensei"},"content":"    public static void deadline(String userInput) {","lastModifiedDate":"2022-04-15"},{"lineNumber":82,"author":{"gitId":"Yutarosensei"},"content":"        //Creating new deadline task","lastModifiedDate":"2022-04-15"},{"lineNumber":83,"author":{"gitId":"Yutarosensei"},"content":"        String description \u003d userInput.replaceFirst(\"\\\\w+\\\\s\", \"\");","lastModifiedDate":"2022-04-15"},{"lineNumber":84,"author":{"gitId":"Yutarosensei"},"content":"        String date \u003d description.substring(description.indexOf(\"/by\") + 3);","lastModifiedDate":"2022-04-15"},{"lineNumber":85,"author":{"gitId":"Yutarosensei"},"content":"        description \u003d description.substring(0, description.indexOf(\"/by\"));","lastModifiedDate":"2022-04-15"},{"lineNumber":86,"author":{"gitId":"Yutarosensei"},"content":"        Deadline task \u003d new Deadline(description, date);","lastModifiedDate":"2022-04-15"},{"lineNumber":87,"author":{"gitId":"Yutarosensei"},"content":"        taskList.add(task);","lastModifiedDate":"2022-04-15"},{"lineNumber":88,"author":{"gitId":"Yutarosensei"},"content":"        numOfTasks++;","lastModifiedDate":"2022-04-15"},{"lineNumber":89,"author":{"gitId":"Yutarosensei"},"content":"        System.out.println(\"Now you have \" + numOfTasks + \" task(s) in the list.\");","lastModifiedDate":"2022-04-15"},{"lineNumber":90,"author":{"gitId":"Yutarosensei"},"content":"    }","lastModifiedDate":"2022-04-15"},{"lineNumber":91,"author":{"gitId":"Yutarosensei"},"content":"","lastModifiedDate":"2022-04-15"},{"lineNumber":92,"author":{"gitId":"Yutarosensei"},"content":"    public static void event(String userInput) {","lastModifiedDate":"2022-04-15"},{"lineNumber":93,"author":{"gitId":"Yutarosensei"},"content":"        //Creating new event task","lastModifiedDate":"2022-04-15"},{"lineNumber":94,"author":{"gitId":"Yutarosensei"},"content":"        String description \u003d userInput.replaceFirst(\"\\\\w+\\\\s\", \"\");","lastModifiedDate":"2022-04-15"},{"lineNumber":95,"author":{"gitId":"Yutarosensei"},"content":"        String date \u003d description.substring(description.indexOf(\"/at\") + 3);","lastModifiedDate":"2022-04-15"},{"lineNumber":96,"author":{"gitId":"Yutarosensei"},"content":"        description \u003d description.substring(0, description.indexOf(\"/at\"));","lastModifiedDate":"2022-04-15"},{"lineNumber":97,"author":{"gitId":"Yutarosensei"},"content":"        Event task \u003d new Event(description, date);","lastModifiedDate":"2022-04-15"},{"lineNumber":98,"author":{"gitId":"Yutarosensei"},"content":"        taskList.add(task);","lastModifiedDate":"2022-04-15"},{"lineNumber":99,"author":{"gitId":"Yutarosensei"},"content":"        numOfTasks++;","lastModifiedDate":"2022-04-15"},{"lineNumber":100,"author":{"gitId":"Yutarosensei"},"content":"        System.out.println(\"Now you have \" + numOfTasks + \" task(s) in the list.\");","lastModifiedDate":"2022-04-15"},{"lineNumber":101,"author":{"gitId":"Yutarosensei"},"content":"    }","lastModifiedDate":"2022-04-15"},{"lineNumber":102,"author":{"gitId":"Yutarosensei"},"content":"","lastModifiedDate":"2022-04-15"},{"lineNumber":103,"author":{"gitId":"Yutarosensei"},"content":"    //Level 6 Delete","lastModifiedDate":"2022-04-15"},{"lineNumber":104,"author":{"gitId":"Yutarosensei"},"content":"    public static void delete(String userInput) {","lastModifiedDate":"2022-04-15"},{"lineNumber":105,"author":{"gitId":"Yutarosensei"},"content":"        int index \u003d indexer(userInput);","lastModifiedDate":"2022-04-15"},{"lineNumber":106,"author":{"gitId":"Yutarosensei"},"content":"        if (index \u003d\u003d -1) {","lastModifiedDate":"2022-04-15"},{"lineNumber":107,"author":{"gitId":"Yutarosensei"},"content":"            return;","lastModifiedDate":"2022-04-15"},{"lineNumber":108,"author":{"gitId":"Yutarosensei"},"content":"        }","lastModifiedDate":"2022-04-15"},{"lineNumber":109,"author":{"gitId":"Yutarosensei"},"content":"        System.out.println(\"Noted. I\u0027ve removed this task: \");","lastModifiedDate":"2022-04-15"},{"lineNumber":110,"author":{"gitId":"Yutarosensei"},"content":"        System.out.println(taskList.get(index).toString());","lastModifiedDate":"2022-04-15"},{"lineNumber":111,"author":{"gitId":"Yutarosensei"},"content":"        taskList.remove(index);","lastModifiedDate":"2022-04-15"},{"lineNumber":112,"author":{"gitId":"Yutarosensei"},"content":"        numOfTasks--;","lastModifiedDate":"2022-04-15"},{"lineNumber":113,"author":{"gitId":"Yutarosensei"},"content":"        System.out.println(\"Now you have \" + numOfTasks + \" task(s) in the list.\");","lastModifiedDate":"2022-04-15"},{"lineNumber":114,"author":{"gitId":"Yutarosensei"},"content":"    }","lastModifiedDate":"2022-04-15"},{"lineNumber":115,"author":{"gitId":"Yutarosensei"},"content":"}","lastModifiedDate":"2022-04-15"},{"lineNumber":116,"author":{"gitId":"Yutarosensei"},"content":"","lastModifiedDate":"2022-04-15"}],"authorContributionMap":{"Yutarosensei":116}},{"path":"src/main/java/ToDo.java","fileType":"java","lines":[{"lineNumber":1,"author":{"gitId":"Yutarosensei"},"content":"import java.util.Arrays;","lastModifiedDate":"2022-04-15"},{"lineNumber":2,"author":{"gitId":"Yutarosensei"},"content":"import java.util.Scanner;","lastModifiedDate":"2022-04-15"},{"lineNumber":3,"author":{"gitId":"Yutarosensei"},"content":"","lastModifiedDate":"2022-04-15"},{"lineNumber":4,"author":{"gitId":"Yutarosensei"},"content":"","lastModifiedDate":"2022-04-15"},{"lineNumber":5,"author":{"gitId":"Yutarosensei"},"content":"public class ToDo extends Task {","lastModifiedDate":"2022-04-15"},{"lineNumber":6,"author":{"gitId":"Yutarosensei"},"content":"","lastModifiedDate":"2022-04-15"},{"lineNumber":7,"author":{"gitId":"Yutarosensei"},"content":"    public ToDo(String description) {","lastModifiedDate":"2022-04-15"},{"lineNumber":8,"author":{"gitId":"Yutarosensei"},"content":"        super(description);","lastModifiedDate":"2022-04-15"},{"lineNumber":9,"author":{"gitId":"Yutarosensei"},"content":"        System.out.println(\"Got it. I\u0027ve added this task:\");","lastModifiedDate":"2022-04-15"},{"lineNumber":10,"author":{"gitId":"Yutarosensei"},"content":"        System.out.println(this.toString());","lastModifiedDate":"2022-04-15"},{"lineNumber":11,"author":{"gitId":"Yutarosensei"},"content":"    }","lastModifiedDate":"2022-04-15"},{"lineNumber":12,"author":{"gitId":"Yutarosensei"},"content":"","lastModifiedDate":"2022-04-15"},{"lineNumber":13,"author":{"gitId":"Yutarosensei"},"content":"    @Override","lastModifiedDate":"2022-04-15"},{"lineNumber":14,"author":{"gitId":"Yutarosensei"},"content":"    public String toString() {","lastModifiedDate":"2022-04-15"},{"lineNumber":15,"author":{"gitId":"Yutarosensei"},"content":"        return \"[T]\" + super.toString();","lastModifiedDate":"2022-04-15"},{"lineNumber":16,"author":{"gitId":"Yutarosensei"},"content":"    }","lastModifiedDate":"2022-04-15"},{"lineNumber":17,"author":{"gitId":"Yutarosensei"},"content":"}","lastModifiedDate":"2022-04-15"},{"lineNumber":18,"author":{"gitId":"Yutarosensei"},"content":"","lastModifiedDate":"2022-04-15"}],"authorContributionMap":{"Yutarosensei":18}}]
