{"authorDailyContributionsMap":{"Yutarosensei":[{"date":"2022-04-09","commitResults":[{"hash":"9290a2226560048e21b6af66af52af4c7fbbf30d","messageTitle":"Task 1 + 2","messageBody":"","tags":["v1.0"],"fileTypesAndContributionMap":{"java":{"insertions":46,"deletions":8}}}]},{"date":"2022-04-10","commitResults":[{"hash":"29c66d67ace1805582a9bb6ce9ede166b487796a","messageTitle":"Level 3 - Mark As Done and Undone","messageBody":"","tags":["v2.0"],"fileTypesAndContributionMap":{"java":{"insertions":95,"deletions":28}}}]},{"date":"2022-04-15","commitResults":[{"hash":"cec4c2f4bcd9e0f6db502870419b6ce194f413f3","messageTitle":"Level 4","messageBody":"","tags":["v3.0"],"fileTypesAndContributionMap":{"java":{"insertions":148,"deletions":75}}},{"hash":"a972a1905e397363191d7a16e415b90c6bd68865","messageTitle":"Level 5 + 6","messageBody":"","tags":["v4.0"],"fileTypesAndContributionMap":{"java":{"insertions":496,"deletions":91}}}]},{"date":"2022-04-16","commitResults":[{"hash":"9d192555c3ff9a8ed6955d23a080eb966d550457","messageTitle":"Level 7","messageBody":"","fileTypesAndContributionMap":{"txt":{"insertions":0,"deletions":0},"java":{"insertions":259,"deletions":6}}}]}]},"authorFileTypeContributionMap":{"Yutarosensei":{"java":836,"md":0,"fxml":0,"sh":0,"bat":0,"gradle":0,"txt":0}},"authorContributionVariance":{"Yutarosensei":7507.321},"authorDisplayNameMap":{"Yutarosensei":"KITA..TARO"}}
