{"authorDailyContributionsMap":{"Yutarosensei":[{"date":"2022-04-09","commitResults":[{"hash":"9290a2226560048e21b6af66af52af4c7fbbf30d","messageTitle":"Task 1 + 2","messageBody":"","tags":["v1.0"],"fileTypesAndContributionMap":{"java":{"insertions":46,"deletions":8}}}]},{"date":"2022-04-10","commitResults":[{"hash":"29c66d67ace1805582a9bb6ce9ede166b487796a","messageTitle":"Level 3 - Mark As Done and Undone","messageBody":"","tags":["v2.0"],"fileTypesAndContributionMap":{"java":{"insertions":95,"deletions":28}}}]}]},"authorFileTypeContributionMap":{"Yutarosensei":{"java":105,"md":0,"fxml":0,"sh":0,"bat":0,"gradle":0,"txt":0}},"authorContributionVariance":{"Yutarosensei":194.51347},"authorDisplayNameMap":{"Yutarosensei":"KITA..TARO"}}
