{"authorDailyContributionsMap":{"Yutarosensei":[{"date":"2022-04-09","commitResults":[{"hash":"9290a2226560048e21b6af66af52af4c7fbbf30d","messageTitle":"Task 1 + 2","messageBody":"","tags":["v1.0"],"fileTypesAndContributionMap":{"java":{"insertions":46,"deletions":8}}}]},{"date":"2022-04-10","commitResults":[{"hash":"29c66d67ace1805582a9bb6ce9ede166b487796a","messageTitle":"Level 3 - Mark As Done and Undone","messageBody":"","tags":["v2.0"],"fileTypesAndContributionMap":{"java":{"insertions":95,"deletions":28}}}]},{"date":"2022-04-15","commitResults":[{"hash":"cec4c2f4bcd9e0f6db502870419b6ce194f413f3","messageTitle":"Level 4","messageBody":"","tags":["v3.0"],"fileTypesAndContributionMap":{"java":{"insertions":148,"deletions":75}}},{"hash":"a972a1905e397363191d7a16e415b90c6bd68865","messageTitle":"Level 5 + 6","messageBody":"","tags":["v4.0"],"fileTypesAndContributionMap":{"java":{"insertions":496,"deletions":91}}}]},{"date":"2022-04-16","commitResults":[{"hash":"9d192555c3ff9a8ed6955d23a080eb966d550457","messageTitle":"Level 7","messageBody":"","tags":["v5.0"],"fileTypesAndContributionMap":{"txt":{"insertions":0,"deletions":0},"java":{"insertions":259,"deletions":6}}}]},{"date":"2022-04-17","commitResults":[{"hash":"2dfc18901b3ecc46b7fdbf919bdac708c30b4743","messageTitle":"Level 8 - Date Time (Error) + Level 9 Find","messageBody":"","tags":["v6.0"],"fileTypesAndContributionMap":{"txt":{"insertions":3,"deletions":0},"java":{"insertions":156,"deletions":13}}},{"hash":"528cc338d8fee25f10da398982fac690f07fd28b","messageTitle":"Final","messageBody":"","fileTypesAndContributionMap":{"txt":{"insertions":0,"deletions":3},"java":{"insertions":63,"deletions":1}}}]}]},"authorFileTypeContributionMap":{"Yutarosensei":{"java":1041,"md":0,"fxml":0,"sh":0,"bat":0,"gradle":0,"txt":0}},"authorContributionVariance":{"Yutarosensei":7947.006},"authorDisplayNameMap":{"Yutarosensei":"KITA..TARO"}}
