{"authorDailyContributionsMap":{"AjazYeap":[{"date":"2022-02-10","commitResults":[{"hash":"7e7c3b3df3047a7aebbbb483b1d2e5198c6dcdc0","messageTitle":"Add files via upload","messageBody":"Added level 1","fileTypesAndContributionMap":{"java":{"insertions":56,"deletions":10}}},{"hash":"13f0ab919cba401e95bfc229ebd2c81ff7a58415","messageTitle":"Added Task.java","messageBody":"","fileTypesAndContributionMap":{"java":{"insertions":3,"deletions":0}}},{"hash":"67ebfc355f2de2183d7164c7656cba3aebe9e501","messageTitle":"Modify Task.java","messageBody":"","fileTypesAndContributionMap":{"java":{"insertions":13,"deletions":0}}},{"hash":"e8559c53069c9b6967cfe6f33fb6be90b1e1143f","messageTitle":"Modify echo","messageBody":"","fileTypesAndContributionMap":{"java":{"insertions":17,"deletions":1}}},{"hash":"c052b23f37d31b0d0328dbbcd4ce50342839a839","messageTitle":"Modify echo","messageBody":"","fileTypesAndContributionMap":{"java":{"insertions":48,"deletions":8}}}]},{"date":"2022-02-16","commitResults":[{"hash":"8a5ae9d7a00f4a550beaf1d7d151a82ad96567b8","messageTitle":"Increment 4","messageBody":"","fileTypesAndContributionMap":{"java":{"insertions":92,"deletions":21}}}]},{"date":"2022-02-24","commitResults":[{"hash":"495d931cf7e28d93875bcf22b135bc5ec21b4eab","messageTitle":"Modify Lever 4","messageBody":"","fileTypesAndContributionMap":{"java":{"insertions":101,"deletions":38}}}]},{"date":"2022-03-02","commitResults":[{"hash":"bcfeb652de1d209336de37d1e2a6a854b3f73762","messageTitle":"Lever 5","messageBody":"","fileTypesAndContributionMap":{"java":{"insertions":9,"deletions":2}}},{"hash":"5fb9b755e41695225982d0015e2c78d71315e031","messageTitle":"Lever 5","messageBody":"","fileTypesAndContributionMap":{"java":{"insertions":157,"deletions":54}}},{"hash":"404d64891d59db1451d328974bd1727cebbcd3a2","messageTitle":"Small Change","messageBody":"","fileTypesAndContributionMap":{"java":{"insertions":1,"deletions":1}}}]},{"date":"2022-03-13","commitResults":[{"hash":"cace110ccf05918d92cd29edbaf260e49e51956d","messageTitle":"Added delete, printcomment and check invalid output","messageBody":"","fileTypesAndContributionMap":{"java":{"insertions":84,"deletions":35}}}]},{"date":"2022-03-14","commitResults":[{"hash":"2e0366c1478e18693f887bf099e2fcf171f5e8d6","messageTitle":"Added new exception and modify print comment","messageBody":"","fileTypesAndContributionMap":{"java":{"insertions":31,"deletions":12}}},{"hash":"98232ce86c53e19a840f1e8427ab7cc2f68d2c7c","messageTitle":"Added buffer.txt and File class (not complete)","messageBody":"","fileTypesAndContributionMap":{"txt":{"insertions":2,"deletions":0},"java":{"insertions":20,"deletions":2}}}]},{"date":"2022-03-22","commitResults":[{"hash":"86a8c9a1e0677ba4beb1c3f8cec968500cc5392c","messageTitle":"Lever 7 More OOP","messageBody":"","fileTypesAndContributionMap":{"txt":{"insertions":2,"deletions":2},"java":{"insertions":522,"deletions":17}}}]},{"date":"2022-03-23","commitResults":[{"hash":"fdb5bfb47209f3158e3ddb9fd1353cfe2b63e029","messageTitle":"Lever 8 Added Date and Time in Deadliner and try simple Javadoc","messageBody":"","fileTypesAndContributionMap":{"txt":{"insertions":5,"deletions":2},"java":{"insertions":509,"deletions":396},"bat":{"insertions":2,"deletions":2},"md":{"insertions":2,"deletions":2}}}]},{"date":"2022-03-30","commitResults":[{"hash":"0546859596ce0050156b7a6cf541a2caf88d9ae3","messageTitle":"Created duke package","messageBody":"","fileTypesAndContributionMap":{"txt":{"insertions":2,"deletions":2},"java":{"insertions":88,"deletions":322}}}]},{"date":"2022-03-31","commitResults":[{"hash":"f56fdae490c19d4901970a4f6efc5e5efe9f9699","messageTitle":"test runtest.sh","messageBody":"","fileTypesAndContributionMap":{"txt":{"insertions":7,"deletions":0},"java":{"insertions":12,"deletions":11},"bat":{"insertions":1,"deletions":1},"sh":{"insertions":4,"deletions":4},"md":{"insertions":1,"deletions":1}}},{"hash":"ddbcce0754cf51041f9eba5d4353854e50bb8e23","messageTitle":"runtest.sh","messageBody":"","fileTypesAndContributionMap":{"txt":{"insertions":0,"deletions":7},"java":{"insertions":1,"deletions":2},"sh":{"insertions":1,"deletions":1}}},{"hash":"164d941db218bc9b1b94dc81dc7fea025b1df954","messageTitle":"Update build.gradle","messageBody":"Implement gradle\n","fileTypesAndContributionMap":{"gradle":{"insertions":1,"deletions":1}}},{"hash":"df1ebda8e13a56b61ccd007300fb1f695f08112b","messageTitle":"Implment Junit","messageBody":"","fileTypesAndContributionMap":{"java":{"insertions":21,"deletions":0}}}]},{"date":"2022-04-04","commitResults":[{"hash":"492df848707617a7fc872fe3b75006e7914fd5ca","messageTitle":"Wrapping Up","messageBody":"Wrap Up and Manage add Recurring Task which sub class of Event class\n","fileTypesAndContributionMap":{"txt":{"insertions":47,"deletions":5},"java":{"insertions":247,"deletions":64}}}]},{"date":"2022-04-06","commitResults":[{"hash":"501844be7ad0802b1057d3ce2f6817677990e3e1","messageTitle":"Improved Recurring Task","messageBody":"","fileTypesAndContributionMap":{"txt":{"insertions":7,"deletions":47},"java":{"insertions":36,"deletions":19}}}]},{"date":"2022-04-07","commitResults":[{"hash":"3f5849736368430cc64022131129c7bfb6d3df24","messageTitle":"WrapUp and added Sort Command","messageBody":"","fileTypesAndContributionMap":{"txt":{"insertions":5,"deletions":7},"java":{"insertions":563,"deletions":396}}}]},{"date":"2022-04-08","commitResults":[{"hash":"e2122ab5797ba3b4cda3cb10f1548e5e58ab9a7f","messageTitle":"Wrap up and added Exception Name","messageBody":"","fileTypesAndContributionMap":{"txt":{"insertions":0,"deletions":5},"java":{"insertions":258,"deletions":226}}},{"hash":"a3e09762bf66a354bcb0be90304030cdc46757bf","messageTitle":"Added Find Command","messageBody":"","fileTypesAndContributionMap":{"txt":{"insertions":9,"deletions":0},"java":{"insertions":100,"deletions":2}}},{"hash":"eb1fff3edefad07d5d3b74f8ee762c44c294baf4","messageTitle":"Wrap up and added JavaDoc for different Task class","messageBody":"","fileTypesAndContributionMap":{"java":{"insertions":276,"deletions":80}}},{"hash":"c83d46784bdb6bc06362a26c3e34ea4c705ac42d","messageTitle":"Add EventTest","messageBody":"","fileTypesAndContributionMap":{"txt":{"insertions":12,"deletions":0},"java":{"insertions":20,"deletions":0}}}]}]},"authorFileTypeContributionMap":{"AjazYeap":{"java":1406,"md":2,"fxml":0,"sh":3,"bat":3,"gradle":1,"txt":21}},"authorContributionVariance":{"AjazYeap":35980.785},"authorDisplayNameMap":{"AjazYeap":"AJAZ..CHIN"}}
