[{"path":"src/main/java/Deadline.java","fileType":"java","lines":[{"lineNumber":1,"author":{"gitId":"leonlegacy24"},"content":"public class Deadline extends Task {","lastModifiedDate":"2022-04-13"},{"lineNumber":2,"author":{"gitId":"leonlegacy24"},"content":"","lastModifiedDate":"2022-04-13"},{"lineNumber":3,"author":{"gitId":"leonlegacy24"},"content":"    protected String by;","lastModifiedDate":"2022-04-13"},{"lineNumber":4,"author":{"gitId":"leonlegacy24"},"content":"","lastModifiedDate":"2022-04-13"},{"lineNumber":5,"author":{"gitId":"leonlegacy24"},"content":"    public Deadline(String description, String by) {","lastModifiedDate":"2022-04-13"},{"lineNumber":6,"author":{"gitId":"leonlegacy24"},"content":"        super(description);","lastModifiedDate":"2022-04-13"},{"lineNumber":7,"author":{"gitId":"leonlegacy24"},"content":"        this.by \u003d by;","lastModifiedDate":"2022-04-13"},{"lineNumber":8,"author":{"gitId":"leonlegacy24"},"content":"    }","lastModifiedDate":"2022-04-13"},{"lineNumber":9,"author":{"gitId":"leonlegacy24"},"content":"","lastModifiedDate":"2022-04-13"},{"lineNumber":10,"author":{"gitId":"leonlegacy24"},"content":"    @Override","lastModifiedDate":"2022-04-13"},{"lineNumber":11,"author":{"gitId":"leonlegacy24"},"content":"    public String toString() {","lastModifiedDate":"2022-04-13"},{"lineNumber":12,"author":{"gitId":"leonlegacy24"},"content":"        return \"[D]\" + super.toString() + \" (by: \" + by + \")\";","lastModifiedDate":"2022-04-13"},{"lineNumber":13,"author":{"gitId":"leonlegacy24"},"content":"    }","lastModifiedDate":"2022-04-13"},{"lineNumber":14,"author":{"gitId":"leonlegacy24"},"content":"}","lastModifiedDate":"2022-04-13"}],"authorContributionMap":{"leonlegacy24":14}},{"path":"src/main/java/Duke.java","fileType":"java","lines":[{"lineNumber":1,"author":{"gitId":"leonlegacy24"},"content":"import com.sun.source.tree.IfTree;","lastModifiedDate":"2022-04-12"},{"lineNumber":2,"author":{"gitId":"leonlegacy24"},"content":"import com.sun.source.util.TaskListener;","lastModifiedDate":"2022-04-13"},{"lineNumber":3,"author":{"gitId":"leonlegacy24"},"content":"","lastModifiedDate":"2022-04-12"},{"lineNumber":4,"author":{"gitId":"leonlegacy24"},"content":"import java.util.Scanner;","lastModifiedDate":"2022-04-12"},{"lineNumber":5,"author":{"gitId":"leonlegacy24"},"content":"import java.util.ArrayList;","lastModifiedDate":"2022-04-13"},{"lineNumber":6,"author":{"gitId":"leonlegacy24"},"content":"","lastModifiedDate":"2022-04-13"},{"lineNumber":7,"author":{"gitId":"leonlegacy24"},"content":"","lastModifiedDate":"2022-04-12"},{"lineNumber":8,"author":{"gitId":"-"},"content":"public class Duke {","lastModifiedDate":"2019-07-29"},{"lineNumber":9,"author":{"gitId":"-"},"content":"    public static void main(String[] args) {","lastModifiedDate":"2019-07-29"},{"lineNumber":10,"author":{"gitId":"leonlegacy24"},"content":"        Scanner scan \u003d new Scanner(System.in);","lastModifiedDate":"2022-04-12"},{"lineNumber":11,"author":{"gitId":"leonlegacy24"},"content":"        ArrayList\u003cTask\u003e tasklist \u003d new ArrayList\u003cTask\u003e();","lastModifiedDate":"2022-04-13"},{"lineNumber":12,"author":{"gitId":"leonlegacy24"},"content":"        boolean running \u003d true;","lastModifiedDate":"2022-04-12"},{"lineNumber":13,"author":{"gitId":"leonlegacy24"},"content":"        String input;","lastModifiedDate":"2022-04-12"},{"lineNumber":14,"author":{"gitId":"leonlegacy24"},"content":"        int count \u003d 0;","lastModifiedDate":"2022-04-12"},{"lineNumber":15,"author":{"gitId":"leonlegacy24"},"content":"        System.out.println(\"Hello! Welcome to Chat bot! Please Type a command:\");","lastModifiedDate":"2022-04-12"},{"lineNumber":16,"author":{"gitId":"leonlegacy24"},"content":"","lastModifiedDate":"2022-04-12"},{"lineNumber":17,"author":{"gitId":"leonlegacy24"},"content":"        while(running \u003d\u003d true){","lastModifiedDate":"2022-04-12"},{"lineNumber":18,"author":{"gitId":"leonlegacy24"},"content":"            input \u003d scan.nextLine();","lastModifiedDate":"2022-04-12"},{"lineNumber":19,"author":{"gitId":"leonlegacy24"},"content":"            if (input.equals(\"bye\")){","lastModifiedDate":"2022-04-12"},{"lineNumber":20,"author":{"gitId":"leonlegacy24"},"content":"","lastModifiedDate":"2022-04-14"},{"lineNumber":21,"author":{"gitId":"leonlegacy24"},"content":"                running \u003d false;","lastModifiedDate":"2022-04-12"},{"lineNumber":22,"author":{"gitId":"leonlegacy24"},"content":"                System.out.println(\"Thank you for using Chat bot! Goodbye!\");","lastModifiedDate":"2022-04-12"},{"lineNumber":23,"author":{"gitId":"leonlegacy24"},"content":"","lastModifiedDate":"2022-04-12"},{"lineNumber":24,"author":{"gitId":"leonlegacy24"},"content":"            }else if(input.equals(\"list\")){","lastModifiedDate":"2022-04-12"},{"lineNumber":25,"author":{"gitId":"leonlegacy24"},"content":"                System.out.println(\"Your List:\");","lastModifiedDate":"2022-04-12"},{"lineNumber":26,"author":{"gitId":"leonlegacy24"},"content":"                for(int i \u003d 1; i\u003c\u003dtasklist.size(); i++)","lastModifiedDate":"2022-04-13"},{"lineNumber":27,"author":{"gitId":"leonlegacy24"},"content":"                    System.out.println( i + \". \" + tasklist.get(i-1).toString());","lastModifiedDate":"2022-04-13"},{"lineNumber":28,"author":{"gitId":"leonlegacy24"},"content":"                    System.out.println(\"You have currently \" +tasklist.size()+\" Tasks!\" );","lastModifiedDate":"2022-04-13"},{"lineNumber":29,"author":{"gitId":"leonlegacy24"},"content":"","lastModifiedDate":"2022-04-12"},{"lineNumber":30,"author":{"gitId":"leonlegacy24"},"content":"","lastModifiedDate":"2022-04-12"},{"lineNumber":31,"author":{"gitId":"leonlegacy24"},"content":"            }","lastModifiedDate":"2022-04-12"},{"lineNumber":32,"author":{"gitId":"leonlegacy24"},"content":"            else if (input.matches(\".*unmark.*\")){","lastModifiedDate":"2022-04-13"},{"lineNumber":33,"author":{"gitId":"leonlegacy24"},"content":"                int tasknumber \u003d Integer.parseInt(input.replaceAll(\"[^0-9]\", \"\"))-1;","lastModifiedDate":"2022-04-13"},{"lineNumber":34,"author":{"gitId":"leonlegacy24"},"content":"                tasklist.get(tasknumber).Uncheck();","lastModifiedDate":"2022-04-13"},{"lineNumber":35,"author":{"gitId":"leonlegacy24"},"content":"                System.out.println(\"Tasks has been unchecked!:\" + tasklist.get(tasknumber).toString());","lastModifiedDate":"2022-04-13"},{"lineNumber":36,"author":{"gitId":"leonlegacy24"},"content":"            }","lastModifiedDate":"2022-04-13"},{"lineNumber":37,"author":{"gitId":"leonlegacy24"},"content":"            else if (input.matches(\".*mark.*\")){","lastModifiedDate":"2022-04-13"},{"lineNumber":38,"author":{"gitId":"leonlegacy24"},"content":"                int tasknumber \u003d Integer.parseInt(input.replaceAll(\"[^0-9]\", \"\"))-1;","lastModifiedDate":"2022-04-13"},{"lineNumber":39,"author":{"gitId":"leonlegacy24"},"content":"                tasklist.get(tasknumber).Check();","lastModifiedDate":"2022-04-13"},{"lineNumber":40,"author":{"gitId":"leonlegacy24"},"content":"                System.out.println(\"Tasks has been checked!:\" + tasklist.get(tasknumber).toString());","lastModifiedDate":"2022-04-13"},{"lineNumber":41,"author":{"gitId":"leonlegacy24"},"content":"","lastModifiedDate":"2022-04-13"},{"lineNumber":42,"author":{"gitId":"leonlegacy24"},"content":"            }","lastModifiedDate":"2022-04-13"},{"lineNumber":43,"author":{"gitId":"leonlegacy24"},"content":"            else if (input.matches(\".*delete.*\")){","lastModifiedDate":"2022-04-14"},{"lineNumber":44,"author":{"gitId":"leonlegacy24"},"content":"                int tasknumber \u003d Integer.parseInt(input.replaceAll(\"[^0-9]\", \"\"))-1;","lastModifiedDate":"2022-04-14"},{"lineNumber":45,"author":{"gitId":"leonlegacy24"},"content":"                System.out.println(\"Tasks has been Removed:\" + tasklist.get(tasknumber).toString());","lastModifiedDate":"2022-04-14"},{"lineNumber":46,"author":{"gitId":"leonlegacy24"},"content":"                tasklist.remove(tasknumber);","lastModifiedDate":"2022-04-14"},{"lineNumber":47,"author":{"gitId":"leonlegacy24"},"content":"                System.out.println(\"You have currently \" +tasklist.size()+\" Tasks!\" );","lastModifiedDate":"2022-04-14"},{"lineNumber":48,"author":{"gitId":"leonlegacy24"},"content":"","lastModifiedDate":"2022-04-14"},{"lineNumber":49,"author":{"gitId":"leonlegacy24"},"content":"","lastModifiedDate":"2022-04-14"},{"lineNumber":50,"author":{"gitId":"leonlegacy24"},"content":"            }","lastModifiedDate":"2022-04-14"},{"lineNumber":51,"author":{"gitId":"leonlegacy24"},"content":"","lastModifiedDate":"2022-04-14"},{"lineNumber":52,"author":{"gitId":"leonlegacy24"},"content":"","lastModifiedDate":"2022-04-14"},{"lineNumber":53,"author":{"gitId":"leonlegacy24"},"content":"","lastModifiedDate":"2022-04-14"},{"lineNumber":54,"author":{"gitId":"leonlegacy24"},"content":"            else if(input.matches(\".*todo.*\")){","lastModifiedDate":"2022-04-13"},{"lineNumber":55,"author":{"gitId":"leonlegacy24"},"content":"                    try {","lastModifiedDate":"2022-04-14"},{"lineNumber":56,"author":{"gitId":"leonlegacy24"},"content":"                        String ErrorCheck\u003dinput.replaceAll(\"\\\\s\",\"\").substring(5);","lastModifiedDate":"2022-04-14"},{"lineNumber":57,"author":{"gitId":"leonlegacy24"},"content":"                        ToDo t \u003d new ToDo(input.substring(5));","lastModifiedDate":"2022-04-13"},{"lineNumber":58,"author":{"gitId":"leonlegacy24"},"content":"                        tasklist.add(t);","lastModifiedDate":"2022-04-13"},{"lineNumber":59,"author":{"gitId":"leonlegacy24"},"content":"                        System.out.println(\"Added:\" + t.description);","lastModifiedDate":"2022-04-13"},{"lineNumber":60,"author":{"gitId":"leonlegacy24"},"content":"                    }","lastModifiedDate":"2022-04-13"},{"lineNumber":61,"author":{"gitId":"leonlegacy24"},"content":"                    catch (Exception e){","lastModifiedDate":"2022-04-14"},{"lineNumber":62,"author":{"gitId":"leonlegacy24"},"content":"                        System.out.println(\"Sorry! Your ToDo cannot be empty!\");","lastModifiedDate":"2022-04-14"},{"lineNumber":63,"author":{"gitId":"leonlegacy24"},"content":"                    }","lastModifiedDate":"2022-04-14"},{"lineNumber":64,"author":{"gitId":"leonlegacy24"},"content":"","lastModifiedDate":"2022-04-14"},{"lineNumber":65,"author":{"gitId":"leonlegacy24"},"content":"            }","lastModifiedDate":"2022-04-14"},{"lineNumber":66,"author":{"gitId":"leonlegacy24"},"content":"            else if(input.matches(\".*deadline.*\")) {","lastModifiedDate":"2022-04-13"},{"lineNumber":67,"author":{"gitId":"leonlegacy24"},"content":"                try{","lastModifiedDate":"2022-04-14"},{"lineNumber":68,"author":{"gitId":"leonlegacy24"},"content":"                    String[] split \u003d input.split(\"/\");","lastModifiedDate":"2022-04-13"},{"lineNumber":69,"author":{"gitId":"leonlegacy24"},"content":"                    String ErrorCheck\u003dinput.replaceAll(\"\\\\s\",\"\").substring(10);","lastModifiedDate":"2022-04-14"},{"lineNumber":70,"author":{"gitId":"leonlegacy24"},"content":"                    Deadline d \u003d new Deadline(split[0].substring(9),split[1]);","lastModifiedDate":"2022-04-13"},{"lineNumber":71,"author":{"gitId":"leonlegacy24"},"content":"                    tasklist.add(d);","lastModifiedDate":"2022-04-13"},{"lineNumber":72,"author":{"gitId":"leonlegacy24"},"content":"                    System.out.println(\"Added:\" + d.description);","lastModifiedDate":"2022-04-13"},{"lineNumber":73,"author":{"gitId":"leonlegacy24"},"content":"","lastModifiedDate":"2022-04-14"},{"lineNumber":74,"author":{"gitId":"leonlegacy24"},"content":"                } catch (StringIndexOutOfBoundsException e) {","lastModifiedDate":"2022-04-14"},{"lineNumber":75,"author":{"gitId":"leonlegacy24"},"content":"                    System.out.println(\"Sorry! Your Deadline cannot be empty!\");","lastModifiedDate":"2022-04-14"},{"lineNumber":76,"author":{"gitId":"leonlegacy24"},"content":"                } catch (Exception e){","lastModifiedDate":"2022-04-14"},{"lineNumber":77,"author":{"gitId":"leonlegacy24"},"content":"                    System.out.println(\"Sorry! Your deadline Date cannot be empty!\");","lastModifiedDate":"2022-04-14"},{"lineNumber":78,"author":{"gitId":"leonlegacy24"},"content":"                }","lastModifiedDate":"2022-04-14"},{"lineNumber":79,"author":{"gitId":"leonlegacy24"},"content":"","lastModifiedDate":"2022-04-14"},{"lineNumber":80,"author":{"gitId":"leonlegacy24"},"content":"","lastModifiedDate":"2022-04-14"},{"lineNumber":81,"author":{"gitId":"leonlegacy24"},"content":"            }","lastModifiedDate":"2022-04-13"},{"lineNumber":82,"author":{"gitId":"leonlegacy24"},"content":"            else if(input.matches(\".*event.*\")) {","lastModifiedDate":"2022-04-13"},{"lineNumber":83,"author":{"gitId":"leonlegacy24"},"content":"                try{","lastModifiedDate":"2022-04-14"},{"lineNumber":84,"author":{"gitId":"leonlegacy24"},"content":"                    String[] split \u003d input.split(\"/\");","lastModifiedDate":"2022-04-13"},{"lineNumber":85,"author":{"gitId":"leonlegacy24"},"content":"                    String ErrorCheck\u003dinput.replaceAll(\"\\\\s\",\"\").substring(7);","lastModifiedDate":"2022-04-14"},{"lineNumber":86,"author":{"gitId":"leonlegacy24"},"content":"                    Event e \u003d new Event(split[0].substring(6),split[1]);","lastModifiedDate":"2022-04-13"},{"lineNumber":87,"author":{"gitId":"leonlegacy24"},"content":"                    tasklist.add(e);","lastModifiedDate":"2022-04-13"},{"lineNumber":88,"author":{"gitId":"leonlegacy24"},"content":"                    System.out.println(\"Added:\" + e.description);","lastModifiedDate":"2022-04-13"},{"lineNumber":89,"author":{"gitId":"leonlegacy24"},"content":"","lastModifiedDate":"2022-04-14"},{"lineNumber":90,"author":{"gitId":"leonlegacy24"},"content":"                } catch (StringIndexOutOfBoundsException e) {","lastModifiedDate":"2022-04-14"},{"lineNumber":91,"author":{"gitId":"leonlegacy24"},"content":"                    System.out.println(\"Sorry! Your Event cannot be empty!\");","lastModifiedDate":"2022-04-14"},{"lineNumber":92,"author":{"gitId":"leonlegacy24"},"content":"                } catch (Exception e){","lastModifiedDate":"2022-04-14"},{"lineNumber":93,"author":{"gitId":"leonlegacy24"},"content":"                    System.out.println(\"Sorry! Your Event Date cannot be empty!\");","lastModifiedDate":"2022-04-14"},{"lineNumber":94,"author":{"gitId":"leonlegacy24"},"content":"                }","lastModifiedDate":"2022-04-14"},{"lineNumber":95,"author":{"gitId":"leonlegacy24"},"content":"","lastModifiedDate":"2022-04-14"},{"lineNumber":96,"author":{"gitId":"leonlegacy24"},"content":"            }else{","lastModifiedDate":"2022-04-14"},{"lineNumber":97,"author":{"gitId":"leonlegacy24"},"content":"                System.out.println(\"Sorry I do not understand what do you mean\");","lastModifiedDate":"2022-04-14"},{"lineNumber":98,"author":{"gitId":"leonlegacy24"},"content":"            }","lastModifiedDate":"2022-04-13"},{"lineNumber":99,"author":{"gitId":"leonlegacy24"},"content":"        }","lastModifiedDate":"2022-04-12"},{"lineNumber":100,"author":{"gitId":"-"},"content":"    }","lastModifiedDate":"2019-07-29"},{"lineNumber":101,"author":{"gitId":"-"},"content":"}","lastModifiedDate":"2019-07-29"}],"authorContributionMap":{"leonlegacy24":97,"-":4}},{"path":"src/main/java/Event.java","fileType":"java","lines":[{"lineNumber":1,"author":{"gitId":"leonlegacy24"},"content":"public class Event extends Task {","lastModifiedDate":"2022-04-13"},{"lineNumber":2,"author":{"gitId":"leonlegacy24"},"content":"","lastModifiedDate":"2022-04-13"},{"lineNumber":3,"author":{"gitId":"leonlegacy24"},"content":"    protected String at;","lastModifiedDate":"2022-04-13"},{"lineNumber":4,"author":{"gitId":"leonlegacy24"},"content":"","lastModifiedDate":"2022-04-13"},{"lineNumber":5,"author":{"gitId":"leonlegacy24"},"content":"    public Event(String description, String at) {","lastModifiedDate":"2022-04-13"},{"lineNumber":6,"author":{"gitId":"leonlegacy24"},"content":"        super(description);","lastModifiedDate":"2022-04-13"},{"lineNumber":7,"author":{"gitId":"leonlegacy24"},"content":"        this.at \u003d at;","lastModifiedDate":"2022-04-13"},{"lineNumber":8,"author":{"gitId":"leonlegacy24"},"content":"    }","lastModifiedDate":"2022-04-13"},{"lineNumber":9,"author":{"gitId":"leonlegacy24"},"content":"","lastModifiedDate":"2022-04-13"},{"lineNumber":10,"author":{"gitId":"leonlegacy24"},"content":"    @Override","lastModifiedDate":"2022-04-13"},{"lineNumber":11,"author":{"gitId":"leonlegacy24"},"content":"    public String toString() {","lastModifiedDate":"2022-04-13"},{"lineNumber":12,"author":{"gitId":"leonlegacy24"},"content":"        return \"[E]\" + super.toString() + \" (at: \" + at + \")\";","lastModifiedDate":"2022-04-13"},{"lineNumber":13,"author":{"gitId":"leonlegacy24"},"content":"    }","lastModifiedDate":"2022-04-13"},{"lineNumber":14,"author":{"gitId":"leonlegacy24"},"content":"}","lastModifiedDate":"2022-04-13"}],"authorContributionMap":{"leonlegacy24":14}},{"path":"src/main/java/Task.java","fileType":"java","lines":[{"lineNumber":1,"author":{"gitId":"leonlegacy24"},"content":"public class Task {","lastModifiedDate":"2022-04-13"},{"lineNumber":2,"author":{"gitId":"leonlegacy24"},"content":"    protected String description;","lastModifiedDate":"2022-04-13"},{"lineNumber":3,"author":{"gitId":"leonlegacy24"},"content":"    protected boolean isDone;","lastModifiedDate":"2022-04-13"},{"lineNumber":4,"author":{"gitId":"leonlegacy24"},"content":"","lastModifiedDate":"2022-04-13"},{"lineNumber":5,"author":{"gitId":"leonlegacy24"},"content":"    public Task(String description) {","lastModifiedDate":"2022-04-13"},{"lineNumber":6,"author":{"gitId":"leonlegacy24"},"content":"        this.description \u003d description;","lastModifiedDate":"2022-04-13"},{"lineNumber":7,"author":{"gitId":"leonlegacy24"},"content":"    }","lastModifiedDate":"2022-04-13"},{"lineNumber":8,"author":{"gitId":"leonlegacy24"},"content":"","lastModifiedDate":"2022-04-13"},{"lineNumber":9,"author":{"gitId":"leonlegacy24"},"content":"    public String getStatusIcon() {","lastModifiedDate":"2022-04-13"},{"lineNumber":10,"author":{"gitId":"leonlegacy24"},"content":"        return (isDone ? \"X\" : \" \"); // mark done task with X","lastModifiedDate":"2022-04-13"},{"lineNumber":11,"author":{"gitId":"leonlegacy24"},"content":"    }","lastModifiedDate":"2022-04-13"},{"lineNumber":12,"author":{"gitId":"leonlegacy24"},"content":"","lastModifiedDate":"2022-04-13"},{"lineNumber":13,"author":{"gitId":"leonlegacy24"},"content":"    public void Check(){","lastModifiedDate":"2022-04-13"},{"lineNumber":14,"author":{"gitId":"leonlegacy24"},"content":"        isDone \u003d true;","lastModifiedDate":"2022-04-13"},{"lineNumber":15,"author":{"gitId":"leonlegacy24"},"content":"    }","lastModifiedDate":"2022-04-13"},{"lineNumber":16,"author":{"gitId":"leonlegacy24"},"content":"","lastModifiedDate":"2022-04-13"},{"lineNumber":17,"author":{"gitId":"leonlegacy24"},"content":"    public void Uncheck(){","lastModifiedDate":"2022-04-13"},{"lineNumber":18,"author":{"gitId":"leonlegacy24"},"content":"        isDone \u003d false;","lastModifiedDate":"2022-04-13"},{"lineNumber":19,"author":{"gitId":"leonlegacy24"},"content":"    }","lastModifiedDate":"2022-04-13"},{"lineNumber":20,"author":{"gitId":"leonlegacy24"},"content":"","lastModifiedDate":"2022-04-13"},{"lineNumber":21,"author":{"gitId":"leonlegacy24"},"content":"    public String toString(){","lastModifiedDate":"2022-04-13"},{"lineNumber":22,"author":{"gitId":"leonlegacy24"},"content":"        return \"[\" + this.getStatusIcon()+ \"]\" + this.description;","lastModifiedDate":"2022-04-13"},{"lineNumber":23,"author":{"gitId":"leonlegacy24"},"content":"    }","lastModifiedDate":"2022-04-13"},{"lineNumber":24,"author":{"gitId":"leonlegacy24"},"content":"","lastModifiedDate":"2022-04-13"},{"lineNumber":25,"author":{"gitId":"leonlegacy24"},"content":"}","lastModifiedDate":"2022-04-13"}],"authorContributionMap":{"leonlegacy24":25}},{"path":"src/main/java/ToDo.java","fileType":"java","lines":[{"lineNumber":1,"author":{"gitId":"leonlegacy24"},"content":"public class ToDo extends Task {","lastModifiedDate":"2022-04-13"},{"lineNumber":2,"author":{"gitId":"leonlegacy24"},"content":"","lastModifiedDate":"2022-04-13"},{"lineNumber":3,"author":{"gitId":"leonlegacy24"},"content":"","lastModifiedDate":"2022-04-13"},{"lineNumber":4,"author":{"gitId":"leonlegacy24"},"content":"    public ToDo(String description) {","lastModifiedDate":"2022-04-13"},{"lineNumber":5,"author":{"gitId":"leonlegacy24"},"content":"        super(description);","lastModifiedDate":"2022-04-13"},{"lineNumber":6,"author":{"gitId":"leonlegacy24"},"content":"    }","lastModifiedDate":"2022-04-13"},{"lineNumber":7,"author":{"gitId":"leonlegacy24"},"content":"","lastModifiedDate":"2022-04-13"},{"lineNumber":8,"author":{"gitId":"leonlegacy24"},"content":"","lastModifiedDate":"2022-04-13"},{"lineNumber":9,"author":{"gitId":"leonlegacy24"},"content":"    @Override","lastModifiedDate":"2022-04-13"},{"lineNumber":10,"author":{"gitId":"leonlegacy24"},"content":"    public String toString() {","lastModifiedDate":"2022-04-13"},{"lineNumber":11,"author":{"gitId":"leonlegacy24"},"content":"        return \"[T]\" + super.toString();","lastModifiedDate":"2022-04-13"},{"lineNumber":12,"author":{"gitId":"leonlegacy24"},"content":"    }","lastModifiedDate":"2022-04-13"},{"lineNumber":13,"author":{"gitId":"leonlegacy24"},"content":"}","lastModifiedDate":"2022-04-13"}],"authorContributionMap":{"leonlegacy24":13}}]
