[{"path":"src/main/java/Deadline.java","fileType":"java","lines":[{"lineNumber":1,"author":{"gitId":"leonlegacy24"},"content":"import java.time.LocalDate;","lastModifiedDate":"2022-04-20"},{"lineNumber":2,"author":{"gitId":"leonlegacy24"},"content":"import java.time.LocalDateTime;","lastModifiedDate":"2022-04-20"},{"lineNumber":3,"author":{"gitId":"leonlegacy24"},"content":"import java.time.format.DateTimeFormatter;","lastModifiedDate":"2022-04-20"},{"lineNumber":4,"author":{"gitId":"leonlegacy24"},"content":"","lastModifiedDate":"2022-04-20"},{"lineNumber":5,"author":{"gitId":"leonlegacy24"},"content":"public class Deadline extends Task {","lastModifiedDate":"2022-04-13"},{"lineNumber":6,"author":{"gitId":"leonlegacy24"},"content":"","lastModifiedDate":"2022-04-13"},{"lineNumber":7,"author":{"gitId":"leonlegacy24"},"content":"    protected LocalDateTime by;","lastModifiedDate":"2022-04-20"},{"lineNumber":8,"author":{"gitId":"leonlegacy24"},"content":"","lastModifiedDate":"2022-04-13"},{"lineNumber":9,"author":{"gitId":"leonlegacy24"},"content":"    public Deadline(String description, LocalDateTime by) {","lastModifiedDate":"2022-04-20"},{"lineNumber":10,"author":{"gitId":"leonlegacy24"},"content":"        super(description);","lastModifiedDate":"2022-04-13"},{"lineNumber":11,"author":{"gitId":"leonlegacy24"},"content":"        this.by \u003d by;","lastModifiedDate":"2022-04-13"},{"lineNumber":12,"author":{"gitId":"leonlegacy24"},"content":"    }","lastModifiedDate":"2022-04-13"},{"lineNumber":13,"author":{"gitId":"leonlegacy24"},"content":"","lastModifiedDate":"2022-04-13"},{"lineNumber":14,"author":{"gitId":"leonlegacy24"},"content":"    @Override","lastModifiedDate":"2022-04-13"},{"lineNumber":15,"author":{"gitId":"leonlegacy24"},"content":"    public String toString() {","lastModifiedDate":"2022-04-13"},{"lineNumber":16,"author":{"gitId":"leonlegacy24"},"content":"        return \"[D]\" + super.toString() + \" (by: \" +by.format(DateTimeFormatter.ofPattern(\"MMM d yyyy hh:mma\")) + \")\";","lastModifiedDate":"2022-04-20"},{"lineNumber":17,"author":{"gitId":"leonlegacy24"},"content":"    }","lastModifiedDate":"2022-04-13"},{"lineNumber":18,"author":{"gitId":"leonlegacy24"},"content":"}","lastModifiedDate":"2022-04-13"}],"authorContributionMap":{"leonlegacy24":18}},{"path":"src/main/java/Duke.java","fileType":"java","lines":[{"lineNumber":1,"author":{"gitId":"leonlegacy24"},"content":"","lastModifiedDate":"2022-04-12"},{"lineNumber":2,"author":{"gitId":"leonlegacy24"},"content":"import java.io.*;","lastModifiedDate":"2022-04-22"},{"lineNumber":3,"author":{"gitId":"leonlegacy24"},"content":"import java.nio.file.Files;","lastModifiedDate":"2022-04-22"},{"lineNumber":4,"author":{"gitId":"leonlegacy24"},"content":"import java.nio.file.Paths;","lastModifiedDate":"2022-04-22"},{"lineNumber":5,"author":{"gitId":"leonlegacy24"},"content":"import java.time.format.DateTimeParseException;","lastModifiedDate":"2022-04-22"},{"lineNumber":6,"author":{"gitId":"leonlegacy24"},"content":"import java.util.Scanner;","lastModifiedDate":"2022-04-12"},{"lineNumber":7,"author":{"gitId":"leonlegacy24"},"content":"import java.util.ArrayList;","lastModifiedDate":"2022-04-13"},{"lineNumber":8,"author":{"gitId":"leonlegacy24"},"content":"import java.time.LocalDateTime;","lastModifiedDate":"2022-04-20"},{"lineNumber":9,"author":{"gitId":"leonlegacy24"},"content":"import java.time.format.DateTimeFormatter;","lastModifiedDate":"2022-04-20"},{"lineNumber":10,"author":{"gitId":"leonlegacy24"},"content":"","lastModifiedDate":"2022-04-12"},{"lineNumber":11,"author":{"gitId":"leonlegacy24"},"content":"","lastModifiedDate":"2022-04-19"},{"lineNumber":12,"author":{"gitId":"leonlegacy24"},"content":"","lastModifiedDate":"2022-04-19"},{"lineNumber":13,"author":{"gitId":"-"},"content":"public class Duke {","lastModifiedDate":"2022-04-22"},{"lineNumber":14,"author":{"gitId":"leonlegacy24"},"content":"","lastModifiedDate":"2022-04-19"},{"lineNumber":15,"author":{"gitId":"leonlegacy24"},"content":"    public static final String fileDir \u003d \"TaskBot\";","lastModifiedDate":"2022-04-22"},{"lineNumber":16,"author":{"gitId":"leonlegacy24"},"content":"    public static final String fileName \u003d \"Task.txt\";","lastModifiedDate":"2022-04-22"},{"lineNumber":17,"author":{"gitId":"leonlegacy24"},"content":"    public static ArrayList\u003cTask\u003e tasklist \u003d new ArrayList\u003cTask\u003e(); // creates an Arraylist of class Task","lastModifiedDate":"2022-04-22"},{"lineNumber":18,"author":{"gitId":"leonlegacy24"},"content":"","lastModifiedDate":"2022-04-22"},{"lineNumber":19,"author":{"gitId":"leonlegacy24"},"content":"    public static void PrintLines(){","lastModifiedDate":"2022-04-22"},{"lineNumber":20,"author":{"gitId":"leonlegacy24"},"content":"            System.out.println(\"\u003d\u003d\u003d\u003d\u003d\u003d\u003d\u003d\u003d\u003d\u003d\u003d\u003d\u003d\u003d\u003d\u003d\u003d\u003d\u003d\u003d\u003d\u003d\u003d\u003d\u003d\u003d\u003d\u003d\u003d\u003d\u003d\u003d\u003d\u003d\u003d\u003d\u003d\u003d\u003d\u003d\u003d\u003d\u003d\u003d\u003d\u003d\u003d\u003d\u003d\u003d\u003d\u003d\u003d\u003d\u003d\u003d\u003d\u003d\u003d\u003d\u003d\u003d\u003d\u003d\");","lastModifiedDate":"2022-04-22"},{"lineNumber":21,"author":{"gitId":"leonlegacy24"},"content":"    }","lastModifiedDate":"2022-04-22"},{"lineNumber":22,"author":{"gitId":"leonlegacy24"},"content":"    public static void Commands(){","lastModifiedDate":"2022-04-22"},{"lineNumber":23,"author":{"gitId":"leonlegacy24"},"content":"        System.out.println(\"Here are the commands:\");","lastModifiedDate":"2022-04-22"},{"lineNumber":24,"author":{"gitId":"leonlegacy24"},"content":"        System.out.println(\"list- List out your current task \");","lastModifiedDate":"2022-04-22"},{"lineNumber":25,"author":{"gitId":"leonlegacy24"},"content":"        System.out.println(\"commands- List out the commands \");","lastModifiedDate":"2022-04-22"},{"lineNumber":26,"author":{"gitId":"leonlegacy24"},"content":"        System.out.println(\"todo - Adds a task to todo (eg. todo do homework)\");","lastModifiedDate":"2022-04-22"},{"lineNumber":27,"author":{"gitId":"leonlegacy24"},"content":"        System.out.println(\"event - Adds a task to event using the following format: event/ dd-mm-yyyy hhmm  (eg. Musical/ 22-01-2022 1900)\");","lastModifiedDate":"2022-04-22"},{"lineNumber":28,"author":{"gitId":"leonlegacy24"},"content":"        System.out.println(\"deadline -  Adds a task to deadline using the following format: deadline/ dd-mm-yyyy hhmm  (eg. Project Work/ 22-01-2022 1900)\");","lastModifiedDate":"2022-04-22"},{"lineNumber":29,"author":{"gitId":"leonlegacy24"},"content":"        System.out.println(\"Rec -  Adds a Recurring task using the following format: Recurring/ Every when (eg. Rec Gym/ Monday)\");","lastModifiedDate":"2022-04-22"},{"lineNumber":30,"author":{"gitId":"leonlegacy24"},"content":"        System.out.println(\"find - find a keyword in your task list\");","lastModifiedDate":"2022-04-22"},{"lineNumber":31,"author":{"gitId":"leonlegacy24"},"content":"        System.out.println(\"Mark/Unmark - Marks or Unmarks a task based on the number list\");","lastModifiedDate":"2022-04-22"},{"lineNumber":32,"author":{"gitId":"leonlegacy24"},"content":"        System.out.println(\"delete - deletes a task based on the number list\");","lastModifiedDate":"2022-04-22"},{"lineNumber":33,"author":{"gitId":"leonlegacy24"},"content":"        PrintLines();","lastModifiedDate":"2022-04-22"},{"lineNumber":34,"author":{"gitId":"leonlegacy24"},"content":"    }","lastModifiedDate":"2022-04-22"},{"lineNumber":35,"author":{"gitId":"leonlegacy24"},"content":"    public static void main(String[] args) throws FileNotFoundException {","lastModifiedDate":"2022-04-19"},{"lineNumber":36,"author":{"gitId":"leonlegacy24"},"content":"        PrintLines();","lastModifiedDate":"2022-04-22"},{"lineNumber":37,"author":{"gitId":"leonlegacy24"},"content":"        System.out.println(\"Hello! I am Alice, your task Assistant bot. Please Type a command:\");","lastModifiedDate":"2022-04-22"},{"lineNumber":38,"author":{"gitId":"leonlegacy24"},"content":"        PrintLines();","lastModifiedDate":"2022-04-22"},{"lineNumber":39,"author":{"gitId":"leonlegacy24"},"content":"        Scanner scan \u003d new Scanner(System.in);","lastModifiedDate":"2022-04-12"},{"lineNumber":40,"author":{"gitId":"leonlegacy24"},"content":"        String input;","lastModifiedDate":"2022-04-12"},{"lineNumber":41,"author":{"gitId":"leonlegacy24"},"content":"        boolean running \u003d true;","lastModifiedDate":"2022-04-22"},{"lineNumber":42,"author":{"gitId":"leonlegacy24"},"content":"        String fullDir \u003d fileDir+\"/\"+fileName;","lastModifiedDate":"2022-04-22"},{"lineNumber":43,"author":{"gitId":"leonlegacy24"},"content":"        try {","lastModifiedDate":"2022-04-22"},{"lineNumber":44,"author":{"gitId":"leonlegacy24"},"content":"            readFile(fullDir);","lastModifiedDate":"2022-04-22"},{"lineNumber":45,"author":{"gitId":"leonlegacy24"},"content":"        } catch (IOException e){","lastModifiedDate":"2022-04-22"},{"lineNumber":46,"author":{"gitId":"leonlegacy24"},"content":"            System.out.println(\"Looks Like its your first Time using this Bot!\");","lastModifiedDate":"2022-04-22"},{"lineNumber":47,"author":{"gitId":"leonlegacy24"},"content":"            PrintLines();","lastModifiedDate":"2022-04-22"},{"lineNumber":48,"author":{"gitId":"leonlegacy24"},"content":"            Commands();","lastModifiedDate":"2022-04-22"},{"lineNumber":49,"author":{"gitId":"leonlegacy24"},"content":"        }","lastModifiedDate":"2022-04-22"},{"lineNumber":50,"author":{"gitId":"leonlegacy24"},"content":"        File f \u003d new File(fullDir);","lastModifiedDate":"2022-04-22"},{"lineNumber":51,"author":{"gitId":"leonlegacy24"},"content":"        if(tasklist.size()!\u003d 0){","lastModifiedDate":"2022-04-20"},{"lineNumber":52,"author":{"gitId":"leonlegacy24"},"content":"            System.out.println(\"You have currently \" +tasklist.size()+\" Existing Tasks! Use \\\"list\\\" to find out what they are or use \\\"commands\\\" to see the available commands\" );","lastModifiedDate":"2022-04-22"},{"lineNumber":53,"author":{"gitId":"leonlegacy24"},"content":"            PrintLines();","lastModifiedDate":"2022-04-22"},{"lineNumber":54,"author":{"gitId":"leonlegacy24"},"content":"        }","lastModifiedDate":"2022-04-20"},{"lineNumber":55,"author":{"gitId":"leonlegacy24"},"content":"        while(running \u003d\u003d true){ //set the Program to run infinitely in a while loop until user types \u0027bye\u0027","lastModifiedDate":"2022-04-22"},{"lineNumber":56,"author":{"gitId":"leonlegacy24"},"content":"            input \u003d scan.nextLine(); // Takes User input","lastModifiedDate":"2022-04-22"},{"lineNumber":57,"author":{"gitId":"leonlegacy24"},"content":"            if (input.equals(\"bye\")){","lastModifiedDate":"2022-04-12"},{"lineNumber":58,"author":{"gitId":"leonlegacy24"},"content":"                running \u003d false;","lastModifiedDate":"2022-04-12"},{"lineNumber":59,"author":{"gitId":"leonlegacy24"},"content":"                try {","lastModifiedDate":"2022-04-19"},{"lineNumber":60,"author":{"gitId":"leonlegacy24"},"content":"                    writeToFile(fileDir,fileName,tasklist);","lastModifiedDate":"2022-04-22"},{"lineNumber":61,"author":{"gitId":"leonlegacy24"},"content":"                } catch (IOException e) {","lastModifiedDate":"2022-04-19"},{"lineNumber":62,"author":{"gitId":"leonlegacy24"},"content":"                    System.out.println(\"Something went wrong: \" + e.getMessage());","lastModifiedDate":"2022-04-19"},{"lineNumber":63,"author":{"gitId":"leonlegacy24"},"content":"                }","lastModifiedDate":"2022-04-19"},{"lineNumber":64,"author":{"gitId":"leonlegacy24"},"content":"                System.out.println(\"Thank you for using Chat bot! Goodbye!\");","lastModifiedDate":"2022-04-12"},{"lineNumber":65,"author":{"gitId":"leonlegacy24"},"content":"                System.out.println(\"Your file is saved at:\" +f.getAbsolutePath());","lastModifiedDate":"2022-04-19"},{"lineNumber":66,"author":{"gitId":"leonlegacy24"},"content":"            }else if (input.matches(\".*find.*\")) { // Find Command Code","lastModifiedDate":"2022-04-22"},{"lineNumber":67,"author":{"gitId":"leonlegacy24"},"content":"                String find \u003d input.substring(5).trim();","lastModifiedDate":"2022-04-21"},{"lineNumber":68,"author":{"gitId":"leonlegacy24"},"content":"                int counter \u003d0;","lastModifiedDate":"2022-04-21"},{"lineNumber":69,"author":{"gitId":"leonlegacy24"},"content":"                for(int i \u003d 1; i\u003c\u003dtasklist.size(); i++)","lastModifiedDate":"2022-04-21"},{"lineNumber":70,"author":{"gitId":"leonlegacy24"},"content":"                {","lastModifiedDate":"2022-04-21"},{"lineNumber":71,"author":{"gitId":"leonlegacy24"},"content":"                    if(tasklist.get(i-1).toString().contains(find)){","lastModifiedDate":"2022-04-21"},{"lineNumber":72,"author":{"gitId":"leonlegacy24"},"content":"                        System.out.println( i + \". \" + tasklist.get(i-1).toString());","lastModifiedDate":"2022-04-21"},{"lineNumber":73,"author":{"gitId":"leonlegacy24"},"content":"                        counter++;","lastModifiedDate":"2022-04-21"},{"lineNumber":74,"author":{"gitId":"leonlegacy24"},"content":"                    }","lastModifiedDate":"2022-04-21"},{"lineNumber":75,"author":{"gitId":"leonlegacy24"},"content":"                }","lastModifiedDate":"2022-04-21"},{"lineNumber":76,"author":{"gitId":"leonlegacy24"},"content":"                System.out.println(\"Found \" +counter+\" task that contains \"+find);","lastModifiedDate":"2022-04-21"},{"lineNumber":77,"author":{"gitId":"leonlegacy24"},"content":"            }else if(input.equals(\"list\")){ // List out the item in the arraylist Code","lastModifiedDate":"2022-04-22"},{"lineNumber":78,"author":{"gitId":"leonlegacy24"},"content":"                System.out.println(\"Your List:\");","lastModifiedDate":"2022-04-12"},{"lineNumber":79,"author":{"gitId":"leonlegacy24"},"content":"                for(int i \u003d 1; i\u003c\u003dtasklist.size(); i++)","lastModifiedDate":"2022-04-13"},{"lineNumber":80,"author":{"gitId":"leonlegacy24"},"content":"                    System.out.println( i + \". \" + tasklist.get(i-1).toString());","lastModifiedDate":"2022-04-13"},{"lineNumber":81,"author":{"gitId":"leonlegacy24"},"content":"                System.out.println(\"You have currently \" +tasklist.size()+\" Tasks!\" );","lastModifiedDate":"2022-04-13"},{"lineNumber":82,"author":{"gitId":"leonlegacy24"},"content":"                PrintLines();","lastModifiedDate":"2022-04-22"},{"lineNumber":83,"author":{"gitId":"leonlegacy24"},"content":"            }else if(input.equals(\"commands\")){ // List out the item in the arraylist Code","lastModifiedDate":"2022-04-22"},{"lineNumber":84,"author":{"gitId":"leonlegacy24"},"content":"               Commands();","lastModifiedDate":"2022-04-22"},{"lineNumber":85,"author":{"gitId":"leonlegacy24"},"content":"            }else if (input.matches(\".*unmark.*\")){ // Mark Items in Arraylist","lastModifiedDate":"2022-04-22"},{"lineNumber":86,"author":{"gitId":"leonlegacy24"},"content":"                try {","lastModifiedDate":"2022-04-14"},{"lineNumber":87,"author":{"gitId":"leonlegacy24"},"content":"                    int tasknumber \u003d Integer.parseInt(input.replaceAll(\"[^0-9]\", \"\")) - 1; //Get the Task Number to mark","lastModifiedDate":"2022-04-22"},{"lineNumber":88,"author":{"gitId":"leonlegacy24"},"content":"                    tasklist.get(tasknumber).Uncheck();","lastModifiedDate":"2022-04-13"},{"lineNumber":89,"author":{"gitId":"leonlegacy24"},"content":"                    System.out.println(\"Tasks has been unchecked!:\" + tasklist.get(tasknumber).toString());","lastModifiedDate":"2022-04-13"},{"lineNumber":90,"author":{"gitId":"leonlegacy24"},"content":"                    PrintLines();","lastModifiedDate":"2022-04-22"},{"lineNumber":91,"author":{"gitId":"leonlegacy24"},"content":"                } catch (Exception e){","lastModifiedDate":"2022-04-14"},{"lineNumber":92,"author":{"gitId":"leonlegacy24"},"content":"                    System.out.println(\"Sorry, the task you have entered does not exist!\");","lastModifiedDate":"2022-04-14"},{"lineNumber":93,"author":{"gitId":"leonlegacy24"},"content":"                }","lastModifiedDate":"2022-04-14"},{"lineNumber":94,"author":{"gitId":"leonlegacy24"},"content":"            } else if (input.matches(\".*mark.*\")){ // unMark Items in Arraylist","lastModifiedDate":"2022-04-22"},{"lineNumber":95,"author":{"gitId":"leonlegacy24"},"content":"                try{","lastModifiedDate":"2022-04-14"},{"lineNumber":96,"author":{"gitId":"leonlegacy24"},"content":"                    int tasknumber \u003d Integer.parseInt(input.replaceAll(\"[^0-9]\", \"\"))-1; //Get the Task Number to ummark","lastModifiedDate":"2022-04-22"},{"lineNumber":97,"author":{"gitId":"leonlegacy24"},"content":"                    tasklist.get(tasknumber).Check();","lastModifiedDate":"2022-04-13"},{"lineNumber":98,"author":{"gitId":"leonlegacy24"},"content":"                    System.out.println(\"Tasks has been checked!:\" + tasklist.get(tasknumber).toString());","lastModifiedDate":"2022-04-13"},{"lineNumber":99,"author":{"gitId":"leonlegacy24"},"content":"                    PrintLines();","lastModifiedDate":"2022-04-22"},{"lineNumber":100,"author":{"gitId":"leonlegacy24"},"content":"                } catch (Exception e) {","lastModifiedDate":"2022-04-14"},{"lineNumber":101,"author":{"gitId":"leonlegacy24"},"content":"                    System.out.println(\"Sorry, the task you have entered does not exist!\");","lastModifiedDate":"2022-04-14"},{"lineNumber":102,"author":{"gitId":"leonlegacy24"},"content":"                }","lastModifiedDate":"2022-04-14"},{"lineNumber":103,"author":{"gitId":"leonlegacy24"},"content":"","lastModifiedDate":"2022-04-14"},{"lineNumber":104,"author":{"gitId":"leonlegacy24"},"content":"            } else if (input.matches(\".*delete.*\")){ //Delete Items in Arraylist","lastModifiedDate":"2022-04-22"},{"lineNumber":105,"author":{"gitId":"leonlegacy24"},"content":"                try{","lastModifiedDate":"2022-04-14"},{"lineNumber":106,"author":{"gitId":"leonlegacy24"},"content":"                    int tasknumber \u003d Integer.parseInt(input.replaceAll(\"[^0-9]\", \"\"))-1; //Get the Task Number to remove","lastModifiedDate":"2022-04-22"},{"lineNumber":107,"author":{"gitId":"leonlegacy24"},"content":"                    System.out.println(\"Tasks has been Removed:\" + tasklist.get(tasknumber).toString());","lastModifiedDate":"2022-04-14"},{"lineNumber":108,"author":{"gitId":"leonlegacy24"},"content":"                    PrintLines();","lastModifiedDate":"2022-04-22"},{"lineNumber":109,"author":{"gitId":"leonlegacy24"},"content":"                    tasklist.remove(tasknumber);","lastModifiedDate":"2022-04-14"},{"lineNumber":110,"author":{"gitId":"leonlegacy24"},"content":"                    System.out.println(\"You have currently \" +tasklist.size()+\" Tasks!\" );","lastModifiedDate":"2022-04-14"},{"lineNumber":111,"author":{"gitId":"leonlegacy24"},"content":"                }catch (Exception e) {","lastModifiedDate":"2022-04-14"},{"lineNumber":112,"author":{"gitId":"leonlegacy24"},"content":"                    System.out.println(\"Sorry, the task you you are trying to delete does not exist!\");","lastModifiedDate":"2022-04-14"},{"lineNumber":113,"author":{"gitId":"leonlegacy24"},"content":"                }","lastModifiedDate":"2022-04-14"},{"lineNumber":114,"author":{"gitId":"leonlegacy24"},"content":"            } else if(input.matches(\".*todo.*\")){","lastModifiedDate":"2022-04-22"},{"lineNumber":115,"author":{"gitId":"leonlegacy24"},"content":"                try {","lastModifiedDate":"2022-04-14"},{"lineNumber":116,"author":{"gitId":"leonlegacy24"},"content":"                    String ErrorCheck\u003dinput.replaceAll(\"\\\\s\",\"\").substring(5);","lastModifiedDate":"2022-04-14"},{"lineNumber":117,"author":{"gitId":"leonlegacy24"},"content":"                    ToDo t \u003d new ToDo(input.substring(5));","lastModifiedDate":"2022-04-13"},{"lineNumber":118,"author":{"gitId":"leonlegacy24"},"content":"                    tasklist.add(t);","lastModifiedDate":"2022-04-21"},{"lineNumber":119,"author":{"gitId":"leonlegacy24"},"content":"                    System.out.println(\"Added:\" + t);","lastModifiedDate":"2022-04-22"},{"lineNumber":120,"author":{"gitId":"leonlegacy24"},"content":"                    PrintLines();","lastModifiedDate":"2022-04-22"},{"lineNumber":121,"author":{"gitId":"leonlegacy24"},"content":"                }","lastModifiedDate":"2022-04-13"},{"lineNumber":122,"author":{"gitId":"leonlegacy24"},"content":"                catch (Exception e){","lastModifiedDate":"2022-04-14"},{"lineNumber":123,"author":{"gitId":"leonlegacy24"},"content":"                    System.out.println(\"Sorry! Your ToDo cannot be empty!\");","lastModifiedDate":"2022-04-14"},{"lineNumber":124,"author":{"gitId":"leonlegacy24"},"content":"                }","lastModifiedDate":"2022-04-14"},{"lineNumber":125,"author":{"gitId":"leonlegacy24"},"content":"            } else if(input.matches(\".*deadline.*\")) {","lastModifiedDate":"2022-04-22"},{"lineNumber":126,"author":{"gitId":"leonlegacy24"},"content":"                try{","lastModifiedDate":"2022-04-21"},{"lineNumber":127,"author":{"gitId":"leonlegacy24"},"content":"                    String[] split \u003d input.split(\"/\");","lastModifiedDate":"2022-04-13"},{"lineNumber":128,"author":{"gitId":"leonlegacy24"},"content":"                    DateTimeFormatter MyFormat \u003d DateTimeFormatter.ofPattern(\"dd-MM-yyyy HHmm\");","lastModifiedDate":"2022-04-20"},{"lineNumber":129,"author":{"gitId":"leonlegacy24"},"content":"                    LocalDateTime dt \u003d LocalDateTime.parse(split[1].trim(),MyFormat);","lastModifiedDate":"2022-04-20"},{"lineNumber":130,"author":{"gitId":"leonlegacy24"},"content":"                    LocalDateTime now \u003d LocalDateTime.now();","lastModifiedDate":"2022-04-22"},{"lineNumber":131,"author":{"gitId":"leonlegacy24"},"content":"                    if (now.isAfter(dt)){","lastModifiedDate":"2022-04-22"},{"lineNumber":132,"author":{"gitId":"leonlegacy24"},"content":"                        System.out.println(\"Deadline cannot be in the past!\");","lastModifiedDate":"2022-04-22"},{"lineNumber":133,"author":{"gitId":"leonlegacy24"},"content":"                    }else {","lastModifiedDate":"2022-04-22"},{"lineNumber":134,"author":{"gitId":"leonlegacy24"},"content":"                        Deadline d \u003d new Deadline(split[0].substring(9), dt);","lastModifiedDate":"2022-04-20"},{"lineNumber":135,"author":{"gitId":"leonlegacy24"},"content":"                        tasklist.add(d);","lastModifiedDate":"2022-04-13"},{"lineNumber":136,"author":{"gitId":"leonlegacy24"},"content":"                        System.out.println(\"Added:\" + d);","lastModifiedDate":"2022-04-22"},{"lineNumber":137,"author":{"gitId":"leonlegacy24"},"content":"                        PrintLines();","lastModifiedDate":"2022-04-22"},{"lineNumber":138,"author":{"gitId":"leonlegacy24"},"content":"                    }","lastModifiedDate":"2022-04-22"},{"lineNumber":139,"author":{"gitId":"leonlegacy24"},"content":"                } catch (StringIndexOutOfBoundsException e) {","lastModifiedDate":"2022-04-21"},{"lineNumber":140,"author":{"gitId":"leonlegacy24"},"content":"                    System.out.println(\"Sorry! Your Deadline cannot be empty!\");","lastModifiedDate":"2022-04-21"},{"lineNumber":141,"author":{"gitId":"leonlegacy24"},"content":"                }catch (DateTimeParseException e){","lastModifiedDate":"2022-04-22"},{"lineNumber":142,"author":{"gitId":"leonlegacy24"},"content":"                    System.out.println(\"Sorry! Your deadline Date Seems to be in wrong format! Please use dd-mm-yyyy hhmm\");","lastModifiedDate":"2022-04-22"},{"lineNumber":143,"author":{"gitId":"leonlegacy24"},"content":"                } catch (Exception e){","lastModifiedDate":"2022-04-21"},{"lineNumber":144,"author":{"gitId":"leonlegacy24"},"content":"                    System.out.println(\"Sorry! Your deadline Date cannot be empty!\");","lastModifiedDate":"2022-04-21"},{"lineNumber":145,"author":{"gitId":"leonlegacy24"},"content":"                }","lastModifiedDate":"2022-04-21"},{"lineNumber":146,"author":{"gitId":"leonlegacy24"},"content":"            } else if(input.matches(\".*event.*\")) {","lastModifiedDate":"2022-04-22"},{"lineNumber":147,"author":{"gitId":"leonlegacy24"},"content":"                try{","lastModifiedDate":"2022-04-14"},{"lineNumber":148,"author":{"gitId":"leonlegacy24"},"content":"                    String[] split \u003d input.split(\"/\");","lastModifiedDate":"2022-04-13"},{"lineNumber":149,"author":{"gitId":"leonlegacy24"},"content":"                    DateTimeFormatter MyFormat \u003d DateTimeFormatter.ofPattern(\"dd-MM-yyyy HHmm\");","lastModifiedDate":"2022-04-20"},{"lineNumber":150,"author":{"gitId":"leonlegacy24"},"content":"                    LocalDateTime dt \u003d LocalDateTime.parse(split[1].trim(),MyFormat);","lastModifiedDate":"2022-04-20"},{"lineNumber":151,"author":{"gitId":"leonlegacy24"},"content":"                    LocalDateTime now \u003d LocalDateTime.now();","lastModifiedDate":"2022-04-22"},{"lineNumber":152,"author":{"gitId":"leonlegacy24"},"content":"                    if (now.isAfter(dt)){","lastModifiedDate":"2022-04-22"},{"lineNumber":153,"author":{"gitId":"leonlegacy24"},"content":"                        System.out.println(\"Event cannot be in the past!\");","lastModifiedDate":"2022-04-22"},{"lineNumber":154,"author":{"gitId":"leonlegacy24"},"content":"                    }else {","lastModifiedDate":"2022-04-22"},{"lineNumber":155,"author":{"gitId":"leonlegacy24"},"content":"                        Event e \u003d new Event(split[0].substring(6),dt);","lastModifiedDate":"2022-04-20"},{"lineNumber":156,"author":{"gitId":"leonlegacy24"},"content":"                        tasklist.add(e);","lastModifiedDate":"2022-04-13"},{"lineNumber":157,"author":{"gitId":"leonlegacy24"},"content":"                        System.out.println(\"Added:\" + e);","lastModifiedDate":"2022-04-22"},{"lineNumber":158,"author":{"gitId":"leonlegacy24"},"content":"                        PrintLines();","lastModifiedDate":"2022-04-22"},{"lineNumber":159,"author":{"gitId":"leonlegacy24"},"content":"                    }","lastModifiedDate":"2022-04-22"},{"lineNumber":160,"author":{"gitId":"leonlegacy24"},"content":"                } catch (StringIndexOutOfBoundsException e) {","lastModifiedDate":"2022-04-14"},{"lineNumber":161,"author":{"gitId":"leonlegacy24"},"content":"                    System.out.println(\"Sorry! Your Event task cannot be empty!\");","lastModifiedDate":"2022-04-21"},{"lineNumber":162,"author":{"gitId":"leonlegacy24"},"content":"                } catch (DateTimeParseException e){","lastModifiedDate":"2022-04-22"},{"lineNumber":163,"author":{"gitId":"leonlegacy24"},"content":"                    System.out.println(\"Sorry! Your Event Date Seems to be in wrong format! Please use dd-mm-yyyy hhmm\");","lastModifiedDate":"2022-04-22"},{"lineNumber":164,"author":{"gitId":"leonlegacy24"},"content":"                } catch (Exception e) {","lastModifiedDate":"2022-04-14"},{"lineNumber":165,"author":{"gitId":"leonlegacy24"},"content":"                    System.out.println(\"Sorry! There is something wrong with your format. Please use event \u003cyour event\u003e/dd-mm-yyyy hhmm\");","lastModifiedDate":"2022-04-22"},{"lineNumber":166,"author":{"gitId":"leonlegacy24"},"content":"                }","lastModifiedDate":"2022-04-14"},{"lineNumber":167,"author":{"gitId":"leonlegacy24"},"content":"            }","lastModifiedDate":"2022-04-21"},{"lineNumber":168,"author":{"gitId":"leonlegacy24"},"content":"            else if (input.matches(\".*rec.*\")){","lastModifiedDate":"2022-04-21"},{"lineNumber":169,"author":{"gitId":"leonlegacy24"},"content":"                try{","lastModifiedDate":"2022-04-21"},{"lineNumber":170,"author":{"gitId":"leonlegacy24"},"content":"                    String[] split \u003d input.split(\"/\");","lastModifiedDate":"2022-04-21"},{"lineNumber":171,"author":{"gitId":"leonlegacy24"},"content":"                    Recurring r \u003d new Recurring(split[0].substring(4).trim(),split[1].trim());","lastModifiedDate":"2022-04-21"},{"lineNumber":172,"author":{"gitId":"leonlegacy24"},"content":"                    System.out.println(\"Added:\" + r.description);","lastModifiedDate":"2022-04-21"},{"lineNumber":173,"author":{"gitId":"leonlegacy24"},"content":"                    tasklist.add(r);","lastModifiedDate":"2022-04-21"},{"lineNumber":174,"author":{"gitId":"leonlegacy24"},"content":"                }catch (StringIndexOutOfBoundsException e) {","lastModifiedDate":"2022-04-21"},{"lineNumber":175,"author":{"gitId":"leonlegacy24"},"content":"                    System.out.println(\"Sorry! Your Reccuring Task cannot be empty! \");","lastModifiedDate":"2022-04-21"},{"lineNumber":176,"author":{"gitId":"leonlegacy24"},"content":"                } catch (Exception e){","lastModifiedDate":"2022-04-21"},{"lineNumber":177,"author":{"gitId":"leonlegacy24"},"content":"                    System.out.println(\"Sorry! Your reccurring date or time!\");","lastModifiedDate":"2022-04-21"},{"lineNumber":178,"author":{"gitId":"leonlegacy24"},"content":"                }","lastModifiedDate":"2022-04-21"},{"lineNumber":179,"author":{"gitId":"leonlegacy24"},"content":"            } else{","lastModifiedDate":"2022-04-22"},{"lineNumber":180,"author":{"gitId":"leonlegacy24"},"content":"                System.out.println(\"Sorry I do not understand what do you mean\");","lastModifiedDate":"2022-04-14"},{"lineNumber":181,"author":{"gitId":"leonlegacy24"},"content":"            }","lastModifiedDate":"2022-04-13"},{"lineNumber":182,"author":{"gitId":"leonlegacy24"},"content":"        }","lastModifiedDate":"2022-04-12"},{"lineNumber":183,"author":{"gitId":"leonlegacy24"},"content":"    }","lastModifiedDate":"2022-04-19"},{"lineNumber":184,"author":{"gitId":"leonlegacy24"},"content":"","lastModifiedDate":"2022-04-19"},{"lineNumber":185,"author":{"gitId":"leonlegacy24"},"content":"    /**","lastModifiedDate":"2022-04-22"},{"lineNumber":186,"author":{"gitId":"leonlegacy24"},"content":"     * Write to a text file based on the file path.","lastModifiedDate":"2022-04-22"},{"lineNumber":187,"author":{"gitId":"leonlegacy24"},"content":"     * If file or directory doesn\u0027t exist, then program will create one","lastModifiedDate":"2022-04-22"},{"lineNumber":188,"author":{"gitId":"leonlegacy24"},"content":"     *","lastModifiedDate":"2022-04-22"},{"lineNumber":189,"author":{"gitId":"leonlegacy24"},"content":"     * @param fileDir Directory of the file","lastModifiedDate":"2022-04-22"},{"lineNumber":190,"author":{"gitId":"leonlegacy24"},"content":"     * @param fileName Name of the file","lastModifiedDate":"2022-04-22"},{"lineNumber":191,"author":{"gitId":"leonlegacy24"},"content":"     * @param TaskToAdd The arraylist of the tasks","lastModifiedDate":"2022-04-22"},{"lineNumber":192,"author":{"gitId":"leonlegacy24"},"content":"     * @throws IOException If file cant be created.","lastModifiedDate":"2022-04-22"},{"lineNumber":193,"author":{"gitId":"leonlegacy24"},"content":"     */","lastModifiedDate":"2022-04-22"},{"lineNumber":194,"author":{"gitId":"leonlegacy24"},"content":"    public static void writeToFile(String fileDir,String fileName, ArrayList\u003cTask\u003e TaskToAdd) throws IOException {","lastModifiedDate":"2022-04-22"},{"lineNumber":195,"author":{"gitId":"leonlegacy24"},"content":"        //create Directory if it doesnt exist","lastModifiedDate":"2022-04-22"},{"lineNumber":196,"author":{"gitId":"leonlegacy24"},"content":"        File dir \u003d new File(fileDir);","lastModifiedDate":"2022-04-22"},{"lineNumber":197,"author":{"gitId":"leonlegacy24"},"content":"        if (! dir.exists()){","lastModifiedDate":"2022-04-22"},{"lineNumber":198,"author":{"gitId":"leonlegacy24"},"content":"            dir.mkdir();","lastModifiedDate":"2022-04-22"},{"lineNumber":199,"author":{"gitId":"leonlegacy24"},"content":"        }","lastModifiedDate":"2022-04-22"},{"lineNumber":200,"author":{"gitId":"leonlegacy24"},"content":"        //Write all the task into the .txt file","lastModifiedDate":"2022-04-22"},{"lineNumber":201,"author":{"gitId":"leonlegacy24"},"content":"        FileWriter fw \u003d new FileWriter(fileDir+\"/\"+fileName);","lastModifiedDate":"2022-04-22"},{"lineNumber":202,"author":{"gitId":"leonlegacy24"},"content":"        for (int i \u003d 0; i \u003c TaskToAdd.size(); i++) {","lastModifiedDate":"2022-04-19"},{"lineNumber":203,"author":{"gitId":"leonlegacy24"},"content":"            fw.write(TaskToAdd.get(i).toString());","lastModifiedDate":"2022-04-19"},{"lineNumber":204,"author":{"gitId":"leonlegacy24"},"content":"            fw.write(\"\\n\");","lastModifiedDate":"2022-04-19"},{"lineNumber":205,"author":{"gitId":"leonlegacy24"},"content":"        }","lastModifiedDate":"2022-04-19"},{"lineNumber":206,"author":{"gitId":"leonlegacy24"},"content":"        fw.close();","lastModifiedDate":"2022-04-19"},{"lineNumber":207,"author":{"gitId":"leonlegacy24"},"content":"    }","lastModifiedDate":"2022-04-19"},{"lineNumber":208,"author":{"gitId":"leonlegacy24"},"content":"    /**","lastModifiedDate":"2022-04-22"},{"lineNumber":209,"author":{"gitId":"leonlegacy24"},"content":"     * Read the text file based on the file path","lastModifiedDate":"2022-04-22"},{"lineNumber":210,"author":{"gitId":"leonlegacy24"},"content":"     *","lastModifiedDate":"2022-04-22"},{"lineNumber":211,"author":{"gitId":"leonlegacy24"},"content":"     * @param filePath File path of the file","lastModifiedDate":"2022-04-22"},{"lineNumber":212,"author":{"gitId":"leonlegacy24"},"content":"     * @param TaskToAdd The arraylist of the tasks","lastModifiedDate":"2022-04-22"},{"lineNumber":213,"author":{"gitId":"leonlegacy24"},"content":"     * @throws FileNotFoundException If  file is not found.","lastModifiedDate":"2022-04-22"},{"lineNumber":214,"author":{"gitId":"leonlegacy24"},"content":"     *","lastModifiedDate":"2022-04-22"},{"lineNumber":215,"author":{"gitId":"leonlegacy24"},"content":"     */","lastModifiedDate":"2022-04-22"},{"lineNumber":216,"author":{"gitId":"leonlegacy24"},"content":"","lastModifiedDate":"2022-04-19"},{"lineNumber":217,"author":{"gitId":"leonlegacy24"},"content":"    public static void readFile(String filePath) throws FileNotFoundException {","lastModifiedDate":"2022-04-19"},{"lineNumber":218,"author":{"gitId":"leonlegacy24"},"content":"        File f \u003d new File(filePath);","lastModifiedDate":"2022-04-19"},{"lineNumber":219,"author":{"gitId":"leonlegacy24"},"content":"        Scanner s \u003d new Scanner(f);","lastModifiedDate":"2022-04-19"},{"lineNumber":220,"author":{"gitId":"leonlegacy24"},"content":"        DateTimeFormatter MyFormat \u003d DateTimeFormatter.ofPattern(\"MMM d yyyy hh:mma\");","lastModifiedDate":"2022-04-20"},{"lineNumber":221,"author":{"gitId":"leonlegacy24"},"content":"        while (s.hasNext()){","lastModifiedDate":"2022-04-19"},{"lineNumber":222,"author":{"gitId":"leonlegacy24"},"content":"            String line \u003d s.nextLine();","lastModifiedDate":"2022-04-19"},{"lineNumber":223,"author":{"gitId":"leonlegacy24"},"content":"            if(line.matches(\".*[T].*\")){","lastModifiedDate":"2022-04-19"},{"lineNumber":224,"author":{"gitId":"leonlegacy24"},"content":"                ToDo t \u003d new ToDo(line.substring(6));","lastModifiedDate":"2022-04-19"},{"lineNumber":225,"author":{"gitId":"leonlegacy24"},"content":"                tasklist.add(t);","lastModifiedDate":"2022-04-19"},{"lineNumber":226,"author":{"gitId":"leonlegacy24"},"content":"                if(line.matches(\".*[X].*\")){","lastModifiedDate":"2022-04-19"},{"lineNumber":227,"author":{"gitId":"leonlegacy24"},"content":"                    t.Check();","lastModifiedDate":"2022-04-19"},{"lineNumber":228,"author":{"gitId":"leonlegacy24"},"content":"                }","lastModifiedDate":"2022-04-19"},{"lineNumber":229,"author":{"gitId":"leonlegacy24"},"content":"            }else if(line.matches(\".*[R].*\")) {","lastModifiedDate":"2022-04-21"},{"lineNumber":230,"author":{"gitId":"leonlegacy24"},"content":"                int LocationOfBy2 \u003d line.indexOf(\"(\");","lastModifiedDate":"2022-04-21"},{"lineNumber":231,"author":{"gitId":"leonlegacy24"},"content":"                Recurring r \u003d new Recurring(line.substring(6, LocationOfBy2-1),line.substring(LocationOfBy2+8,line.length()-1));","lastModifiedDate":"2022-04-21"},{"lineNumber":232,"author":{"gitId":"leonlegacy24"},"content":"                tasklist.add(r);","lastModifiedDate":"2022-04-21"},{"lineNumber":233,"author":{"gitId":"leonlegacy24"},"content":"                if (line.matches(\".*[X].*\")) {","lastModifiedDate":"2022-04-21"},{"lineNumber":234,"author":{"gitId":"leonlegacy24"},"content":"                    r.Check();","lastModifiedDate":"2022-04-21"},{"lineNumber":235,"author":{"gitId":"leonlegacy24"},"content":"                }","lastModifiedDate":"2022-04-21"},{"lineNumber":236,"author":{"gitId":"leonlegacy24"},"content":"            }else if(line.matches(\".*[E].*\")){","lastModifiedDate":"2022-04-19"},{"lineNumber":237,"author":{"gitId":"leonlegacy24"},"content":"                int LocationOfBy \u003d line.indexOf(\"(\");","lastModifiedDate":"2022-04-19"},{"lineNumber":238,"author":{"gitId":"leonlegacy24"},"content":"                LocalDateTime dt \u003d LocalDateTime.parse(line.substring(LocationOfBy+5,line.length()-1),MyFormat);","lastModifiedDate":"2022-04-20"},{"lineNumber":239,"author":{"gitId":"leonlegacy24"},"content":"                Event e \u003d new Event(line.substring(6,LocationOfBy-1),dt);","lastModifiedDate":"2022-04-20"},{"lineNumber":240,"author":{"gitId":"leonlegacy24"},"content":"                tasklist.add(e);","lastModifiedDate":"2022-04-19"},{"lineNumber":241,"author":{"gitId":"leonlegacy24"},"content":"                if(line.matches(\".*[X].*\")){","lastModifiedDate":"2022-04-19"},{"lineNumber":242,"author":{"gitId":"leonlegacy24"},"content":"                    e.Check();","lastModifiedDate":"2022-04-19"},{"lineNumber":243,"author":{"gitId":"leonlegacy24"},"content":"                }","lastModifiedDate":"2022-04-19"},{"lineNumber":244,"author":{"gitId":"leonlegacy24"},"content":"            }else if(line.matches(\".*[D].*\")) {","lastModifiedDate":"2022-04-19"},{"lineNumber":245,"author":{"gitId":"leonlegacy24"},"content":"                int LocationOfBy2 \u003d line.indexOf(\"(\");","lastModifiedDate":"2022-04-19"},{"lineNumber":246,"author":{"gitId":"leonlegacy24"},"content":"                LocalDateTime dt \u003d LocalDateTime.parse(line.substring(LocationOfBy2 +5, line.length() - 1),MyFormat);","lastModifiedDate":"2022-04-20"},{"lineNumber":247,"author":{"gitId":"leonlegacy24"},"content":"                Deadline d \u003d new Deadline(line.substring(6, LocationOfBy2-1),dt);","lastModifiedDate":"2022-04-20"},{"lineNumber":248,"author":{"gitId":"leonlegacy24"},"content":"                tasklist.add(d);","lastModifiedDate":"2022-04-19"},{"lineNumber":249,"author":{"gitId":"leonlegacy24"},"content":"                if (line.matches(\".*[X].*\")) {","lastModifiedDate":"2022-04-19"},{"lineNumber":250,"author":{"gitId":"leonlegacy24"},"content":"                    d.Check();","lastModifiedDate":"2022-04-19"},{"lineNumber":251,"author":{"gitId":"leonlegacy24"},"content":"                }","lastModifiedDate":"2022-04-19"},{"lineNumber":252,"author":{"gitId":"leonlegacy24"},"content":"            }","lastModifiedDate":"2022-04-19"},{"lineNumber":253,"author":{"gitId":"leonlegacy24"},"content":"","lastModifiedDate":"2022-04-19"},{"lineNumber":254,"author":{"gitId":"leonlegacy24"},"content":"        }","lastModifiedDate":"2022-04-19"},{"lineNumber":255,"author":{"gitId":"leonlegacy24"},"content":"","lastModifiedDate":"2022-04-19"},{"lineNumber":256,"author":{"gitId":"-"},"content":"    }","lastModifiedDate":"2019-07-29"},{"lineNumber":257,"author":{"gitId":"-"},"content":"}","lastModifiedDate":"2019-07-29"}],"authorContributionMap":{"leonlegacy24":254,"-":3}},{"path":"src/main/java/Event.java","fileType":"java","lines":[{"lineNumber":1,"author":{"gitId":"leonlegacy24"},"content":"import java.time.LocalDateTime;","lastModifiedDate":"2022-04-20"},{"lineNumber":2,"author":{"gitId":"leonlegacy24"},"content":"import java.time.format.DateTimeFormatter;","lastModifiedDate":"2022-04-20"},{"lineNumber":3,"author":{"gitId":"leonlegacy24"},"content":"","lastModifiedDate":"2022-04-20"},{"lineNumber":4,"author":{"gitId":"leonlegacy24"},"content":"public class Event extends Task {","lastModifiedDate":"2022-04-13"},{"lineNumber":5,"author":{"gitId":"leonlegacy24"},"content":"","lastModifiedDate":"2022-04-13"},{"lineNumber":6,"author":{"gitId":"leonlegacy24"},"content":"    protected LocalDateTime at;","lastModifiedDate":"2022-04-20"},{"lineNumber":7,"author":{"gitId":"leonlegacy24"},"content":"","lastModifiedDate":"2022-04-13"},{"lineNumber":8,"author":{"gitId":"leonlegacy24"},"content":"    public Event(String description, LocalDateTime at) {","lastModifiedDate":"2022-04-20"},{"lineNumber":9,"author":{"gitId":"leonlegacy24"},"content":"        super(description);","lastModifiedDate":"2022-04-13"},{"lineNumber":10,"author":{"gitId":"leonlegacy24"},"content":"        this.at \u003d at;","lastModifiedDate":"2022-04-13"},{"lineNumber":11,"author":{"gitId":"leonlegacy24"},"content":"    }","lastModifiedDate":"2022-04-13"},{"lineNumber":12,"author":{"gitId":"leonlegacy24"},"content":"","lastModifiedDate":"2022-04-13"},{"lineNumber":13,"author":{"gitId":"leonlegacy24"},"content":"    @Override","lastModifiedDate":"2022-04-13"},{"lineNumber":14,"author":{"gitId":"leonlegacy24"},"content":"    public String toString() {","lastModifiedDate":"2022-04-13"},{"lineNumber":15,"author":{"gitId":"leonlegacy24"},"content":"        return \"[E]\" + super.toString() + \" (at: \" + at.format(DateTimeFormatter.ofPattern(\"MMM d yyyy hh:mma\")) + \")\";","lastModifiedDate":"2022-04-20"},{"lineNumber":16,"author":{"gitId":"leonlegacy24"},"content":"    }","lastModifiedDate":"2022-04-13"},{"lineNumber":17,"author":{"gitId":"leonlegacy24"},"content":"}","lastModifiedDate":"2022-04-13"}],"authorContributionMap":{"leonlegacy24":17}},{"path":"src/main/java/Recurring.java","fileType":"java","lines":[{"lineNumber":1,"author":{"gitId":"leonlegacy24"},"content":"import java.time.LocalDateTime;","lastModifiedDate":"2022-04-21"},{"lineNumber":2,"author":{"gitId":"leonlegacy24"},"content":"import java.time.format.DateTimeFormatter;","lastModifiedDate":"2022-04-21"},{"lineNumber":3,"author":{"gitId":"leonlegacy24"},"content":"","lastModifiedDate":"2022-04-21"},{"lineNumber":4,"author":{"gitId":"leonlegacy24"},"content":"public class Recurring extends Task {","lastModifiedDate":"2022-04-21"},{"lineNumber":5,"author":{"gitId":"leonlegacy24"},"content":"","lastModifiedDate":"2022-04-21"},{"lineNumber":6,"author":{"gitId":"leonlegacy24"},"content":"    protected String Recurring;","lastModifiedDate":"2022-04-21"},{"lineNumber":7,"author":{"gitId":"leonlegacy24"},"content":"","lastModifiedDate":"2022-04-21"},{"lineNumber":8,"author":{"gitId":"leonlegacy24"},"content":"    public Recurring(String description, String recurring) {","lastModifiedDate":"2022-04-21"},{"lineNumber":9,"author":{"gitId":"leonlegacy24"},"content":"        super(description);","lastModifiedDate":"2022-04-21"},{"lineNumber":10,"author":{"gitId":"leonlegacy24"},"content":"        this.Recurring \u003d recurring;","lastModifiedDate":"2022-04-21"},{"lineNumber":11,"author":{"gitId":"leonlegacy24"},"content":"    }","lastModifiedDate":"2022-04-21"},{"lineNumber":12,"author":{"gitId":"leonlegacy24"},"content":"","lastModifiedDate":"2022-04-21"},{"lineNumber":13,"author":{"gitId":"leonlegacy24"},"content":"    @Override","lastModifiedDate":"2022-04-21"},{"lineNumber":14,"author":{"gitId":"leonlegacy24"},"content":"    public String toString() {","lastModifiedDate":"2022-04-21"},{"lineNumber":15,"author":{"gitId":"leonlegacy24"},"content":"        return \"[R]\" + super.toString() + \" (Every: \" + Recurring+ \")\";","lastModifiedDate":"2022-04-21"},{"lineNumber":16,"author":{"gitId":"leonlegacy24"},"content":"    }","lastModifiedDate":"2022-04-21"},{"lineNumber":17,"author":{"gitId":"leonlegacy24"},"content":"}","lastModifiedDate":"2022-04-21"}],"authorContributionMap":{"leonlegacy24":17}},{"path":"src/main/java/Task.java","fileType":"java","lines":[{"lineNumber":1,"author":{"gitId":"leonlegacy24"},"content":"/**","lastModifiedDate":"2022-04-22"},{"lineNumber":2,"author":{"gitId":"leonlegacy24"},"content":" * Represents each task","lastModifiedDate":"2022-04-22"},{"lineNumber":3,"author":{"gitId":"leonlegacy24"},"content":" *","lastModifiedDate":"2022-04-22"},{"lineNumber":4,"author":{"gitId":"leonlegacy24"},"content":" */","lastModifiedDate":"2022-04-22"},{"lineNumber":5,"author":{"gitId":"leonlegacy24"},"content":"","lastModifiedDate":"2022-04-22"},{"lineNumber":6,"author":{"gitId":"leonlegacy24"},"content":"","lastModifiedDate":"2022-04-22"},{"lineNumber":7,"author":{"gitId":"leonlegacy24"},"content":"public class Task {","lastModifiedDate":"2022-04-13"},{"lineNumber":8,"author":{"gitId":"leonlegacy24"},"content":"    protected String description;","lastModifiedDate":"2022-04-13"},{"lineNumber":9,"author":{"gitId":"leonlegacy24"},"content":"    protected boolean isDone;","lastModifiedDate":"2022-04-13"},{"lineNumber":10,"author":{"gitId":"leonlegacy24"},"content":"","lastModifiedDate":"2022-04-13"},{"lineNumber":11,"author":{"gitId":"leonlegacy24"},"content":"    public Task(String description) {","lastModifiedDate":"2022-04-13"},{"lineNumber":12,"author":{"gitId":"leonlegacy24"},"content":"        this.description \u003d description;","lastModifiedDate":"2022-04-13"},{"lineNumber":13,"author":{"gitId":"leonlegacy24"},"content":"    }","lastModifiedDate":"2022-04-13"},{"lineNumber":14,"author":{"gitId":"leonlegacy24"},"content":"","lastModifiedDate":"2022-04-13"},{"lineNumber":15,"author":{"gitId":"leonlegacy24"},"content":"    public String getStatusIcon() {","lastModifiedDate":"2022-04-13"},{"lineNumber":16,"author":{"gitId":"leonlegacy24"},"content":"        return (isDone ? \"X\" : \" \"); // mark done task with X","lastModifiedDate":"2022-04-13"},{"lineNumber":17,"author":{"gitId":"leonlegacy24"},"content":"    }","lastModifiedDate":"2022-04-13"},{"lineNumber":18,"author":{"gitId":"leonlegacy24"},"content":"","lastModifiedDate":"2022-04-13"},{"lineNumber":19,"author":{"gitId":"leonlegacy24"},"content":"    public void Check(){","lastModifiedDate":"2022-04-13"},{"lineNumber":20,"author":{"gitId":"leonlegacy24"},"content":"        isDone \u003d true;","lastModifiedDate":"2022-04-13"},{"lineNumber":21,"author":{"gitId":"leonlegacy24"},"content":"    }","lastModifiedDate":"2022-04-13"},{"lineNumber":22,"author":{"gitId":"leonlegacy24"},"content":"","lastModifiedDate":"2022-04-13"},{"lineNumber":23,"author":{"gitId":"leonlegacy24"},"content":"    public void Uncheck(){","lastModifiedDate":"2022-04-13"},{"lineNumber":24,"author":{"gitId":"leonlegacy24"},"content":"        isDone \u003d false;","lastModifiedDate":"2022-04-13"},{"lineNumber":25,"author":{"gitId":"leonlegacy24"},"content":"    }","lastModifiedDate":"2022-04-13"},{"lineNumber":26,"author":{"gitId":"leonlegacy24"},"content":"","lastModifiedDate":"2022-04-13"},{"lineNumber":27,"author":{"gitId":"leonlegacy24"},"content":"    public String toString(){","lastModifiedDate":"2022-04-13"},{"lineNumber":28,"author":{"gitId":"leonlegacy24"},"content":"        return \"[\" + this.getStatusIcon()+ \"]\" + this.description;","lastModifiedDate":"2022-04-13"},{"lineNumber":29,"author":{"gitId":"leonlegacy24"},"content":"    }","lastModifiedDate":"2022-04-13"},{"lineNumber":30,"author":{"gitId":"leonlegacy24"},"content":"","lastModifiedDate":"2022-04-13"},{"lineNumber":31,"author":{"gitId":"leonlegacy24"},"content":"}","lastModifiedDate":"2022-04-13"}],"authorContributionMap":{"leonlegacy24":31}},{"path":"src/main/java/ToDo.java","fileType":"java","lines":[{"lineNumber":1,"author":{"gitId":"leonlegacy24"},"content":"public class ToDo extends Task {","lastModifiedDate":"2022-04-13"},{"lineNumber":2,"author":{"gitId":"leonlegacy24"},"content":"","lastModifiedDate":"2022-04-13"},{"lineNumber":3,"author":{"gitId":"leonlegacy24"},"content":"","lastModifiedDate":"2022-04-13"},{"lineNumber":4,"author":{"gitId":"leonlegacy24"},"content":"    public ToDo(String description) {","lastModifiedDate":"2022-04-13"},{"lineNumber":5,"author":{"gitId":"leonlegacy24"},"content":"        super(description);","lastModifiedDate":"2022-04-13"},{"lineNumber":6,"author":{"gitId":"leonlegacy24"},"content":"    }","lastModifiedDate":"2022-04-13"},{"lineNumber":7,"author":{"gitId":"leonlegacy24"},"content":"","lastModifiedDate":"2022-04-13"},{"lineNumber":8,"author":{"gitId":"leonlegacy24"},"content":"","lastModifiedDate":"2022-04-13"},{"lineNumber":9,"author":{"gitId":"leonlegacy24"},"content":"    @Override","lastModifiedDate":"2022-04-13"},{"lineNumber":10,"author":{"gitId":"leonlegacy24"},"content":"    public String toString() {","lastModifiedDate":"2022-04-13"},{"lineNumber":11,"author":{"gitId":"leonlegacy24"},"content":"        return \"[T]\" + super.toString();","lastModifiedDate":"2022-04-13"},{"lineNumber":12,"author":{"gitId":"leonlegacy24"},"content":"    }","lastModifiedDate":"2022-04-13"},{"lineNumber":13,"author":{"gitId":"leonlegacy24"},"content":"}","lastModifiedDate":"2022-04-13"}],"authorContributionMap":{"leonlegacy24":13}}]
