{"authorDailyContributionsMap":{"leonlegacy24":[{"date":"2022-04-12","commitResults":[{"hash":"56dd1b2c1c62a0155f4590c543879dd29f0e9768","messageTitle":"basic mainframe of duke","messageBody":"","tags":["Level1"],"fileTypesAndContributionMap":{"java":{"insertions":18,"deletions":6}}},{"hash":"ec5b1881f47a023f404acfa1b1703f2877eb27ad","messageTitle":"Added llist array","messageBody":"","tags":["Level2"],"fileTypesAndContributionMap":{"java":{"insertions":13,"deletions":2}}}]},{"date":"2022-04-13","commitResults":[{"hash":"4762bdeb733341b7e8311cef1abe88fbea932d2b","messageTitle":"Added marking and unmarking of task","messageBody":"","tags":["Level3"],"fileTypesAndContributionMap":{"java":{"insertions":44,"deletions":8}}},{"hash":"a37cc9190804002f723db8bdc9f25c991aba6350","messageTitle":"Added Event, deadline and todo classes","messageBody":"","tags":["Level4"],"fileTypesAndContributionMap":{"java":{"insertions":63,"deletions":5}}}]},{"date":"2022-04-14","commitResults":[{"hash":"f76008699f1ab0959fda0762180d805bba6dca4f","messageTitle":"Exception Handling","messageBody":"","tags":["Level5"],"fileTypesAndContributionMap":{"java":{"insertions":41,"deletions":12}}},{"hash":"e8529bb9e6d77aebe002f5738062fef8509cb192","messageTitle":"Added Delete function","messageBody":"","tags":["Level6"],"fileTypesAndContributionMap":{"java":{"insertions":11,"deletions":0}}},{"hash":"9a0c97a6d1bcfa525e89535a0ec9936e8f57eca1","messageTitle":"Added more exemption handling","messageBody":"","tags":["Level5.1"],"fileTypesAndContributionMap":{"java":{"insertions":24,"deletions":15}}}]},{"date":"2022-04-19","commitResults":[{"hash":"21b1fd9c4f9d6e3c52e34cd5fd78a4f1e773af08","messageTitle":"Added read and write file","messageBody":"","tags":["Level7"],"fileTypesAndContributionMap":{"java":{"insertions":84,"deletions":5}}}]},{"date":"2022-04-20","commitResults":[{"hash":"bc12c8bd5d5c00916fe483509965ce92d33e051a","messageTitle":"Duke to read date/time","messageBody":"","tags":["Level8"],"fileTypesAndContributionMap":{"java":{"insertions":40,"deletions":37}}}]},{"date":"2022-04-21","commitResults":[{"hash":"bd33d76792e029abf1a971e957c8767a765b237b","messageTitle":"Added Recuring Task","messageBody":"","tags":["level8.5"],"fileTypesAndContributionMap":{"java":{"insertions":60,"deletions":9}}},{"hash":"0939dd9cc0150c01e5a46b1083995e6b3c118380","messageTitle":"Added find Function","messageBody":"","tags":["Level9"],"fileTypesAndContributionMap":{"java":{"insertions":15,"deletions":13}}}]},{"date":"2022-04-22","commitResults":[{"hash":"49503002802171bd4432b4a9bba588cfa3ff9434","messageTitle":"Touchup of codes","messageBody":"","fileTypesAndContributionMap":{"java":{"insertions":129,"deletions":87}}}]}]},"authorFileTypeContributionMap":{"leonlegacy24":{"java":350,"md":0,"fxml":0,"sh":0,"bat":0,"gradle":0,"txt":0}},"authorContributionVariance":{"leonlegacy24":884.6031},"authorDisplayNameMap":{"leonlegacy24":"FOO ..MENG"}}
