[{"path":"src/main/java/Deadline.java","fileType":"java","lines":[{"lineNumber":1,"author":{"gitId":"Louislz-l"},"content":"public class Deadline extends Task {","lastModifiedDate":"2022-02-15"},{"lineNumber":2,"author":{"gitId":"Louislz-l"},"content":"","lastModifiedDate":"2022-02-15"},{"lineNumber":3,"author":{"gitId":"Louislz-l"},"content":"    protected String by;","lastModifiedDate":"2022-02-15"},{"lineNumber":4,"author":{"gitId":"Louislz-l"},"content":"","lastModifiedDate":"2022-02-15"},{"lineNumber":5,"author":{"gitId":"Louislz-l"},"content":"    public Deadline(String description, String by) {","lastModifiedDate":"2022-02-15"},{"lineNumber":6,"author":{"gitId":"Louislz-l"},"content":"        super(description);","lastModifiedDate":"2022-02-15"},{"lineNumber":7,"author":{"gitId":"Louislz-l"},"content":"        this.by \u003d by;","lastModifiedDate":"2022-02-15"},{"lineNumber":8,"author":{"gitId":"Louislz-l"},"content":"    }","lastModifiedDate":"2022-02-15"},{"lineNumber":9,"author":{"gitId":"Louislz-l"},"content":"","lastModifiedDate":"2022-02-15"},{"lineNumber":10,"author":{"gitId":"Louislz-l"},"content":"    @Override","lastModifiedDate":"2022-02-15"},{"lineNumber":11,"author":{"gitId":"Louislz-l"},"content":"    public String toString() {","lastModifiedDate":"2022-02-15"},{"lineNumber":12,"author":{"gitId":"Louislz-l"},"content":"        return \"[D]\" + super.toString() + \" (by: \" + by + \")\";","lastModifiedDate":"2022-02-15"},{"lineNumber":13,"author":{"gitId":"Louislz-l"},"content":"    }","lastModifiedDate":"2022-02-15"},{"lineNumber":14,"author":{"gitId":"Louislz-l"},"content":"}","lastModifiedDate":"2022-02-15"}],"authorContributionMap":{"Louislz-l":14}},{"path":"src/main/java/Duke.java","fileType":"java","lines":[{"lineNumber":1,"author":{"gitId":"Louislz-l"},"content":"import java.util.Scanner;","lastModifiedDate":"2022-01-26"},{"lineNumber":2,"author":{"gitId":"-"},"content":"public class Duke {","lastModifiedDate":"2019-07-29"},{"lineNumber":3,"author":{"gitId":"Louislz-l"},"content":"","lastModifiedDate":"2022-01-26"},{"lineNumber":4,"author":{"gitId":"Louislz-l"},"content":"    //Code Starts here!","lastModifiedDate":"2022-01-26"},{"lineNumber":5,"author":{"gitId":"Louislz-l"},"content":"    ","lastModifiedDate":"2022-02-03"},{"lineNumber":6,"author":{"gitId":"Louislz-l"},"content":"    //Aesthetic Function","lastModifiedDate":"2022-02-03"},{"lineNumber":7,"author":{"gitId":"Louislz-l"},"content":"    public static void printLine() {","lastModifiedDate":"2022-01-26"},{"lineNumber":8,"author":{"gitId":"Louislz-l"},"content":"        System.out.println(\"__________________________________________________________\");","lastModifiedDate":"2022-01-26"},{"lineNumber":9,"author":{"gitId":"Louislz-l"},"content":"    }","lastModifiedDate":"2022-01-26"},{"lineNumber":10,"author":{"gitId":"Louislz-l"},"content":"","lastModifiedDate":"2022-01-26"},{"lineNumber":11,"author":{"gitId":"Louislz-l"},"content":"    //Level-2 Added List Array","lastModifiedDate":"2022-02-03"},{"lineNumber":12,"author":{"gitId":"Louislz-l"},"content":"    public static void system() {","lastModifiedDate":"2022-02-03"},{"lineNumber":13,"author":{"gitId":"Louislz-l"},"content":"        Task[] tasks \u003d new Task[100];","lastModifiedDate":"2022-02-09"},{"lineNumber":14,"author":{"gitId":"Louislz-l"},"content":"        String line;","lastModifiedDate":"2022-01-26"},{"lineNumber":15,"author":{"gitId":"Louislz-l"},"content":"        int counter\u003d 0;","lastModifiedDate":"2022-02-03"},{"lineNumber":16,"author":{"gitId":"Louislz-l"},"content":"        Scanner in \u003d new Scanner(System.in);","lastModifiedDate":"2022-01-26"},{"lineNumber":17,"author":{"gitId":"Louislz-l"},"content":"","lastModifiedDate":"2022-02-03"},{"lineNumber":18,"author":{"gitId":"Louislz-l"},"content":"        //Keep the System Running","lastModifiedDate":"2022-02-03"},{"lineNumber":19,"author":{"gitId":"Louislz-l"},"content":"        while (true) {","lastModifiedDate":"2022-02-03"},{"lineNumber":20,"author":{"gitId":"Louislz-l"},"content":"            //Ask User for Input","lastModifiedDate":"2022-02-03"},{"lineNumber":21,"author":{"gitId":"Louislz-l"},"content":"            line \u003d in.nextLine();","lastModifiedDate":"2022-01-26"},{"lineNumber":22,"author":{"gitId":"Louislz-l"},"content":"","lastModifiedDate":"2022-01-26"},{"lineNumber":23,"author":{"gitId":"Louislz-l"},"content":"            //Print the List","lastModifiedDate":"2022-02-03"},{"lineNumber":24,"author":{"gitId":"Louislz-l"},"content":"            if (line.equals(\"list\")) {","lastModifiedDate":"2022-02-03"},{"lineNumber":25,"author":{"gitId":"Louislz-l"},"content":"                printLine();","lastModifiedDate":"2022-02-03"},{"lineNumber":26,"author":{"gitId":"Louislz-l"},"content":"                System.out.println(\"Here are the taks in your lists:\");","lastModifiedDate":"2022-02-09"},{"lineNumber":27,"author":{"gitId":"Louislz-l"},"content":"                for (int x \u003d 0; x \u003c counter; x++) {","lastModifiedDate":"2022-02-03"},{"lineNumber":28,"author":{"gitId":"Louislz-l"},"content":"                    //Amended to Use toString()","lastModifiedDate":"2022-02-15"},{"lineNumber":29,"author":{"gitId":"Louislz-l"},"content":"                    System.out.println(x + 1 + \". \" + tasks[x].toString());","lastModifiedDate":"2022-02-15"},{"lineNumber":30,"author":{"gitId":"Louislz-l"},"content":"                }","lastModifiedDate":"2022-02-03"},{"lineNumber":31,"author":{"gitId":"Louislz-l"},"content":"                printLine();","lastModifiedDate":"2022-02-03"},{"lineNumber":32,"author":{"gitId":"Louislz-l"},"content":"            }","lastModifiedDate":"2022-02-03"},{"lineNumber":33,"author":{"gitId":"Louislz-l"},"content":"","lastModifiedDate":"2022-02-09"},{"lineNumber":34,"author":{"gitId":"Louislz-l"},"content":"            //UnMark the Box","lastModifiedDate":"2022-02-09"},{"lineNumber":35,"author":{"gitId":"Louislz-l"},"content":"            else if (line.contains(\"unmark\")){","lastModifiedDate":"2022-02-09"},{"lineNumber":36,"author":{"gitId":"Louislz-l"},"content":"                // -1 as Array starts from 0","lastModifiedDate":"2022-02-09"},{"lineNumber":37,"author":{"gitId":"Louislz-l"},"content":"                int num2 \u003d Integer.parseInt(line.substring(7)) - 1;","lastModifiedDate":"2022-02-09"},{"lineNumber":38,"author":{"gitId":"Louislz-l"},"content":"                Task um \u003d tasks[num2];","lastModifiedDate":"2022-02-09"},{"lineNumber":39,"author":{"gitId":"Louislz-l"},"content":"                um.markAsNotDone();","lastModifiedDate":"2022-02-09"},{"lineNumber":40,"author":{"gitId":"Louislz-l"},"content":"                System.out.println(\"OK, I\u0027ve marked this task as not done yet:\");","lastModifiedDate":"2022-02-09"},{"lineNumber":41,"author":{"gitId":"Louislz-l"},"content":"                System.out.println(\"[\" + um.getStatusIcon() + \"] \" + um.description);","lastModifiedDate":"2022-02-09"},{"lineNumber":42,"author":{"gitId":"Louislz-l"},"content":"            }","lastModifiedDate":"2022-02-09"},{"lineNumber":43,"author":{"gitId":"Louislz-l"},"content":"","lastModifiedDate":"2022-02-09"},{"lineNumber":44,"author":{"gitId":"Louislz-l"},"content":"            //Mark the Box","lastModifiedDate":"2022-02-09"},{"lineNumber":45,"author":{"gitId":"Louislz-l"},"content":"            else if (line.contains(\"mark\")){","lastModifiedDate":"2022-02-09"},{"lineNumber":46,"author":{"gitId":"Louislz-l"},"content":"                // -1 as Array starts from 0","lastModifiedDate":"2022-02-09"},{"lineNumber":47,"author":{"gitId":"Louislz-l"},"content":"                int num \u003d Integer.parseInt(line.substring(5)) - 1;","lastModifiedDate":"2022-02-09"},{"lineNumber":48,"author":{"gitId":"Louislz-l"},"content":"                Task m \u003d tasks[num];","lastModifiedDate":"2022-02-09"},{"lineNumber":49,"author":{"gitId":"Louislz-l"},"content":"                m.markAsDone();","lastModifiedDate":"2022-02-09"},{"lineNumber":50,"author":{"gitId":"Louislz-l"},"content":"                System.out.println(\"Nice! I\u0027ve marked this task as done\");","lastModifiedDate":"2022-02-09"},{"lineNumber":51,"author":{"gitId":"Louislz-l"},"content":"                System.out.println(\"[\" + m.getStatusIcon() + \"] \" + m.description);","lastModifiedDate":"2022-02-09"},{"lineNumber":52,"author":{"gitId":"Louislz-l"},"content":"            }","lastModifiedDate":"2022-02-09"},{"lineNumber":53,"author":{"gitId":"Louislz-l"},"content":"","lastModifiedDate":"2022-02-09"},{"lineNumber":54,"author":{"gitId":"Louislz-l"},"content":"            //Run Deadline Class","lastModifiedDate":"2022-02-15"},{"lineNumber":55,"author":{"gitId":"Louislz-l"},"content":"            else if (line.contains(\"deadline\")){","lastModifiedDate":"2022-02-15"},{"lineNumber":56,"author":{"gitId":"Louislz-l"},"content":"","lastModifiedDate":"2022-02-15"},{"lineNumber":57,"author":{"gitId":"Louislz-l"},"content":"                //Find Position of \u0027/\u0027","lastModifiedDate":"2022-02-15"},{"lineNumber":58,"author":{"gitId":"Louislz-l"},"content":"                int slash \u003d line.indexOf(\"/\");","lastModifiedDate":"2022-02-15"},{"lineNumber":59,"author":{"gitId":"Louislz-l"},"content":"","lastModifiedDate":"2022-02-15"},{"lineNumber":60,"author":{"gitId":"Louislz-l"},"content":"                //Initiate Deadline Class","lastModifiedDate":"2022-02-15"},{"lineNumber":61,"author":{"gitId":"Louislz-l"},"content":"                tasks[counter] \u003d new Deadline(line.substring(9, slash-1),line.substring(slash+4));","lastModifiedDate":"2022-02-15"},{"lineNumber":62,"author":{"gitId":"Louislz-l"},"content":"                System.out.println(\"Got it. I\u0027ve added this task:\");","lastModifiedDate":"2022-02-15"},{"lineNumber":63,"author":{"gitId":"Louislz-l"},"content":"                System.out.println(tasks[counter].toString());","lastModifiedDate":"2022-02-15"},{"lineNumber":64,"author":{"gitId":"Louislz-l"},"content":"                counter++;","lastModifiedDate":"2022-02-15"},{"lineNumber":65,"author":{"gitId":"Louislz-l"},"content":"                System.out.println(\"Now you have \" + (counter) + \" tasks in the list.\");","lastModifiedDate":"2022-02-15"},{"lineNumber":66,"author":{"gitId":"Louislz-l"},"content":"            }","lastModifiedDate":"2022-02-15"},{"lineNumber":67,"author":{"gitId":"Louislz-l"},"content":"","lastModifiedDate":"2022-02-15"},{"lineNumber":68,"author":{"gitId":"Louislz-l"},"content":"            //Run Tod0 Class","lastModifiedDate":"2022-02-15"},{"lineNumber":69,"author":{"gitId":"Louislz-l"},"content":"            else if (line.contains(\"todo\")){","lastModifiedDate":"2022-02-15"},{"lineNumber":70,"author":{"gitId":"Louislz-l"},"content":"","lastModifiedDate":"2022-02-15"},{"lineNumber":71,"author":{"gitId":"Louislz-l"},"content":"                //Initiate Tod0 Class","lastModifiedDate":"2022-02-15"},{"lineNumber":72,"author":{"gitId":"Louislz-l"},"content":"                tasks[counter] \u003d new Todo(line.substring(5));","lastModifiedDate":"2022-02-15"},{"lineNumber":73,"author":{"gitId":"Louislz-l"},"content":"                System.out.println(\"Got it. I\u0027ve added this task:\");","lastModifiedDate":"2022-02-15"},{"lineNumber":74,"author":{"gitId":"Louislz-l"},"content":"                System.out.println(tasks[counter].toString());","lastModifiedDate":"2022-02-15"},{"lineNumber":75,"author":{"gitId":"Louislz-l"},"content":"                counter++;","lastModifiedDate":"2022-02-15"},{"lineNumber":76,"author":{"gitId":"Louislz-l"},"content":"                System.out.println(\"Now you have \" + (counter) + \" tasks in the list.\");","lastModifiedDate":"2022-02-15"},{"lineNumber":77,"author":{"gitId":"Louislz-l"},"content":"            }","lastModifiedDate":"2022-02-15"},{"lineNumber":78,"author":{"gitId":"Louislz-l"},"content":"","lastModifiedDate":"2022-02-15"},{"lineNumber":79,"author":{"gitId":"Louislz-l"},"content":"            //Run Event Class","lastModifiedDate":"2022-02-15"},{"lineNumber":80,"author":{"gitId":"Louislz-l"},"content":"            else if (line.contains(\"event\")){","lastModifiedDate":"2022-02-15"},{"lineNumber":81,"author":{"gitId":"Louislz-l"},"content":"","lastModifiedDate":"2022-02-15"},{"lineNumber":82,"author":{"gitId":"Louislz-l"},"content":"                //Find Position of \u0027/\u0027","lastModifiedDate":"2022-02-15"},{"lineNumber":83,"author":{"gitId":"Louislz-l"},"content":"                int slash \u003d line.indexOf(\"/\");","lastModifiedDate":"2022-02-15"},{"lineNumber":84,"author":{"gitId":"Louislz-l"},"content":"","lastModifiedDate":"2022-02-15"},{"lineNumber":85,"author":{"gitId":"Louislz-l"},"content":"                //Initiate Event Class","lastModifiedDate":"2022-02-15"},{"lineNumber":86,"author":{"gitId":"Louislz-l"},"content":"                tasks[counter] \u003d new Deadline(line.substring(6, slash-1),line.substring(slash+4));","lastModifiedDate":"2022-02-15"},{"lineNumber":87,"author":{"gitId":"Louislz-l"},"content":"                System.out.println(\"Got it. I\u0027ve added this task:\");","lastModifiedDate":"2022-02-15"},{"lineNumber":88,"author":{"gitId":"Louislz-l"},"content":"                System.out.println(tasks[counter].toString());","lastModifiedDate":"2022-02-15"},{"lineNumber":89,"author":{"gitId":"Louislz-l"},"content":"                counter++;","lastModifiedDate":"2022-02-15"},{"lineNumber":90,"author":{"gitId":"Louislz-l"},"content":"                System.out.println(\"Now you have \" + (counter) + \" tasks in the list.\");","lastModifiedDate":"2022-02-15"},{"lineNumber":91,"author":{"gitId":"Louislz-l"},"content":"            }","lastModifiedDate":"2022-02-15"},{"lineNumber":92,"author":{"gitId":"Louislz-l"},"content":"","lastModifiedDate":"2022-02-15"},{"lineNumber":93,"author":{"gitId":"Louislz-l"},"content":"            //End the System","lastModifiedDate":"2022-02-03"},{"lineNumber":94,"author":{"gitId":"Louislz-l"},"content":"            else if (line.equals(\"bye\")) {","lastModifiedDate":"2022-02-03"},{"lineNumber":95,"author":{"gitId":"Louislz-l"},"content":"                printLine();","lastModifiedDate":"2022-02-03"},{"lineNumber":96,"author":{"gitId":"Louislz-l"},"content":"                System.out.println(\"Bye. Hope to see you again soon!\");","lastModifiedDate":"2022-01-26"},{"lineNumber":97,"author":{"gitId":"Louislz-l"},"content":"                printLine();","lastModifiedDate":"2022-02-03"},{"lineNumber":98,"author":{"gitId":"Louislz-l"},"content":"                System.exit(0);","lastModifiedDate":"2022-02-03"},{"lineNumber":99,"author":{"gitId":"Louislz-l"},"content":"            }","lastModifiedDate":"2022-01-26"},{"lineNumber":100,"author":{"gitId":"Louislz-l"},"content":"","lastModifiedDate":"2022-01-26"},{"lineNumber":101,"author":{"gitId":"Louislz-l"},"content":"            //Add to the List","lastModifiedDate":"2022-02-03"},{"lineNumber":102,"author":{"gitId":"Louislz-l"},"content":"            else {","lastModifiedDate":"2022-01-26"},{"lineNumber":103,"author":{"gitId":"Louislz-l"},"content":"                printLine();","lastModifiedDate":"2022-02-03"},{"lineNumber":104,"author":{"gitId":"Louislz-l"},"content":"                System.out.println(\"added: \" + line);","lastModifiedDate":"2022-02-03"},{"lineNumber":105,"author":{"gitId":"Louislz-l"},"content":"","lastModifiedDate":"2022-02-09"},{"lineNumber":106,"author":{"gitId":"Louislz-l"},"content":"                //Add to Task \u003e Description","lastModifiedDate":"2022-02-09"},{"lineNumber":107,"author":{"gitId":"Louislz-l"},"content":"                Task t \u003d new Task(line);","lastModifiedDate":"2022-02-09"},{"lineNumber":108,"author":{"gitId":"Louislz-l"},"content":"                t.description \u003d line;","lastModifiedDate":"2022-02-09"},{"lineNumber":109,"author":{"gitId":"Louislz-l"},"content":"                tasks[counter] \u003d t;","lastModifiedDate":"2022-02-09"},{"lineNumber":110,"author":{"gitId":"Louislz-l"},"content":"","lastModifiedDate":"2022-02-09"},{"lineNumber":111,"author":{"gitId":"Louislz-l"},"content":"                printLine();","lastModifiedDate":"2022-01-26"},{"lineNumber":112,"author":{"gitId":"Louislz-l"},"content":"                counter \u003d counter + 1;","lastModifiedDate":"2022-02-03"},{"lineNumber":113,"author":{"gitId":"Louislz-l"},"content":"            }","lastModifiedDate":"2022-02-03"},{"lineNumber":114,"author":{"gitId":"Louislz-l"},"content":"        }","lastModifiedDate":"2022-01-26"},{"lineNumber":115,"author":{"gitId":"Louislz-l"},"content":"    }","lastModifiedDate":"2022-01-26"},{"lineNumber":116,"author":{"gitId":"Louislz-l"},"content":"","lastModifiedDate":"2022-01-26"},{"lineNumber":117,"author":{"gitId":"-"},"content":"    public static void main(String[] args) {","lastModifiedDate":"2019-07-29"},{"lineNumber":118,"author":{"gitId":"-"},"content":"        String logo \u003d \" ____        _        \\n\"","lastModifiedDate":"2019-07-29"},{"lineNumber":119,"author":{"gitId":"-"},"content":"                + \"|  _ \\\\ _   _| | _____ \\n\"","lastModifiedDate":"2019-07-29"},{"lineNumber":120,"author":{"gitId":"-"},"content":"                + \"| | | | | | | |/ / _ \\\\\\n\"","lastModifiedDate":"2019-07-29"},{"lineNumber":121,"author":{"gitId":"-"},"content":"                + \"| |_| | |_| |   \u003c  __/\\n\"","lastModifiedDate":"2019-07-29"},{"lineNumber":122,"author":{"gitId":"-"},"content":"                + \"|____/ \\\\__,_|_|\\\\_\\\\___|\\n\";","lastModifiedDate":"2019-07-29"},{"lineNumber":123,"author":{"gitId":"Louislz-l"},"content":"        System.out.println(logo);","lastModifiedDate":"2022-01-26"},{"lineNumber":124,"author":{"gitId":"Louislz-l"},"content":"        printLine();","lastModifiedDate":"2022-02-03"},{"lineNumber":125,"author":{"gitId":"Louislz-l"},"content":"        System.out.println(\"Hello! I\u0027m Duke\\n\" + \"What can I do for you?\");","lastModifiedDate":"2022-02-03"},{"lineNumber":126,"author":{"gitId":"Louislz-l"},"content":"        printLine();","lastModifiedDate":"2022-02-03"},{"lineNumber":127,"author":{"gitId":"Louislz-l"},"content":"","lastModifiedDate":"2022-01-25"},{"lineNumber":128,"author":{"gitId":"Louislz-l"},"content":"        //Trigger Code","lastModifiedDate":"2022-01-26"},{"lineNumber":129,"author":{"gitId":"Louislz-l"},"content":"        system();","lastModifiedDate":"2022-02-03"},{"lineNumber":130,"author":{"gitId":"-"},"content":"    }","lastModifiedDate":"2022-01-26"},{"lineNumber":131,"author":{"gitId":"-"},"content":"}","lastModifiedDate":"2019-07-29"}],"authorContributionMap":{"Louislz-l":122,"-":9}},{"path":"src/main/java/Event.java","fileType":"java","lines":[{"lineNumber":1,"author":{"gitId":"Louislz-l"},"content":"public class Event extends Task {","lastModifiedDate":"2022-02-15"},{"lineNumber":2,"author":{"gitId":"Louislz-l"},"content":"","lastModifiedDate":"2022-02-15"},{"lineNumber":3,"author":{"gitId":"Louislz-l"},"content":"    protected String at;","lastModifiedDate":"2022-02-15"},{"lineNumber":4,"author":{"gitId":"Louislz-l"},"content":"","lastModifiedDate":"2022-02-15"},{"lineNumber":5,"author":{"gitId":"Louislz-l"},"content":"    public Event(String description, String at) {","lastModifiedDate":"2022-02-15"},{"lineNumber":6,"author":{"gitId":"Louislz-l"},"content":"        super(description);","lastModifiedDate":"2022-02-15"},{"lineNumber":7,"author":{"gitId":"Louislz-l"},"content":"        this.at \u003d at;","lastModifiedDate":"2022-02-15"},{"lineNumber":8,"author":{"gitId":"Louislz-l"},"content":"    }","lastModifiedDate":"2022-02-15"},{"lineNumber":9,"author":{"gitId":"Louislz-l"},"content":"","lastModifiedDate":"2022-02-15"},{"lineNumber":10,"author":{"gitId":"Louislz-l"},"content":"    @Override","lastModifiedDate":"2022-02-15"},{"lineNumber":11,"author":{"gitId":"Louislz-l"},"content":"    public String toString() {","lastModifiedDate":"2022-02-15"},{"lineNumber":12,"author":{"gitId":"Louislz-l"},"content":"        return \"[E]\" + super.toString() + \" (at: \" + at + \")\";","lastModifiedDate":"2022-02-15"},{"lineNumber":13,"author":{"gitId":"Louislz-l"},"content":"    }","lastModifiedDate":"2022-02-15"},{"lineNumber":14,"author":{"gitId":"Louislz-l"},"content":"}","lastModifiedDate":"2022-02-15"}],"authorContributionMap":{"Louislz-l":14}},{"path":"src/main/java/Task.java","fileType":"java","lines":[{"lineNumber":1,"author":{"gitId":"Louislz-l"},"content":"public class Task {","lastModifiedDate":"2022-02-09"},{"lineNumber":2,"author":{"gitId":"Louislz-l"},"content":"    protected String description;","lastModifiedDate":"2022-02-09"},{"lineNumber":3,"author":{"gitId":"Louislz-l"},"content":"    protected boolean isDone;","lastModifiedDate":"2022-02-09"},{"lineNumber":4,"author":{"gitId":"Louislz-l"},"content":"","lastModifiedDate":"2022-02-09"},{"lineNumber":5,"author":{"gitId":"Louislz-l"},"content":"    public Task(String description) {","lastModifiedDate":"2022-02-09"},{"lineNumber":6,"author":{"gitId":"Louislz-l"},"content":"        this.description \u003d description;","lastModifiedDate":"2022-02-09"},{"lineNumber":7,"author":{"gitId":"Louislz-l"},"content":"        this.isDone \u003d false;","lastModifiedDate":"2022-02-09"},{"lineNumber":8,"author":{"gitId":"Louislz-l"},"content":"    }","lastModifiedDate":"2022-02-09"},{"lineNumber":9,"author":{"gitId":"Louislz-l"},"content":"","lastModifiedDate":"2022-02-09"},{"lineNumber":10,"author":{"gitId":"Louislz-l"},"content":"    public String getStatusIcon() {","lastModifiedDate":"2022-02-09"},{"lineNumber":11,"author":{"gitId":"Louislz-l"},"content":"        return (isDone ? \"X\" : \" \"); // mark done task with X","lastModifiedDate":"2022-02-09"},{"lineNumber":12,"author":{"gitId":"Louislz-l"},"content":"    }","lastModifiedDate":"2022-02-09"},{"lineNumber":13,"author":{"gitId":"Louislz-l"},"content":"","lastModifiedDate":"2022-02-09"},{"lineNumber":14,"author":{"gitId":"Louislz-l"},"content":"    //Mark as Done","lastModifiedDate":"2022-02-09"},{"lineNumber":15,"author":{"gitId":"Louislz-l"},"content":"    public void markAsDone() {","lastModifiedDate":"2022-02-09"},{"lineNumber":16,"author":{"gitId":"Louislz-l"},"content":"        this.isDone \u003d true;","lastModifiedDate":"2022-02-09"},{"lineNumber":17,"author":{"gitId":"Louislz-l"},"content":"    }","lastModifiedDate":"2022-02-09"},{"lineNumber":18,"author":{"gitId":"Louislz-l"},"content":"","lastModifiedDate":"2022-02-09"},{"lineNumber":19,"author":{"gitId":"Louislz-l"},"content":"    //Mark as Not Done","lastModifiedDate":"2022-02-09"},{"lineNumber":20,"author":{"gitId":"Louislz-l"},"content":"    public void markAsNotDone() {","lastModifiedDate":"2022-02-09"},{"lineNumber":21,"author":{"gitId":"Louislz-l"},"content":"        this.isDone \u003d false;","lastModifiedDate":"2022-02-09"},{"lineNumber":22,"author":{"gitId":"Louislz-l"},"content":"    }","lastModifiedDate":"2022-02-09"},{"lineNumber":23,"author":{"gitId":"Louislz-l"},"content":"","lastModifiedDate":"2022-02-09"},{"lineNumber":24,"author":{"gitId":"Louislz-l"},"content":"    //Parent toString()","lastModifiedDate":"2022-02-15"},{"lineNumber":25,"author":{"gitId":"Louislz-l"},"content":"    public String toString() {","lastModifiedDate":"2022-02-15"},{"lineNumber":26,"author":{"gitId":"Louislz-l"},"content":"        return ( \"[\" + this.getStatusIcon() + \"] \" + description);","lastModifiedDate":"2022-02-15"},{"lineNumber":27,"author":{"gitId":"Louislz-l"},"content":"    }","lastModifiedDate":"2022-02-15"},{"lineNumber":28,"author":{"gitId":"Louislz-l"},"content":"","lastModifiedDate":"2022-02-15"},{"lineNumber":29,"author":{"gitId":"Louislz-l"},"content":"}","lastModifiedDate":"2022-02-09"}],"authorContributionMap":{"Louislz-l":29}},{"path":"src/main/java/Todo.java","fileType":"java","lines":[{"lineNumber":1,"author":{"gitId":"Louislz-l"},"content":"public class Todo extends Task {","lastModifiedDate":"2022-02-15"},{"lineNumber":2,"author":{"gitId":"Louislz-l"},"content":"","lastModifiedDate":"2022-02-15"},{"lineNumber":3,"author":{"gitId":"Louislz-l"},"content":"    public Todo(String description) {","lastModifiedDate":"2022-02-15"},{"lineNumber":4,"author":{"gitId":"Louislz-l"},"content":"        super(description);","lastModifiedDate":"2022-02-15"},{"lineNumber":5,"author":{"gitId":"Louislz-l"},"content":"    }","lastModifiedDate":"2022-02-15"},{"lineNumber":6,"author":{"gitId":"Louislz-l"},"content":"","lastModifiedDate":"2022-02-15"},{"lineNumber":7,"author":{"gitId":"Louislz-l"},"content":"    @Override","lastModifiedDate":"2022-02-15"},{"lineNumber":8,"author":{"gitId":"Louislz-l"},"content":"    public String toString() {","lastModifiedDate":"2022-02-15"},{"lineNumber":9,"author":{"gitId":"Louislz-l"},"content":"        return \"[T]\" + super.toString();","lastModifiedDate":"2022-02-15"},{"lineNumber":10,"author":{"gitId":"Louislz-l"},"content":"    }","lastModifiedDate":"2022-02-15"},{"lineNumber":11,"author":{"gitId":"Louislz-l"},"content":"}","lastModifiedDate":"2022-02-15"}],"authorContributionMap":{"Louislz-l":11}}]
