[{"path":"build.gradle","fileType":"gradle","lines":[{"lineNumber":1,"author":{"gitId":"Louislz-l"},"content":"plugins {","lastModifiedDate":"2022-03-22"},{"lineNumber":2,"author":{"gitId":"Louislz-l"},"content":"    id \u0027java\u0027","lastModifiedDate":"2022-03-22"},{"lineNumber":3,"author":{"gitId":"Louislz-l"},"content":"    id \u0027application\u0027","lastModifiedDate":"2022-03-22"},{"lineNumber":4,"author":{"gitId":"Louislz-l"},"content":"    id \u0027checkstyle\u0027","lastModifiedDate":"2022-03-22"},{"lineNumber":5,"author":{"gitId":"Louislz-l"},"content":"    id \u0027com.github.johnrengelman.shadow\u0027 version \u00275.1.0\u0027","lastModifiedDate":"2022-03-22"},{"lineNumber":6,"author":{"gitId":"Louislz-l"},"content":"}","lastModifiedDate":"2022-03-22"},{"lineNumber":7,"author":{"gitId":"Louislz-l"},"content":"","lastModifiedDate":"2022-03-22"},{"lineNumber":8,"author":{"gitId":"Louislz-l"},"content":"repositories {","lastModifiedDate":"2022-03-22"},{"lineNumber":9,"author":{"gitId":"Louislz-l"},"content":"    mavenCentral()","lastModifiedDate":"2022-03-22"},{"lineNumber":10,"author":{"gitId":"Louislz-l"},"content":"}","lastModifiedDate":"2022-03-22"},{"lineNumber":11,"author":{"gitId":"Louislz-l"},"content":"","lastModifiedDate":"2022-03-22"},{"lineNumber":12,"author":{"gitId":"Louislz-l"},"content":"dependencies {","lastModifiedDate":"2022-03-22"},{"lineNumber":13,"author":{"gitId":"Louislz-l"},"content":"    testImplementation group: \u0027org.junit.jupiter\u0027, name: \u0027junit-jupiter-api\u0027, version: \u00275.5.0\u0027","lastModifiedDate":"2022-03-22"},{"lineNumber":14,"author":{"gitId":"Louislz-l"},"content":"    testRuntimeOnly group: \u0027org.junit.jupiter\u0027, name: \u0027junit-jupiter-engine\u0027, version: \u00275.5.0\u0027","lastModifiedDate":"2022-03-22"},{"lineNumber":15,"author":{"gitId":"Louislz-l"},"content":"}","lastModifiedDate":"2022-03-22"},{"lineNumber":16,"author":{"gitId":"Louislz-l"},"content":"","lastModifiedDate":"2022-03-22"},{"lineNumber":17,"author":{"gitId":"Louislz-l"},"content":"test {","lastModifiedDate":"2022-03-22"},{"lineNumber":18,"author":{"gitId":"Louislz-l"},"content":"    useJUnitPlatform()","lastModifiedDate":"2022-03-22"},{"lineNumber":19,"author":{"gitId":"Louislz-l"},"content":"","lastModifiedDate":"2022-03-22"},{"lineNumber":20,"author":{"gitId":"Louislz-l"},"content":"    testLogging {","lastModifiedDate":"2022-03-22"},{"lineNumber":21,"author":{"gitId":"Louislz-l"},"content":"        events \"passed\", \"skipped\", \"failed\"","lastModifiedDate":"2022-03-22"},{"lineNumber":22,"author":{"gitId":"Louislz-l"},"content":"","lastModifiedDate":"2022-03-22"},{"lineNumber":23,"author":{"gitId":"Louislz-l"},"content":"        showExceptions true","lastModifiedDate":"2022-03-22"},{"lineNumber":24,"author":{"gitId":"Louislz-l"},"content":"        exceptionFormat \"full\"","lastModifiedDate":"2022-03-22"},{"lineNumber":25,"author":{"gitId":"Louislz-l"},"content":"        showCauses true","lastModifiedDate":"2022-03-22"},{"lineNumber":26,"author":{"gitId":"Louislz-l"},"content":"        showStackTraces true","lastModifiedDate":"2022-03-22"},{"lineNumber":27,"author":{"gitId":"Louislz-l"},"content":"        showStandardStreams \u003d false","lastModifiedDate":"2022-03-22"},{"lineNumber":28,"author":{"gitId":"Louislz-l"},"content":"    }","lastModifiedDate":"2022-03-22"},{"lineNumber":29,"author":{"gitId":"Louislz-l"},"content":"}","lastModifiedDate":"2022-03-22"},{"lineNumber":30,"author":{"gitId":"Louislz-l"},"content":"","lastModifiedDate":"2022-03-22"},{"lineNumber":31,"author":{"gitId":"Louislz-l"},"content":"application {","lastModifiedDate":"2022-03-22"},{"lineNumber":32,"author":{"gitId":"Louislz-l"},"content":"    mainClassName \u003d \"Duke\"","lastModifiedDate":"2022-03-22"},{"lineNumber":33,"author":{"gitId":"Louislz-l"},"content":"}","lastModifiedDate":"2022-03-22"},{"lineNumber":34,"author":{"gitId":"Louislz-l"},"content":"","lastModifiedDate":"2022-03-22"},{"lineNumber":35,"author":{"gitId":"Louislz-l"},"content":"shadowJar {","lastModifiedDate":"2022-03-22"},{"lineNumber":36,"author":{"gitId":"Louislz-l"},"content":"    archiveBaseName \u003d \"duke\"","lastModifiedDate":"2022-03-22"},{"lineNumber":37,"author":{"gitId":"Louislz-l"},"content":"    archiveClassifier \u003d null","lastModifiedDate":"2022-03-22"},{"lineNumber":38,"author":{"gitId":"Louislz-l"},"content":"}","lastModifiedDate":"2022-03-22"},{"lineNumber":39,"author":{"gitId":"Louislz-l"},"content":"","lastModifiedDate":"2022-03-22"},{"lineNumber":40,"author":{"gitId":"Louislz-l"},"content":"checkstyle {","lastModifiedDate":"2022-03-22"},{"lineNumber":41,"author":{"gitId":"Louislz-l"},"content":"    toolVersion \u003d \u00278.29\u0027","lastModifiedDate":"2022-03-22"},{"lineNumber":42,"author":{"gitId":"Louislz-l"},"content":"}","lastModifiedDate":"2022-03-22"},{"lineNumber":43,"author":{"gitId":"Louislz-l"},"content":"","lastModifiedDate":"2022-03-22"},{"lineNumber":44,"author":{"gitId":"Louislz-l"},"content":"run{","lastModifiedDate":"2022-03-22"},{"lineNumber":45,"author":{"gitId":"Louislz-l"},"content":"    standardInput \u003d System.in","lastModifiedDate":"2022-03-22"},{"lineNumber":46,"author":{"gitId":"Louislz-l"},"content":"}","lastModifiedDate":"2022-03-22"}],"authorContributionMap":{"Louislz-l":46}},{"path":"gradlew.bat","fileType":"bat","lines":[{"lineNumber":1,"author":{"gitId":"Louislz-l"},"content":"@rem","lastModifiedDate":"2022-03-22"},{"lineNumber":2,"author":{"gitId":"Louislz-l"},"content":"@rem Copyright 2015 the original author or authors.","lastModifiedDate":"2022-03-22"},{"lineNumber":3,"author":{"gitId":"Louislz-l"},"content":"@rem","lastModifiedDate":"2022-03-22"},{"lineNumber":4,"author":{"gitId":"Louislz-l"},"content":"@rem Licensed under the Apache License, Version 2.0 (the \"License\");","lastModifiedDate":"2022-03-22"},{"lineNumber":5,"author":{"gitId":"Louislz-l"},"content":"@rem you may not use this file except in compliance with the License.","lastModifiedDate":"2022-03-22"},{"lineNumber":6,"author":{"gitId":"Louislz-l"},"content":"@rem You may obtain a copy of the License at","lastModifiedDate":"2022-03-22"},{"lineNumber":7,"author":{"gitId":"Louislz-l"},"content":"@rem","lastModifiedDate":"2022-03-22"},{"lineNumber":8,"author":{"gitId":"Louislz-l"},"content":"@rem      https://www.apache.org/licenses/LICENSE-2.0","lastModifiedDate":"2022-03-22"},{"lineNumber":9,"author":{"gitId":"Louislz-l"},"content":"@rem","lastModifiedDate":"2022-03-22"},{"lineNumber":10,"author":{"gitId":"Louislz-l"},"content":"@rem Unless required by applicable law or agreed to in writing, software","lastModifiedDate":"2022-03-22"},{"lineNumber":11,"author":{"gitId":"Louislz-l"},"content":"@rem distributed under the License is distributed on an \"AS IS\" BASIS,","lastModifiedDate":"2022-03-22"},{"lineNumber":12,"author":{"gitId":"Louislz-l"},"content":"@rem WITHOUT WARRANTIES OR CONDITIONS OF ANY KIND, either express or implied.","lastModifiedDate":"2022-03-22"},{"lineNumber":13,"author":{"gitId":"Louislz-l"},"content":"@rem See the License for the specific language governing permissions and","lastModifiedDate":"2022-03-22"},{"lineNumber":14,"author":{"gitId":"Louislz-l"},"content":"@rem limitations under the License.","lastModifiedDate":"2022-03-22"},{"lineNumber":15,"author":{"gitId":"Louislz-l"},"content":"@rem","lastModifiedDate":"2022-03-22"},{"lineNumber":16,"author":{"gitId":"Louislz-l"},"content":"","lastModifiedDate":"2022-03-22"},{"lineNumber":17,"author":{"gitId":"Louislz-l"},"content":"@if \"%DEBUG%\" \u003d\u003d \"\" @echo off","lastModifiedDate":"2022-03-22"},{"lineNumber":18,"author":{"gitId":"Louislz-l"},"content":"@rem ##########################################################################","lastModifiedDate":"2022-03-22"},{"lineNumber":19,"author":{"gitId":"Louislz-l"},"content":"@rem","lastModifiedDate":"2022-03-22"},{"lineNumber":20,"author":{"gitId":"Louislz-l"},"content":"@rem  Gradle startup script for Windows","lastModifiedDate":"2022-03-22"},{"lineNumber":21,"author":{"gitId":"Louislz-l"},"content":"@rem","lastModifiedDate":"2022-03-22"},{"lineNumber":22,"author":{"gitId":"Louislz-l"},"content":"@rem ##########################################################################","lastModifiedDate":"2022-03-22"},{"lineNumber":23,"author":{"gitId":"Louislz-l"},"content":"","lastModifiedDate":"2022-03-22"},{"lineNumber":24,"author":{"gitId":"Louislz-l"},"content":"@rem Set local scope for the variables with windows NT shell","lastModifiedDate":"2022-03-22"},{"lineNumber":25,"author":{"gitId":"Louislz-l"},"content":"if \"%OS%\"\u003d\u003d\"Windows_NT\" setlocal","lastModifiedDate":"2022-03-22"},{"lineNumber":26,"author":{"gitId":"Louislz-l"},"content":"","lastModifiedDate":"2022-03-22"},{"lineNumber":27,"author":{"gitId":"Louislz-l"},"content":"set DIRNAME\u003d%~dp0","lastModifiedDate":"2022-03-22"},{"lineNumber":28,"author":{"gitId":"Louislz-l"},"content":"if \"%DIRNAME%\" \u003d\u003d \"\" set DIRNAME\u003d.","lastModifiedDate":"2022-03-22"},{"lineNumber":29,"author":{"gitId":"Louislz-l"},"content":"set APP_BASE_NAME\u003d%~n0","lastModifiedDate":"2022-03-22"},{"lineNumber":30,"author":{"gitId":"Louislz-l"},"content":"set APP_HOME\u003d%DIRNAME%","lastModifiedDate":"2022-03-22"},{"lineNumber":31,"author":{"gitId":"Louislz-l"},"content":"","lastModifiedDate":"2022-03-22"},{"lineNumber":32,"author":{"gitId":"Louislz-l"},"content":"@rem Resolve any \".\" and \"..\" in APP_HOME to make it shorter.","lastModifiedDate":"2022-03-22"},{"lineNumber":33,"author":{"gitId":"Louislz-l"},"content":"for %%i in (\"%APP_HOME%\") do set APP_HOME\u003d%%~fi","lastModifiedDate":"2022-03-22"},{"lineNumber":34,"author":{"gitId":"Louislz-l"},"content":"","lastModifiedDate":"2022-03-22"},{"lineNumber":35,"author":{"gitId":"Louislz-l"},"content":"@rem Add default JVM options here. You can also use JAVA_OPTS and GRADLE_OPTS to pass JVM options to this script.","lastModifiedDate":"2022-03-22"},{"lineNumber":36,"author":{"gitId":"Louislz-l"},"content":"set DEFAULT_JVM_OPTS\u003d\"-Xmx64m\" \"-Xms64m\"","lastModifiedDate":"2022-03-22"},{"lineNumber":37,"author":{"gitId":"Louislz-l"},"content":"","lastModifiedDate":"2022-03-22"},{"lineNumber":38,"author":{"gitId":"Louislz-l"},"content":"@rem Find java.exe","lastModifiedDate":"2022-03-22"},{"lineNumber":39,"author":{"gitId":"Louislz-l"},"content":"if defined JAVA_HOME goto findJavaFromJavaHome","lastModifiedDate":"2022-03-22"},{"lineNumber":40,"author":{"gitId":"Louislz-l"},"content":"","lastModifiedDate":"2022-03-22"},{"lineNumber":41,"author":{"gitId":"Louislz-l"},"content":"set JAVA_EXE\u003djava.exe","lastModifiedDate":"2022-03-22"},{"lineNumber":42,"author":{"gitId":"Louislz-l"},"content":"%JAVA_EXE% -version \u003eNUL 2\u003e\u00261","lastModifiedDate":"2022-03-22"},{"lineNumber":43,"author":{"gitId":"Louislz-l"},"content":"if \"%ERRORLEVEL%\" \u003d\u003d \"0\" goto execute","lastModifiedDate":"2022-03-22"},{"lineNumber":44,"author":{"gitId":"Louislz-l"},"content":"","lastModifiedDate":"2022-03-22"},{"lineNumber":45,"author":{"gitId":"Louislz-l"},"content":"echo.","lastModifiedDate":"2022-03-22"},{"lineNumber":46,"author":{"gitId":"Louislz-l"},"content":"echo ERROR: JAVA_HOME is not set and no \u0027java\u0027 command could be found in your PATH.","lastModifiedDate":"2022-03-22"},{"lineNumber":47,"author":{"gitId":"Louislz-l"},"content":"echo.","lastModifiedDate":"2022-03-22"},{"lineNumber":48,"author":{"gitId":"Louislz-l"},"content":"echo Please set the JAVA_HOME variable in your environment to match the","lastModifiedDate":"2022-03-22"},{"lineNumber":49,"author":{"gitId":"Louislz-l"},"content":"echo location of your Java installation.","lastModifiedDate":"2022-03-22"},{"lineNumber":50,"author":{"gitId":"Louislz-l"},"content":"","lastModifiedDate":"2022-03-22"},{"lineNumber":51,"author":{"gitId":"Louislz-l"},"content":"goto fail","lastModifiedDate":"2022-03-22"},{"lineNumber":52,"author":{"gitId":"Louislz-l"},"content":"","lastModifiedDate":"2022-03-22"},{"lineNumber":53,"author":{"gitId":"Louislz-l"},"content":":findJavaFromJavaHome","lastModifiedDate":"2022-03-22"},{"lineNumber":54,"author":{"gitId":"Louislz-l"},"content":"set JAVA_HOME\u003d%JAVA_HOME:\"\u003d%","lastModifiedDate":"2022-03-22"},{"lineNumber":55,"author":{"gitId":"Louislz-l"},"content":"set JAVA_EXE\u003d%JAVA_HOME%/bin/java.exe","lastModifiedDate":"2022-03-22"},{"lineNumber":56,"author":{"gitId":"Louislz-l"},"content":"","lastModifiedDate":"2022-03-22"},{"lineNumber":57,"author":{"gitId":"Louislz-l"},"content":"if exist \"%JAVA_EXE%\" goto execute","lastModifiedDate":"2022-03-22"},{"lineNumber":58,"author":{"gitId":"Louislz-l"},"content":"","lastModifiedDate":"2022-03-22"},{"lineNumber":59,"author":{"gitId":"Louislz-l"},"content":"echo.","lastModifiedDate":"2022-03-22"},{"lineNumber":60,"author":{"gitId":"Louislz-l"},"content":"echo ERROR: JAVA_HOME is set to an invalid directory: %JAVA_HOME%","lastModifiedDate":"2022-03-22"},{"lineNumber":61,"author":{"gitId":"Louislz-l"},"content":"echo.","lastModifiedDate":"2022-03-22"},{"lineNumber":62,"author":{"gitId":"Louislz-l"},"content":"echo Please set the JAVA_HOME variable in your environment to match the","lastModifiedDate":"2022-03-22"},{"lineNumber":63,"author":{"gitId":"Louislz-l"},"content":"echo location of your Java installation.","lastModifiedDate":"2022-03-22"},{"lineNumber":64,"author":{"gitId":"Louislz-l"},"content":"","lastModifiedDate":"2022-03-22"},{"lineNumber":65,"author":{"gitId":"Louislz-l"},"content":"goto fail","lastModifiedDate":"2022-03-22"},{"lineNumber":66,"author":{"gitId":"Louislz-l"},"content":"","lastModifiedDate":"2022-03-22"},{"lineNumber":67,"author":{"gitId":"Louislz-l"},"content":":execute","lastModifiedDate":"2022-03-22"},{"lineNumber":68,"author":{"gitId":"Louislz-l"},"content":"@rem Setup the command line","lastModifiedDate":"2022-03-22"},{"lineNumber":69,"author":{"gitId":"Louislz-l"},"content":"","lastModifiedDate":"2022-03-22"},{"lineNumber":70,"author":{"gitId":"Louislz-l"},"content":"set CLASSPATH\u003d%APP_HOME%\\gradle\\wrapper\\gradle-wrapper.jar","lastModifiedDate":"2022-03-22"},{"lineNumber":71,"author":{"gitId":"Louislz-l"},"content":"","lastModifiedDate":"2022-03-22"},{"lineNumber":72,"author":{"gitId":"Louislz-l"},"content":"","lastModifiedDate":"2022-03-22"},{"lineNumber":73,"author":{"gitId":"Louislz-l"},"content":"@rem Execute Gradle","lastModifiedDate":"2022-03-22"},{"lineNumber":74,"author":{"gitId":"Louislz-l"},"content":"\"%JAVA_EXE%\" %DEFAULT_JVM_OPTS% %JAVA_OPTS% %GRADLE_OPTS% \"-Dorg.gradle.appname\u003d%APP_BASE_NAME%\" -classpath \"%CLASSPATH%\" org.gradle.wrapper.GradleWrapperMain %*","lastModifiedDate":"2022-03-22"},{"lineNumber":75,"author":{"gitId":"Louislz-l"},"content":"","lastModifiedDate":"2022-03-22"},{"lineNumber":76,"author":{"gitId":"Louislz-l"},"content":":end","lastModifiedDate":"2022-03-22"},{"lineNumber":77,"author":{"gitId":"Louislz-l"},"content":"@rem End local scope for the variables with windows NT shell","lastModifiedDate":"2022-03-22"},{"lineNumber":78,"author":{"gitId":"Louislz-l"},"content":"if \"%ERRORLEVEL%\"\u003d\u003d\"0\" goto mainEnd","lastModifiedDate":"2022-03-22"},{"lineNumber":79,"author":{"gitId":"Louislz-l"},"content":"","lastModifiedDate":"2022-03-22"},{"lineNumber":80,"author":{"gitId":"Louislz-l"},"content":":fail","lastModifiedDate":"2022-03-22"},{"lineNumber":81,"author":{"gitId":"Louislz-l"},"content":"rem Set variable GRADLE_EXIT_CONSOLE if you need the _script_ return code instead of","lastModifiedDate":"2022-03-22"},{"lineNumber":82,"author":{"gitId":"Louislz-l"},"content":"rem the _cmd.exe /c_ return code!","lastModifiedDate":"2022-03-22"},{"lineNumber":83,"author":{"gitId":"Louislz-l"},"content":"if  not \"\" \u003d\u003d \"%GRADLE_EXIT_CONSOLE%\" exit 1","lastModifiedDate":"2022-03-22"},{"lineNumber":84,"author":{"gitId":"Louislz-l"},"content":"exit /b 1","lastModifiedDate":"2022-03-22"},{"lineNumber":85,"author":{"gitId":"Louislz-l"},"content":"","lastModifiedDate":"2022-03-22"},{"lineNumber":86,"author":{"gitId":"Louislz-l"},"content":":mainEnd","lastModifiedDate":"2022-03-22"},{"lineNumber":87,"author":{"gitId":"Louislz-l"},"content":"if \"%OS%\"\u003d\u003d\"Windows_NT\" endlocal","lastModifiedDate":"2022-03-22"},{"lineNumber":88,"author":{"gitId":"Louislz-l"},"content":"","lastModifiedDate":"2022-03-22"},{"lineNumber":89,"author":{"gitId":"Louislz-l"},"content":":omega","lastModifiedDate":"2022-03-22"}],"authorContributionMap":{"Louislz-l":89}},{"path":"src/main/java/Deadline.java","fileType":"java","lines":[{"lineNumber":1,"author":{"gitId":"Louislz-l"},"content":"public class Deadline extends Task {","lastModifiedDate":"2022-02-15"},{"lineNumber":2,"author":{"gitId":"Louislz-l"},"content":"","lastModifiedDate":"2022-02-15"},{"lineNumber":3,"author":{"gitId":"Louislz-l"},"content":"    protected String by;","lastModifiedDate":"2022-02-15"},{"lineNumber":4,"author":{"gitId":"Louislz-l"},"content":"","lastModifiedDate":"2022-02-15"},{"lineNumber":5,"author":{"gitId":"Louislz-l"},"content":"    public Deadline(String description, String by) {","lastModifiedDate":"2022-02-15"},{"lineNumber":6,"author":{"gitId":"Louislz-l"},"content":"        super(description);","lastModifiedDate":"2022-02-15"},{"lineNumber":7,"author":{"gitId":"Louislz-l"},"content":"        this.by \u003d by;","lastModifiedDate":"2022-02-15"},{"lineNumber":8,"author":{"gitId":"Louislz-l"},"content":"    }","lastModifiedDate":"2022-02-15"},{"lineNumber":9,"author":{"gitId":"Louislz-l"},"content":"","lastModifiedDate":"2022-02-15"},{"lineNumber":10,"author":{"gitId":"Louislz-l"},"content":"    @Override","lastModifiedDate":"2022-02-15"},{"lineNumber":11,"author":{"gitId":"Louislz-l"},"content":"    public String toString() {","lastModifiedDate":"2022-02-15"},{"lineNumber":12,"author":{"gitId":"Louislz-l"},"content":"        return \"[D]\" + super.toString() + \" (by: \" + by + \")\";","lastModifiedDate":"2022-02-15"},{"lineNumber":13,"author":{"gitId":"Louislz-l"},"content":"    }","lastModifiedDate":"2022-02-15"},{"lineNumber":14,"author":{"gitId":"Louislz-l"},"content":"}","lastModifiedDate":"2022-02-15"}],"authorContributionMap":{"Louislz-l":14}},{"path":"src/main/java/Duke.java","fileType":"java","lines":[{"lineNumber":1,"author":{"gitId":"Louislz-l"},"content":"import java.nio.file.Files;","lastModifiedDate":"2022-03-14"},{"lineNumber":2,"author":{"gitId":"Louislz-l"},"content":"import java.time.LocalDateTime;","lastModifiedDate":"2022-03-22"},{"lineNumber":3,"author":{"gitId":"Louislz-l"},"content":"import java.time.format.DateTimeFormatter;","lastModifiedDate":"2022-03-22"},{"lineNumber":4,"author":{"gitId":"Louislz-l"},"content":"import java.time.format.DateTimeParseException;","lastModifiedDate":"2022-03-22"},{"lineNumber":5,"author":{"gitId":"Louislz-l"},"content":"import java.util.Scanner;","lastModifiedDate":"2022-01-26"},{"lineNumber":6,"author":{"gitId":"Louislz-l"},"content":"import java.util.ArrayList;","lastModifiedDate":"2022-03-11"},{"lineNumber":7,"author":{"gitId":"Louislz-l"},"content":"import java.io.File;","lastModifiedDate":"2022-03-14"},{"lineNumber":8,"author":{"gitId":"Louislz-l"},"content":"import java.io.FileNotFoundException;","lastModifiedDate":"2022-03-14"},{"lineNumber":9,"author":{"gitId":"Louislz-l"},"content":"import java.io.FileWriter;","lastModifiedDate":"2022-03-14"},{"lineNumber":10,"author":{"gitId":"Louislz-l"},"content":"import java.io.IOException;","lastModifiedDate":"2022-03-14"},{"lineNumber":11,"author":{"gitId":"Louislz-l"},"content":"import java.nio.file.Path;","lastModifiedDate":"2022-03-14"},{"lineNumber":12,"author":{"gitId":"Louislz-l"},"content":"import java.nio.file.Paths;","lastModifiedDate":"2022-03-14"},{"lineNumber":13,"author":{"gitId":"Louislz-l"},"content":"","lastModifiedDate":"2022-03-14"},{"lineNumber":14,"author":{"gitId":"-"},"content":"public class Duke {","lastModifiedDate":"2019-07-29"},{"lineNumber":15,"author":{"gitId":"Louislz-l"},"content":"","lastModifiedDate":"2022-01-26"},{"lineNumber":16,"author":{"gitId":"Louislz-l"},"content":"    //Code Starts here!","lastModifiedDate":"2022-01-26"},{"lineNumber":17,"author":{"gitId":"Louislz-l"},"content":"    //Converting to ArrayList","lastModifiedDate":"2022-03-14"},{"lineNumber":18,"author":{"gitId":"Louislz-l"},"content":"    public static ArrayList\u003cTask\u003e tasks \u003d new ArrayList\u003c\u003e();","lastModifiedDate":"2022-03-14"},{"lineNumber":19,"author":{"gitId":"Louislz-l"},"content":"    public static int counter \u003d 0;","lastModifiedDate":"2022-03-14"},{"lineNumber":20,"author":{"gitId":"Louislz-l"},"content":"","lastModifiedDate":"2022-02-03"},{"lineNumber":21,"author":{"gitId":"Louislz-l"},"content":"    //Aesthetic Function","lastModifiedDate":"2022-02-03"},{"lineNumber":22,"author":{"gitId":"Louislz-l"},"content":"    public static void printLine() {","lastModifiedDate":"2022-01-26"},{"lineNumber":23,"author":{"gitId":"Louislz-l"},"content":"        System.out.println(\"__________________________________________________________\");","lastModifiedDate":"2022-01-26"},{"lineNumber":24,"author":{"gitId":"Louislz-l"},"content":"    }","lastModifiedDate":"2022-01-26"},{"lineNumber":25,"author":{"gitId":"Louislz-l"},"content":"","lastModifiedDate":"2022-01-26"},{"lineNumber":26,"author":{"gitId":"Louislz-l"},"content":"    public static void system() {","lastModifiedDate":"2022-02-03"},{"lineNumber":27,"author":{"gitId":"Louislz-l"},"content":"        String line;","lastModifiedDate":"2022-01-26"},{"lineNumber":28,"author":{"gitId":"Louislz-l"},"content":"        Scanner in \u003d new Scanner(System.in);","lastModifiedDate":"2022-01-26"},{"lineNumber":29,"author":{"gitId":"Louislz-l"},"content":"","lastModifiedDate":"2022-02-03"},{"lineNumber":30,"author":{"gitId":"Louislz-l"},"content":"        //Keep the System Running","lastModifiedDate":"2022-02-03"},{"lineNumber":31,"author":{"gitId":"Louislz-l"},"content":"        while (true) {","lastModifiedDate":"2022-02-03"},{"lineNumber":32,"author":{"gitId":"Louislz-l"},"content":"","lastModifiedDate":"2022-03-03"},{"lineNumber":33,"author":{"gitId":"Louislz-l"},"content":"            //Ask User for Input","lastModifiedDate":"2022-02-03"},{"lineNumber":34,"author":{"gitId":"Louislz-l"},"content":"            line \u003d in.nextLine();","lastModifiedDate":"2022-01-26"},{"lineNumber":35,"author":{"gitId":"Louislz-l"},"content":"","lastModifiedDate":"2022-01-26"},{"lineNumber":36,"author":{"gitId":"Louislz-l"},"content":"            //Print the List","lastModifiedDate":"2022-02-03"},{"lineNumber":37,"author":{"gitId":"Louislz-l"},"content":"            if (line.toLowerCase().contains(\"list\")) {","lastModifiedDate":"2022-03-03"},{"lineNumber":38,"author":{"gitId":"Louislz-l"},"content":"                printLine();","lastModifiedDate":"2022-02-03"},{"lineNumber":39,"author":{"gitId":"Louislz-l"},"content":"                System.out.println(\"Here are the task in your lists:\");","lastModifiedDate":"2022-03-03"},{"lineNumber":40,"author":{"gitId":"Louislz-l"},"content":"                for (int x \u003d 0; x \u003c tasks.size(); x++) {","lastModifiedDate":"2022-03-11"},{"lineNumber":41,"author":{"gitId":"Louislz-l"},"content":"                    //Amended to Use toString()","lastModifiedDate":"2022-02-15"},{"lineNumber":42,"author":{"gitId":"Louislz-l"},"content":"                    System.out.println(x + 1 + \". \" + tasks.get(x).toString());","lastModifiedDate":"2022-03-11"},{"lineNumber":43,"author":{"gitId":"Louislz-l"},"content":"                }","lastModifiedDate":"2022-02-03"},{"lineNumber":44,"author":{"gitId":"Louislz-l"},"content":"                printLine();","lastModifiedDate":"2022-02-03"},{"lineNumber":45,"author":{"gitId":"Louislz-l"},"content":"            }","lastModifiedDate":"2022-02-03"},{"lineNumber":46,"author":{"gitId":"Louislz-l"},"content":"","lastModifiedDate":"2022-02-09"},{"lineNumber":47,"author":{"gitId":"Louislz-l"},"content":"            //UnMark the Box","lastModifiedDate":"2022-02-09"},{"lineNumber":48,"author":{"gitId":"Louislz-l"},"content":"            else if (line.toLowerCase().contains(\"unmark\")) {","lastModifiedDate":"2022-03-03"},{"lineNumber":49,"author":{"gitId":"Louislz-l"},"content":"                try {","lastModifiedDate":"2022-03-03"},{"lineNumber":50,"author":{"gitId":"Louislz-l"},"content":"                    // -1 as Array starts from 0","lastModifiedDate":"2022-02-09"},{"lineNumber":51,"author":{"gitId":"Louislz-l"},"content":"                    int num2 \u003d Integer.parseInt(line.substring(7)) - 1;","lastModifiedDate":"2022-02-09"},{"lineNumber":52,"author":{"gitId":"Louislz-l"},"content":"                    Task um \u003d tasks.get(num2);","lastModifiedDate":"2022-03-11"},{"lineNumber":53,"author":{"gitId":"Louislz-l"},"content":"                    um.markAsNotDone();","lastModifiedDate":"2022-02-09"},{"lineNumber":54,"author":{"gitId":"Louislz-l"},"content":"                    System.out.println(\"OK, I\u0027ve marked this task as not done yet:\");","lastModifiedDate":"2022-02-09"},{"lineNumber":55,"author":{"gitId":"Louislz-l"},"content":"                    System.out.println(\"[\" + um.getStatusIcon() + \"] \" + um.description);","lastModifiedDate":"2022-02-09"},{"lineNumber":56,"author":{"gitId":"Louislz-l"},"content":"                    saveFile(\"data/duke.txt\");","lastModifiedDate":"2022-03-14"},{"lineNumber":57,"author":{"gitId":"Louislz-l"},"content":"","lastModifiedDate":"2022-03-14"},{"lineNumber":58,"author":{"gitId":"Louislz-l"},"content":"                } catch (NullPointerException e) {","lastModifiedDate":"2022-03-03"},{"lineNumber":59,"author":{"gitId":"Louislz-l"},"content":"                    System.out.println(\"☹ OOPS!!! Please enter a valid task number.\");","lastModifiedDate":"2022-03-03"},{"lineNumber":60,"author":{"gitId":"Louislz-l"},"content":"                } catch (IOException e) {","lastModifiedDate":"2022-03-14"},{"lineNumber":61,"author":{"gitId":"Louislz-l"},"content":"                    System.out.println(e.getMessage());","lastModifiedDate":"2022-03-14"},{"lineNumber":62,"author":{"gitId":"Louislz-l"},"content":"                }","lastModifiedDate":"2022-03-03"},{"lineNumber":63,"author":{"gitId":"Louislz-l"},"content":"            }","lastModifiedDate":"2022-02-09"},{"lineNumber":64,"author":{"gitId":"Louislz-l"},"content":"","lastModifiedDate":"2022-02-09"},{"lineNumber":65,"author":{"gitId":"Louislz-l"},"content":"            //Mark the Box","lastModifiedDate":"2022-02-09"},{"lineNumber":66,"author":{"gitId":"Louislz-l"},"content":"            else if (line.toLowerCase().contains(\"mark\")) {","lastModifiedDate":"2022-03-03"},{"lineNumber":67,"author":{"gitId":"Louislz-l"},"content":"                try {","lastModifiedDate":"2022-03-03"},{"lineNumber":68,"author":{"gitId":"Louislz-l"},"content":"                    // -1 as Array starts from 0","lastModifiedDate":"2022-02-09"},{"lineNumber":69,"author":{"gitId":"Louislz-l"},"content":"                    int num \u003d Integer.parseInt(line.substring(5)) - 1;","lastModifiedDate":"2022-02-09"},{"lineNumber":70,"author":{"gitId":"Louislz-l"},"content":"                    Task m \u003d tasks.get(num);","lastModifiedDate":"2022-03-11"},{"lineNumber":71,"author":{"gitId":"Louislz-l"},"content":"                    m.markAsDone();","lastModifiedDate":"2022-02-09"},{"lineNumber":72,"author":{"gitId":"Louislz-l"},"content":"                    System.out.println(\"Nice! I\u0027ve marked this task as done\");","lastModifiedDate":"2022-02-09"},{"lineNumber":73,"author":{"gitId":"Louislz-l"},"content":"                    System.out.println(\"[\" + m.getStatusIcon() + \"] \" + m.description);","lastModifiedDate":"2022-02-09"},{"lineNumber":74,"author":{"gitId":"Louislz-l"},"content":"                    saveFile(\"data/duke.txt\");","lastModifiedDate":"2022-03-14"},{"lineNumber":75,"author":{"gitId":"Louislz-l"},"content":"","lastModifiedDate":"2022-03-11"},{"lineNumber":76,"author":{"gitId":"Louislz-l"},"content":"                } catch (IndexOutOfBoundsException e) {","lastModifiedDate":"2022-03-11"},{"lineNumber":77,"author":{"gitId":"Louislz-l"},"content":"                    System.out.println(\"☹ OOPS!!! Please enter a valid task number.\");","lastModifiedDate":"2022-03-03"},{"lineNumber":78,"author":{"gitId":"Louislz-l"},"content":"","lastModifiedDate":"2022-03-14"},{"lineNumber":79,"author":{"gitId":"Louislz-l"},"content":"                } catch (IOException e) {","lastModifiedDate":"2022-03-14"},{"lineNumber":80,"author":{"gitId":"Louislz-l"},"content":"                    System.out.println(e.getMessage());","lastModifiedDate":"2022-03-14"},{"lineNumber":81,"author":{"gitId":"Louislz-l"},"content":"                }","lastModifiedDate":"2022-03-03"},{"lineNumber":82,"author":{"gitId":"Louislz-l"},"content":"            }","lastModifiedDate":"2022-02-09"},{"lineNumber":83,"author":{"gitId":"Louislz-l"},"content":"","lastModifiedDate":"2022-02-09"},{"lineNumber":84,"author":{"gitId":"Louislz-l"},"content":"            //Set Priority","lastModifiedDate":"2022-03-30"},{"lineNumber":85,"author":{"gitId":"Louislz-l"},"content":"            else if (line.toLowerCase().contains(\"priority\")) {","lastModifiedDate":"2022-03-30"},{"lineNumber":86,"author":{"gitId":"Louislz-l"},"content":"                try {","lastModifiedDate":"2022-03-30"},{"lineNumber":87,"author":{"gitId":"Louislz-l"},"content":"                    // -1 as Array starts from 0","lastModifiedDate":"2022-03-30"},{"lineNumber":88,"author":{"gitId":"Louislz-l"},"content":"                    int num \u003d Integer.parseInt(line.substring(9)) - 1;","lastModifiedDate":"2022-03-30"},{"lineNumber":89,"author":{"gitId":"Louislz-l"},"content":"","lastModifiedDate":"2022-03-30"},{"lineNumber":90,"author":{"gitId":"Louislz-l"},"content":"                    Task m \u003d tasks.get(num);","lastModifiedDate":"2022-03-30"},{"lineNumber":91,"author":{"gitId":"Louislz-l"},"content":"                    m.setPriorityHigh();","lastModifiedDate":"2022-03-30"},{"lineNumber":92,"author":{"gitId":"Louislz-l"},"content":"                    System.out.println(\"I\u0027ve indicated this task as Priority HIGH\");","lastModifiedDate":"2022-03-30"},{"lineNumber":93,"author":{"gitId":"Louislz-l"},"content":"                    System.out.println(\"[Priority: \" + m.getPriority() + \"] \" + m.description);","lastModifiedDate":"2022-03-30"},{"lineNumber":94,"author":{"gitId":"Louislz-l"},"content":"                    saveFile(\"data/duke.txt\");","lastModifiedDate":"2022-03-30"},{"lineNumber":95,"author":{"gitId":"Louislz-l"},"content":"","lastModifiedDate":"2022-03-30"},{"lineNumber":96,"author":{"gitId":"Louislz-l"},"content":"                } catch (IndexOutOfBoundsException e) {","lastModifiedDate":"2022-03-30"},{"lineNumber":97,"author":{"gitId":"Louislz-l"},"content":"                    System.out.println(\"☹ OOPS!!! Please enter a valid task number.\");","lastModifiedDate":"2022-03-30"},{"lineNumber":98,"author":{"gitId":"Louislz-l"},"content":"","lastModifiedDate":"2022-03-30"},{"lineNumber":99,"author":{"gitId":"Louislz-l"},"content":"                } catch (IOException e) {","lastModifiedDate":"2022-03-30"},{"lineNumber":100,"author":{"gitId":"Louislz-l"},"content":"                    System.out.println(e.getMessage());","lastModifiedDate":"2022-03-30"},{"lineNumber":101,"author":{"gitId":"Louislz-l"},"content":"                }","lastModifiedDate":"2022-03-30"},{"lineNumber":102,"author":{"gitId":"Louislz-l"},"content":"            }","lastModifiedDate":"2022-03-30"},{"lineNumber":103,"author":{"gitId":"Louislz-l"},"content":"","lastModifiedDate":"2022-03-30"},{"lineNumber":104,"author":{"gitId":"Louislz-l"},"content":"            //Run Deadline Class","lastModifiedDate":"2022-02-15"},{"lineNumber":105,"author":{"gitId":"Louislz-l"},"content":"            else if (line.toLowerCase().contains(\"deadline\")) {","lastModifiedDate":"2022-03-03"},{"lineNumber":106,"author":{"gitId":"Louislz-l"},"content":"","lastModifiedDate":"2022-03-03"},{"lineNumber":107,"author":{"gitId":"Louislz-l"},"content":"                String[] lineSplit \u003d line.split(\" \");","lastModifiedDate":"2022-03-03"},{"lineNumber":108,"author":{"gitId":"Louislz-l"},"content":"","lastModifiedDate":"2022-03-03"},{"lineNumber":109,"author":{"gitId":"Louislz-l"},"content":"                try {","lastModifiedDate":"2022-03-03"},{"lineNumber":110,"author":{"gitId":"Louislz-l"},"content":"                    if (lineSplit.length \u003c 2) {","lastModifiedDate":"2022-03-03"},{"lineNumber":111,"author":{"gitId":"Louislz-l"},"content":"                        throw new DukeException(\"Missing Deadline Description\");","lastModifiedDate":"2022-03-03"},{"lineNumber":112,"author":{"gitId":"Louislz-l"},"content":"                    }","lastModifiedDate":"2022-03-03"},{"lineNumber":113,"author":{"gitId":"Louislz-l"},"content":"","lastModifiedDate":"2022-03-03"},{"lineNumber":114,"author":{"gitId":"Louislz-l"},"content":"                    if (!line.contains(\"/by\")) {","lastModifiedDate":"2022-03-03"},{"lineNumber":115,"author":{"gitId":"Louislz-l"},"content":"                        throw new DukeException(\"Missing Deadline /by\");","lastModifiedDate":"2022-03-03"},{"lineNumber":116,"author":{"gitId":"Louislz-l"},"content":"                    }","lastModifiedDate":"2022-03-03"},{"lineNumber":117,"author":{"gitId":"Louislz-l"},"content":"","lastModifiedDate":"2022-02-15"},{"lineNumber":118,"author":{"gitId":"Louislz-l"},"content":"                    //Find Position of \u0027/\u0027","lastModifiedDate":"2022-02-15"},{"lineNumber":119,"author":{"gitId":"Louislz-l"},"content":"                    int slash \u003d line.indexOf(\"/\");","lastModifiedDate":"2022-02-15"},{"lineNumber":120,"author":{"gitId":"Louislz-l"},"content":"","lastModifiedDate":"2022-02-15"},{"lineNumber":121,"author":{"gitId":"Louislz-l"},"content":"                    //Create Date and Time Variables","lastModifiedDate":"2022-03-22"},{"lineNumber":122,"author":{"gitId":"Louislz-l"},"content":"                    DateTimeFormatter Standard \u003d DateTimeFormatter.ofPattern(\"dd/MM/yyyy HHmm\");","lastModifiedDate":"2022-03-22"},{"lineNumber":123,"author":{"gitId":"Louislz-l"},"content":"                    String UserInput \u003d line.substring(slash+4);","lastModifiedDate":"2022-03-22"},{"lineNumber":124,"author":{"gitId":"Louislz-l"},"content":"                    LocalDateTime UserInputDT \u003d LocalDateTime.parse(UserInput, Standard);","lastModifiedDate":"2022-03-22"},{"lineNumber":125,"author":{"gitId":"Louislz-l"},"content":"","lastModifiedDate":"2022-03-22"},{"lineNumber":126,"author":{"gitId":"Louislz-l"},"content":"                    String Format \u003d UserInputDT.format(DateTimeFormatter.ofPattern(\"MMM d yyyy hh:mma\"));","lastModifiedDate":"2022-03-22"},{"lineNumber":127,"author":{"gitId":"Louislz-l"},"content":"","lastModifiedDate":"2022-03-22"},{"lineNumber":128,"author":{"gitId":"Louislz-l"},"content":"                    //Initiate Deadline Class","lastModifiedDate":"2022-02-15"},{"lineNumber":129,"author":{"gitId":"Louislz-l"},"content":"                    tasks.add(new Deadline(line.substring(9, slash - 1), Format));","lastModifiedDate":"2022-03-22"},{"lineNumber":130,"author":{"gitId":"Louislz-l"},"content":"                    System.out.println(\"Got it. I\u0027ve added this task:\");","lastModifiedDate":"2022-02-15"},{"lineNumber":131,"author":{"gitId":"Louislz-l"},"content":"                    System.out.println(tasks.get(tasks.size() - 1).toString());","lastModifiedDate":"2022-03-11"},{"lineNumber":132,"author":{"gitId":"Louislz-l"},"content":"                    System.out.println(\"Now you have \" + (tasks.size()) + \" tasks in the list.\");","lastModifiedDate":"2022-03-11"},{"lineNumber":133,"author":{"gitId":"Louislz-l"},"content":"                    saveFile(\"data/duke.txt\");","lastModifiedDate":"2022-03-14"},{"lineNumber":134,"author":{"gitId":"Louislz-l"},"content":"","lastModifiedDate":"2022-03-03"},{"lineNumber":135,"author":{"gitId":"Louislz-l"},"content":"                } catch (DukeException e) {","lastModifiedDate":"2022-03-03"},{"lineNumber":136,"author":{"gitId":"Louislz-l"},"content":"","lastModifiedDate":"2022-03-03"},{"lineNumber":137,"author":{"gitId":"Louislz-l"},"content":"                    if (e.getError().equals(\"Missing Deadline Description\")) {","lastModifiedDate":"2022-03-03"},{"lineNumber":138,"author":{"gitId":"Louislz-l"},"content":"                        System.out.println(\"☹ OOPS!!! The description of a deadline cannot be empty.\");","lastModifiedDate":"2022-03-03"},{"lineNumber":139,"author":{"gitId":"Louislz-l"},"content":"                    }","lastModifiedDate":"2022-03-03"},{"lineNumber":140,"author":{"gitId":"Louislz-l"},"content":"","lastModifiedDate":"2022-03-03"},{"lineNumber":141,"author":{"gitId":"Louislz-l"},"content":"                    if (e.getError().equals(\"Missing Deadline /by\")) {","lastModifiedDate":"2022-03-03"},{"lineNumber":142,"author":{"gitId":"Louislz-l"},"content":"                        System.out.println(\"☹ OOPS!!! The /by of a deadline is missing.\");","lastModifiedDate":"2022-03-03"},{"lineNumber":143,"author":{"gitId":"Louislz-l"},"content":"                    }","lastModifiedDate":"2022-03-03"},{"lineNumber":144,"author":{"gitId":"Louislz-l"},"content":"","lastModifiedDate":"2022-03-03"},{"lineNumber":145,"author":{"gitId":"Louislz-l"},"content":"                } catch (StringIndexOutOfBoundsException e) {","lastModifiedDate":"2022-03-03"},{"lineNumber":146,"author":{"gitId":"Louislz-l"},"content":"                    System.out.println(\"☹ OOPS!!! The description after /by cannot be missing.\");","lastModifiedDate":"2022-03-03"},{"lineNumber":147,"author":{"gitId":"Louislz-l"},"content":"","lastModifiedDate":"2022-03-14"},{"lineNumber":148,"author":{"gitId":"Louislz-l"},"content":"                } catch (IOException e) {","lastModifiedDate":"2022-03-14"},{"lineNumber":149,"author":{"gitId":"Louislz-l"},"content":"                    System.out.println(e.getMessage());","lastModifiedDate":"2022-03-14"},{"lineNumber":150,"author":{"gitId":"Louislz-l"},"content":"","lastModifiedDate":"2022-03-22"},{"lineNumber":151,"author":{"gitId":"Louislz-l"},"content":"                } catch (DateTimeParseException e) {","lastModifiedDate":"2022-03-22"},{"lineNumber":152,"author":{"gitId":"Louislz-l"},"content":"                    System.out.println(\"☹ OOPS!!! Please enter the date and time in this format: DD/MM/YYYY HHmm \" +","lastModifiedDate":"2022-03-22"},{"lineNumber":153,"author":{"gitId":"Louislz-l"},"content":"                            \"e.g 22/03/2022 2359\");","lastModifiedDate":"2022-03-22"},{"lineNumber":154,"author":{"gitId":"Louislz-l"},"content":"                }","lastModifiedDate":"2022-03-03"},{"lineNumber":155,"author":{"gitId":"Louislz-l"},"content":"            }","lastModifiedDate":"2022-02-15"},{"lineNumber":156,"author":{"gitId":"Louislz-l"},"content":"","lastModifiedDate":"2022-02-15"},{"lineNumber":157,"author":{"gitId":"Louislz-l"},"content":"            //Run Tod0 Class","lastModifiedDate":"2022-02-15"},{"lineNumber":158,"author":{"gitId":"Louislz-l"},"content":"            else if (line.toLowerCase().contains(\"todo\")) {","lastModifiedDate":"2022-03-03"},{"lineNumber":159,"author":{"gitId":"Louislz-l"},"content":"","lastModifiedDate":"2022-03-03"},{"lineNumber":160,"author":{"gitId":"Louislz-l"},"content":"                String[] lineSplit \u003d line.split(\" \");","lastModifiedDate":"2022-03-03"},{"lineNumber":161,"author":{"gitId":"Louislz-l"},"content":"","lastModifiedDate":"2022-03-03"},{"lineNumber":162,"author":{"gitId":"Louislz-l"},"content":"                //Catch Error for T0do Class","lastModifiedDate":"2022-03-03"},{"lineNumber":163,"author":{"gitId":"Louislz-l"},"content":"                try {","lastModifiedDate":"2022-03-03"},{"lineNumber":164,"author":{"gitId":"Louislz-l"},"content":"                    if (lineSplit.length \u003c 2) {","lastModifiedDate":"2022-03-03"},{"lineNumber":165,"author":{"gitId":"Louislz-l"},"content":"                        throw new DukeException(\"Missing Todo Description\");","lastModifiedDate":"2022-03-03"},{"lineNumber":166,"author":{"gitId":"Louislz-l"},"content":"                    }","lastModifiedDate":"2022-03-03"},{"lineNumber":167,"author":{"gitId":"Louislz-l"},"content":"","lastModifiedDate":"2022-02-15"},{"lineNumber":168,"author":{"gitId":"Louislz-l"},"content":"                    //Initiate Tod0 Class","lastModifiedDate":"2022-02-15"},{"lineNumber":169,"author":{"gitId":"Louislz-l"},"content":"                    tasks.add(new Todo(line.substring(5)));","lastModifiedDate":"2022-03-11"},{"lineNumber":170,"author":{"gitId":"Louislz-l"},"content":"                    System.out.println(\"Got it. I\u0027ve added this task:\");","lastModifiedDate":"2022-02-15"},{"lineNumber":171,"author":{"gitId":"Louislz-l"},"content":"                    System.out.println(tasks.get(tasks.size() - 1).toString());","lastModifiedDate":"2022-03-11"},{"lineNumber":172,"author":{"gitId":"Louislz-l"},"content":"                    System.out.println(\"Now you have \" + tasks.size() + \" tasks in the list.\");","lastModifiedDate":"2022-03-11"},{"lineNumber":173,"author":{"gitId":"Louislz-l"},"content":"                    saveFile(\"data/duke.txt\");","lastModifiedDate":"2022-03-14"},{"lineNumber":174,"author":{"gitId":"Louislz-l"},"content":"","lastModifiedDate":"2022-03-03"},{"lineNumber":175,"author":{"gitId":"Louislz-l"},"content":"                } catch (DukeException e) {","lastModifiedDate":"2022-03-03"},{"lineNumber":176,"author":{"gitId":"Louislz-l"},"content":"                    if (e.getError().equals(\"Missing Todo Description\")) {","lastModifiedDate":"2022-03-03"},{"lineNumber":177,"author":{"gitId":"Louislz-l"},"content":"                        System.out.println(\"☹ OOPS!!! The description of a todo cannot be empty.\");","lastModifiedDate":"2022-03-03"},{"lineNumber":178,"author":{"gitId":"Louislz-l"},"content":"                    }","lastModifiedDate":"2022-03-03"},{"lineNumber":179,"author":{"gitId":"Louislz-l"},"content":"                } catch (IOException e) {","lastModifiedDate":"2022-03-14"},{"lineNumber":180,"author":{"gitId":"Louislz-l"},"content":"                    System.out.println(e.getMessage());","lastModifiedDate":"2022-03-14"},{"lineNumber":181,"author":{"gitId":"Louislz-l"},"content":"                }","lastModifiedDate":"2022-03-03"},{"lineNumber":182,"author":{"gitId":"Louislz-l"},"content":"            }","lastModifiedDate":"2022-02-15"},{"lineNumber":183,"author":{"gitId":"Louislz-l"},"content":"","lastModifiedDate":"2022-02-15"},{"lineNumber":184,"author":{"gitId":"Louislz-l"},"content":"            //Run Event Class","lastModifiedDate":"2022-02-15"},{"lineNumber":185,"author":{"gitId":"Louislz-l"},"content":"            else if (line.toLowerCase().contains(\"event\")) {","lastModifiedDate":"2022-03-03"},{"lineNumber":186,"author":{"gitId":"Louislz-l"},"content":"","lastModifiedDate":"2022-03-03"},{"lineNumber":187,"author":{"gitId":"Louislz-l"},"content":"                String[] lineSplit \u003d line.split(\" \");","lastModifiedDate":"2022-03-03"},{"lineNumber":188,"author":{"gitId":"Louislz-l"},"content":"","lastModifiedDate":"2022-03-03"},{"lineNumber":189,"author":{"gitId":"Louislz-l"},"content":"                try {","lastModifiedDate":"2022-03-03"},{"lineNumber":190,"author":{"gitId":"Louislz-l"},"content":"                    if (lineSplit.length \u003c 2) {","lastModifiedDate":"2022-03-03"},{"lineNumber":191,"author":{"gitId":"Louislz-l"},"content":"                        throw new DukeException(\"Missing Event Description\");","lastModifiedDate":"2022-03-03"},{"lineNumber":192,"author":{"gitId":"Louislz-l"},"content":"                    }","lastModifiedDate":"2022-03-03"},{"lineNumber":193,"author":{"gitId":"Louislz-l"},"content":"","lastModifiedDate":"2022-03-03"},{"lineNumber":194,"author":{"gitId":"Louislz-l"},"content":"                    if (!line.contains(\"/at\")) {","lastModifiedDate":"2022-03-03"},{"lineNumber":195,"author":{"gitId":"Louislz-l"},"content":"                        throw new DukeException(\"Missing Event /at\");","lastModifiedDate":"2022-03-03"},{"lineNumber":196,"author":{"gitId":"Louislz-l"},"content":"                    }","lastModifiedDate":"2022-03-03"},{"lineNumber":197,"author":{"gitId":"Louislz-l"},"content":"","lastModifiedDate":"2022-02-15"},{"lineNumber":198,"author":{"gitId":"Louislz-l"},"content":"                    //Find Position of \u0027/\u0027","lastModifiedDate":"2022-02-15"},{"lineNumber":199,"author":{"gitId":"Louislz-l"},"content":"                    int slash \u003d line.indexOf(\"/\");","lastModifiedDate":"2022-02-15"},{"lineNumber":200,"author":{"gitId":"Louislz-l"},"content":"","lastModifiedDate":"2022-02-15"},{"lineNumber":201,"author":{"gitId":"Louislz-l"},"content":"                    //Create Date and Time Variables","lastModifiedDate":"2022-03-22"},{"lineNumber":202,"author":{"gitId":"Louislz-l"},"content":"                    DateTimeFormatter Standard \u003d DateTimeFormatter.ofPattern(\"dd/MM/yyyy HHmm\");","lastModifiedDate":"2022-03-22"},{"lineNumber":203,"author":{"gitId":"Louislz-l"},"content":"                    String UserInput \u003d line.substring(slash+4);","lastModifiedDate":"2022-03-22"},{"lineNumber":204,"author":{"gitId":"Louislz-l"},"content":"                    LocalDateTime UserInputDT \u003d LocalDateTime.parse(UserInput, Standard);","lastModifiedDate":"2022-03-22"},{"lineNumber":205,"author":{"gitId":"Louislz-l"},"content":"","lastModifiedDate":"2022-03-22"},{"lineNumber":206,"author":{"gitId":"Louislz-l"},"content":"                    String Format \u003d UserInputDT.format(DateTimeFormatter.ofPattern(\"d MMM yyyy hh:mma\"));","lastModifiedDate":"2022-03-22"},{"lineNumber":207,"author":{"gitId":"Louislz-l"},"content":"","lastModifiedDate":"2022-03-22"},{"lineNumber":208,"author":{"gitId":"Louislz-l"},"content":"                    //Initiate Event Class","lastModifiedDate":"2022-02-15"},{"lineNumber":209,"author":{"gitId":"Louislz-l"},"content":"                    tasks.add(new Event(line.substring(6, slash - 1), Format));","lastModifiedDate":"2022-03-22"},{"lineNumber":210,"author":{"gitId":"Louislz-l"},"content":"                    System.out.println(\"Got it. I\u0027ve added this task:\");","lastModifiedDate":"2022-02-15"},{"lineNumber":211,"author":{"gitId":"Louislz-l"},"content":"                    System.out.println(tasks.get(tasks.size() - 1).toString());","lastModifiedDate":"2022-03-11"},{"lineNumber":212,"author":{"gitId":"Louislz-l"},"content":"                    System.out.println(\"Now you have \" + tasks.size() + \" tasks in the list.\");","lastModifiedDate":"2022-03-11"},{"lineNumber":213,"author":{"gitId":"Louislz-l"},"content":"                    saveFile(\"data/duke.txt\");","lastModifiedDate":"2022-03-14"},{"lineNumber":214,"author":{"gitId":"Louislz-l"},"content":"","lastModifiedDate":"2022-03-03"},{"lineNumber":215,"author":{"gitId":"Louislz-l"},"content":"                } catch (DukeException e) {","lastModifiedDate":"2022-03-03"},{"lineNumber":216,"author":{"gitId":"Louislz-l"},"content":"                    if (e.getError().equals(\"Missing Event Description\")) {","lastModifiedDate":"2022-03-03"},{"lineNumber":217,"author":{"gitId":"Louislz-l"},"content":"                        System.out.println(\"☹ OOPS!!! The description of an event cannot be empty.\");","lastModifiedDate":"2022-03-03"},{"lineNumber":218,"author":{"gitId":"Louislz-l"},"content":"                    }","lastModifiedDate":"2022-03-03"},{"lineNumber":219,"author":{"gitId":"Louislz-l"},"content":"","lastModifiedDate":"2022-03-03"},{"lineNumber":220,"author":{"gitId":"Louislz-l"},"content":"                    if (e.getError().equals(\"Missing Event /at\")) {","lastModifiedDate":"2022-03-03"},{"lineNumber":221,"author":{"gitId":"Louislz-l"},"content":"                        System.out.println(\"☹ OOPS!!! The /at of an event is missing.\");","lastModifiedDate":"2022-03-03"},{"lineNumber":222,"author":{"gitId":"Louislz-l"},"content":"                    }","lastModifiedDate":"2022-03-03"},{"lineNumber":223,"author":{"gitId":"Louislz-l"},"content":"                } catch (StringIndexOutOfBoundsException e) {","lastModifiedDate":"2022-03-03"},{"lineNumber":224,"author":{"gitId":"Louislz-l"},"content":"                    System.out.println(\"☹ OOPS!!! The description after /at cannot be empty.\");","lastModifiedDate":"2022-03-03"},{"lineNumber":225,"author":{"gitId":"Louislz-l"},"content":"","lastModifiedDate":"2022-03-14"},{"lineNumber":226,"author":{"gitId":"Louislz-l"},"content":"                } catch (IOException e) {","lastModifiedDate":"2022-03-14"},{"lineNumber":227,"author":{"gitId":"Louislz-l"},"content":"                    System.out.println(e.getMessage());","lastModifiedDate":"2022-03-14"},{"lineNumber":228,"author":{"gitId":"Louislz-l"},"content":"","lastModifiedDate":"2022-03-22"},{"lineNumber":229,"author":{"gitId":"Louislz-l"},"content":"                } catch (DateTimeParseException e) {","lastModifiedDate":"2022-03-22"},{"lineNumber":230,"author":{"gitId":"Louislz-l"},"content":"                    System.out.println(\"☹ OOPS!!! Please enter the date and time in this format: DD/MM/YYYY HHmm \" +","lastModifiedDate":"2022-03-22"},{"lineNumber":231,"author":{"gitId":"Louislz-l"},"content":"                            \"e.g 22/03/2022 2359\");","lastModifiedDate":"2022-03-22"},{"lineNumber":232,"author":{"gitId":"Louislz-l"},"content":"                }","lastModifiedDate":"2022-03-03"},{"lineNumber":233,"author":{"gitId":"Louislz-l"},"content":"            }","lastModifiedDate":"2022-03-11"},{"lineNumber":234,"author":{"gitId":"Louislz-l"},"content":"","lastModifiedDate":"2022-03-11"},{"lineNumber":235,"author":{"gitId":"Louislz-l"},"content":"            //Delete the Task","lastModifiedDate":"2022-03-11"},{"lineNumber":236,"author":{"gitId":"Louislz-l"},"content":"            else if (line.toLowerCase().contains(\"delete\")) {","lastModifiedDate":"2022-03-11"},{"lineNumber":237,"author":{"gitId":"Louislz-l"},"content":"","lastModifiedDate":"2022-03-11"},{"lineNumber":238,"author":{"gitId":"Louislz-l"},"content":"                try {","lastModifiedDate":"2022-03-11"},{"lineNumber":239,"author":{"gitId":"Louislz-l"},"content":"                    // -1 as Array starts from 0","lastModifiedDate":"2022-03-11"},{"lineNumber":240,"author":{"gitId":"Louislz-l"},"content":"                    int delete \u003d Integer.parseInt(line.substring(7)) - 1;","lastModifiedDate":"2022-03-11"},{"lineNumber":241,"author":{"gitId":"Louislz-l"},"content":"                    Task d \u003d tasks.get(delete);","lastModifiedDate":"2022-03-11"},{"lineNumber":242,"author":{"gitId":"Louislz-l"},"content":"                    tasks.remove(delete);","lastModifiedDate":"2022-03-11"},{"lineNumber":243,"author":{"gitId":"Louislz-l"},"content":"                    System.out.println(\"Noted. I\u0027ve removed this task:\\n\" + d.toString());","lastModifiedDate":"2022-03-11"},{"lineNumber":244,"author":{"gitId":"Louislz-l"},"content":"                    System.out.println(\"Now you have \" + tasks.size() + \" tasks in the list.\");","lastModifiedDate":"2022-03-11"},{"lineNumber":245,"author":{"gitId":"Louislz-l"},"content":"                    saveFile(\"data/duke.txt\");","lastModifiedDate":"2022-03-14"},{"lineNumber":246,"author":{"gitId":"Louislz-l"},"content":"","lastModifiedDate":"2022-03-11"},{"lineNumber":247,"author":{"gitId":"Louislz-l"},"content":"                } catch (IndexOutOfBoundsException e) {","lastModifiedDate":"2022-03-11"},{"lineNumber":248,"author":{"gitId":"Louislz-l"},"content":"                    System.out.println(\"☹ OOPS!!! Please enter a valid task number.\");","lastModifiedDate":"2022-03-11"},{"lineNumber":249,"author":{"gitId":"Louislz-l"},"content":"","lastModifiedDate":"2022-03-14"},{"lineNumber":250,"author":{"gitId":"Louislz-l"},"content":"                } catch (IOException e) {","lastModifiedDate":"2022-03-14"},{"lineNumber":251,"author":{"gitId":"Louislz-l"},"content":"                    System.out.println(e.getMessage());","lastModifiedDate":"2022-03-14"},{"lineNumber":252,"author":{"gitId":"Louislz-l"},"content":"                }","lastModifiedDate":"2022-03-11"},{"lineNumber":253,"author":{"gitId":"Louislz-l"},"content":"            }","lastModifiedDate":"2022-02-15"},{"lineNumber":254,"author":{"gitId":"Louislz-l"},"content":"","lastModifiedDate":"2022-02-15"},{"lineNumber":255,"author":{"gitId":"Louislz-l"},"content":"            //End the System","lastModifiedDate":"2022-02-03"},{"lineNumber":256,"author":{"gitId":"Louislz-l"},"content":"            else if (line.equals(\"bye\")) {","lastModifiedDate":"2022-02-03"},{"lineNumber":257,"author":{"gitId":"Louislz-l"},"content":"                printLine();","lastModifiedDate":"2022-02-03"},{"lineNumber":258,"author":{"gitId":"Louislz-l"},"content":"                System.out.println(\"Bye. Hope to see you again soon!\");","lastModifiedDate":"2022-01-26"},{"lineNumber":259,"author":{"gitId":"Louislz-l"},"content":"                printLine();","lastModifiedDate":"2022-02-03"},{"lineNumber":260,"author":{"gitId":"Louislz-l"},"content":"                System.exit(0);","lastModifiedDate":"2022-02-03"},{"lineNumber":261,"author":{"gitId":"Louislz-l"},"content":"            }","lastModifiedDate":"2022-01-26"},{"lineNumber":262,"author":{"gitId":"Louislz-l"},"content":"","lastModifiedDate":"2022-01-26"},{"lineNumber":263,"author":{"gitId":"Louislz-l"},"content":"            //Command Not Recognised","lastModifiedDate":"2022-03-03"},{"lineNumber":264,"author":{"gitId":"Louislz-l"},"content":"            else {","lastModifiedDate":"2022-01-26"},{"lineNumber":265,"author":{"gitId":"Louislz-l"},"content":"                printLine();","lastModifiedDate":"2022-02-03"},{"lineNumber":266,"author":{"gitId":"Louislz-l"},"content":"                System.out.println(\"☹ OOPS!!! I\u0027m sorry, but I don\u0027t know what that means :-(\");","lastModifiedDate":"2022-03-03"},{"lineNumber":267,"author":{"gitId":"Louislz-l"},"content":"","lastModifiedDate":"2022-02-09"},{"lineNumber":268,"author":{"gitId":"Louislz-l"},"content":"            }","lastModifiedDate":"2022-02-03"},{"lineNumber":269,"author":{"gitId":"Louislz-l"},"content":"        }","lastModifiedDate":"2022-01-26"},{"lineNumber":270,"author":{"gitId":"Louislz-l"},"content":"    }","lastModifiedDate":"2022-01-26"},{"lineNumber":271,"author":{"gitId":"Louislz-l"},"content":"","lastModifiedDate":"2022-01-26"},{"lineNumber":272,"author":{"gitId":"Louislz-l"},"content":"    //Save the File to Data Folder","lastModifiedDate":"2022-03-14"},{"lineNumber":273,"author":{"gitId":"Louislz-l"},"content":"    public static void saveFile(String myFile) throws IOException {","lastModifiedDate":"2022-03-14"},{"lineNumber":274,"author":{"gitId":"Louislz-l"},"content":"        FileWriter fw \u003d new FileWriter(myFile);","lastModifiedDate":"2022-03-14"},{"lineNumber":275,"author":{"gitId":"Louislz-l"},"content":"        for (Task t : tasks){","lastModifiedDate":"2022-03-14"},{"lineNumber":276,"author":{"gitId":"Louislz-l"},"content":"            fw.write(t + System.lineSeparator());","lastModifiedDate":"2022-03-14"},{"lineNumber":277,"author":{"gitId":"Louislz-l"},"content":"        }","lastModifiedDate":"2022-03-14"},{"lineNumber":278,"author":{"gitId":"Louislz-l"},"content":"        fw.close();","lastModifiedDate":"2022-03-14"},{"lineNumber":279,"author":{"gitId":"Louislz-l"},"content":"    }","lastModifiedDate":"2022-03-14"},{"lineNumber":280,"author":{"gitId":"Louislz-l"},"content":"","lastModifiedDate":"2022-03-14"},{"lineNumber":281,"author":{"gitId":"Louislz-l"},"content":"    //Read the File from Data Folder","lastModifiedDate":"2022-03-14"},{"lineNumber":282,"author":{"gitId":"Louislz-l"},"content":"    public static void readFile(String myFile) throws FileNotFoundException {","lastModifiedDate":"2022-03-14"},{"lineNumber":283,"author":{"gitId":"Louislz-l"},"content":"        File f \u003d new File(myFile);","lastModifiedDate":"2022-03-14"},{"lineNumber":284,"author":{"gitId":"Louislz-l"},"content":"        Scanner s \u003d new Scanner(f);","lastModifiedDate":"2022-03-14"},{"lineNumber":285,"author":{"gitId":"Louislz-l"},"content":"","lastModifiedDate":"2022-03-14"},{"lineNumber":286,"author":{"gitId":"Louislz-l"},"content":"        while (s.hasNext()) {","lastModifiedDate":"2022-03-14"},{"lineNumber":287,"author":{"gitId":"Louislz-l"},"content":"            String text \u003d s.nextLine();","lastModifiedDate":"2022-03-14"},{"lineNumber":288,"author":{"gitId":"Louislz-l"},"content":"            System.out.println(text);","lastModifiedDate":"2022-03-14"},{"lineNumber":289,"author":{"gitId":"Louislz-l"},"content":"            //Read [T] from File and Update to ArrayList","lastModifiedDate":"2022-03-14"},{"lineNumber":290,"author":{"gitId":"Louislz-l"},"content":"            if (text.contains(\"[T]\")) {","lastModifiedDate":"2022-03-14"},{"lineNumber":291,"author":{"gitId":"Louislz-l"},"content":"                String Todo \u003d text.substring(23);","lastModifiedDate":"2022-03-30"},{"lineNumber":292,"author":{"gitId":"Louislz-l"},"content":"                tasks.add(new Todo(Todo));","lastModifiedDate":"2022-03-14"},{"lineNumber":293,"author":{"gitId":"Louislz-l"},"content":"","lastModifiedDate":"2022-03-14"},{"lineNumber":294,"author":{"gitId":"Louislz-l"},"content":"                if (text.contains(\"[X]\")) {","lastModifiedDate":"2022-03-14"},{"lineNumber":295,"author":{"gitId":"Louislz-l"},"content":"                    Task m \u003d tasks.get(counter);","lastModifiedDate":"2022-03-14"},{"lineNumber":296,"author":{"gitId":"Louislz-l"},"content":"                    m.markAsDone();","lastModifiedDate":"2022-03-14"},{"lineNumber":297,"author":{"gitId":"Louislz-l"},"content":"                }","lastModifiedDate":"2022-03-14"},{"lineNumber":298,"author":{"gitId":"Louislz-l"},"content":"","lastModifiedDate":"2022-03-30"},{"lineNumber":299,"author":{"gitId":"Louislz-l"},"content":"                if (text.contains(\"[Priority: HIGH\")) {","lastModifiedDate":"2022-03-30"},{"lineNumber":300,"author":{"gitId":"Louislz-l"},"content":"                    Task m \u003d tasks.get(counter);","lastModifiedDate":"2022-03-30"},{"lineNumber":301,"author":{"gitId":"Louislz-l"},"content":"                    m.setPriorityHigh();","lastModifiedDate":"2022-03-30"},{"lineNumber":302,"author":{"gitId":"Louislz-l"},"content":"                }","lastModifiedDate":"2022-03-30"},{"lineNumber":303,"author":{"gitId":"Louislz-l"},"content":"","lastModifiedDate":"2022-03-30"},{"lineNumber":304,"author":{"gitId":"Louislz-l"},"content":"                if (text.contains(\"[Priority: LOW\")) {","lastModifiedDate":"2022-03-30"},{"lineNumber":305,"author":{"gitId":"Louislz-l"},"content":"                    Task m \u003d tasks.get(counter);","lastModifiedDate":"2022-03-30"},{"lineNumber":306,"author":{"gitId":"Louislz-l"},"content":"                    m.setPriorityLow();","lastModifiedDate":"2022-03-30"},{"lineNumber":307,"author":{"gitId":"Louislz-l"},"content":"                }","lastModifiedDate":"2022-03-30"},{"lineNumber":308,"author":{"gitId":"Louislz-l"},"content":"                counter++;","lastModifiedDate":"2022-03-14"},{"lineNumber":309,"author":{"gitId":"Louislz-l"},"content":"","lastModifiedDate":"2022-03-14"},{"lineNumber":310,"author":{"gitId":"Louislz-l"},"content":"                //Read [D] from File and Update to ArrayList","lastModifiedDate":"2022-03-14"},{"lineNumber":311,"author":{"gitId":"Louislz-l"},"content":"            } else if (text.contains(\"[D]\")) {","lastModifiedDate":"2022-03-14"},{"lineNumber":312,"author":{"gitId":"Louislz-l"},"content":"","lastModifiedDate":"2022-03-14"},{"lineNumber":313,"author":{"gitId":"Louislz-l"},"content":"                //Find \u0027(\u0027","lastModifiedDate":"2022-03-14"},{"lineNumber":314,"author":{"gitId":"Louislz-l"},"content":"                int by_pos \u003d text.indexOf(\"(\");","lastModifiedDate":"2022-03-14"},{"lineNumber":315,"author":{"gitId":"Louislz-l"},"content":"                String Deadline \u003d text.substring(23, by_pos-1);","lastModifiedDate":"2022-03-30"},{"lineNumber":316,"author":{"gitId":"Louislz-l"},"content":"                String by \u003d text.substring(by_pos + 5, by_pos + 24);","lastModifiedDate":"2022-03-22"},{"lineNumber":317,"author":{"gitId":"Louislz-l"},"content":"","lastModifiedDate":"2022-03-14"},{"lineNumber":318,"author":{"gitId":"Louislz-l"},"content":"                tasks.add(new Deadline(Deadline, by));","lastModifiedDate":"2022-03-14"},{"lineNumber":319,"author":{"gitId":"Louislz-l"},"content":"","lastModifiedDate":"2022-03-14"},{"lineNumber":320,"author":{"gitId":"Louislz-l"},"content":"                if (text.contains(\"[X]\")) {","lastModifiedDate":"2022-03-14"},{"lineNumber":321,"author":{"gitId":"Louislz-l"},"content":"                    Task m \u003d tasks.get(counter);","lastModifiedDate":"2022-03-14"},{"lineNumber":322,"author":{"gitId":"Louislz-l"},"content":"                    m.markAsDone();","lastModifiedDate":"2022-03-14"},{"lineNumber":323,"author":{"gitId":"Louislz-l"},"content":"                }","lastModifiedDate":"2022-03-14"},{"lineNumber":324,"author":{"gitId":"Louislz-l"},"content":"","lastModifiedDate":"2022-03-30"},{"lineNumber":325,"author":{"gitId":"Louislz-l"},"content":"                if (text.contains(\"[Priority: HIGH\")) {","lastModifiedDate":"2022-03-30"},{"lineNumber":326,"author":{"gitId":"Louislz-l"},"content":"                    Task m \u003d tasks.get(counter);","lastModifiedDate":"2022-03-30"},{"lineNumber":327,"author":{"gitId":"Louislz-l"},"content":"                    m.setPriorityHigh();","lastModifiedDate":"2022-03-30"},{"lineNumber":328,"author":{"gitId":"Louislz-l"},"content":"                }","lastModifiedDate":"2022-03-30"},{"lineNumber":329,"author":{"gitId":"Louislz-l"},"content":"","lastModifiedDate":"2022-03-30"},{"lineNumber":330,"author":{"gitId":"Louislz-l"},"content":"                if (text.contains(\"[Priority: LOW\")) {","lastModifiedDate":"2022-03-30"},{"lineNumber":331,"author":{"gitId":"Louislz-l"},"content":"                    Task m \u003d tasks.get(counter);","lastModifiedDate":"2022-03-30"},{"lineNumber":332,"author":{"gitId":"Louislz-l"},"content":"                    m.setPriorityLow();","lastModifiedDate":"2022-03-30"},{"lineNumber":333,"author":{"gitId":"Louislz-l"},"content":"                }","lastModifiedDate":"2022-03-30"},{"lineNumber":334,"author":{"gitId":"Louislz-l"},"content":"                counter++;","lastModifiedDate":"2022-03-14"},{"lineNumber":335,"author":{"gitId":"Louislz-l"},"content":"","lastModifiedDate":"2022-03-14"},{"lineNumber":336,"author":{"gitId":"Louislz-l"},"content":"                //Read [E] from File and Update to ArrayList","lastModifiedDate":"2022-03-14"},{"lineNumber":337,"author":{"gitId":"Louislz-l"},"content":"            } else if (text.contains(\"[E]\")) {","lastModifiedDate":"2022-03-14"},{"lineNumber":338,"author":{"gitId":"Louislz-l"},"content":"","lastModifiedDate":"2022-03-14"},{"lineNumber":339,"author":{"gitId":"Louislz-l"},"content":"                //Find \u0027(\u0027","lastModifiedDate":"2022-03-14"},{"lineNumber":340,"author":{"gitId":"Louislz-l"},"content":"                int at_pos \u003d text.indexOf(\"(\");","lastModifiedDate":"2022-03-14"},{"lineNumber":341,"author":{"gitId":"Louislz-l"},"content":"","lastModifiedDate":"2022-03-14"},{"lineNumber":342,"author":{"gitId":"Louislz-l"},"content":"                String Event \u003d text.substring(23, at_pos-1);","lastModifiedDate":"2022-03-30"},{"lineNumber":343,"author":{"gitId":"Louislz-l"},"content":"                String at \u003d text.substring(at_pos + 5, at_pos + 24);","lastModifiedDate":"2022-03-22"},{"lineNumber":344,"author":{"gitId":"Louislz-l"},"content":"","lastModifiedDate":"2022-03-14"},{"lineNumber":345,"author":{"gitId":"Louislz-l"},"content":"                tasks.add(new Event(Event, at));","lastModifiedDate":"2022-03-14"},{"lineNumber":346,"author":{"gitId":"Louislz-l"},"content":"","lastModifiedDate":"2022-03-14"},{"lineNumber":347,"author":{"gitId":"Louislz-l"},"content":"                if (text.contains(\"[X]\")) {","lastModifiedDate":"2022-03-14"},{"lineNumber":348,"author":{"gitId":"Louislz-l"},"content":"                    Task m \u003d tasks.get(counter);","lastModifiedDate":"2022-03-14"},{"lineNumber":349,"author":{"gitId":"Louislz-l"},"content":"                    m.markAsDone();","lastModifiedDate":"2022-03-14"},{"lineNumber":350,"author":{"gitId":"Louislz-l"},"content":"                }","lastModifiedDate":"2022-03-14"},{"lineNumber":351,"author":{"gitId":"Louislz-l"},"content":"","lastModifiedDate":"2022-03-30"},{"lineNumber":352,"author":{"gitId":"Louislz-l"},"content":"                if (text.contains(\"[Priority: HIGH\")) {","lastModifiedDate":"2022-03-30"},{"lineNumber":353,"author":{"gitId":"Louislz-l"},"content":"                    Task m \u003d tasks.get(counter);","lastModifiedDate":"2022-03-30"},{"lineNumber":354,"author":{"gitId":"Louislz-l"},"content":"                    m.setPriorityHigh();","lastModifiedDate":"2022-03-30"},{"lineNumber":355,"author":{"gitId":"Louislz-l"},"content":"                }","lastModifiedDate":"2022-03-30"},{"lineNumber":356,"author":{"gitId":"Louislz-l"},"content":"","lastModifiedDate":"2022-03-30"},{"lineNumber":357,"author":{"gitId":"Louislz-l"},"content":"                if (text.contains(\"[Priority: LOW\")) {","lastModifiedDate":"2022-03-30"},{"lineNumber":358,"author":{"gitId":"Louislz-l"},"content":"                    Task m \u003d tasks.get(counter);","lastModifiedDate":"2022-03-30"},{"lineNumber":359,"author":{"gitId":"Louislz-l"},"content":"                    m.setPriorityLow();","lastModifiedDate":"2022-03-30"},{"lineNumber":360,"author":{"gitId":"Louislz-l"},"content":"                }","lastModifiedDate":"2022-03-30"},{"lineNumber":361,"author":{"gitId":"Louislz-l"},"content":"                counter++;","lastModifiedDate":"2022-03-14"},{"lineNumber":362,"author":{"gitId":"Louislz-l"},"content":"            }","lastModifiedDate":"2022-03-14"},{"lineNumber":363,"author":{"gitId":"Louislz-l"},"content":"        }","lastModifiedDate":"2022-03-14"},{"lineNumber":364,"author":{"gitId":"Louislz-l"},"content":"    }","lastModifiedDate":"2022-03-14"},{"lineNumber":365,"author":{"gitId":"Louislz-l"},"content":"","lastModifiedDate":"2022-03-14"},{"lineNumber":366,"author":{"gitId":"-"},"content":"    public static void main(String[] args) {","lastModifiedDate":"2019-07-29"},{"lineNumber":367,"author":{"gitId":"-"},"content":"        String logo \u003d \" ____        _        \\n\"","lastModifiedDate":"2019-07-29"},{"lineNumber":368,"author":{"gitId":"-"},"content":"                + \"|  _ \\\\ _   _| | _____ \\n\"","lastModifiedDate":"2019-07-29"},{"lineNumber":369,"author":{"gitId":"-"},"content":"                + \"| | | | | | | |/ / _ \\\\\\n\"","lastModifiedDate":"2019-07-29"},{"lineNumber":370,"author":{"gitId":"-"},"content":"                + \"| |_| | |_| |   \u003c  __/\\n\"","lastModifiedDate":"2019-07-29"},{"lineNumber":371,"author":{"gitId":"-"},"content":"                + \"|____/ \\\\__,_|_|\\\\_\\\\___|\\n\";","lastModifiedDate":"2019-07-29"},{"lineNumber":372,"author":{"gitId":"Louislz-l"},"content":"        System.out.println(logo);","lastModifiedDate":"2022-01-26"},{"lineNumber":373,"author":{"gitId":"Louislz-l"},"content":"        printLine();","lastModifiedDate":"2022-02-03"},{"lineNumber":374,"author":{"gitId":"Louislz-l"},"content":"        System.out.println(\"Hello! I\u0027m Duke\\n\" + \"How can I help you today?\");","lastModifiedDate":"2022-03-22"},{"lineNumber":375,"author":{"gitId":"Louislz-l"},"content":"        System.out.println(\"Psst, this is something that I can do for you:\\n\" + \"(e.g event read book /at 23/03/2022 1200)\");","lastModifiedDate":"2022-03-29"},{"lineNumber":376,"author":{"gitId":"Louislz-l"},"content":"        printLine();","lastModifiedDate":"2022-02-03"},{"lineNumber":377,"author":{"gitId":"Louislz-l"},"content":"","lastModifiedDate":"2022-01-25"},{"lineNumber":378,"author":{"gitId":"Louislz-l"},"content":"        //Read File","lastModifiedDate":"2022-03-14"},{"lineNumber":379,"author":{"gitId":"Louislz-l"},"content":"        String FileLocation \u003d \"data/duke.txt\";","lastModifiedDate":"2022-03-14"},{"lineNumber":380,"author":{"gitId":"Louislz-l"},"content":"        String Directory \u003d \"./data/\";","lastModifiedDate":"2022-03-14"},{"lineNumber":381,"author":{"gitId":"Louislz-l"},"content":"        try {","lastModifiedDate":"2022-03-14"},{"lineNumber":382,"author":{"gitId":"Louislz-l"},"content":"            Path path \u003d Paths.get(Directory);","lastModifiedDate":"2022-03-14"},{"lineNumber":383,"author":{"gitId":"Louislz-l"},"content":"            Files.createDirectories(path);","lastModifiedDate":"2022-03-14"},{"lineNumber":384,"author":{"gitId":"Louislz-l"},"content":"            readFile(FileLocation);","lastModifiedDate":"2022-03-14"},{"lineNumber":385,"author":{"gitId":"Louislz-l"},"content":"        } catch (IOException e) {","lastModifiedDate":"2022-03-14"},{"lineNumber":386,"author":{"gitId":"Louislz-l"},"content":"            System.out.println(\"☹ OOPS!!! I\u0027m sorry, but I can\u0027t find the file! :-(\");","lastModifiedDate":"2022-03-14"},{"lineNumber":387,"author":{"gitId":"Louislz-l"},"content":"        }","lastModifiedDate":"2022-03-14"},{"lineNumber":388,"author":{"gitId":"Louislz-l"},"content":"","lastModifiedDate":"2022-03-14"},{"lineNumber":389,"author":{"gitId":"Louislz-l"},"content":"        //Trigger Code","lastModifiedDate":"2022-01-26"},{"lineNumber":390,"author":{"gitId":"Louislz-l"},"content":"        system();","lastModifiedDate":"2022-02-03"},{"lineNumber":391,"author":{"gitId":"-"},"content":"    }","lastModifiedDate":"2022-01-26"},{"lineNumber":392,"author":{"gitId":"-"},"content":"}","lastModifiedDate":"2019-07-29"}],"authorContributionMap":{"Louislz-l":383,"-":9}},{"path":"src/main/java/DukeException.java","fileType":"java","lines":[{"lineNumber":1,"author":{"gitId":"Louislz-l"},"content":"public class DukeException extends Exception {","lastModifiedDate":"2022-03-03"},{"lineNumber":2,"author":{"gitId":"Louislz-l"},"content":"    private final String error;","lastModifiedDate":"2022-03-03"},{"lineNumber":3,"author":{"gitId":"Louislz-l"},"content":"","lastModifiedDate":"2022-03-03"},{"lineNumber":4,"author":{"gitId":"Louislz-l"},"content":"    public DukeException (String error) {","lastModifiedDate":"2022-03-03"},{"lineNumber":5,"author":{"gitId":"Louislz-l"},"content":"        this.error \u003d error;","lastModifiedDate":"2022-03-03"},{"lineNumber":6,"author":{"gitId":"Louislz-l"},"content":"    }","lastModifiedDate":"2022-03-03"},{"lineNumber":7,"author":{"gitId":"Louislz-l"},"content":"","lastModifiedDate":"2022-03-03"},{"lineNumber":8,"author":{"gitId":"Louislz-l"},"content":"    public String getError() {","lastModifiedDate":"2022-03-03"},{"lineNumber":9,"author":{"gitId":"Louislz-l"},"content":"        return this.error;","lastModifiedDate":"2022-03-03"},{"lineNumber":10,"author":{"gitId":"Louislz-l"},"content":"    }","lastModifiedDate":"2022-03-03"},{"lineNumber":11,"author":{"gitId":"Louislz-l"},"content":"}","lastModifiedDate":"2022-03-03"}],"authorContributionMap":{"Louislz-l":11}},{"path":"src/main/java/Event.java","fileType":"java","lines":[{"lineNumber":1,"author":{"gitId":"Louislz-l"},"content":"public class Event extends Task {","lastModifiedDate":"2022-02-15"},{"lineNumber":2,"author":{"gitId":"Louislz-l"},"content":"","lastModifiedDate":"2022-02-15"},{"lineNumber":3,"author":{"gitId":"Louislz-l"},"content":"    protected String at;","lastModifiedDate":"2022-02-15"},{"lineNumber":4,"author":{"gitId":"Louislz-l"},"content":"","lastModifiedDate":"2022-02-15"},{"lineNumber":5,"author":{"gitId":"Louislz-l"},"content":"    public Event(String description, String at) {","lastModifiedDate":"2022-02-15"},{"lineNumber":6,"author":{"gitId":"Louislz-l"},"content":"        super(description);","lastModifiedDate":"2022-02-15"},{"lineNumber":7,"author":{"gitId":"Louislz-l"},"content":"        this.at \u003d at;","lastModifiedDate":"2022-02-15"},{"lineNumber":8,"author":{"gitId":"Louislz-l"},"content":"    }","lastModifiedDate":"2022-02-15"},{"lineNumber":9,"author":{"gitId":"Louislz-l"},"content":"","lastModifiedDate":"2022-02-15"},{"lineNumber":10,"author":{"gitId":"Louislz-l"},"content":"    @Override","lastModifiedDate":"2022-02-15"},{"lineNumber":11,"author":{"gitId":"Louislz-l"},"content":"    public String toString() {","lastModifiedDate":"2022-02-15"},{"lineNumber":12,"author":{"gitId":"Louislz-l"},"content":"        return \"[E]\" + super.toString() + \" (at: \" + at + \")\";","lastModifiedDate":"2022-02-15"},{"lineNumber":13,"author":{"gitId":"Louislz-l"},"content":"    }","lastModifiedDate":"2022-02-15"},{"lineNumber":14,"author":{"gitId":"Louislz-l"},"content":"}","lastModifiedDate":"2022-02-15"}],"authorContributionMap":{"Louislz-l":14}},{"path":"src/main/java/Task.java","fileType":"java","lines":[{"lineNumber":1,"author":{"gitId":"Louislz-l"},"content":"public class Task {","lastModifiedDate":"2022-02-09"},{"lineNumber":2,"author":{"gitId":"Louislz-l"},"content":"    protected String description;","lastModifiedDate":"2022-02-09"},{"lineNumber":3,"author":{"gitId":"Louislz-l"},"content":"    protected boolean isDone;","lastModifiedDate":"2022-02-09"},{"lineNumber":4,"author":{"gitId":"Louislz-l"},"content":"    protected String priority;","lastModifiedDate":"2022-03-30"},{"lineNumber":5,"author":{"gitId":"Louislz-l"},"content":"","lastModifiedDate":"2022-02-09"},{"lineNumber":6,"author":{"gitId":"Louislz-l"},"content":"    public Task(String description) {","lastModifiedDate":"2022-02-09"},{"lineNumber":7,"author":{"gitId":"Louislz-l"},"content":"        this.description \u003d description;","lastModifiedDate":"2022-02-09"},{"lineNumber":8,"author":{"gitId":"Louislz-l"},"content":"        this.isDone \u003d false;","lastModifiedDate":"2022-02-09"},{"lineNumber":9,"author":{"gitId":"Louislz-l"},"content":"        //Default set to Low","lastModifiedDate":"2022-03-30"},{"lineNumber":10,"author":{"gitId":"Louislz-l"},"content":"        this.priority \u003d \"LOW \";","lastModifiedDate":"2022-03-30"},{"lineNumber":11,"author":{"gitId":"Louislz-l"},"content":"    }","lastModifiedDate":"2022-02-09"},{"lineNumber":12,"author":{"gitId":"Louislz-l"},"content":"","lastModifiedDate":"2022-02-09"},{"lineNumber":13,"author":{"gitId":"Louislz-l"},"content":"    public String getStatusIcon() {","lastModifiedDate":"2022-02-09"},{"lineNumber":14,"author":{"gitId":"Louislz-l"},"content":"        return (isDone ? \"X\" : \" \"); // mark done task with X","lastModifiedDate":"2022-02-09"},{"lineNumber":15,"author":{"gitId":"Louislz-l"},"content":"    }","lastModifiedDate":"2022-02-09"},{"lineNumber":16,"author":{"gitId":"Louislz-l"},"content":"","lastModifiedDate":"2022-02-09"},{"lineNumber":17,"author":{"gitId":"Louislz-l"},"content":"    public String getPriority() { return (priority); } //Set Priority as HIGH","lastModifiedDate":"2022-03-30"},{"lineNumber":18,"author":{"gitId":"Louislz-l"},"content":"","lastModifiedDate":"2022-03-30"},{"lineNumber":19,"author":{"gitId":"Louislz-l"},"content":"    //Mark as Done","lastModifiedDate":"2022-02-09"},{"lineNumber":20,"author":{"gitId":"Louislz-l"},"content":"    public void markAsDone() {","lastModifiedDate":"2022-02-09"},{"lineNumber":21,"author":{"gitId":"Louislz-l"},"content":"        this.isDone \u003d true;","lastModifiedDate":"2022-02-09"},{"lineNumber":22,"author":{"gitId":"Louislz-l"},"content":"    }","lastModifiedDate":"2022-02-09"},{"lineNumber":23,"author":{"gitId":"Louislz-l"},"content":"","lastModifiedDate":"2022-02-09"},{"lineNumber":24,"author":{"gitId":"Louislz-l"},"content":"    //Mark as Not Done","lastModifiedDate":"2022-02-09"},{"lineNumber":25,"author":{"gitId":"Louislz-l"},"content":"    public void markAsNotDone() {","lastModifiedDate":"2022-02-09"},{"lineNumber":26,"author":{"gitId":"Louislz-l"},"content":"        this.isDone \u003d false;","lastModifiedDate":"2022-02-09"},{"lineNumber":27,"author":{"gitId":"Louislz-l"},"content":"    }","lastModifiedDate":"2022-02-09"},{"lineNumber":28,"author":{"gitId":"Louislz-l"},"content":"","lastModifiedDate":"2022-02-09"},{"lineNumber":29,"author":{"gitId":"Louislz-l"},"content":"    //Set Priority HIGH","lastModifiedDate":"2022-03-30"},{"lineNumber":30,"author":{"gitId":"Louislz-l"},"content":"    public void setPriorityHigh() { this.priority \u003d \"HIGH\"; }","lastModifiedDate":"2022-03-30"},{"lineNumber":31,"author":{"gitId":"Louislz-l"},"content":"","lastModifiedDate":"2022-03-30"},{"lineNumber":32,"author":{"gitId":"Louislz-l"},"content":"    //Set Priority LOW","lastModifiedDate":"2022-03-30"},{"lineNumber":33,"author":{"gitId":"Louislz-l"},"content":"    public void setPriorityLow() { this.priority \u003d \"LOW \"; }","lastModifiedDate":"2022-03-30"},{"lineNumber":34,"author":{"gitId":"Louislz-l"},"content":"","lastModifiedDate":"2022-03-30"},{"lineNumber":35,"author":{"gitId":"Louislz-l"},"content":"    //Parent toString()","lastModifiedDate":"2022-02-15"},{"lineNumber":36,"author":{"gitId":"Louislz-l"},"content":"    public String toString() {","lastModifiedDate":"2022-02-15"},{"lineNumber":37,"author":{"gitId":"Louislz-l"},"content":"        return ( \"[\" + this.getStatusIcon() + \"]\" + \"[Priority: \" + this.getPriority() + \"] \" + description);","lastModifiedDate":"2022-03-30"},{"lineNumber":38,"author":{"gitId":"Louislz-l"},"content":"    }","lastModifiedDate":"2022-02-15"},{"lineNumber":39,"author":{"gitId":"Louislz-l"},"content":"","lastModifiedDate":"2022-02-15"},{"lineNumber":40,"author":{"gitId":"Louislz-l"},"content":"}","lastModifiedDate":"2022-02-09"}],"authorContributionMap":{"Louislz-l":40}},{"path":"src/main/java/Todo.java","fileType":"java","lines":[{"lineNumber":1,"author":{"gitId":"Louislz-l"},"content":"public class Todo extends Task {","lastModifiedDate":"2022-02-15"},{"lineNumber":2,"author":{"gitId":"Louislz-l"},"content":"","lastModifiedDate":"2022-02-15"},{"lineNumber":3,"author":{"gitId":"Louislz-l"},"content":"    public Todo(String description) {","lastModifiedDate":"2022-02-15"},{"lineNumber":4,"author":{"gitId":"Louislz-l"},"content":"        super(description);","lastModifiedDate":"2022-02-15"},{"lineNumber":5,"author":{"gitId":"Louislz-l"},"content":"    }","lastModifiedDate":"2022-02-15"},{"lineNumber":6,"author":{"gitId":"Louislz-l"},"content":"","lastModifiedDate":"2022-02-15"},{"lineNumber":7,"author":{"gitId":"Louislz-l"},"content":"    @Override","lastModifiedDate":"2022-02-15"},{"lineNumber":8,"author":{"gitId":"Louislz-l"},"content":"    public String toString() {","lastModifiedDate":"2022-02-15"},{"lineNumber":9,"author":{"gitId":"Louislz-l"},"content":"        return \"[T]\" + super.toString();","lastModifiedDate":"2022-02-15"},{"lineNumber":10,"author":{"gitId":"Louislz-l"},"content":"    }","lastModifiedDate":"2022-02-15"},{"lineNumber":11,"author":{"gitId":"Louislz-l"},"content":"}","lastModifiedDate":"2022-02-15"}],"authorContributionMap":{"Louislz-l":11}},{"path":"src/test/java/DukeTest.java","fileType":"java","lines":[{"lineNumber":1,"author":{"gitId":"Louislz-l"},"content":"import org.junit.jupiter.api.Test;","lastModifiedDate":"2022-03-29"},{"lineNumber":2,"author":{"gitId":"Louislz-l"},"content":"","lastModifiedDate":"2022-03-29"},{"lineNumber":3,"author":{"gitId":"Louislz-l"},"content":"import static org.junit.jupiter.api.Assertions.assertEquals;","lastModifiedDate":"2022-03-29"},{"lineNumber":4,"author":{"gitId":"Louislz-l"},"content":"","lastModifiedDate":"2022-03-29"},{"lineNumber":5,"author":{"gitId":"Louislz-l"},"content":"public class DukeTest {","lastModifiedDate":"2022-03-29"},{"lineNumber":6,"author":{"gitId":"Louislz-l"},"content":"    @Test","lastModifiedDate":"2022-03-29"},{"lineNumber":7,"author":{"gitId":"Louislz-l"},"content":"    public void dummyTest(){","lastModifiedDate":"2022-03-29"},{"lineNumber":8,"author":{"gitId":"Louislz-l"},"content":"        assertEquals(2, 2);","lastModifiedDate":"2022-03-29"},{"lineNumber":9,"author":{"gitId":"Louislz-l"},"content":"    }","lastModifiedDate":"2022-03-29"},{"lineNumber":10,"author":{"gitId":"Louislz-l"},"content":"","lastModifiedDate":"2022-03-29"},{"lineNumber":11,"author":{"gitId":"Louislz-l"},"content":"    @Test","lastModifiedDate":"2022-03-29"},{"lineNumber":12,"author":{"gitId":"Louislz-l"},"content":"    public void anotherDummyTest(){","lastModifiedDate":"2022-03-29"},{"lineNumber":13,"author":{"gitId":"Louislz-l"},"content":"        assertEquals(4, 4);","lastModifiedDate":"2022-03-29"},{"lineNumber":14,"author":{"gitId":"Louislz-l"},"content":"    }","lastModifiedDate":"2022-03-29"},{"lineNumber":15,"author":{"gitId":"Louislz-l"},"content":"}","lastModifiedDate":"2022-03-29"}],"authorContributionMap":{"Louislz-l":15}},{"path":"src/test/java/EventTest.java","fileType":"java","lines":[{"lineNumber":1,"author":{"gitId":"Louislz-l"},"content":"import org.junit.jupiter.api.Test;","lastModifiedDate":"2022-03-29"},{"lineNumber":2,"author":{"gitId":"Louislz-l"},"content":"","lastModifiedDate":"2022-03-29"},{"lineNumber":3,"author":{"gitId":"Louislz-l"},"content":"import java.time.LocalDateTime;","lastModifiedDate":"2022-03-29"},{"lineNumber":4,"author":{"gitId":"Louislz-l"},"content":"import java.time.format.DateTimeFormatter;","lastModifiedDate":"2022-03-29"},{"lineNumber":5,"author":{"gitId":"Louislz-l"},"content":"","lastModifiedDate":"2022-03-29"},{"lineNumber":6,"author":{"gitId":"Louislz-l"},"content":"import static org.junit.jupiter.api.Assertions.assertEquals;","lastModifiedDate":"2022-03-29"},{"lineNumber":7,"author":{"gitId":"Louislz-l"},"content":"","lastModifiedDate":"2022-03-29"},{"lineNumber":8,"author":{"gitId":"Louislz-l"},"content":"public class EventTest {","lastModifiedDate":"2022-03-29"},{"lineNumber":9,"author":{"gitId":"Louislz-l"},"content":"    @Test","lastModifiedDate":"2022-03-29"},{"lineNumber":10,"author":{"gitId":"Louislz-l"},"content":"    public void EventTest(){","lastModifiedDate":"2022-03-29"},{"lineNumber":11,"author":{"gitId":"Louislz-l"},"content":"        Event event \u003d new Event(\"Event Project Meeting (JUnit)\", \"23/03/2022 1200\");","lastModifiedDate":"2022-03-29"},{"lineNumber":12,"author":{"gitId":"Louislz-l"},"content":"","lastModifiedDate":"2022-03-29"},{"lineNumber":13,"author":{"gitId":"Louislz-l"},"content":"        //Create Date and Time Variables","lastModifiedDate":"2022-03-29"},{"lineNumber":14,"author":{"gitId":"Louislz-l"},"content":"        DateTimeFormatter Standard \u003d DateTimeFormatter.ofPattern(\"dd/MM/yyyy HHmm\");","lastModifiedDate":"2022-03-29"},{"lineNumber":15,"author":{"gitId":"Louislz-l"},"content":"        String UserInput \u003d event.at;","lastModifiedDate":"2022-03-29"},{"lineNumber":16,"author":{"gitId":"Louislz-l"},"content":"        LocalDateTime UserInputDT \u003d LocalDateTime.parse(UserInput, Standard);","lastModifiedDate":"2022-03-29"},{"lineNumber":17,"author":{"gitId":"Louislz-l"},"content":"","lastModifiedDate":"2022-03-29"},{"lineNumber":18,"author":{"gitId":"Louislz-l"},"content":"        String Format \u003d UserInputDT.format(DateTimeFormatter.ofPattern(\"d MMM yyyy hh:mma\"));","lastModifiedDate":"2022-03-29"},{"lineNumber":19,"author":{"gitId":"Louislz-l"},"content":"","lastModifiedDate":"2022-03-29"},{"lineNumber":20,"author":{"gitId":"Louislz-l"},"content":"        String EventExpected \u003d \"23 Mar 2022 12:00PM\";","lastModifiedDate":"2022-03-29"},{"lineNumber":21,"author":{"gitId":"Louislz-l"},"content":"        assertEquals(EventExpected, Format);","lastModifiedDate":"2022-03-29"},{"lineNumber":22,"author":{"gitId":"Louislz-l"},"content":"    }","lastModifiedDate":"2022-03-29"},{"lineNumber":23,"author":{"gitId":"Louislz-l"},"content":"}","lastModifiedDate":"2022-03-29"}],"authorContributionMap":{"Louislz-l":23}},{"path":"src/test/java/TodoTest.java","fileType":"java","lines":[{"lineNumber":1,"author":{"gitId":"Louislz-l"},"content":"import org.junit.jupiter.api.Test;","lastModifiedDate":"2022-03-29"},{"lineNumber":2,"author":{"gitId":"Louislz-l"},"content":"","lastModifiedDate":"2022-03-29"},{"lineNumber":3,"author":{"gitId":"Louislz-l"},"content":"import static org.junit.jupiter.api.Assertions.assertEquals;","lastModifiedDate":"2022-03-29"},{"lineNumber":4,"author":{"gitId":"Louislz-l"},"content":"","lastModifiedDate":"2022-03-29"},{"lineNumber":5,"author":{"gitId":"Louislz-l"},"content":"public class TodoTest {","lastModifiedDate":"2022-03-29"},{"lineNumber":6,"author":{"gitId":"Louislz-l"},"content":"    @Test","lastModifiedDate":"2022-03-29"},{"lineNumber":7,"author":{"gitId":"Louislz-l"},"content":"    public void TodoTest(){","lastModifiedDate":"2022-03-29"},{"lineNumber":8,"author":{"gitId":"Louislz-l"},"content":"        Todo todo \u003d new Todo(\"Todo read book #2 (JUnit)\");","lastModifiedDate":"2022-03-29"},{"lineNumber":9,"author":{"gitId":"Louislz-l"},"content":"        String TodoExpected \u003d \"Todo read book #2 (JUnit)\";","lastModifiedDate":"2022-03-29"},{"lineNumber":10,"author":{"gitId":"Louislz-l"},"content":"        assertEquals(TodoExpected, todo.description);","lastModifiedDate":"2022-03-29"},{"lineNumber":11,"author":{"gitId":"Louislz-l"},"content":"    }","lastModifiedDate":"2022-03-29"},{"lineNumber":12,"author":{"gitId":"Louislz-l"},"content":"}","lastModifiedDate":"2022-03-29"}],"authorContributionMap":{"Louislz-l":12}}]
