[{"path":"src/main/java/Deadline.java","fileType":"java","lines":[{"lineNumber":1,"author":{"gitId":"Louislz-l"},"content":"public class Deadline extends Task {","lastModifiedDate":"2022-02-15"},{"lineNumber":2,"author":{"gitId":"Louislz-l"},"content":"","lastModifiedDate":"2022-02-15"},{"lineNumber":3,"author":{"gitId":"Louislz-l"},"content":"    protected String by;","lastModifiedDate":"2022-02-15"},{"lineNumber":4,"author":{"gitId":"Louislz-l"},"content":"","lastModifiedDate":"2022-02-15"},{"lineNumber":5,"author":{"gitId":"Louislz-l"},"content":"    public Deadline(String description, String by) {","lastModifiedDate":"2022-02-15"},{"lineNumber":6,"author":{"gitId":"Louislz-l"},"content":"        super(description);","lastModifiedDate":"2022-02-15"},{"lineNumber":7,"author":{"gitId":"Louislz-l"},"content":"        this.by \u003d by;","lastModifiedDate":"2022-02-15"},{"lineNumber":8,"author":{"gitId":"Louislz-l"},"content":"    }","lastModifiedDate":"2022-02-15"},{"lineNumber":9,"author":{"gitId":"Louislz-l"},"content":"","lastModifiedDate":"2022-02-15"},{"lineNumber":10,"author":{"gitId":"Louislz-l"},"content":"    @Override","lastModifiedDate":"2022-02-15"},{"lineNumber":11,"author":{"gitId":"Louislz-l"},"content":"    public String toString() {","lastModifiedDate":"2022-02-15"},{"lineNumber":12,"author":{"gitId":"Louislz-l"},"content":"        return \"[D]\" + super.toString() + \" (by: \" + by + \")\";","lastModifiedDate":"2022-02-15"},{"lineNumber":13,"author":{"gitId":"Louislz-l"},"content":"    }","lastModifiedDate":"2022-02-15"},{"lineNumber":14,"author":{"gitId":"Louislz-l"},"content":"}","lastModifiedDate":"2022-02-15"}],"authorContributionMap":{"Louislz-l":14}},{"path":"src/main/java/Duke.java","fileType":"java","lines":[{"lineNumber":1,"author":{"gitId":"Louislz-l"},"content":"import java.util.Scanner;","lastModifiedDate":"2022-01-26"},{"lineNumber":2,"author":{"gitId":"-"},"content":"public class Duke {","lastModifiedDate":"2019-07-29"},{"lineNumber":3,"author":{"gitId":"Louislz-l"},"content":"","lastModifiedDate":"2022-01-26"},{"lineNumber":4,"author":{"gitId":"Louislz-l"},"content":"    //Code Starts here!","lastModifiedDate":"2022-01-26"},{"lineNumber":5,"author":{"gitId":"Louislz-l"},"content":"    ","lastModifiedDate":"2022-02-03"},{"lineNumber":6,"author":{"gitId":"Louislz-l"},"content":"    //Aesthetic Function","lastModifiedDate":"2022-02-03"},{"lineNumber":7,"author":{"gitId":"Louislz-l"},"content":"    public static void printLine() {","lastModifiedDate":"2022-01-26"},{"lineNumber":8,"author":{"gitId":"Louislz-l"},"content":"        System.out.println(\"__________________________________________________________\");","lastModifiedDate":"2022-01-26"},{"lineNumber":9,"author":{"gitId":"Louislz-l"},"content":"    }","lastModifiedDate":"2022-01-26"},{"lineNumber":10,"author":{"gitId":"Louislz-l"},"content":"","lastModifiedDate":"2022-01-26"},{"lineNumber":11,"author":{"gitId":"Louislz-l"},"content":"    //Level-2 Added List Array","lastModifiedDate":"2022-02-03"},{"lineNumber":12,"author":{"gitId":"Louislz-l"},"content":"    public static void system() {","lastModifiedDate":"2022-02-03"},{"lineNumber":13,"author":{"gitId":"Louislz-l"},"content":"        Task[] tasks \u003d new Task[100];","lastModifiedDate":"2022-02-09"},{"lineNumber":14,"author":{"gitId":"Louislz-l"},"content":"        String line;","lastModifiedDate":"2022-01-26"},{"lineNumber":15,"author":{"gitId":"Louislz-l"},"content":"        int counter \u003d 0;","lastModifiedDate":"2022-02-03"},{"lineNumber":16,"author":{"gitId":"Louislz-l"},"content":"        Scanner in \u003d new Scanner(System.in);","lastModifiedDate":"2022-01-26"},{"lineNumber":17,"author":{"gitId":"Louislz-l"},"content":"","lastModifiedDate":"2022-02-03"},{"lineNumber":18,"author":{"gitId":"Louislz-l"},"content":"        //Keep the System Running","lastModifiedDate":"2022-02-03"},{"lineNumber":19,"author":{"gitId":"Louislz-l"},"content":"        while (true) {","lastModifiedDate":"2022-02-03"},{"lineNumber":20,"author":{"gitId":"Louislz-l"},"content":"","lastModifiedDate":"2022-03-03"},{"lineNumber":21,"author":{"gitId":"Louislz-l"},"content":"            //Ask User for Input","lastModifiedDate":"2022-02-03"},{"lineNumber":22,"author":{"gitId":"Louislz-l"},"content":"            line \u003d in.nextLine();","lastModifiedDate":"2022-01-26"},{"lineNumber":23,"author":{"gitId":"Louislz-l"},"content":"","lastModifiedDate":"2022-01-26"},{"lineNumber":24,"author":{"gitId":"Louislz-l"},"content":"                //Print the List","lastModifiedDate":"2022-02-03"},{"lineNumber":25,"author":{"gitId":"Louislz-l"},"content":"                if (line.toLowerCase().contains(\"list\")) {","lastModifiedDate":"2022-03-03"},{"lineNumber":26,"author":{"gitId":"Louislz-l"},"content":"                    printLine();","lastModifiedDate":"2022-02-03"},{"lineNumber":27,"author":{"gitId":"Louislz-l"},"content":"                    System.out.println(\"Here are the task in your lists:\");","lastModifiedDate":"2022-03-03"},{"lineNumber":28,"author":{"gitId":"Louislz-l"},"content":"                    for (int x \u003d 0; x \u003c counter; x++) {","lastModifiedDate":"2022-02-03"},{"lineNumber":29,"author":{"gitId":"Louislz-l"},"content":"                        //Amended to Use toString()","lastModifiedDate":"2022-02-15"},{"lineNumber":30,"author":{"gitId":"Louislz-l"},"content":"                        System.out.println(x + 1 + \". \" + tasks[x].toString());","lastModifiedDate":"2022-02-15"},{"lineNumber":31,"author":{"gitId":"Louislz-l"},"content":"                    }","lastModifiedDate":"2022-02-03"},{"lineNumber":32,"author":{"gitId":"Louislz-l"},"content":"                    printLine();","lastModifiedDate":"2022-02-03"},{"lineNumber":33,"author":{"gitId":"Louislz-l"},"content":"                }","lastModifiedDate":"2022-02-03"},{"lineNumber":34,"author":{"gitId":"Louislz-l"},"content":"","lastModifiedDate":"2022-02-09"},{"lineNumber":35,"author":{"gitId":"Louislz-l"},"content":"                //UnMark the Box","lastModifiedDate":"2022-02-09"},{"lineNumber":36,"author":{"gitId":"Louislz-l"},"content":"                else if (line.toLowerCase().contains(\"unmark\")) {","lastModifiedDate":"2022-03-03"},{"lineNumber":37,"author":{"gitId":"Louislz-l"},"content":"                    try {","lastModifiedDate":"2022-03-03"},{"lineNumber":38,"author":{"gitId":"Louislz-l"},"content":"                        // -1 as Array starts from 0","lastModifiedDate":"2022-02-09"},{"lineNumber":39,"author":{"gitId":"Louislz-l"},"content":"                        int num2 \u003d Integer.parseInt(line.substring(7)) - 1;","lastModifiedDate":"2022-02-09"},{"lineNumber":40,"author":{"gitId":"Louislz-l"},"content":"                        Task um \u003d tasks[num2];","lastModifiedDate":"2022-02-09"},{"lineNumber":41,"author":{"gitId":"Louislz-l"},"content":"                        um.markAsNotDone();","lastModifiedDate":"2022-02-09"},{"lineNumber":42,"author":{"gitId":"Louislz-l"},"content":"                        System.out.println(\"OK, I\u0027ve marked this task as not done yet:\");","lastModifiedDate":"2022-02-09"},{"lineNumber":43,"author":{"gitId":"Louislz-l"},"content":"                        System.out.println(\"[\" + um.getStatusIcon() + \"] \" + um.description);","lastModifiedDate":"2022-02-09"},{"lineNumber":44,"author":{"gitId":"Louislz-l"},"content":"                    } catch (NullPointerException e) {","lastModifiedDate":"2022-03-03"},{"lineNumber":45,"author":{"gitId":"Louislz-l"},"content":"                        System.out.println(\"☹ OOPS!!! Please enter a valid task number.\");","lastModifiedDate":"2022-03-03"},{"lineNumber":46,"author":{"gitId":"Louislz-l"},"content":"                    }","lastModifiedDate":"2022-03-03"},{"lineNumber":47,"author":{"gitId":"Louislz-l"},"content":"                }","lastModifiedDate":"2022-02-09"},{"lineNumber":48,"author":{"gitId":"Louislz-l"},"content":"","lastModifiedDate":"2022-02-09"},{"lineNumber":49,"author":{"gitId":"Louislz-l"},"content":"                //Mark the Box","lastModifiedDate":"2022-02-09"},{"lineNumber":50,"author":{"gitId":"Louislz-l"},"content":"                else if (line.toLowerCase().contains(\"mark\")) {","lastModifiedDate":"2022-03-03"},{"lineNumber":51,"author":{"gitId":"Louislz-l"},"content":"                    try {","lastModifiedDate":"2022-03-03"},{"lineNumber":52,"author":{"gitId":"Louislz-l"},"content":"                        // -1 as Array starts from 0","lastModifiedDate":"2022-02-09"},{"lineNumber":53,"author":{"gitId":"Louislz-l"},"content":"                        int num \u003d Integer.parseInt(line.substring(5)) - 1;","lastModifiedDate":"2022-02-09"},{"lineNumber":54,"author":{"gitId":"Louislz-l"},"content":"                        Task m \u003d tasks[num];","lastModifiedDate":"2022-02-09"},{"lineNumber":55,"author":{"gitId":"Louislz-l"},"content":"                        m.markAsDone();","lastModifiedDate":"2022-02-09"},{"lineNumber":56,"author":{"gitId":"Louislz-l"},"content":"                        System.out.println(\"Nice! I\u0027ve marked this task as done\");","lastModifiedDate":"2022-02-09"},{"lineNumber":57,"author":{"gitId":"Louislz-l"},"content":"                        System.out.println(\"[\" + m.getStatusIcon() + \"] \" + m.description);","lastModifiedDate":"2022-02-09"},{"lineNumber":58,"author":{"gitId":"Louislz-l"},"content":"                    } catch (NullPointerException e){","lastModifiedDate":"2022-03-03"},{"lineNumber":59,"author":{"gitId":"Louislz-l"},"content":"                        System.out.println(\"☹ OOPS!!! Please enter a valid task number.\");","lastModifiedDate":"2022-03-03"},{"lineNumber":60,"author":{"gitId":"Louislz-l"},"content":"                    }","lastModifiedDate":"2022-03-03"},{"lineNumber":61,"author":{"gitId":"Louislz-l"},"content":"                }","lastModifiedDate":"2022-02-09"},{"lineNumber":62,"author":{"gitId":"Louislz-l"},"content":"","lastModifiedDate":"2022-02-09"},{"lineNumber":63,"author":{"gitId":"Louislz-l"},"content":"                //Run Deadline Class","lastModifiedDate":"2022-02-15"},{"lineNumber":64,"author":{"gitId":"Louislz-l"},"content":"                else if (line.toLowerCase().contains(\"deadline\")) {","lastModifiedDate":"2022-03-03"},{"lineNumber":65,"author":{"gitId":"Louislz-l"},"content":"","lastModifiedDate":"2022-03-03"},{"lineNumber":66,"author":{"gitId":"Louislz-l"},"content":"                    String[] lineSplit \u003d line.split(\" \");","lastModifiedDate":"2022-03-03"},{"lineNumber":67,"author":{"gitId":"Louislz-l"},"content":"","lastModifiedDate":"2022-03-03"},{"lineNumber":68,"author":{"gitId":"Louislz-l"},"content":"                    try {","lastModifiedDate":"2022-03-03"},{"lineNumber":69,"author":{"gitId":"Louislz-l"},"content":"                        if (lineSplit.length \u003c 2) {","lastModifiedDate":"2022-03-03"},{"lineNumber":70,"author":{"gitId":"Louislz-l"},"content":"                            throw new DukeException(\"Missing Deadline Description\");","lastModifiedDate":"2022-03-03"},{"lineNumber":71,"author":{"gitId":"Louislz-l"},"content":"                        }","lastModifiedDate":"2022-03-03"},{"lineNumber":72,"author":{"gitId":"Louislz-l"},"content":"","lastModifiedDate":"2022-03-03"},{"lineNumber":73,"author":{"gitId":"Louislz-l"},"content":"                        if (!line.contains(\"/by\")){","lastModifiedDate":"2022-03-03"},{"lineNumber":74,"author":{"gitId":"Louislz-l"},"content":"                            throw new DukeException(\"Missing Deadline /by\");","lastModifiedDate":"2022-03-03"},{"lineNumber":75,"author":{"gitId":"Louislz-l"},"content":"                        }","lastModifiedDate":"2022-03-03"},{"lineNumber":76,"author":{"gitId":"Louislz-l"},"content":"","lastModifiedDate":"2022-02-15"},{"lineNumber":77,"author":{"gitId":"Louislz-l"},"content":"                        //Find Position of \u0027/\u0027","lastModifiedDate":"2022-02-15"},{"lineNumber":78,"author":{"gitId":"Louislz-l"},"content":"                        int slash \u003d line.indexOf(\"/\");","lastModifiedDate":"2022-02-15"},{"lineNumber":79,"author":{"gitId":"Louislz-l"},"content":"","lastModifiedDate":"2022-02-15"},{"lineNumber":80,"author":{"gitId":"Louislz-l"},"content":"                        //Initiate Deadline Class","lastModifiedDate":"2022-02-15"},{"lineNumber":81,"author":{"gitId":"Louislz-l"},"content":"                        tasks[counter] \u003d new Deadline(line.substring(9, slash - 1), line.substring(slash + 4));","lastModifiedDate":"2022-02-15"},{"lineNumber":82,"author":{"gitId":"Louislz-l"},"content":"                        System.out.println(\"Got it. I\u0027ve added this task:\");","lastModifiedDate":"2022-02-15"},{"lineNumber":83,"author":{"gitId":"Louislz-l"},"content":"                        System.out.println(tasks[counter].toString());","lastModifiedDate":"2022-02-15"},{"lineNumber":84,"author":{"gitId":"Louislz-l"},"content":"                        counter++;","lastModifiedDate":"2022-02-15"},{"lineNumber":85,"author":{"gitId":"Louislz-l"},"content":"                        System.out.println(\"Now you have \" + (counter) + \" tasks in the list.\");","lastModifiedDate":"2022-02-15"},{"lineNumber":86,"author":{"gitId":"Louislz-l"},"content":"","lastModifiedDate":"2022-03-03"},{"lineNumber":87,"author":{"gitId":"Louislz-l"},"content":"                    } catch (DukeException e){","lastModifiedDate":"2022-03-03"},{"lineNumber":88,"author":{"gitId":"Louislz-l"},"content":"","lastModifiedDate":"2022-03-03"},{"lineNumber":89,"author":{"gitId":"Louislz-l"},"content":"                        if (e.getError().equals(\"Missing Deadline Description\")) {","lastModifiedDate":"2022-03-03"},{"lineNumber":90,"author":{"gitId":"Louislz-l"},"content":"                            System.out.println(\"☹ OOPS!!! The description of a deadline cannot be empty.\");","lastModifiedDate":"2022-03-03"},{"lineNumber":91,"author":{"gitId":"Louislz-l"},"content":"                        }","lastModifiedDate":"2022-03-03"},{"lineNumber":92,"author":{"gitId":"Louislz-l"},"content":"","lastModifiedDate":"2022-03-03"},{"lineNumber":93,"author":{"gitId":"Louislz-l"},"content":"                        if (e.getError().equals(\"Missing Deadline /by\")) {","lastModifiedDate":"2022-03-03"},{"lineNumber":94,"author":{"gitId":"Louislz-l"},"content":"                            System.out.println(\"☹ OOPS!!! The /by of a deadline is missing.\");","lastModifiedDate":"2022-03-03"},{"lineNumber":95,"author":{"gitId":"Louislz-l"},"content":"                        }","lastModifiedDate":"2022-03-03"},{"lineNumber":96,"author":{"gitId":"Louislz-l"},"content":"","lastModifiedDate":"2022-03-03"},{"lineNumber":97,"author":{"gitId":"Louislz-l"},"content":"                    } catch (StringIndexOutOfBoundsException e){","lastModifiedDate":"2022-03-03"},{"lineNumber":98,"author":{"gitId":"Louislz-l"},"content":"                System.out.println(\"☹ OOPS!!! The description after /by cannot be missing.\");","lastModifiedDate":"2022-03-03"},{"lineNumber":99,"author":{"gitId":"Louislz-l"},"content":"            }","lastModifiedDate":"2022-03-03"},{"lineNumber":100,"author":{"gitId":"Louislz-l"},"content":"                }","lastModifiedDate":"2022-02-15"},{"lineNumber":101,"author":{"gitId":"Louislz-l"},"content":"","lastModifiedDate":"2022-02-15"},{"lineNumber":102,"author":{"gitId":"Louislz-l"},"content":"                //Run Tod0 Class","lastModifiedDate":"2022-02-15"},{"lineNumber":103,"author":{"gitId":"Louislz-l"},"content":"                else if (line.toLowerCase().contains(\"todo\")) {","lastModifiedDate":"2022-03-03"},{"lineNumber":104,"author":{"gitId":"Louislz-l"},"content":"","lastModifiedDate":"2022-03-03"},{"lineNumber":105,"author":{"gitId":"Louislz-l"},"content":"                    String[] lineSplit \u003d line.split(\" \");","lastModifiedDate":"2022-03-03"},{"lineNumber":106,"author":{"gitId":"Louislz-l"},"content":"","lastModifiedDate":"2022-03-03"},{"lineNumber":107,"author":{"gitId":"Louislz-l"},"content":"                    //Catch Error for T0do Class","lastModifiedDate":"2022-03-03"},{"lineNumber":108,"author":{"gitId":"Louislz-l"},"content":"                    try {","lastModifiedDate":"2022-03-03"},{"lineNumber":109,"author":{"gitId":"Louislz-l"},"content":"                        if (lineSplit.length \u003c 2) {","lastModifiedDate":"2022-03-03"},{"lineNumber":110,"author":{"gitId":"Louislz-l"},"content":"                            throw new DukeException(\"Missing Todo Description\");","lastModifiedDate":"2022-03-03"},{"lineNumber":111,"author":{"gitId":"Louislz-l"},"content":"                        }","lastModifiedDate":"2022-03-03"},{"lineNumber":112,"author":{"gitId":"Louislz-l"},"content":"","lastModifiedDate":"2022-02-15"},{"lineNumber":113,"author":{"gitId":"Louislz-l"},"content":"                        //Initiate Tod0 Class","lastModifiedDate":"2022-02-15"},{"lineNumber":114,"author":{"gitId":"Louislz-l"},"content":"                        tasks[counter] \u003d new Todo(line.substring(5));","lastModifiedDate":"2022-02-15"},{"lineNumber":115,"author":{"gitId":"Louislz-l"},"content":"                        System.out.println(\"Got it. I\u0027ve added this task:\");","lastModifiedDate":"2022-02-15"},{"lineNumber":116,"author":{"gitId":"Louislz-l"},"content":"                        System.out.println(tasks[counter].toString());","lastModifiedDate":"2022-02-15"},{"lineNumber":117,"author":{"gitId":"Louislz-l"},"content":"                        counter++;","lastModifiedDate":"2022-02-15"},{"lineNumber":118,"author":{"gitId":"Louislz-l"},"content":"                        System.out.println(\"Now you have \" + (counter) + \" tasks in the list.\");","lastModifiedDate":"2022-02-15"},{"lineNumber":119,"author":{"gitId":"Louislz-l"},"content":"","lastModifiedDate":"2022-03-03"},{"lineNumber":120,"author":{"gitId":"Louislz-l"},"content":"                    } catch (DukeException e) {","lastModifiedDate":"2022-03-03"},{"lineNumber":121,"author":{"gitId":"Louislz-l"},"content":"                        if (e.getError().equals(\"Missing Todo Description\")) {","lastModifiedDate":"2022-03-03"},{"lineNumber":122,"author":{"gitId":"Louislz-l"},"content":"                            System.out.println(\"☹ OOPS!!! The description of a todo cannot be empty.\");","lastModifiedDate":"2022-03-03"},{"lineNumber":123,"author":{"gitId":"Louislz-l"},"content":"                        }","lastModifiedDate":"2022-03-03"},{"lineNumber":124,"author":{"gitId":"Louislz-l"},"content":"                    }","lastModifiedDate":"2022-03-03"},{"lineNumber":125,"author":{"gitId":"Louislz-l"},"content":"                }","lastModifiedDate":"2022-02-15"},{"lineNumber":126,"author":{"gitId":"Louislz-l"},"content":"","lastModifiedDate":"2022-02-15"},{"lineNumber":127,"author":{"gitId":"Louislz-l"},"content":"                //Run Event Class","lastModifiedDate":"2022-02-15"},{"lineNumber":128,"author":{"gitId":"Louislz-l"},"content":"                else if (line.toLowerCase().contains(\"event\")) {","lastModifiedDate":"2022-03-03"},{"lineNumber":129,"author":{"gitId":"Louislz-l"},"content":"","lastModifiedDate":"2022-03-03"},{"lineNumber":130,"author":{"gitId":"Louislz-l"},"content":"                    String[] lineSplit \u003d line.split(\" \");","lastModifiedDate":"2022-03-03"},{"lineNumber":131,"author":{"gitId":"Louislz-l"},"content":"","lastModifiedDate":"2022-03-03"},{"lineNumber":132,"author":{"gitId":"Louislz-l"},"content":"                    try {","lastModifiedDate":"2022-03-03"},{"lineNumber":133,"author":{"gitId":"Louislz-l"},"content":"                        if (lineSplit.length \u003c 2) {","lastModifiedDate":"2022-03-03"},{"lineNumber":134,"author":{"gitId":"Louislz-l"},"content":"                            throw new DukeException(\"Missing Event Description\");","lastModifiedDate":"2022-03-03"},{"lineNumber":135,"author":{"gitId":"Louislz-l"},"content":"                        }","lastModifiedDate":"2022-03-03"},{"lineNumber":136,"author":{"gitId":"Louislz-l"},"content":"","lastModifiedDate":"2022-03-03"},{"lineNumber":137,"author":{"gitId":"Louislz-l"},"content":"                        if (!line.contains(\"/at\")) {","lastModifiedDate":"2022-03-03"},{"lineNumber":138,"author":{"gitId":"Louislz-l"},"content":"                            throw new DukeException(\"Missing Event /at\");","lastModifiedDate":"2022-03-03"},{"lineNumber":139,"author":{"gitId":"Louislz-l"},"content":"                        }","lastModifiedDate":"2022-03-03"},{"lineNumber":140,"author":{"gitId":"Louislz-l"},"content":"","lastModifiedDate":"2022-02-15"},{"lineNumber":141,"author":{"gitId":"Louislz-l"},"content":"                        //Find Position of \u0027/\u0027","lastModifiedDate":"2022-02-15"},{"lineNumber":142,"author":{"gitId":"Louislz-l"},"content":"                        int slash \u003d line.indexOf(\"/\");","lastModifiedDate":"2022-02-15"},{"lineNumber":143,"author":{"gitId":"Louislz-l"},"content":"","lastModifiedDate":"2022-02-15"},{"lineNumber":144,"author":{"gitId":"Louislz-l"},"content":"                        //Initiate Event Class","lastModifiedDate":"2022-02-15"},{"lineNumber":145,"author":{"gitId":"Louislz-l"},"content":"                        tasks[counter] \u003d new Deadline(line.substring(6, slash - 1), line.substring(slash + 4));","lastModifiedDate":"2022-02-15"},{"lineNumber":146,"author":{"gitId":"Louislz-l"},"content":"                        System.out.println(\"Got it. I\u0027ve added this task:\");","lastModifiedDate":"2022-02-15"},{"lineNumber":147,"author":{"gitId":"Louislz-l"},"content":"                        System.out.println(tasks[counter].toString());","lastModifiedDate":"2022-02-15"},{"lineNumber":148,"author":{"gitId":"Louislz-l"},"content":"                        counter++;","lastModifiedDate":"2022-02-15"},{"lineNumber":149,"author":{"gitId":"Louislz-l"},"content":"                        System.out.println(\"Now you have \" + (counter) + \" tasks in the list.\");","lastModifiedDate":"2022-02-15"},{"lineNumber":150,"author":{"gitId":"Louislz-l"},"content":"","lastModifiedDate":"2022-03-03"},{"lineNumber":151,"author":{"gitId":"Louislz-l"},"content":"                    } catch (DukeException e) {","lastModifiedDate":"2022-03-03"},{"lineNumber":152,"author":{"gitId":"Louislz-l"},"content":"                        if (e.getError().equals(\"Missing Event Description\")) {","lastModifiedDate":"2022-03-03"},{"lineNumber":153,"author":{"gitId":"Louislz-l"},"content":"                            System.out.println(\"☹ OOPS!!! The description of an event cannot be empty.\");","lastModifiedDate":"2022-03-03"},{"lineNumber":154,"author":{"gitId":"Louislz-l"},"content":"                        }","lastModifiedDate":"2022-03-03"},{"lineNumber":155,"author":{"gitId":"Louislz-l"},"content":"","lastModifiedDate":"2022-03-03"},{"lineNumber":156,"author":{"gitId":"Louislz-l"},"content":"                        if (e.getError().equals(\"Missing Event /at\")) {","lastModifiedDate":"2022-03-03"},{"lineNumber":157,"author":{"gitId":"Louislz-l"},"content":"                            System.out.println(\"☹ OOPS!!! The /at of an event is missing.\");","lastModifiedDate":"2022-03-03"},{"lineNumber":158,"author":{"gitId":"Louislz-l"},"content":"                        }","lastModifiedDate":"2022-03-03"},{"lineNumber":159,"author":{"gitId":"Louislz-l"},"content":"                    } catch (StringIndexOutOfBoundsException e){","lastModifiedDate":"2022-03-03"},{"lineNumber":160,"author":{"gitId":"Louislz-l"},"content":"                        System.out.println(\"☹ OOPS!!! The description after /at cannot be empty.\");","lastModifiedDate":"2022-03-03"},{"lineNumber":161,"author":{"gitId":"Louislz-l"},"content":"                    }","lastModifiedDate":"2022-03-03"},{"lineNumber":162,"author":{"gitId":"Louislz-l"},"content":"                }","lastModifiedDate":"2022-02-15"},{"lineNumber":163,"author":{"gitId":"Louislz-l"},"content":"","lastModifiedDate":"2022-02-15"},{"lineNumber":164,"author":{"gitId":"Louislz-l"},"content":"                //End the System","lastModifiedDate":"2022-02-03"},{"lineNumber":165,"author":{"gitId":"Louislz-l"},"content":"                else if (line.equals(\"bye\")) {","lastModifiedDate":"2022-02-03"},{"lineNumber":166,"author":{"gitId":"Louislz-l"},"content":"                    printLine();","lastModifiedDate":"2022-02-03"},{"lineNumber":167,"author":{"gitId":"Louislz-l"},"content":"                    System.out.println(\"Bye. Hope to see you again soon!\");","lastModifiedDate":"2022-01-26"},{"lineNumber":168,"author":{"gitId":"Louislz-l"},"content":"                    printLine();","lastModifiedDate":"2022-02-03"},{"lineNumber":169,"author":{"gitId":"Louislz-l"},"content":"                    System.exit(0);","lastModifiedDate":"2022-02-03"},{"lineNumber":170,"author":{"gitId":"Louislz-l"},"content":"                }","lastModifiedDate":"2022-01-26"},{"lineNumber":171,"author":{"gitId":"Louislz-l"},"content":"","lastModifiedDate":"2022-01-26"},{"lineNumber":172,"author":{"gitId":"Louislz-l"},"content":"                //Command Not Recognised","lastModifiedDate":"2022-03-03"},{"lineNumber":173,"author":{"gitId":"Louislz-l"},"content":"                else {","lastModifiedDate":"2022-01-26"},{"lineNumber":174,"author":{"gitId":"Louislz-l"},"content":"                    printLine();","lastModifiedDate":"2022-02-03"},{"lineNumber":175,"author":{"gitId":"Louislz-l"},"content":"                    System.out.println(\"☹ OOPS!!! I\u0027m sorry, but I don\u0027t know what that means :-(\");","lastModifiedDate":"2022-03-03"},{"lineNumber":176,"author":{"gitId":"Louislz-l"},"content":"","lastModifiedDate":"2022-02-09"},{"lineNumber":177,"author":{"gitId":"Louislz-l"},"content":"                }","lastModifiedDate":"2022-02-03"},{"lineNumber":178,"author":{"gitId":"Louislz-l"},"content":"            }","lastModifiedDate":"2022-01-26"},{"lineNumber":179,"author":{"gitId":"Louislz-l"},"content":"        }","lastModifiedDate":"2022-01-26"},{"lineNumber":180,"author":{"gitId":"Louislz-l"},"content":"","lastModifiedDate":"2022-01-26"},{"lineNumber":181,"author":{"gitId":"-"},"content":"    public static void main(String[] args) {","lastModifiedDate":"2019-07-29"},{"lineNumber":182,"author":{"gitId":"-"},"content":"        String logo \u003d \" ____        _        \\n\"","lastModifiedDate":"2019-07-29"},{"lineNumber":183,"author":{"gitId":"-"},"content":"                + \"|  _ \\\\ _   _| | _____ \\n\"","lastModifiedDate":"2019-07-29"},{"lineNumber":184,"author":{"gitId":"-"},"content":"                + \"| | | | | | | |/ / _ \\\\\\n\"","lastModifiedDate":"2019-07-29"},{"lineNumber":185,"author":{"gitId":"-"},"content":"                + \"| |_| | |_| |   \u003c  __/\\n\"","lastModifiedDate":"2019-07-29"},{"lineNumber":186,"author":{"gitId":"-"},"content":"                + \"|____/ \\\\__,_|_|\\\\_\\\\___|\\n\";","lastModifiedDate":"2019-07-29"},{"lineNumber":187,"author":{"gitId":"Louislz-l"},"content":"        System.out.println(logo);","lastModifiedDate":"2022-01-26"},{"lineNumber":188,"author":{"gitId":"Louislz-l"},"content":"        printLine();","lastModifiedDate":"2022-02-03"},{"lineNumber":189,"author":{"gitId":"Louislz-l"},"content":"        System.out.println(\"Hello! I\u0027m Duke\\n\" + \"What can I do for you?\");","lastModifiedDate":"2022-02-03"},{"lineNumber":190,"author":{"gitId":"Louislz-l"},"content":"        printLine();","lastModifiedDate":"2022-02-03"},{"lineNumber":191,"author":{"gitId":"Louislz-l"},"content":"","lastModifiedDate":"2022-01-25"},{"lineNumber":192,"author":{"gitId":"Louislz-l"},"content":"        //Trigger Code","lastModifiedDate":"2022-01-26"},{"lineNumber":193,"author":{"gitId":"Louislz-l"},"content":"        system();","lastModifiedDate":"2022-02-03"},{"lineNumber":194,"author":{"gitId":"-"},"content":"    }","lastModifiedDate":"2022-01-26"},{"lineNumber":195,"author":{"gitId":"-"},"content":"}","lastModifiedDate":"2019-07-29"}],"authorContributionMap":{"Louislz-l":186,"-":9}},{"path":"src/main/java/DukeException.java","fileType":"java","lines":[{"lineNumber":1,"author":{"gitId":"Louislz-l"},"content":"public class DukeException extends Exception {","lastModifiedDate":"2022-03-03"},{"lineNumber":2,"author":{"gitId":"Louislz-l"},"content":"    private final String error;","lastModifiedDate":"2022-03-03"},{"lineNumber":3,"author":{"gitId":"Louislz-l"},"content":"","lastModifiedDate":"2022-03-03"},{"lineNumber":4,"author":{"gitId":"Louislz-l"},"content":"    public DukeException (String error) {","lastModifiedDate":"2022-03-03"},{"lineNumber":5,"author":{"gitId":"Louislz-l"},"content":"        this.error \u003d error;","lastModifiedDate":"2022-03-03"},{"lineNumber":6,"author":{"gitId":"Louislz-l"},"content":"    }","lastModifiedDate":"2022-03-03"},{"lineNumber":7,"author":{"gitId":"Louislz-l"},"content":"","lastModifiedDate":"2022-03-03"},{"lineNumber":8,"author":{"gitId":"Louislz-l"},"content":"    public String getError() {","lastModifiedDate":"2022-03-03"},{"lineNumber":9,"author":{"gitId":"Louislz-l"},"content":"        return this.error;","lastModifiedDate":"2022-03-03"},{"lineNumber":10,"author":{"gitId":"Louislz-l"},"content":"    }","lastModifiedDate":"2022-03-03"},{"lineNumber":11,"author":{"gitId":"Louislz-l"},"content":"}","lastModifiedDate":"2022-03-03"}],"authorContributionMap":{"Louislz-l":11}},{"path":"src/main/java/Event.java","fileType":"java","lines":[{"lineNumber":1,"author":{"gitId":"Louislz-l"},"content":"public class Event extends Task {","lastModifiedDate":"2022-02-15"},{"lineNumber":2,"author":{"gitId":"Louislz-l"},"content":"","lastModifiedDate":"2022-02-15"},{"lineNumber":3,"author":{"gitId":"Louislz-l"},"content":"    protected String at;","lastModifiedDate":"2022-02-15"},{"lineNumber":4,"author":{"gitId":"Louislz-l"},"content":"","lastModifiedDate":"2022-02-15"},{"lineNumber":5,"author":{"gitId":"Louislz-l"},"content":"    public Event(String description, String at) {","lastModifiedDate":"2022-02-15"},{"lineNumber":6,"author":{"gitId":"Louislz-l"},"content":"        super(description);","lastModifiedDate":"2022-02-15"},{"lineNumber":7,"author":{"gitId":"Louislz-l"},"content":"        this.at \u003d at;","lastModifiedDate":"2022-02-15"},{"lineNumber":8,"author":{"gitId":"Louislz-l"},"content":"    }","lastModifiedDate":"2022-02-15"},{"lineNumber":9,"author":{"gitId":"Louislz-l"},"content":"","lastModifiedDate":"2022-02-15"},{"lineNumber":10,"author":{"gitId":"Louislz-l"},"content":"    @Override","lastModifiedDate":"2022-02-15"},{"lineNumber":11,"author":{"gitId":"Louislz-l"},"content":"    public String toString() {","lastModifiedDate":"2022-02-15"},{"lineNumber":12,"author":{"gitId":"Louislz-l"},"content":"        return \"[E]\" + super.toString() + \" (at: \" + at + \")\";","lastModifiedDate":"2022-02-15"},{"lineNumber":13,"author":{"gitId":"Louislz-l"},"content":"    }","lastModifiedDate":"2022-02-15"},{"lineNumber":14,"author":{"gitId":"Louislz-l"},"content":"}","lastModifiedDate":"2022-02-15"}],"authorContributionMap":{"Louislz-l":14}},{"path":"src/main/java/Task.java","fileType":"java","lines":[{"lineNumber":1,"author":{"gitId":"Louislz-l"},"content":"public class Task {","lastModifiedDate":"2022-02-09"},{"lineNumber":2,"author":{"gitId":"Louislz-l"},"content":"    protected String description;","lastModifiedDate":"2022-02-09"},{"lineNumber":3,"author":{"gitId":"Louislz-l"},"content":"    protected boolean isDone;","lastModifiedDate":"2022-02-09"},{"lineNumber":4,"author":{"gitId":"Louislz-l"},"content":"","lastModifiedDate":"2022-02-09"},{"lineNumber":5,"author":{"gitId":"Louislz-l"},"content":"    public Task(String description) {","lastModifiedDate":"2022-02-09"},{"lineNumber":6,"author":{"gitId":"Louislz-l"},"content":"        this.description \u003d description;","lastModifiedDate":"2022-02-09"},{"lineNumber":7,"author":{"gitId":"Louislz-l"},"content":"        this.isDone \u003d false;","lastModifiedDate":"2022-02-09"},{"lineNumber":8,"author":{"gitId":"Louislz-l"},"content":"    }","lastModifiedDate":"2022-02-09"},{"lineNumber":9,"author":{"gitId":"Louislz-l"},"content":"","lastModifiedDate":"2022-02-09"},{"lineNumber":10,"author":{"gitId":"Louislz-l"},"content":"    public String getStatusIcon() {","lastModifiedDate":"2022-02-09"},{"lineNumber":11,"author":{"gitId":"Louislz-l"},"content":"        return (isDone ? \"X\" : \" \"); // mark done task with X","lastModifiedDate":"2022-02-09"},{"lineNumber":12,"author":{"gitId":"Louislz-l"},"content":"    }","lastModifiedDate":"2022-02-09"},{"lineNumber":13,"author":{"gitId":"Louislz-l"},"content":"","lastModifiedDate":"2022-02-09"},{"lineNumber":14,"author":{"gitId":"Louislz-l"},"content":"    //Mark as Done","lastModifiedDate":"2022-02-09"},{"lineNumber":15,"author":{"gitId":"Louislz-l"},"content":"    public void markAsDone() {","lastModifiedDate":"2022-02-09"},{"lineNumber":16,"author":{"gitId":"Louislz-l"},"content":"        this.isDone \u003d true;","lastModifiedDate":"2022-02-09"},{"lineNumber":17,"author":{"gitId":"Louislz-l"},"content":"    }","lastModifiedDate":"2022-02-09"},{"lineNumber":18,"author":{"gitId":"Louislz-l"},"content":"","lastModifiedDate":"2022-02-09"},{"lineNumber":19,"author":{"gitId":"Louislz-l"},"content":"    //Mark as Not Done","lastModifiedDate":"2022-02-09"},{"lineNumber":20,"author":{"gitId":"Louislz-l"},"content":"    public void markAsNotDone() {","lastModifiedDate":"2022-02-09"},{"lineNumber":21,"author":{"gitId":"Louislz-l"},"content":"        this.isDone \u003d false;","lastModifiedDate":"2022-02-09"},{"lineNumber":22,"author":{"gitId":"Louislz-l"},"content":"    }","lastModifiedDate":"2022-02-09"},{"lineNumber":23,"author":{"gitId":"Louislz-l"},"content":"","lastModifiedDate":"2022-02-09"},{"lineNumber":24,"author":{"gitId":"Louislz-l"},"content":"    //Parent toString()","lastModifiedDate":"2022-02-15"},{"lineNumber":25,"author":{"gitId":"Louislz-l"},"content":"    public String toString() {","lastModifiedDate":"2022-02-15"},{"lineNumber":26,"author":{"gitId":"Louislz-l"},"content":"        return ( \"[\" + this.getStatusIcon() + \"] \" + description);","lastModifiedDate":"2022-02-15"},{"lineNumber":27,"author":{"gitId":"Louislz-l"},"content":"    }","lastModifiedDate":"2022-02-15"},{"lineNumber":28,"author":{"gitId":"Louislz-l"},"content":"","lastModifiedDate":"2022-02-15"},{"lineNumber":29,"author":{"gitId":"Louislz-l"},"content":"}","lastModifiedDate":"2022-02-09"}],"authorContributionMap":{"Louislz-l":29}},{"path":"src/main/java/Todo.java","fileType":"java","lines":[{"lineNumber":1,"author":{"gitId":"Louislz-l"},"content":"public class Todo extends Task {","lastModifiedDate":"2022-02-15"},{"lineNumber":2,"author":{"gitId":"Louislz-l"},"content":"","lastModifiedDate":"2022-02-15"},{"lineNumber":3,"author":{"gitId":"Louislz-l"},"content":"    public Todo(String description) {","lastModifiedDate":"2022-02-15"},{"lineNumber":4,"author":{"gitId":"Louislz-l"},"content":"        super(description);","lastModifiedDate":"2022-02-15"},{"lineNumber":5,"author":{"gitId":"Louislz-l"},"content":"    }","lastModifiedDate":"2022-02-15"},{"lineNumber":6,"author":{"gitId":"Louislz-l"},"content":"","lastModifiedDate":"2022-02-15"},{"lineNumber":7,"author":{"gitId":"Louislz-l"},"content":"    @Override","lastModifiedDate":"2022-02-15"},{"lineNumber":8,"author":{"gitId":"Louislz-l"},"content":"    public String toString() {","lastModifiedDate":"2022-02-15"},{"lineNumber":9,"author":{"gitId":"Louislz-l"},"content":"        return \"[T]\" + super.toString();","lastModifiedDate":"2022-02-15"},{"lineNumber":10,"author":{"gitId":"Louislz-l"},"content":"    }","lastModifiedDate":"2022-02-15"},{"lineNumber":11,"author":{"gitId":"Louislz-l"},"content":"}","lastModifiedDate":"2022-02-15"}],"authorContributionMap":{"Louislz-l":11}}]
