{"authorDailyContributionsMap":{"Louislz-l":[{"date":"2022-01-25","commitResults":[{"hash":"6a6ae96f837e32621f84805cad825470fa559ce6","messageTitle":"#Start of Project Duke","messageBody":"","fileTypesAndContributionMap":{"java":{"insertions":2,"deletions":0}}},{"hash":"af67195138170b6278605b685bf475ad82b99889","messageTitle":"#Start of Project Duke","messageBody":"","fileTypesAndContributionMap":{"java":{"insertions":2,"deletions":0}}},{"hash":"ecfc89ef0bb9b25e0c6ddd9d803cdc1c6e206157","messageTitle":"#Start of Project Duke","messageBody":"","fileTypesAndContributionMap":{"java":{"insertions":1,"deletions":0}}}]},{"date":"2022-01-26","commitResults":[{"hash":"0c04473911bc08c808dced0a80d0a5047cd0ef95","messageTitle":"#Level 1","messageBody":"","tags":["Level-1"],"fileTypesAndContributionMap":{"java":{"insertions":31,"deletions":7}}}]},{"date":"2022-02-03","commitResults":[{"hash":"4d325cfdf73df7ed59c7be73f9ac62135549533d","messageTitle":"#Level 2","messageBody":"","tags":["Level-2"],"fileTypesAndContributionMap":{"java":{"insertions":38,"deletions":13}}}]},{"date":"2022-02-09","commitResults":[{"hash":"f1571663907a160b33e418b33ec7b6480f0c0e24","messageTitle":"#Level 3","messageBody":"","tags":["Level-3"],"fileTypesAndContributionMap":{"java":{"insertions":60,"deletions":3}}}]},{"date":"2022-02-15","commitResults":[{"hash":"c7f646d08a85a886bd16124bc8b263df315c160d","messageTitle":"#Level 4","messageBody":"","tags":["Level-4"],"fileTypesAndContributionMap":{"java":{"insertions":85,"deletions":7}}}]},{"date":"2022-03-03","commitResults":[{"hash":"d6499b68e48856d26054832dd0325306b5f661c5","messageTitle":"#Level 5","messageBody":"","tags":["Level-5"],"fileTypesAndContributionMap":{"java":{"insertions":151,"deletions":76}}}]},{"date":"2022-03-11","commitResults":[{"hash":"8c3306c460488907e71080d57f09e9028091e01a","messageTitle":"#Level 6","messageBody":"","tags":["Level-6"],"fileTypesAndContributionMap":{"java":{"insertions":38,"deletions":19}}}]},{"date":"2022-03-14","commitResults":[{"hash":"874c182850a70c695e9f9c2bdb5c64dcea716d4c","messageTitle":"#Level 7","messageBody":"","tags":["Level-7"],"fileTypesAndContributionMap":{"java":{"insertions":238,"deletions":135}}}]},{"date":"2022-03-22","commitResults":[{"hash":"6883fda347833a5dbc47508f886b3eb206c74b66","messageTitle":"#Level 8","messageBody":"","tags":["Level-8"],"fileTypesAndContributionMap":{"java":{"insertions":31,"deletions":6}}},{"hash":"c55d93ff671719854b7b938d37679b117185a392","messageTitle":"A-Gradle","messageBody":"","tags":["A-Gradle"],"fileTypesAndContributionMap":{"gradle":{"insertions":46,"deletions":0},"bat":{"insertions":89,"deletions":0}}}]},{"date":"2022-03-29","commitResults":[{"hash":"57419e4abeee5e164908b215654801e73bb164b3","messageTitle":"A-JUnit + Minor enhancement to DukeClass","messageBody":"","tags":["A-JUnit"],"fileTypesAndContributionMap":{"java":{"insertions":51,"deletions":1}}}]},{"date":"2022-03-30","commitResults":[{"hash":"8ca6c8f99e49007c4fbe0207e92c405c8735774d","messageTitle":"C-Priority (Option 2)","messageBody":"","tags":["C-Priority"],"fileTypesAndContributionMap":{"java":{"insertions":65,"deletions":4}}}]},{"date":"2022-04-05","commitResults":[{"hash":"a8fa1fe4647753caac98dbdb2ad614d7659fce4f","messageTitle":"#Level 9 + Improve Code Quality","messageBody":"","fileTypesAndContributionMap":{"java":{"insertions":22,"deletions":2}}},{"hash":"12976f9bab5d85e9708951c2b83b35df3751cc40","messageTitle":"A-JavaDoc","messageBody":"","fileTypesAndContributionMap":{"java":{"insertions":43,"deletions":5}}},{"hash":"58023cfcec80ec0003f780d066f64d62bd47ebc7","messageTitle":"C-Sort (Additional Individual Feature)","messageBody":"","fileTypesAndContributionMap":{"java":{"insertions":30,"deletions":14}}}]}]},"authorFileTypeContributionMap":{"Louislz-l":{"java":597,"md":0,"fxml":0,"sh":0,"bat":89,"gradle":46,"txt":0}},"authorContributionVariance":{"Louislz-l":2800.0913},"authorDisplayNameMap":{"Louislz-l":"LOUI..I LI"}}
