{"authorDailyContributionsMap":{"Louislz-l":[{"date":"2022-01-25","commitResults":[{"hash":"6a6ae96f837e32621f84805cad825470fa559ce6","messageTitle":"#Start of Project Duke","messageBody":"","fileTypesAndContributionMap":{"java":{"insertions":2,"deletions":0}}},{"hash":"af67195138170b6278605b685bf475ad82b99889","messageTitle":"#Start of Project Duke","messageBody":"","fileTypesAndContributionMap":{"java":{"insertions":2,"deletions":0}}},{"hash":"ecfc89ef0bb9b25e0c6ddd9d803cdc1c6e206157","messageTitle":"#Start of Project Duke","messageBody":"","fileTypesAndContributionMap":{"java":{"insertions":1,"deletions":0}}}]},{"date":"2022-01-26","commitResults":[{"hash":"0c04473911bc08c808dced0a80d0a5047cd0ef95","messageTitle":"#Level 1","messageBody":"","tags":["Level-1"],"fileTypesAndContributionMap":{"java":{"insertions":31,"deletions":7}}}]},{"date":"2022-02-03","commitResults":[{"hash":"4d325cfdf73df7ed59c7be73f9ac62135549533d","messageTitle":"#Level 2","messageBody":"","tags":["Level-2"],"fileTypesAndContributionMap":{"java":{"insertions":38,"deletions":13}}}]},{"date":"2022-02-09","commitResults":[{"hash":"f1571663907a160b33e418b33ec7b6480f0c0e24","messageTitle":"#Level 3","messageBody":"","tags":["Level-3"],"fileTypesAndContributionMap":{"java":{"insertions":60,"deletions":3}}}]},{"date":"2022-02-15","commitResults":[{"hash":"c7f646d08a85a886bd16124bc8b263df315c160d","messageTitle":"#Level 4","messageBody":"","tags":["Level-4"],"fileTypesAndContributionMap":{"java":{"insertions":85,"deletions":7}}}]},{"date":"2022-03-03","commitResults":[{"hash":"d6499b68e48856d26054832dd0325306b5f661c5","messageTitle":"#Level 5","messageBody":"","tags":["Level-5"],"fileTypesAndContributionMap":{"java":{"insertions":151,"deletions":76}}}]}]},"authorFileTypeContributionMap":{"Louislz-l":{"java":265,"md":0,"fxml":0,"sh":0,"bat":0,"gradle":0,"txt":0}},"authorContributionVariance":{"Louislz-l":1202.9619},"authorDisplayNameMap":{"Louislz-l":"LOUI..I LI"}}
