[{"path":"src/main/java/Deadline.java","fileType":"java","lines":[{"lineNumber":1,"author":{"gitId":"khs818"},"content":"public class Deadline extends Task{","lastModifiedDate":"2022-02-16"},{"lineNumber":2,"author":{"gitId":"khs818"},"content":"","lastModifiedDate":"2022-02-16"},{"lineNumber":3,"author":{"gitId":"khs818"},"content":"    protected String by;","lastModifiedDate":"2022-02-16"},{"lineNumber":4,"author":{"gitId":"khs818"},"content":"","lastModifiedDate":"2022-02-16"},{"lineNumber":5,"author":{"gitId":"khs818"},"content":"    public Deadline(String description, String by){","lastModifiedDate":"2022-02-16"},{"lineNumber":6,"author":{"gitId":"khs818"},"content":"        super(description);","lastModifiedDate":"2022-02-16"},{"lineNumber":7,"author":{"gitId":"khs818"},"content":"        this.by \u003d by;","lastModifiedDate":"2022-02-16"},{"lineNumber":8,"author":{"gitId":"khs818"},"content":"    }","lastModifiedDate":"2022-02-16"},{"lineNumber":9,"author":{"gitId":"khs818"},"content":"","lastModifiedDate":"2022-02-16"},{"lineNumber":10,"author":{"gitId":"khs818"},"content":"    @Override","lastModifiedDate":"2022-02-16"},{"lineNumber":11,"author":{"gitId":"khs818"},"content":"    public String toString(){","lastModifiedDate":"2022-02-16"},{"lineNumber":12,"author":{"gitId":"khs818"},"content":"        return \"[D]\" + super.toString() + \" (by: \" + by + \")\";","lastModifiedDate":"2022-02-16"},{"lineNumber":13,"author":{"gitId":"khs818"},"content":"    }","lastModifiedDate":"2022-02-16"},{"lineNumber":14,"author":{"gitId":"khs818"},"content":"}","lastModifiedDate":"2022-02-16"}],"authorContributionMap":{"khs818":14}},{"path":"src/main/java/Duke.java","fileType":"java","lines":[{"lineNumber":1,"author":{"gitId":"khs818"},"content":"import java.util.List;","lastModifiedDate":"2022-02-06"},{"lineNumber":2,"author":{"gitId":"khs818"},"content":"import java.util.Scanner;","lastModifiedDate":"2022-02-06"},{"lineNumber":3,"author":{"gitId":"khs818"},"content":"import java.util.ArrayList;","lastModifiedDate":"2022-02-09"},{"lineNumber":4,"author":{"gitId":"khs818"},"content":"","lastModifiedDate":"2022-02-06"},{"lineNumber":5,"author":{"gitId":"-"},"content":"public class Duke {","lastModifiedDate":"2019-07-29"},{"lineNumber":6,"author":{"gitId":"-"},"content":"    public static void main(String[] args) {","lastModifiedDate":"2019-07-29"},{"lineNumber":7,"author":{"gitId":"-"},"content":"        String logo \u003d \" ____        _        \\n\"","lastModifiedDate":"2019-07-29"},{"lineNumber":8,"author":{"gitId":"-"},"content":"                + \"|  _ \\\\ _   _| | _____ \\n\"","lastModifiedDate":"2019-07-29"},{"lineNumber":9,"author":{"gitId":"-"},"content":"                + \"| | | | | | | |/ / _ \\\\\\n\"","lastModifiedDate":"2019-07-29"},{"lineNumber":10,"author":{"gitId":"-"},"content":"                + \"| |_| | |_| |   \u003c  __/\\n\"","lastModifiedDate":"2019-07-29"},{"lineNumber":11,"author":{"gitId":"-"},"content":"                + \"|____/ \\\\__,_|_|\\\\_\\\\___|\\n\";","lastModifiedDate":"2019-07-29"},{"lineNumber":12,"author":{"gitId":"-"},"content":"        System.out.println(\"Hello from\\n\" + logo);","lastModifiedDate":"2019-07-29"},{"lineNumber":13,"author":{"gitId":"khs818"},"content":"        System.out.println(\"______________________________________________\");","lastModifiedDate":"2022-02-09"},{"lineNumber":14,"author":{"gitId":"khs818"},"content":"        printWithLine(List.of(\"Hello! I\u0027m Duke\", \"What can I do for you?\"));","lastModifiedDate":"2022-02-06"},{"lineNumber":15,"author":{"gitId":"khs818"},"content":"","lastModifiedDate":"2022-02-06"},{"lineNumber":16,"author":{"gitId":"khs818"},"content":"        String line;","lastModifiedDate":"2022-02-06"},{"lineNumber":17,"author":{"gitId":"khs818"},"content":"        Scanner in \u003d new Scanner(System.in);","lastModifiedDate":"2022-02-06"},{"lineNumber":18,"author":{"gitId":"khs818"},"content":"        List\u003cTask\u003e item \u003d new ArrayList\u003c\u003e();","lastModifiedDate":"2022-02-09"},{"lineNumber":19,"author":{"gitId":"khs818"},"content":"","lastModifiedDate":"2022-02-06"},{"lineNumber":20,"author":{"gitId":"khs818"},"content":"        do {","lastModifiedDate":"2022-02-06"},{"lineNumber":21,"author":{"gitId":"khs818"},"content":"            line \u003d in.nextLine();","lastModifiedDate":"2022-02-06"},{"lineNumber":22,"author":{"gitId":"khs818"},"content":"            if(line.toLowerCase().equals(\"list\")){","lastModifiedDate":"2022-02-16"},{"lineNumber":23,"author":{"gitId":"khs818"},"content":"                printWithLine(List.of());","lastModifiedDate":"2022-02-07"},{"lineNumber":24,"author":{"gitId":"khs818"},"content":"                List\u003cString\u003e messages \u003d new ArrayList\u003c\u003e();","lastModifiedDate":"2022-02-09"},{"lineNumber":25,"author":{"gitId":"khs818"},"content":"                System.out.println(\"   Here are the tasks in your list: \");","lastModifiedDate":"2022-02-09"},{"lineNumber":26,"author":{"gitId":"khs818"},"content":"                for (int i \u003d 0; i \u003c item.size(); i++) {","lastModifiedDate":"2022-02-09"},{"lineNumber":27,"author":{"gitId":"khs818"},"content":"                    messages.add(i + 1 + \".\" + item.get(i));","lastModifiedDate":"2022-02-09"},{"lineNumber":28,"author":{"gitId":"khs818"},"content":"                }","lastModifiedDate":"2022-02-07"},{"lineNumber":29,"author":{"gitId":"khs818"},"content":"                printWithLine(messages);","lastModifiedDate":"2022-02-09"},{"lineNumber":30,"author":{"gitId":"khs818"},"content":"","lastModifiedDate":"2022-02-16"},{"lineNumber":31,"author":{"gitId":"khs818"},"content":"            } else if(line.split(\" \")[0].toLowerCase().equals(\"done\")){","lastModifiedDate":"2022-02-16"},{"lineNumber":32,"author":{"gitId":"khs818"},"content":"                printWithLine(List.of());","lastModifiedDate":"2022-02-07"},{"lineNumber":33,"author":{"gitId":"khs818"},"content":"                Task markItem \u003d item.get(Integer.parseInt(line.substring(5)) - 1);","lastModifiedDate":"2022-02-09"},{"lineNumber":34,"author":{"gitId":"khs818"},"content":"                markItem.markAsDone();","lastModifiedDate":"2022-02-09"},{"lineNumber":35,"author":{"gitId":"khs818"},"content":"                printWithLine(List.of(\"Nice! I\u0027ve marked this task as done: \", \" \" + markItem));","lastModifiedDate":"2022-02-09"},{"lineNumber":36,"author":{"gitId":"khs818"},"content":"","lastModifiedDate":"2022-02-09"},{"lineNumber":37,"author":{"gitId":"khs818"},"content":"            } else if(line.split(\" \")[0].toLowerCase().equals(\"todo\")){","lastModifiedDate":"2022-02-16"},{"lineNumber":38,"author":{"gitId":"khs818"},"content":"                printWithLine(List.of());","lastModifiedDate":"2022-02-16"},{"lineNumber":39,"author":{"gitId":"khs818"},"content":"                Task todoTask \u003d new Todo(line.replace(line.split(\" \")[0] + \" \", \"\"));","lastModifiedDate":"2022-02-16"},{"lineNumber":40,"author":{"gitId":"khs818"},"content":"                item.add(todoTask);","lastModifiedDate":"2022-02-16"},{"lineNumber":41,"author":{"gitId":"khs818"},"content":"                printWithLine((List.of(\"Got it. I\u0027ve added this task: \", todoTask.toString(), \"Now you have \" + item.size() + \" task in the list. \")));","lastModifiedDate":"2022-02-16"},{"lineNumber":42,"author":{"gitId":"khs818"},"content":"","lastModifiedDate":"2022-02-16"},{"lineNumber":43,"author":{"gitId":"khs818"},"content":"            } else if(line.split(\" \")[0].toLowerCase().equals(\"deadline\")){","lastModifiedDate":"2022-02-16"},{"lineNumber":44,"author":{"gitId":"khs818"},"content":"                printWithLine(List.of());","lastModifiedDate":"2022-02-16"},{"lineNumber":45,"author":{"gitId":"khs818"},"content":"                int position \u003d line.indexOf(\"/\");","lastModifiedDate":"2022-02-16"},{"lineNumber":46,"author":{"gitId":"khs818"},"content":"                String time \u003d line.split(\"/\")[1].replace(\"by \", \"\");","lastModifiedDate":"2022-02-16"},{"lineNumber":47,"author":{"gitId":"khs818"},"content":"                Task deadlineTask \u003d new Deadline(line.substring(9, position - 1), time);","lastModifiedDate":"2022-02-16"},{"lineNumber":48,"author":{"gitId":"khs818"},"content":"                item.add(deadlineTask);","lastModifiedDate":"2022-02-16"},{"lineNumber":49,"author":{"gitId":"khs818"},"content":"                printWithLine((List.of(\"Got it. I\u0027ve added this task: \", deadlineTask.toString(), \"Now you have \" + item.size() + \" task in the list. \")));","lastModifiedDate":"2022-02-16"},{"lineNumber":50,"author":{"gitId":"khs818"},"content":"","lastModifiedDate":"2022-02-16"},{"lineNumber":51,"author":{"gitId":"khs818"},"content":"            } else if(line.split(\" \")[0].toLowerCase().equals(\"event\")){","lastModifiedDate":"2022-02-16"},{"lineNumber":52,"author":{"gitId":"khs818"},"content":"                printWithLine(List.of());","lastModifiedDate":"2022-02-16"},{"lineNumber":53,"author":{"gitId":"khs818"},"content":"                int position \u003d line.indexOf(\"/\");","lastModifiedDate":"2022-02-16"},{"lineNumber":54,"author":{"gitId":"khs818"},"content":"                String time \u003d line.split(\"/\")[1].replace(\"at \", \"\");","lastModifiedDate":"2022-02-16"},{"lineNumber":55,"author":{"gitId":"khs818"},"content":"                Task eventTask \u003d new Event(line.substring(6, position - 1), time);","lastModifiedDate":"2022-02-16"},{"lineNumber":56,"author":{"gitId":"khs818"},"content":"                item.add(eventTask);","lastModifiedDate":"2022-02-16"},{"lineNumber":57,"author":{"gitId":"khs818"},"content":"                printWithLine((List.of(\"Got it. I\u0027ve added this task: \", eventTask.toString(), \"Now you have \" + item.size() + \" task in the list. \")));","lastModifiedDate":"2022-02-16"},{"lineNumber":58,"author":{"gitId":"khs818"},"content":"","lastModifiedDate":"2022-02-16"},{"lineNumber":59,"author":{"gitId":"khs818"},"content":"            } else if(line.toLowerCase().equals(\"bye\")) {","lastModifiedDate":"2022-02-16"},{"lineNumber":60,"author":{"gitId":"khs818"},"content":"                printWithLine(List.of());","lastModifiedDate":"2022-02-16"},{"lineNumber":61,"author":{"gitId":"khs818"},"content":"                printWithLine(List.of(\"Bye. Hope to see you again soon!\"));","lastModifiedDate":"2022-02-16"},{"lineNumber":62,"author":{"gitId":"khs818"},"content":"","lastModifiedDate":"2022-02-09"},{"lineNumber":63,"author":{"gitId":"khs818"},"content":"            } else{","lastModifiedDate":"2022-02-16"},{"lineNumber":64,"author":{"gitId":"khs818"},"content":"                Task task \u003d new Task(line);","lastModifiedDate":"2022-02-09"},{"lineNumber":65,"author":{"gitId":"khs818"},"content":"                item.add(task);","lastModifiedDate":"2022-02-09"},{"lineNumber":66,"author":{"gitId":"khs818"},"content":"                printWithLine(List.of());","lastModifiedDate":"2022-02-07"},{"lineNumber":67,"author":{"gitId":"khs818"},"content":"                printWithLine(List.of(\"added: \" + task));","lastModifiedDate":"2022-02-09"},{"lineNumber":68,"author":{"gitId":"khs818"},"content":"            }","lastModifiedDate":"2022-02-07"},{"lineNumber":69,"author":{"gitId":"khs818"},"content":"        }","lastModifiedDate":"2022-02-09"},{"lineNumber":70,"author":{"gitId":"khs818"},"content":"        while (!line.equals(\"bye\"));","lastModifiedDate":"2022-02-09"},{"lineNumber":71,"author":{"gitId":"khs818"},"content":"        printWithLine(List.of());","lastModifiedDate":"2022-02-09"},{"lineNumber":72,"author":{"gitId":"khs818"},"content":"        printWithLine(List.of(\"Bye. Hope to see you again soon!\"));","lastModifiedDate":"2022-02-06"},{"lineNumber":73,"author":{"gitId":"-"},"content":"    }","lastModifiedDate":"2019-07-29"},{"lineNumber":74,"author":{"gitId":"khs818"},"content":"","lastModifiedDate":"2022-02-06"},{"lineNumber":75,"author":{"gitId":"khs818"},"content":"            private static void printWithLine (List \u003c String \u003e messages) {","lastModifiedDate":"2022-02-06"},{"lineNumber":76,"author":{"gitId":"khs818"},"content":"                for (String message : messages) {","lastModifiedDate":"2022-02-06"},{"lineNumber":77,"author":{"gitId":"khs818"},"content":"                    System.out.println(\"   \" + message);","lastModifiedDate":"2022-02-06"},{"lineNumber":78,"author":{"gitId":"-"},"content":"                }","lastModifiedDate":"2019-07-29"},{"lineNumber":79,"author":{"gitId":"khs818"},"content":"                System.out.println(\"______________________________________________\");","lastModifiedDate":"2022-02-06"},{"lineNumber":80,"author":{"gitId":"khs818"},"content":"            }","lastModifiedDate":"2022-02-06"},{"lineNumber":81,"author":{"gitId":"khs818"},"content":"","lastModifiedDate":"2022-02-06"},{"lineNumber":82,"author":{"gitId":"khs818"},"content":"","lastModifiedDate":"2022-02-06"},{"lineNumber":83,"author":{"gitId":"khs818"},"content":"","lastModifiedDate":"2022-02-06"},{"lineNumber":84,"author":{"gitId":"khs818"},"content":"    }","lastModifiedDate":"2022-02-09"},{"lineNumber":85,"author":{"gitId":"khs818"},"content":"","lastModifiedDate":"2022-02-06"},{"lineNumber":86,"author":{"gitId":"khs818"},"content":"","lastModifiedDate":"2022-02-06"}],"authorContributionMap":{"khs818":76,"-":10}},{"path":"src/main/java/Event.java","fileType":"java","lines":[{"lineNumber":1,"author":{"gitId":"khs818"},"content":"public class Event extends Task{","lastModifiedDate":"2022-02-16"},{"lineNumber":2,"author":{"gitId":"khs818"},"content":"","lastModifiedDate":"2022-02-16"},{"lineNumber":3,"author":{"gitId":"khs818"},"content":"    private String time;","lastModifiedDate":"2022-02-16"},{"lineNumber":4,"author":{"gitId":"khs818"},"content":"","lastModifiedDate":"2022-02-16"},{"lineNumber":5,"author":{"gitId":"khs818"},"content":"    public Event(String description, String time){","lastModifiedDate":"2022-02-16"},{"lineNumber":6,"author":{"gitId":"khs818"},"content":"        super(description);","lastModifiedDate":"2022-02-16"},{"lineNumber":7,"author":{"gitId":"khs818"},"content":"        this.time \u003d time;","lastModifiedDate":"2022-02-16"},{"lineNumber":8,"author":{"gitId":"khs818"},"content":"    }","lastModifiedDate":"2022-02-16"},{"lineNumber":9,"author":{"gitId":"khs818"},"content":"","lastModifiedDate":"2022-02-16"},{"lineNumber":10,"author":{"gitId":"khs818"},"content":"    @Override","lastModifiedDate":"2022-02-16"},{"lineNumber":11,"author":{"gitId":"khs818"},"content":"    public String toString(){","lastModifiedDate":"2022-02-16"},{"lineNumber":12,"author":{"gitId":"khs818"},"content":"        return \"[E]\" + super.toString() + \" (at: \" + time + \")\";","lastModifiedDate":"2022-02-16"},{"lineNumber":13,"author":{"gitId":"khs818"},"content":"    }","lastModifiedDate":"2022-02-16"},{"lineNumber":14,"author":{"gitId":"khs818"},"content":"}","lastModifiedDate":"2022-02-16"}],"authorContributionMap":{"khs818":14}},{"path":"src/main/java/Task.java","fileType":"java","lines":[{"lineNumber":1,"author":{"gitId":"khs818"},"content":"public class Task {","lastModifiedDate":"2022-02-09"},{"lineNumber":2,"author":{"gitId":"khs818"},"content":"","lastModifiedDate":"2022-02-09"},{"lineNumber":3,"author":{"gitId":"khs818"},"content":"    protected String description;","lastModifiedDate":"2022-02-09"},{"lineNumber":4,"author":{"gitId":"khs818"},"content":"    protected boolean isDone;","lastModifiedDate":"2022-02-09"},{"lineNumber":5,"author":{"gitId":"khs818"},"content":"","lastModifiedDate":"2022-02-09"},{"lineNumber":6,"author":{"gitId":"khs818"},"content":"    public Task(String description){","lastModifiedDate":"2022-02-09"},{"lineNumber":7,"author":{"gitId":"khs818"},"content":"        this.description \u003d description;","lastModifiedDate":"2022-02-09"},{"lineNumber":8,"author":{"gitId":"khs818"},"content":"        this.isDone \u003d false;","lastModifiedDate":"2022-02-09"},{"lineNumber":9,"author":{"gitId":"khs818"},"content":"    }","lastModifiedDate":"2022-02-09"},{"lineNumber":10,"author":{"gitId":"khs818"},"content":"","lastModifiedDate":"2022-02-09"},{"lineNumber":11,"author":{"gitId":"khs818"},"content":"    public void markAsDone(){","lastModifiedDate":"2022-02-09"},{"lineNumber":12,"author":{"gitId":"khs818"},"content":"        isDone \u003d true;","lastModifiedDate":"2022-02-09"},{"lineNumber":13,"author":{"gitId":"khs818"},"content":"    }","lastModifiedDate":"2022-02-09"},{"lineNumber":14,"author":{"gitId":"khs818"},"content":"","lastModifiedDate":"2022-02-09"},{"lineNumber":15,"author":{"gitId":"khs818"},"content":"    public String getStatusIcon(){","lastModifiedDate":"2022-02-09"},{"lineNumber":16,"author":{"gitId":"khs818"},"content":"","lastModifiedDate":"2022-02-09"},{"lineNumber":17,"author":{"gitId":"khs818"},"content":"        return (isDone ? \"x\" : \" \");","lastModifiedDate":"2022-02-09"},{"lineNumber":18,"author":{"gitId":"khs818"},"content":"    }","lastModifiedDate":"2022-02-09"},{"lineNumber":19,"author":{"gitId":"khs818"},"content":"","lastModifiedDate":"2022-02-09"},{"lineNumber":20,"author":{"gitId":"khs818"},"content":"    public String toString(){","lastModifiedDate":"2022-02-09"},{"lineNumber":21,"author":{"gitId":"khs818"},"content":"        return \"[\" + getStatusIcon() + \"]\" + description;","lastModifiedDate":"2022-02-09"},{"lineNumber":22,"author":{"gitId":"khs818"},"content":"    }","lastModifiedDate":"2022-02-09"},{"lineNumber":23,"author":{"gitId":"khs818"},"content":"}","lastModifiedDate":"2022-02-09"}],"authorContributionMap":{"khs818":23}},{"path":"src/main/java/Todo.java","fileType":"java","lines":[{"lineNumber":1,"author":{"gitId":"khs818"},"content":"public class Todo extends Task{","lastModifiedDate":"2022-02-16"},{"lineNumber":2,"author":{"gitId":"khs818"},"content":"    public Todo (String description){","lastModifiedDate":"2022-02-16"},{"lineNumber":3,"author":{"gitId":"khs818"},"content":"        super(description);","lastModifiedDate":"2022-02-16"},{"lineNumber":4,"author":{"gitId":"khs818"},"content":"    }","lastModifiedDate":"2022-02-16"},{"lineNumber":5,"author":{"gitId":"khs818"},"content":"","lastModifiedDate":"2022-02-16"},{"lineNumber":6,"author":{"gitId":"khs818"},"content":"    @Override","lastModifiedDate":"2022-02-16"},{"lineNumber":7,"author":{"gitId":"khs818"},"content":"    public String toString(){","lastModifiedDate":"2022-02-16"},{"lineNumber":8,"author":{"gitId":"khs818"},"content":"        return \"[T]\" + super.toString();","lastModifiedDate":"2022-02-16"},{"lineNumber":9,"author":{"gitId":"khs818"},"content":"    }","lastModifiedDate":"2022-02-16"},{"lineNumber":10,"author":{"gitId":"khs818"},"content":"}","lastModifiedDate":"2022-02-16"}],"authorContributionMap":{"khs818":10}}]
