[{"path":"README.md","fileType":"md","lines":[{"lineNumber":1,"author":{"gitId":"khs818"},"content":"# duke.Duke project template","lastModifiedDate":"2022-03-21"},{"lineNumber":2,"author":{"gitId":"-"},"content":"","lastModifiedDate":"2020-05-25"},{"lineNumber":3,"author":{"gitId":"-"},"content":"This is a project template for a greenfield Java project. It\u0027s named after the Java mascot _Duke_. Given below are instructions on how to use it.","lastModifiedDate":"2020-05-25"},{"lineNumber":4,"author":{"gitId":"-"},"content":"","lastModifiedDate":"2020-05-25"},{"lineNumber":5,"author":{"gitId":"-"},"content":"## Setting up in Intellij","lastModifiedDate":"2020-05-25"},{"lineNumber":6,"author":{"gitId":"-"},"content":"","lastModifiedDate":"2020-05-25"},{"lineNumber":7,"author":{"gitId":"-"},"content":"Prerequisites: JDK 11, update Intellij to the most recent version.","lastModifiedDate":"2020-05-25"},{"lineNumber":8,"author":{"gitId":"-"},"content":"","lastModifiedDate":"2020-05-25"},{"lineNumber":9,"author":{"gitId":"-"},"content":"1. Open Intellij (if you are not in the welcome screen, click `File` \u003e `Close Project` to close the existing project first)","lastModifiedDate":"2021-01-17"},{"lineNumber":10,"author":{"gitId":"-"},"content":"1. Open the project into Intellij as follows:","lastModifiedDate":"2021-01-17"},{"lineNumber":11,"author":{"gitId":"-"},"content":"   1. Click `Open`.","lastModifiedDate":"2021-01-17"},{"lineNumber":12,"author":{"gitId":"-"},"content":"   1. Select the project directory, and click `OK`.","lastModifiedDate":"2021-01-17"},{"lineNumber":13,"author":{"gitId":"-"},"content":"   1. If there are any further prompts, accept the defaults.","lastModifiedDate":"2020-05-25"},{"lineNumber":14,"author":{"gitId":"-"},"content":"1. Configure the project to use **JDK 11** (not other versions) as explained in [here](https://www.jetbrains.com/help/idea/sdk.html#set-up-jdk).\u003cbr\u003e","lastModifiedDate":"2021-07-29"},{"lineNumber":15,"author":{"gitId":"-"},"content":"   In the same dialog, set the **Project language level** field to the `SDK default` option.","lastModifiedDate":"2021-07-29"},{"lineNumber":16,"author":{"gitId":"khs818"},"content":"3. After that, locate the `src/main/java/duke.Duke.java` file, right-click it, and choose `Run duke.Duke.main()` (if the code editor is showing compile errors, try restarting the IDE). If the setup is correct, you should see something like the below as the output:","lastModifiedDate":"2022-03-21"},{"lineNumber":17,"author":{"gitId":"-"},"content":"   ```","lastModifiedDate":"2020-05-25"},{"lineNumber":18,"author":{"gitId":"-"},"content":"   Hello from","lastModifiedDate":"2020-05-25"},{"lineNumber":19,"author":{"gitId":"-"},"content":"    ____        _        ","lastModifiedDate":"2020-05-25"},{"lineNumber":20,"author":{"gitId":"-"},"content":"   |  _ \\ _   _| | _____ ","lastModifiedDate":"2020-05-25"},{"lineNumber":21,"author":{"gitId":"-"},"content":"   | | | | | | | |/ / _ \\","lastModifiedDate":"2020-05-25"},{"lineNumber":22,"author":{"gitId":"-"},"content":"   | |_| | |_| |   \u003c  __/","lastModifiedDate":"2020-05-25"},{"lineNumber":23,"author":{"gitId":"-"},"content":"   |____/ \\__,_|_|\\_\\___|","lastModifiedDate":"2020-05-25"},{"lineNumber":24,"author":{"gitId":"-"},"content":"   ```","lastModifiedDate":"2020-05-25"}],"authorContributionMap":{"khs818":2,"-":22}},{"path":"data/tasks.txt","fileType":"txt","lines":[{"lineNumber":1,"author":{"gitId":"khs818"},"content":"[T][ ]borrow book","lastModifiedDate":"2022-03-21"},{"lineNumber":2,"author":{"gitId":"khs818"},"content":"[D][ ]return book (by: Sunday)","lastModifiedDate":"2022-03-21"},{"lineNumber":3,"author":{"gitId":"khs818"},"content":"[E][ ]project meeting (at: Mon 2-4pm)","lastModifiedDate":"2022-03-21"}],"authorContributionMap":{"khs818":3}},{"path":"src/main/java/duke/Duke.java","fileType":"java","lines":[{"lineNumber":1,"author":{"gitId":"khs818"},"content":"package duke;","lastModifiedDate":"2022-03-21"},{"lineNumber":2,"author":{"gitId":"khs818"},"content":"","lastModifiedDate":"2022-03-21"},{"lineNumber":3,"author":{"gitId":"khs818"},"content":"import duke.task.Deadline;","lastModifiedDate":"2022-03-21"},{"lineNumber":4,"author":{"gitId":"khs818"},"content":"import duke.task.Event;","lastModifiedDate":"2022-03-21"},{"lineNumber":5,"author":{"gitId":"khs818"},"content":"import duke.task.Task;","lastModifiedDate":"2022-03-21"},{"lineNumber":6,"author":{"gitId":"khs818"},"content":"import duke.task.Todo;","lastModifiedDate":"2022-03-21"},{"lineNumber":7,"author":{"gitId":"khs818"},"content":"import duke.task.FileTaskList;","lastModifiedDate":"2022-03-21"},{"lineNumber":8,"author":{"gitId":"khs818"},"content":"","lastModifiedDate":"2022-03-21"},{"lineNumber":9,"author":{"gitId":"khs818"},"content":"import java.util.List;","lastModifiedDate":"2022-02-06"},{"lineNumber":10,"author":{"gitId":"khs818"},"content":"import java.util.Scanner;","lastModifiedDate":"2022-02-06"},{"lineNumber":11,"author":{"gitId":"khs818"},"content":"import java.util.ArrayList;","lastModifiedDate":"2022-02-09"},{"lineNumber":12,"author":{"gitId":"khs818"},"content":"","lastModifiedDate":"2022-02-06"},{"lineNumber":13,"author":{"gitId":"khs818"},"content":"import java.io.File;","lastModifiedDate":"2022-03-21"},{"lineNumber":14,"author":{"gitId":"khs818"},"content":"import java.io.FileNotFoundException;","lastModifiedDate":"2022-03-21"},{"lineNumber":15,"author":{"gitId":"khs818"},"content":"import java.io.IOException;","lastModifiedDate":"2022-03-21"},{"lineNumber":16,"author":{"gitId":"khs818"},"content":"import java.io.FileWriter;","lastModifiedDate":"2022-03-21"},{"lineNumber":17,"author":{"gitId":"khs818"},"content":"","lastModifiedDate":"2022-03-15"},{"lineNumber":18,"author":{"gitId":"khs818"},"content":"","lastModifiedDate":"2022-03-15"},{"lineNumber":19,"author":{"gitId":"khs818"},"content":"","lastModifiedDate":"2022-03-15"},{"lineNumber":20,"author":{"gitId":"-"},"content":"public class Duke {","lastModifiedDate":"2019-07-29"},{"lineNumber":21,"author":{"gitId":"khs818"},"content":"","lastModifiedDate":"2022-03-02"},{"lineNumber":22,"author":{"gitId":"khs818"},"content":"    static void checkLineEmpty(String line)throws DukeCheckLineEmptyException {","lastModifiedDate":"2022-03-02"},{"lineNumber":23,"author":{"gitId":"khs818"},"content":"        if (line.equals(\"\")){","lastModifiedDate":"2022-03-02"},{"lineNumber":24,"author":{"gitId":"khs818"},"content":"            throw new DukeCheckLineEmptyException();","lastModifiedDate":"2022-03-02"},{"lineNumber":25,"author":{"gitId":"khs818"},"content":"        }","lastModifiedDate":"2022-03-02"},{"lineNumber":26,"author":{"gitId":"khs818"},"content":"    }","lastModifiedDate":"2022-03-02"},{"lineNumber":27,"author":{"gitId":"khs818"},"content":"","lastModifiedDate":"2022-03-02"},{"lineNumber":28,"author":{"gitId":"khs818"},"content":"    static void checkWord(String line)throws DukeCheckLineException {","lastModifiedDate":"2022-03-02"},{"lineNumber":29,"author":{"gitId":"khs818"},"content":"        String keyword \u003d line.split(\" \")[0].toLowerCase();","lastModifiedDate":"2022-03-02"},{"lineNumber":30,"author":{"gitId":"khs818"},"content":"","lastModifiedDate":"2022-03-02"},{"lineNumber":31,"author":{"gitId":"khs818"},"content":"        if (!keyword.equals(\"list\") \u0026\u0026 !keyword.equals(\"bye\")","lastModifiedDate":"2022-03-02"},{"lineNumber":32,"author":{"gitId":"khs818"},"content":"                \u0026\u0026 !keyword.equals(\"todo\") \u0026\u0026 !keyword.equals(\"done\")","lastModifiedDate":"2022-03-02"},{"lineNumber":33,"author":{"gitId":"khs818"},"content":"                \u0026\u0026 !keyword.equals(\"event\") \u0026\u0026 !keyword.equals(\"deadline\")","lastModifiedDate":"2022-03-15"},{"lineNumber":34,"author":{"gitId":"khs818"},"content":"                \u0026\u0026 !keyword.equals(\"delete\")){","lastModifiedDate":"2022-03-15"},{"lineNumber":35,"author":{"gitId":"khs818"},"content":"            throw new DukeCheckLineException();","lastModifiedDate":"2022-03-02"},{"lineNumber":36,"author":{"gitId":"khs818"},"content":"        }","lastModifiedDate":"2022-03-02"},{"lineNumber":37,"author":{"gitId":"khs818"},"content":"    }","lastModifiedDate":"2022-03-02"},{"lineNumber":38,"author":{"gitId":"khs818"},"content":"","lastModifiedDate":"2022-03-02"},{"lineNumber":39,"author":{"gitId":"khs818"},"content":"    static void checkDescription(String line)throws DukeException {","lastModifiedDate":"2022-03-02"},{"lineNumber":40,"author":{"gitId":"khs818"},"content":"        String keyword \u003d line.split(\" \")[0].toLowerCase();","lastModifiedDate":"2022-03-02"},{"lineNumber":41,"author":{"gitId":"khs818"},"content":"","lastModifiedDate":"2022-03-02"},{"lineNumber":42,"author":{"gitId":"khs818"},"content":"        if (keyword.equals(\"todo\") \u0026\u0026 line.split(\" \").length \u003d\u003d 1) {","lastModifiedDate":"2022-03-02"},{"lineNumber":43,"author":{"gitId":"khs818"},"content":"            throw new DukeException();","lastModifiedDate":"2022-03-02"},{"lineNumber":44,"author":{"gitId":"khs818"},"content":"        }","lastModifiedDate":"2022-03-02"},{"lineNumber":45,"author":{"gitId":"khs818"},"content":"","lastModifiedDate":"2022-03-02"},{"lineNumber":46,"author":{"gitId":"khs818"},"content":"        if (keyword.equals(\"event\") \u0026\u0026 line.split(\" \").length \u003d\u003d 1) {","lastModifiedDate":"2022-03-02"},{"lineNumber":47,"author":{"gitId":"khs818"},"content":"            throw new DukeException();","lastModifiedDate":"2022-03-02"},{"lineNumber":48,"author":{"gitId":"khs818"},"content":"        }","lastModifiedDate":"2022-03-02"},{"lineNumber":49,"author":{"gitId":"khs818"},"content":"","lastModifiedDate":"2022-03-02"},{"lineNumber":50,"author":{"gitId":"khs818"},"content":"        if (keyword.equals(\"deadline\") \u0026\u0026 line.split(\" \").length \u003d\u003d 1) {","lastModifiedDate":"2022-03-02"},{"lineNumber":51,"author":{"gitId":"khs818"},"content":"            throw new DukeException();","lastModifiedDate":"2022-03-02"},{"lineNumber":52,"author":{"gitId":"khs818"},"content":"        }","lastModifiedDate":"2022-03-02"},{"lineNumber":53,"author":{"gitId":"khs818"},"content":"","lastModifiedDate":"2022-03-02"},{"lineNumber":54,"author":{"gitId":"khs818"},"content":"        if (keyword.equals(\"done\") \u0026\u0026 line.split(\" \").length \u003d\u003d 1){","lastModifiedDate":"2022-03-02"},{"lineNumber":55,"author":{"gitId":"khs818"},"content":"            throw new DukeException();","lastModifiedDate":"2022-03-02"},{"lineNumber":56,"author":{"gitId":"khs818"},"content":"        }","lastModifiedDate":"2022-03-02"},{"lineNumber":57,"author":{"gitId":"khs818"},"content":"","lastModifiedDate":"2022-03-15"},{"lineNumber":58,"author":{"gitId":"khs818"},"content":"        if (keyword.equals(\"delete\") \u0026\u0026 line.split(\" \").length \u003d\u003d 1){","lastModifiedDate":"2022-03-15"},{"lineNumber":59,"author":{"gitId":"khs818"},"content":"            throw new DukeException();","lastModifiedDate":"2022-03-15"},{"lineNumber":60,"author":{"gitId":"khs818"},"content":"        }","lastModifiedDate":"2022-03-15"},{"lineNumber":61,"author":{"gitId":"khs818"},"content":"    }","lastModifiedDate":"2022-03-02"},{"lineNumber":62,"author":{"gitId":"khs818"},"content":"","lastModifiedDate":"2022-03-02"},{"lineNumber":63,"author":{"gitId":"khs818"},"content":"    public static void main(String[] args) throws IOException {","lastModifiedDate":"2022-03-21"},{"lineNumber":64,"author":{"gitId":"-"},"content":"        String logo \u003d \" ____        _        \\n\"","lastModifiedDate":"2019-07-29"},{"lineNumber":65,"author":{"gitId":"-"},"content":"                + \"|  _ \\\\ _   _| | _____ \\n\"","lastModifiedDate":"2019-07-29"},{"lineNumber":66,"author":{"gitId":"-"},"content":"                + \"| | | | | | | |/ / _ \\\\\\n\"","lastModifiedDate":"2019-07-29"},{"lineNumber":67,"author":{"gitId":"-"},"content":"                + \"| |_| | |_| |   \u003c  __/\\n\"","lastModifiedDate":"2019-07-29"},{"lineNumber":68,"author":{"gitId":"-"},"content":"                + \"|____/ \\\\__,_|_|\\\\_\\\\___|\\n\";","lastModifiedDate":"2019-07-29"},{"lineNumber":69,"author":{"gitId":"khs818"},"content":"","lastModifiedDate":"2022-03-21"},{"lineNumber":70,"author":{"gitId":"khs818"},"content":"        printWithLine(List.of(\"Hello from\\n\" + logo));","lastModifiedDate":"2022-03-21"},{"lineNumber":71,"author":{"gitId":"khs818"},"content":"        printWithLine(List.of(\"Hello! I\u0027m Duke\", \"What can I do for you?\"));","lastModifiedDate":"2022-02-06"},{"lineNumber":72,"author":{"gitId":"khs818"},"content":"","lastModifiedDate":"2022-02-06"},{"lineNumber":73,"author":{"gitId":"khs818"},"content":"        String line;","lastModifiedDate":"2022-02-06"},{"lineNumber":74,"author":{"gitId":"khs818"},"content":"        Scanner in \u003d new Scanner(System.in);","lastModifiedDate":"2022-02-06"},{"lineNumber":75,"author":{"gitId":"khs818"},"content":"        List\u003cTask\u003e items \u003d new ArrayList\u003cTask\u003e();","lastModifiedDate":"2022-03-21"},{"lineNumber":76,"author":{"gitId":"khs818"},"content":"","lastModifiedDate":"2022-03-21"},{"lineNumber":77,"author":{"gitId":"khs818"},"content":"        try {","lastModifiedDate":"2022-03-21"},{"lineNumber":78,"author":{"gitId":"khs818"},"content":"            String fileList;","lastModifiedDate":"2022-03-21"},{"lineNumber":79,"author":{"gitId":"khs818"},"content":"            File f \u003d new File(\"data/tasks.txt\");","lastModifiedDate":"2022-03-21"},{"lineNumber":80,"author":{"gitId":"khs818"},"content":"            Scanner s \u003d new Scanner(f);","lastModifiedDate":"2022-03-21"},{"lineNumber":81,"author":{"gitId":"khs818"},"content":"","lastModifiedDate":"2022-03-21"},{"lineNumber":82,"author":{"gitId":"khs818"},"content":"            while (s.hasNext()) {","lastModifiedDate":"2022-03-21"},{"lineNumber":83,"author":{"gitId":"khs818"},"content":"                fileList \u003d s.nextLine();","lastModifiedDate":"2022-03-21"},{"lineNumber":84,"author":{"gitId":"khs818"},"content":"                Task fileListTask \u003d new FileTaskList(fileList);","lastModifiedDate":"2022-03-21"},{"lineNumber":85,"author":{"gitId":"khs818"},"content":"                items.add(fileListTask);","lastModifiedDate":"2022-03-21"},{"lineNumber":86,"author":{"gitId":"khs818"},"content":"            }","lastModifiedDate":"2022-03-21"},{"lineNumber":87,"author":{"gitId":"khs818"},"content":"        }catch(FileNotFoundException e){","lastModifiedDate":"2022-03-21"},{"lineNumber":88,"author":{"gitId":"khs818"},"content":"            System.out.println(\"File not found, please add new tasks.\");","lastModifiedDate":"2022-03-21"},{"lineNumber":89,"author":{"gitId":"khs818"},"content":"        }","lastModifiedDate":"2022-03-21"},{"lineNumber":90,"author":{"gitId":"khs818"},"content":"","lastModifiedDate":"2022-02-06"},{"lineNumber":91,"author":{"gitId":"khs818"},"content":"        do {","lastModifiedDate":"2022-02-06"},{"lineNumber":92,"author":{"gitId":"khs818"},"content":"            line \u003d in.nextLine();","lastModifiedDate":"2022-02-06"},{"lineNumber":93,"author":{"gitId":"khs818"},"content":"            String keyword \u003d line.split(\" \")[0].toLowerCase();","lastModifiedDate":"2022-03-02"},{"lineNumber":94,"author":{"gitId":"khs818"},"content":"            try {","lastModifiedDate":"2022-03-02"},{"lineNumber":95,"author":{"gitId":"khs818"},"content":"                checkLineEmpty(line);","lastModifiedDate":"2022-03-02"},{"lineNumber":96,"author":{"gitId":"khs818"},"content":"                checkWord(line);","lastModifiedDate":"2022-03-02"},{"lineNumber":97,"author":{"gitId":"khs818"},"content":"                checkDescription(line);","lastModifiedDate":"2022-03-02"},{"lineNumber":98,"author":{"gitId":"khs818"},"content":"","lastModifiedDate":"2022-03-02"},{"lineNumber":99,"author":{"gitId":"khs818"},"content":"                if (line.toLowerCase().equals(\"list\")) {","lastModifiedDate":"2022-02-16"},{"lineNumber":100,"author":{"gitId":"khs818"},"content":"                    printWithLine(List.of());","lastModifiedDate":"2022-02-07"},{"lineNumber":101,"author":{"gitId":"khs818"},"content":"                    List\u003cString\u003e messages \u003d new ArrayList\u003c\u003e();","lastModifiedDate":"2022-02-09"},{"lineNumber":102,"author":{"gitId":"khs818"},"content":"                    System.out.println(\"   Here are the tasks in your list: \");","lastModifiedDate":"2022-02-09"},{"lineNumber":103,"author":{"gitId":"khs818"},"content":"                    for (int i \u003d 0; i \u003c items.size(); i++) {","lastModifiedDate":"2022-03-15"},{"lineNumber":104,"author":{"gitId":"khs818"},"content":"                        messages.add(i + 1 + \".\" + items.get(i));","lastModifiedDate":"2022-03-15"},{"lineNumber":105,"author":{"gitId":"khs818"},"content":"                    }","lastModifiedDate":"2022-02-07"},{"lineNumber":106,"author":{"gitId":"khs818"},"content":"                    printWithLine(messages);","lastModifiedDate":"2022-02-09"},{"lineNumber":107,"author":{"gitId":"khs818"},"content":"","lastModifiedDate":"2022-02-16"},{"lineNumber":108,"author":{"gitId":"khs818"},"content":"","lastModifiedDate":"2022-03-15"},{"lineNumber":109,"author":{"gitId":"khs818"},"content":"                } else if (line.split(\" \")[0].toLowerCase().equals(\"done\")) {","lastModifiedDate":"2022-02-16"},{"lineNumber":110,"author":{"gitId":"khs818"},"content":"                    printWithLine(List.of());","lastModifiedDate":"2022-02-07"},{"lineNumber":111,"author":{"gitId":"khs818"},"content":"                    try {","lastModifiedDate":"2022-03-15"},{"lineNumber":112,"author":{"gitId":"khs818"},"content":"                        Task markItem \u003d items.get(Integer.parseInt(line.substring(5)) - 1);","lastModifiedDate":"2022-03-15"},{"lineNumber":113,"author":{"gitId":"khs818"},"content":"                        markItem.markAsDone();","lastModifiedDate":"2022-02-09"},{"lineNumber":114,"author":{"gitId":"khs818"},"content":"                        printWithLine(List.of(\"Nice! I\u0027ve marked this task as done: \", \" \" + markItem));","lastModifiedDate":"2022-02-09"},{"lineNumber":115,"author":{"gitId":"khs818"},"content":"                    } catch (NumberFormatException e) {","lastModifiedDate":"2022-03-15"},{"lineNumber":116,"author":{"gitId":"khs818"},"content":"                        printWithLine((List.of(\"☹ OOPS!!! This is not a number: \" + line.split(\" \")[1])));","lastModifiedDate":"2022-03-15"},{"lineNumber":117,"author":{"gitId":"khs818"},"content":"                    } catch (IndexOutOfBoundsException e) {","lastModifiedDate":"2022-03-15"},{"lineNumber":118,"author":{"gitId":"khs818"},"content":"                        printWithLine((List.of(\"☹ OOPS!!! The index out of bound: \" + line.split(\" \")[1])));","lastModifiedDate":"2022-03-15"},{"lineNumber":119,"author":{"gitId":"khs818"},"content":"                    }","lastModifiedDate":"2022-03-15"},{"lineNumber":120,"author":{"gitId":"khs818"},"content":"","lastModifiedDate":"2022-02-09"},{"lineNumber":121,"author":{"gitId":"khs818"},"content":"                } else if (line.split(\" \")[0].equalsIgnoreCase(\"delete\")) {","lastModifiedDate":"2022-03-15"},{"lineNumber":122,"author":{"gitId":"khs818"},"content":"                    printWithLine(List.of());","lastModifiedDate":"2022-03-15"},{"lineNumber":123,"author":{"gitId":"khs818"},"content":"                    try {","lastModifiedDate":"2022-03-15"},{"lineNumber":124,"author":{"gitId":"khs818"},"content":"                        Task deleteItem \u003d items.get((Integer.parseInt(line.split(\" \")[1]) - 1));","lastModifiedDate":"2022-03-15"},{"lineNumber":125,"author":{"gitId":"khs818"},"content":"                        items.remove(deleteItem);","lastModifiedDate":"2022-03-15"},{"lineNumber":126,"author":{"gitId":"khs818"},"content":"                        printWithLine((List.of(\"Noted. I\u0027ve removed this task: \", \" \" + deleteItem, \"Now you have \" + items.size() + \" task in the list. \")));","lastModifiedDate":"2022-03-15"},{"lineNumber":127,"author":{"gitId":"khs818"},"content":"                    } catch (NumberFormatException e) {","lastModifiedDate":"2022-03-15"},{"lineNumber":128,"author":{"gitId":"khs818"},"content":"                        printWithLine((List.of(\"☹ OOPS!!! This is not a number: \" + line.split(\" \")[1])));","lastModifiedDate":"2022-03-15"},{"lineNumber":129,"author":{"gitId":"khs818"},"content":"                    } catch (IndexOutOfBoundsException e) {","lastModifiedDate":"2022-03-15"},{"lineNumber":130,"author":{"gitId":"khs818"},"content":"                        printWithLine((List.of(\"☹ OOPS!!! The index out of bound: \" + line.split(\" \")[1])));","lastModifiedDate":"2022-03-15"},{"lineNumber":131,"author":{"gitId":"khs818"},"content":"                    }","lastModifiedDate":"2022-03-15"},{"lineNumber":132,"author":{"gitId":"khs818"},"content":"","lastModifiedDate":"2022-03-02"},{"lineNumber":133,"author":{"gitId":"khs818"},"content":"                } else if (line.split(\" \")[0].toLowerCase().equals(\"todo\")) {","lastModifiedDate":"2022-02-16"},{"lineNumber":134,"author":{"gitId":"khs818"},"content":"                    printWithLine(List.of());","lastModifiedDate":"2022-02-16"},{"lineNumber":135,"author":{"gitId":"khs818"},"content":"                    Task todoTask \u003d new Todo(line.replace(line.split(\" \")[0] + \" \", \"\"));","lastModifiedDate":"2022-02-16"},{"lineNumber":136,"author":{"gitId":"khs818"},"content":"                    items.add(todoTask);","lastModifiedDate":"2022-03-15"},{"lineNumber":137,"author":{"gitId":"khs818"},"content":"                    printWithLine((List.of(\"Got it. I\u0027ve added this task: \", todoTask.toString(), \"Now you have \" + items.size() + \" task in the list. \")));","lastModifiedDate":"2022-03-15"},{"lineNumber":138,"author":{"gitId":"khs818"},"content":"","lastModifiedDate":"2022-02-16"},{"lineNumber":139,"author":{"gitId":"khs818"},"content":"                } else if (line.split(\" \")[0].toLowerCase().equals(\"deadline\")) {","lastModifiedDate":"2022-02-16"},{"lineNumber":140,"author":{"gitId":"khs818"},"content":"                    printWithLine(List.of());","lastModifiedDate":"2022-02-16"},{"lineNumber":141,"author":{"gitId":"khs818"},"content":"                    int position \u003d line.indexOf(\"/\");","lastModifiedDate":"2022-02-16"},{"lineNumber":142,"author":{"gitId":"khs818"},"content":"                    String time \u003d line.split(\"/\")[1].replace(\"by \", \"\");","lastModifiedDate":"2022-02-16"},{"lineNumber":143,"author":{"gitId":"khs818"},"content":"                    Task deadlineTask \u003d new Deadline(line.substring(9, position - 1), time);","lastModifiedDate":"2022-02-16"},{"lineNumber":144,"author":{"gitId":"khs818"},"content":"                    items.add(deadlineTask);","lastModifiedDate":"2022-03-15"},{"lineNumber":145,"author":{"gitId":"khs818"},"content":"                    printWithLine((List.of(\"Got it. I\u0027ve added this task: \", deadlineTask.toString(), \"Now you have \" + items.size() + \" task in the list. \")));","lastModifiedDate":"2022-03-15"},{"lineNumber":146,"author":{"gitId":"khs818"},"content":"","lastModifiedDate":"2022-02-16"},{"lineNumber":147,"author":{"gitId":"khs818"},"content":"                } else if (line.split(\" \")[0].toLowerCase().equals(\"event\")) {","lastModifiedDate":"2022-02-16"},{"lineNumber":148,"author":{"gitId":"khs818"},"content":"                    printWithLine(List.of());","lastModifiedDate":"2022-02-16"},{"lineNumber":149,"author":{"gitId":"khs818"},"content":"                    int position \u003d line.indexOf(\"/\");","lastModifiedDate":"2022-02-16"},{"lineNumber":150,"author":{"gitId":"khs818"},"content":"                    String time \u003d line.split(\"/\")[1].replace(\"at \", \"\");","lastModifiedDate":"2022-02-16"},{"lineNumber":151,"author":{"gitId":"khs818"},"content":"                    Task eventTask \u003d new Event(line.substring(6, position - 1), time);","lastModifiedDate":"2022-02-16"},{"lineNumber":152,"author":{"gitId":"khs818"},"content":"                    items.add(eventTask);","lastModifiedDate":"2022-03-15"},{"lineNumber":153,"author":{"gitId":"khs818"},"content":"                    printWithLine((List.of(\"Got it. I\u0027ve added this task: \", eventTask.toString(), \"Now you have \" + items.size() + \" task in the list. \")));","lastModifiedDate":"2022-03-15"},{"lineNumber":154,"author":{"gitId":"khs818"},"content":"","lastModifiedDate":"2022-02-16"},{"lineNumber":155,"author":{"gitId":"khs818"},"content":"                } else if (line.toLowerCase().equals(\"bye\")) {","lastModifiedDate":"2022-02-16"},{"lineNumber":156,"author":{"gitId":"khs818"},"content":"                    printWithLine(List.of());","lastModifiedDate":"2022-02-16"},{"lineNumber":157,"author":{"gitId":"khs818"},"content":"                    printWithLine(List.of(\"Bye. Hope to see you again soon!\"));","lastModifiedDate":"2022-02-16"},{"lineNumber":158,"author":{"gitId":"khs818"},"content":"","lastModifiedDate":"2022-02-09"},{"lineNumber":159,"author":{"gitId":"khs818"},"content":"                }","lastModifiedDate":"2022-02-07"},{"lineNumber":160,"author":{"gitId":"khs818"},"content":"            }","lastModifiedDate":"2022-03-15"},{"lineNumber":161,"author":{"gitId":"khs818"},"content":"            catch (DukeCheckLineException e) {","lastModifiedDate":"2022-03-15"},{"lineNumber":162,"author":{"gitId":"khs818"},"content":"                printWithLine(List.of());","lastModifiedDate":"2022-02-09"},{"lineNumber":163,"author":{"gitId":"khs818"},"content":"                printWithLine(List.of(\"   ☹ OOPS!!! I\u0027m sorry, but I don\u0027t know what that means :-(\"));","lastModifiedDate":"2022-03-02"},{"lineNumber":164,"author":{"gitId":"khs818"},"content":"            }","lastModifiedDate":"2022-03-15"},{"lineNumber":165,"author":{"gitId":"khs818"},"content":"            catch (DukeCheckLineEmptyException e) {","lastModifiedDate":"2022-03-15"},{"lineNumber":166,"author":{"gitId":"khs818"},"content":"                printWithLine(List.of());","lastModifiedDate":"2022-03-02"},{"lineNumber":167,"author":{"gitId":"khs818"},"content":"                printWithLine(List.of(\"   ☹ OOPS!!! Please enter somethings.\"));","lastModifiedDate":"2022-03-02"},{"lineNumber":168,"author":{"gitId":"khs818"},"content":"            }","lastModifiedDate":"2022-03-15"},{"lineNumber":169,"author":{"gitId":"khs818"},"content":"            catch (DukeException e) {","lastModifiedDate":"2022-03-15"},{"lineNumber":170,"author":{"gitId":"khs818"},"content":"                printWithLine(List.of());","lastModifiedDate":"2022-03-02"},{"lineNumber":171,"author":{"gitId":"khs818"},"content":"                printWithLine((List.of(\"    ☹ OOPS!!! The description of a \" + keyword + \" cannot be empty.\")));","lastModifiedDate":"2022-03-02"},{"lineNumber":172,"author":{"gitId":"khs818"},"content":"            }","lastModifiedDate":"2022-03-02"},{"lineNumber":173,"author":{"gitId":"khs818"},"content":"","lastModifiedDate":"2022-03-02"},{"lineNumber":174,"author":{"gitId":"khs818"},"content":"        }while (!line.equals(\"bye\"));","lastModifiedDate":"2022-03-02"},{"lineNumber":175,"author":{"gitId":"khs818"},"content":"","lastModifiedDate":"2022-03-21"},{"lineNumber":176,"author":{"gitId":"khs818"},"content":"        FileWriter writer \u003d new FileWriter(\"data/tasks.txt\");","lastModifiedDate":"2022-03-21"},{"lineNumber":177,"author":{"gitId":"khs818"},"content":"        for(Task taskList: items){","lastModifiedDate":"2022-03-21"},{"lineNumber":178,"author":{"gitId":"khs818"},"content":"            writer.write(taskList + System.lineSeparator());","lastModifiedDate":"2022-03-21"},{"lineNumber":179,"author":{"gitId":"khs818"},"content":"        }","lastModifiedDate":"2022-03-21"},{"lineNumber":180,"author":{"gitId":"khs818"},"content":"        writer.close();","lastModifiedDate":"2022-03-21"},{"lineNumber":181,"author":{"gitId":"-"},"content":"    }","lastModifiedDate":"2019-07-29"},{"lineNumber":182,"author":{"gitId":"khs818"},"content":"","lastModifiedDate":"2022-02-06"},{"lineNumber":183,"author":{"gitId":"khs818"},"content":"            private static void printWithLine (List \u003c String \u003e messages) {","lastModifiedDate":"2022-02-06"},{"lineNumber":184,"author":{"gitId":"khs818"},"content":"                for (String message : messages) {","lastModifiedDate":"2022-02-06"},{"lineNumber":185,"author":{"gitId":"khs818"},"content":"                    System.out.println(\"   \" + message);","lastModifiedDate":"2022-02-06"},{"lineNumber":186,"author":{"gitId":"-"},"content":"                }","lastModifiedDate":"2019-07-29"},{"lineNumber":187,"author":{"gitId":"khs818"},"content":"                System.out.println(\"______________________________________________\");","lastModifiedDate":"2022-02-06"},{"lineNumber":188,"author":{"gitId":"khs818"},"content":"            }","lastModifiedDate":"2022-02-06"},{"lineNumber":189,"author":{"gitId":"khs818"},"content":"","lastModifiedDate":"2022-02-06"},{"lineNumber":190,"author":{"gitId":"khs818"},"content":"    }","lastModifiedDate":"2022-02-09"},{"lineNumber":191,"author":{"gitId":"khs818"},"content":"","lastModifiedDate":"2022-02-06"},{"lineNumber":192,"author":{"gitId":"khs818"},"content":"","lastModifiedDate":"2022-02-06"}],"authorContributionMap":{"khs818":184,"-":8}},{"path":"src/main/java/duke/DukeCheckLineEmptyException.java","fileType":"java","lines":[{"lineNumber":1,"author":{"gitId":"khs818"},"content":"package duke;","lastModifiedDate":"2022-03-21"},{"lineNumber":2,"author":{"gitId":"khs818"},"content":"","lastModifiedDate":"2022-03-21"},{"lineNumber":3,"author":{"gitId":"khs818"},"content":"public class DukeCheckLineEmptyException extends Exception {","lastModifiedDate":"2022-03-02"},{"lineNumber":4,"author":{"gitId":"khs818"},"content":"}","lastModifiedDate":"2022-03-02"}],"authorContributionMap":{"khs818":4}},{"path":"src/main/java/duke/DukeCheckLineException.java","fileType":"java","lines":[{"lineNumber":1,"author":{"gitId":"khs818"},"content":"package duke;","lastModifiedDate":"2022-03-21"},{"lineNumber":2,"author":{"gitId":"khs818"},"content":"","lastModifiedDate":"2022-03-21"},{"lineNumber":3,"author":{"gitId":"khs818"},"content":"public class DukeCheckLineException extends Exception{","lastModifiedDate":"2022-03-02"},{"lineNumber":4,"author":{"gitId":"khs818"},"content":"}","lastModifiedDate":"2022-03-02"}],"authorContributionMap":{"khs818":4}},{"path":"src/main/java/duke/DukeException.java","fileType":"java","lines":[{"lineNumber":1,"author":{"gitId":"khs818"},"content":"package duke;","lastModifiedDate":"2022-03-21"},{"lineNumber":2,"author":{"gitId":"khs818"},"content":"","lastModifiedDate":"2022-03-21"},{"lineNumber":3,"author":{"gitId":"khs818"},"content":"public class DukeException extends Exception{","lastModifiedDate":"2022-03-02"},{"lineNumber":4,"author":{"gitId":"khs818"},"content":"}","lastModifiedDate":"2022-03-02"}],"authorContributionMap":{"khs818":4}},{"path":"src/main/java/duke/task/Deadline.java","fileType":"java","lines":[{"lineNumber":1,"author":{"gitId":"khs818"},"content":"package duke.task;","lastModifiedDate":"2022-03-21"},{"lineNumber":2,"author":{"gitId":"khs818"},"content":"","lastModifiedDate":"2022-03-21"},{"lineNumber":3,"author":{"gitId":"khs818"},"content":"import duke.task.Task;","lastModifiedDate":"2022-03-21"},{"lineNumber":4,"author":{"gitId":"khs818"},"content":"","lastModifiedDate":"2022-03-21"},{"lineNumber":5,"author":{"gitId":"khs818"},"content":"public class Deadline extends Task {","lastModifiedDate":"2022-02-16"},{"lineNumber":6,"author":{"gitId":"khs818"},"content":"","lastModifiedDate":"2022-02-16"},{"lineNumber":7,"author":{"gitId":"khs818"},"content":"    protected String by;","lastModifiedDate":"2022-02-16"},{"lineNumber":8,"author":{"gitId":"khs818"},"content":"","lastModifiedDate":"2022-02-16"},{"lineNumber":9,"author":{"gitId":"khs818"},"content":"    public Deadline(String description, String by){","lastModifiedDate":"2022-02-16"},{"lineNumber":10,"author":{"gitId":"khs818"},"content":"        super(description);","lastModifiedDate":"2022-02-16"},{"lineNumber":11,"author":{"gitId":"khs818"},"content":"        this.by \u003d by;","lastModifiedDate":"2022-02-16"},{"lineNumber":12,"author":{"gitId":"khs818"},"content":"    }","lastModifiedDate":"2022-02-16"},{"lineNumber":13,"author":{"gitId":"khs818"},"content":"","lastModifiedDate":"2022-02-16"},{"lineNumber":14,"author":{"gitId":"khs818"},"content":"    @Override","lastModifiedDate":"2022-02-16"},{"lineNumber":15,"author":{"gitId":"khs818"},"content":"    public String toString(){","lastModifiedDate":"2022-02-16"},{"lineNumber":16,"author":{"gitId":"khs818"},"content":"        return \"[D]\" + super.toString() + \" (by: \" + by + \")\";","lastModifiedDate":"2022-02-16"},{"lineNumber":17,"author":{"gitId":"khs818"},"content":"    }","lastModifiedDate":"2022-02-16"},{"lineNumber":18,"author":{"gitId":"khs818"},"content":"}","lastModifiedDate":"2022-02-16"}],"authorContributionMap":{"khs818":18}},{"path":"src/main/java/duke/task/Event.java","fileType":"java","lines":[{"lineNumber":1,"author":{"gitId":"khs818"},"content":"package duke.task;","lastModifiedDate":"2022-03-21"},{"lineNumber":2,"author":{"gitId":"khs818"},"content":"","lastModifiedDate":"2022-03-21"},{"lineNumber":3,"author":{"gitId":"khs818"},"content":"public class Event extends Task{","lastModifiedDate":"2022-02-16"},{"lineNumber":4,"author":{"gitId":"khs818"},"content":"","lastModifiedDate":"2022-02-16"},{"lineNumber":5,"author":{"gitId":"khs818"},"content":"    private String time;","lastModifiedDate":"2022-02-16"},{"lineNumber":6,"author":{"gitId":"khs818"},"content":"","lastModifiedDate":"2022-02-16"},{"lineNumber":7,"author":{"gitId":"khs818"},"content":"    public Event(String description, String time){","lastModifiedDate":"2022-02-16"},{"lineNumber":8,"author":{"gitId":"khs818"},"content":"        super(description);","lastModifiedDate":"2022-02-16"},{"lineNumber":9,"author":{"gitId":"khs818"},"content":"        this.time \u003d time;","lastModifiedDate":"2022-02-16"},{"lineNumber":10,"author":{"gitId":"khs818"},"content":"    }","lastModifiedDate":"2022-02-16"},{"lineNumber":11,"author":{"gitId":"khs818"},"content":"","lastModifiedDate":"2022-02-16"},{"lineNumber":12,"author":{"gitId":"khs818"},"content":"    @Override","lastModifiedDate":"2022-02-16"},{"lineNumber":13,"author":{"gitId":"khs818"},"content":"    public String toString(){","lastModifiedDate":"2022-02-16"},{"lineNumber":14,"author":{"gitId":"khs818"},"content":"        return \"[E]\" + super.toString() + \" (at: \" + time + \")\";","lastModifiedDate":"2022-02-16"},{"lineNumber":15,"author":{"gitId":"khs818"},"content":"    }","lastModifiedDate":"2022-02-16"},{"lineNumber":16,"author":{"gitId":"khs818"},"content":"}","lastModifiedDate":"2022-02-16"}],"authorContributionMap":{"khs818":16}},{"path":"src/main/java/duke/task/FileTaskList.java","fileType":"java","lines":[{"lineNumber":1,"author":{"gitId":"khs818"},"content":"package duke.task;","lastModifiedDate":"2022-03-21"},{"lineNumber":2,"author":{"gitId":"khs818"},"content":"","lastModifiedDate":"2022-03-21"},{"lineNumber":3,"author":{"gitId":"khs818"},"content":"public class FileTaskList extends Task{","lastModifiedDate":"2022-03-21"},{"lineNumber":4,"author":{"gitId":"khs818"},"content":"","lastModifiedDate":"2022-03-21"},{"lineNumber":5,"author":{"gitId":"khs818"},"content":"    public FileTaskList (String description){","lastModifiedDate":"2022-03-21"},{"lineNumber":6,"author":{"gitId":"khs818"},"content":"        super(description);","lastModifiedDate":"2022-03-21"},{"lineNumber":7,"author":{"gitId":"khs818"},"content":"    }","lastModifiedDate":"2022-03-21"},{"lineNumber":8,"author":{"gitId":"khs818"},"content":"","lastModifiedDate":"2022-03-21"},{"lineNumber":9,"author":{"gitId":"khs818"},"content":"    @Override","lastModifiedDate":"2022-03-21"},{"lineNumber":10,"author":{"gitId":"khs818"},"content":"    public String toString(){","lastModifiedDate":"2022-03-21"},{"lineNumber":11,"author":{"gitId":"khs818"},"content":"        return super.fileListToString();","lastModifiedDate":"2022-03-21"},{"lineNumber":12,"author":{"gitId":"khs818"},"content":"    }","lastModifiedDate":"2022-03-21"},{"lineNumber":13,"author":{"gitId":"khs818"},"content":"}","lastModifiedDate":"2022-03-21"}],"authorContributionMap":{"khs818":13}},{"path":"src/main/java/duke/task/Task.java","fileType":"java","lines":[{"lineNumber":1,"author":{"gitId":"khs818"},"content":"package duke.task;","lastModifiedDate":"2022-03-21"},{"lineNumber":2,"author":{"gitId":"khs818"},"content":"","lastModifiedDate":"2022-03-21"},{"lineNumber":3,"author":{"gitId":"khs818"},"content":"public class Task {","lastModifiedDate":"2022-02-09"},{"lineNumber":4,"author":{"gitId":"khs818"},"content":"","lastModifiedDate":"2022-02-09"},{"lineNumber":5,"author":{"gitId":"khs818"},"content":"    protected String description;","lastModifiedDate":"2022-02-09"},{"lineNumber":6,"author":{"gitId":"khs818"},"content":"    protected boolean isDone;","lastModifiedDate":"2022-02-09"},{"lineNumber":7,"author":{"gitId":"khs818"},"content":"","lastModifiedDate":"2022-02-09"},{"lineNumber":8,"author":{"gitId":"khs818"},"content":"    public Task(String description){","lastModifiedDate":"2022-02-09"},{"lineNumber":9,"author":{"gitId":"khs818"},"content":"        this.description \u003d description;","lastModifiedDate":"2022-02-09"},{"lineNumber":10,"author":{"gitId":"khs818"},"content":"        this.isDone \u003d false;","lastModifiedDate":"2022-02-09"},{"lineNumber":11,"author":{"gitId":"khs818"},"content":"    }","lastModifiedDate":"2022-02-09"},{"lineNumber":12,"author":{"gitId":"khs818"},"content":"","lastModifiedDate":"2022-02-09"},{"lineNumber":13,"author":{"gitId":"khs818"},"content":"    public void markAsDone(){","lastModifiedDate":"2022-02-09"},{"lineNumber":14,"author":{"gitId":"khs818"},"content":"        isDone \u003d true;","lastModifiedDate":"2022-02-09"},{"lineNumber":15,"author":{"gitId":"khs818"},"content":"    }","lastModifiedDate":"2022-02-09"},{"lineNumber":16,"author":{"gitId":"khs818"},"content":"","lastModifiedDate":"2022-02-09"},{"lineNumber":17,"author":{"gitId":"khs818"},"content":"    public String getStatusIcon(){","lastModifiedDate":"2022-02-09"},{"lineNumber":18,"author":{"gitId":"khs818"},"content":"","lastModifiedDate":"2022-02-09"},{"lineNumber":19,"author":{"gitId":"khs818"},"content":"        return (isDone ? \"x\" : \" \");","lastModifiedDate":"2022-02-09"},{"lineNumber":20,"author":{"gitId":"khs818"},"content":"    }","lastModifiedDate":"2022-02-09"},{"lineNumber":21,"author":{"gitId":"khs818"},"content":"","lastModifiedDate":"2022-02-09"},{"lineNumber":22,"author":{"gitId":"khs818"},"content":"    public String toString(){","lastModifiedDate":"2022-02-09"},{"lineNumber":23,"author":{"gitId":"khs818"},"content":"        return \"[\" + getStatusIcon() + \"]\" + description;","lastModifiedDate":"2022-02-09"},{"lineNumber":24,"author":{"gitId":"khs818"},"content":"    }","lastModifiedDate":"2022-02-09"},{"lineNumber":25,"author":{"gitId":"khs818"},"content":"","lastModifiedDate":"2022-03-21"},{"lineNumber":26,"author":{"gitId":"khs818"},"content":"    public String fileListToString(){","lastModifiedDate":"2022-03-21"},{"lineNumber":27,"author":{"gitId":"khs818"},"content":"        return  description;","lastModifiedDate":"2022-03-21"},{"lineNumber":28,"author":{"gitId":"khs818"},"content":"    }","lastModifiedDate":"2022-03-21"},{"lineNumber":29,"author":{"gitId":"khs818"},"content":"}","lastModifiedDate":"2022-02-09"}],"authorContributionMap":{"khs818":29}},{"path":"src/main/java/duke/task/Todo.java","fileType":"java","lines":[{"lineNumber":1,"author":{"gitId":"khs818"},"content":"package duke.task;","lastModifiedDate":"2022-03-21"},{"lineNumber":2,"author":{"gitId":"khs818"},"content":"","lastModifiedDate":"2022-03-21"},{"lineNumber":3,"author":{"gitId":"khs818"},"content":"public class Todo extends Task{","lastModifiedDate":"2022-02-16"},{"lineNumber":4,"author":{"gitId":"khs818"},"content":"    public Todo (String description){","lastModifiedDate":"2022-02-16"},{"lineNumber":5,"author":{"gitId":"khs818"},"content":"        super(description);","lastModifiedDate":"2022-02-16"},{"lineNumber":6,"author":{"gitId":"khs818"},"content":"    }","lastModifiedDate":"2022-02-16"},{"lineNumber":7,"author":{"gitId":"khs818"},"content":"","lastModifiedDate":"2022-02-16"},{"lineNumber":8,"author":{"gitId":"khs818"},"content":"    @Override","lastModifiedDate":"2022-02-16"},{"lineNumber":9,"author":{"gitId":"khs818"},"content":"    public String toString(){","lastModifiedDate":"2022-02-16"},{"lineNumber":10,"author":{"gitId":"khs818"},"content":"        return \"[T]\" + super.toString();","lastModifiedDate":"2022-02-16"},{"lineNumber":11,"author":{"gitId":"khs818"},"content":"    }","lastModifiedDate":"2022-02-16"},{"lineNumber":12,"author":{"gitId":"khs818"},"content":"}","lastModifiedDate":"2022-02-16"}],"authorContributionMap":{"khs818":12}},{"path":"text-ui-test/runtest.bat","fileType":"bat","lines":[{"lineNumber":1,"author":{"gitId":"-"},"content":"@ECHO OFF","lastModifiedDate":"2020-05-25"},{"lineNumber":2,"author":{"gitId":"-"},"content":"","lastModifiedDate":"2020-05-25"},{"lineNumber":3,"author":{"gitId":"-"},"content":"REM create bin directory if it doesn\u0027t exist","lastModifiedDate":"2020-05-25"},{"lineNumber":4,"author":{"gitId":"-"},"content":"if not exist ..\\bin mkdir ..\\bin","lastModifiedDate":"2020-05-25"},{"lineNumber":5,"author":{"gitId":"-"},"content":"","lastModifiedDate":"2020-05-25"},{"lineNumber":6,"author":{"gitId":"-"},"content":"REM delete output from previous run","lastModifiedDate":"2020-05-25"},{"lineNumber":7,"author":{"gitId":"-"},"content":"if exist ACTUAL.TXT del ACTUAL.TXT","lastModifiedDate":"2020-08-25"},{"lineNumber":8,"author":{"gitId":"-"},"content":"","lastModifiedDate":"2020-05-25"},{"lineNumber":9,"author":{"gitId":"-"},"content":"REM compile the code into the bin folder","lastModifiedDate":"2020-05-25"},{"lineNumber":10,"author":{"gitId":"-"},"content":"javac  -cp ..\\src\\main\\java -Xlint:none -d ..\\bin ..\\src\\main\\java\\*.java","lastModifiedDate":"2020-08-25"},{"lineNumber":11,"author":{"gitId":"-"},"content":"IF ERRORLEVEL 1 (","lastModifiedDate":"2020-05-25"},{"lineNumber":12,"author":{"gitId":"-"},"content":"    echo ********** BUILD FAILURE **********","lastModifiedDate":"2020-05-25"},{"lineNumber":13,"author":{"gitId":"-"},"content":"    exit /b 1","lastModifiedDate":"2020-05-25"},{"lineNumber":14,"author":{"gitId":"-"},"content":")","lastModifiedDate":"2020-05-25"},{"lineNumber":15,"author":{"gitId":"-"},"content":"REM no error here, errorlevel \u003d\u003d 0","lastModifiedDate":"2020-05-25"},{"lineNumber":16,"author":{"gitId":"-"},"content":"","lastModifiedDate":"2020-05-25"},{"lineNumber":17,"author":{"gitId":"-"},"content":"REM run the program, feed commands from input.txt file and redirect the output to the ACTUAL.TXT","lastModifiedDate":"2020-05-25"},{"lineNumber":18,"author":{"gitId":"khs818"},"content":"java -classpath ..\\bin duke.Duke \u003c input.txt \u003e ACTUAL.TXT","lastModifiedDate":"2022-03-21"},{"lineNumber":19,"author":{"gitId":"-"},"content":"","lastModifiedDate":"2020-05-25"},{"lineNumber":20,"author":{"gitId":"-"},"content":"REM compare the output to the expected output","lastModifiedDate":"2020-05-25"},{"lineNumber":21,"author":{"gitId":"-"},"content":"FC ACTUAL.TXT EXPECTED.TXT","lastModifiedDate":"2020-05-25"}],"authorContributionMap":{"khs818":1,"-":20}}]
