{"authorDailyContributionsMap":{"khs818":[{"date":"2022-02-06","commitResults":[{"hash":"2abd4dc7e81fccaeb81060f846f35e6399fef8a3","messageTitle":"Level 1. Greet, Echo, Exit","messageBody":"","tags":["Level_1"],"fileTypesAndContributionMap":{"java":{"insertions":30,"deletions":0}}}]},{"date":"2022-02-07","commitResults":[{"hash":"3d15142ff52e7e343c51162817eea5fc22ccccb5","messageTitle":"Level-2: Add, List","messageBody":"","tags":["Level-2"],"fileTypesAndContributionMap":{"java":{"insertions":16,"deletions":1}}}]},{"date":"2022-02-09","commitResults":[{"hash":"9d1ff4192abfa301a19d17acb70ef0e4c8d75e12","messageTitle":"Level 3. Mark as Done","messageBody":"","tags":["Level-3"],"fileTypesAndContributionMap":{"java":{"insertions":54,"deletions":25}}}]},{"date":"2022-02-16","commitResults":[{"hash":"e5f323983509755b24981247dd5146e4fb4d5003","messageTitle":"Level 4. ToDos, Events, Deadlines","messageBody":"","tags":["Level-4"],"fileTypesAndContributionMap":{"java":{"insertions":67,"deletions":4}}}]},{"date":"2022-03-02","commitResults":[{"hash":"2363cd60a9a5c6e341085088c72810b9a20d936b","messageTitle":"Level-5: Handle Errors","messageBody":"","tags":["Level-5"],"fileTypesAndContributionMap":{"java":{"insertions":102,"deletions":45}}}]},{"date":"2022-03-15","commitResults":[{"hash":"28dd747178b6a833f75c18acd0ef9afe61488a95","messageTitle":"Level-6: Delete","messageBody":"","tags":["Level-6"],"fileTypesAndContributionMap":{"java":{"insertions":52,"deletions":26}}}]},{"date":"2022-03-21","commitResults":[{"hash":"8a82e45895ab106263dcb3bb83658d2855ae3f8b","messageTitle":"Level 7. Save_More OOP_Java Packages","messageBody":"","tags":["Level-7"],"fileTypesAndContributionMap":{"txt":{"insertions":3,"deletions":0},"java":{"insertions":72,"deletions":10},"bat":{"insertions":1,"deletions":1},"md":{"insertions":2,"deletions":2}}}]},{"date":"2022-04-06","commitResults":[{"hash":"3cad3a6be3d86017b6902273f1f5d7ec7b2f70d4","messageTitle":"Level-7_v1,Save, A-MoreOOP, A-Packages","messageBody":"","tags":["Level-7_v1"],"fileTypesAndContributionMap":{"txt":{"insertions":5,"deletions":3},"java":{"insertions":546,"deletions":161}}}]},{"date":"2022-04-11","commitResults":[{"hash":"50fa3c145a71a980f6388193ea0dde6aba2d1928","messageTitle":"Level-8, A-JavaDoc, A-Gradle, A-JUnit","messageBody":"","tags":["Level-8"],"fileTypesAndContributionMap":{"gradle":{"insertions":21,"deletions":0},"txt":{"insertions":5,"deletions":2},"java":{"insertions":750,"deletions":297},"bat":{"insertions":89,"deletions":0}}}]},{"date":"2022-04-15","commitResults":[{"hash":"ae5964d685aa7d4ecc7274fbe87cf2f472bb3f2a","messageTitle":"Update ParserTest.java","messageBody":"","fileTypesAndContributionMap":{"java":{"insertions":9,"deletions":9}}},{"hash":"e3a9a7b1aceb379691a51f58aa8a5b07a7e20901","messageTitle":"Level-9: Find ,Add individual feature C-Statistics ,A-CodingStandard, A-CodeQuality","messageBody":"","tags":["Level-9"],"fileTypesAndContributionMap":{"txt":{"insertions":32,"deletions":4},"java":{"insertions":505,"deletions":10}}}]},{"date":"2022-04-17","commitResults":[{"hash":"8d5c9b619fa60fb25c2ea3ef1c70533547bc7a93","messageTitle":"Level-10,A-Assertions, A-Jar","messageBody":"","tags":["Level-10"],"fileTypesAndContributionMap":{"txt":{"insertions":47,"deletions":13},"java":{"insertions":45,"deletions":29}}}]}]},"authorFileTypeContributionMap":{"khs818":{"java":1639,"md":2,"fxml":0,"sh":0,"bat":90,"gradle":21,"txt":70}},"authorContributionVariance":{"khs818":22025.895},"authorDisplayNameMap":{"khs818":"YU W.. WEI"}}
