{"authorDailyContributionsMap":{"khs818":[{"date":"2022-02-06","commitResults":[{"hash":"2abd4dc7e81fccaeb81060f846f35e6399fef8a3","messageTitle":"Level 1. Greet, Echo, Exit","messageBody":"","tags":["Level_1"],"fileTypesAndContributionMap":{"java":{"insertions":30,"deletions":0}}}]},{"date":"2022-02-07","commitResults":[{"hash":"3d15142ff52e7e343c51162817eea5fc22ccccb5","messageTitle":"Level-2: Add, List","messageBody":"","tags":["Level-2"],"fileTypesAndContributionMap":{"java":{"insertions":16,"deletions":1}}}]},{"date":"2022-02-09","commitResults":[{"hash":"9d1ff4192abfa301a19d17acb70ef0e4c8d75e12","messageTitle":"Level 3. Mark as Done","messageBody":"","tags":["Level-3"],"fileTypesAndContributionMap":{"java":{"insertions":54,"deletions":25}}}]},{"date":"2022-02-16","commitResults":[{"hash":"e5f323983509755b24981247dd5146e4fb4d5003","messageTitle":"Level 4. ToDos, Events, Deadlines","messageBody":"","tags":["Level-4"],"fileTypesAndContributionMap":{"java":{"insertions":67,"deletions":4}}}]},{"date":"2022-03-02","commitResults":[{"hash":"2363cd60a9a5c6e341085088c72810b9a20d936b","messageTitle":"Level-5: Handle Errors","messageBody":"","tags":["Level-5"],"fileTypesAndContributionMap":{"java":{"insertions":102,"deletions":45}}}]}]},"authorFileTypeContributionMap":{"khs818":{"java":193,"md":0,"fxml":0,"sh":0,"bat":0,"gradle":0,"txt":0}},"authorContributionVariance":{"khs818":611.62134},"authorDisplayNameMap":{"khs818":"YU W.. WEI"}}
