[{"path":"dataduke.txt","fileType":"txt","lines":[{"lineNumber":1,"author":{"gitId":"S-QUAN86"},"content":"todo return book","lastModifiedDate":"2022-04-15"},{"lineNumber":2,"author":{"gitId":"S-QUAN86"},"content":"","lastModifiedDate":"2022-04-15"}],"authorContributionMap":{"S-QUAN86":2}},{"path":"src/main/java/Deadline.java","fileType":"java","lines":[{"lineNumber":1,"author":{"gitId":"S-QUAN86"},"content":"import java.time.*;","lastModifiedDate":"2022-04-15"},{"lineNumber":2,"author":{"gitId":"S-QUAN86"},"content":"import java.time.format.DateTimeFormatter;","lastModifiedDate":"2022-04-15"},{"lineNumber":3,"author":{"gitId":"S-QUAN86"},"content":"","lastModifiedDate":"2022-02-17"},{"lineNumber":4,"author":{"gitId":"S-QUAN86"},"content":"/**","lastModifiedDate":"2022-04-15"},{"lineNumber":5,"author":{"gitId":"S-QUAN86"},"content":" * Task type: Deadline.","lastModifiedDate":"2022-04-15"},{"lineNumber":6,"author":{"gitId":"S-QUAN86"},"content":" */","lastModifiedDate":"2022-04-15"},{"lineNumber":7,"author":{"gitId":"S-QUAN86"},"content":"","lastModifiedDate":"2022-04-15"},{"lineNumber":8,"author":{"gitId":"S-QUAN86"},"content":"public class Deadline extends Task{","lastModifiedDate":"2022-04-15"},{"lineNumber":9,"author":{"gitId":"S-QUAN86"},"content":"    protected LocalDate date;","lastModifiedDate":"2022-04-15"},{"lineNumber":10,"author":{"gitId":"S-QUAN86"},"content":"","lastModifiedDate":"2022-02-17"},{"lineNumber":11,"author":{"gitId":"S-QUAN86"},"content":"    public Deadline(String description, LocalDate by) {","lastModifiedDate":"2022-04-15"},{"lineNumber":12,"author":{"gitId":"S-QUAN86"},"content":"        super(description);","lastModifiedDate":"2022-04-15"},{"lineNumber":13,"author":{"gitId":"S-QUAN86"},"content":"        this.date \u003d by;","lastModifiedDate":"2022-04-15"},{"lineNumber":14,"author":{"gitId":"S-QUAN86"},"content":"    }","lastModifiedDate":"2022-02-17"},{"lineNumber":15,"author":{"gitId":"S-QUAN86"},"content":"","lastModifiedDate":"2022-02-17"},{"lineNumber":16,"author":{"gitId":"S-QUAN86"},"content":"    @Override","lastModifiedDate":"2022-04-14"},{"lineNumber":17,"author":{"gitId":"S-QUAN86"},"content":"    public LocalDate getDate(){","lastModifiedDate":"2022-04-15"},{"lineNumber":18,"author":{"gitId":"S-QUAN86"},"content":"        return this.date;","lastModifiedDate":"2022-04-15"},{"lineNumber":19,"author":{"gitId":"S-QUAN86"},"content":"    }","lastModifiedDate":"2022-02-17"},{"lineNumber":20,"author":{"gitId":"S-QUAN86"},"content":"","lastModifiedDate":"2022-02-17"},{"lineNumber":21,"author":{"gitId":"S-QUAN86"},"content":"    @Override","lastModifiedDate":"2022-04-15"},{"lineNumber":22,"author":{"gitId":"S-QUAN86"},"content":"    public String toString() {","lastModifiedDate":"2022-04-15"},{"lineNumber":23,"author":{"gitId":"S-QUAN86"},"content":"        return \"[D]\" + \"[\"+getStatusIcon()+\"] \"+getDescription() + \" (by: \" + date.format(DateTimeFormatter.ofPattern(\"MM/dd/yyyy\")) + \")\";","lastModifiedDate":"2022-04-15"},{"lineNumber":24,"author":{"gitId":"S-QUAN86"},"content":"    }","lastModifiedDate":"2022-04-15"},{"lineNumber":25,"author":{"gitId":"S-QUAN86"},"content":"}","lastModifiedDate":"2022-02-17"}],"authorContributionMap":{"S-QUAN86":25}},{"path":"src/main/java/Duke.java","fileType":"java","lines":[{"lineNumber":1,"author":{"gitId":"S-QUAN86"},"content":"","lastModifiedDate":"2022-02-11"},{"lineNumber":2,"author":{"gitId":"S-QUAN86"},"content":"","lastModifiedDate":"2022-04-15"},{"lineNumber":3,"author":{"gitId":"S-QUAN86"},"content":"/**","lastModifiedDate":"2022-04-15"},{"lineNumber":4,"author":{"gitId":"S-QUAN86"},"content":" * This is homework project of my TIC2002 module. It is a personal task manager that you","lastModifiedDate":"2022-04-15"},{"lineNumber":5,"author":{"gitId":"S-QUAN86"},"content":" * can arrange and store your personal schedule. It recognizes commands by","lastModifiedDate":"2022-04-15"},{"lineNumber":6,"author":{"gitId":"S-QUAN86"},"content":" * reading your inputs. Schedule types: \u0027deadline\u0027, \u0027todo\u0027, \u0027event\u0027.","lastModifiedDate":"2022-04-15"},{"lineNumber":7,"author":{"gitId":"S-QUAN86"},"content":" * to marking your task, type \u0027done\u0027, or remove task, type \u0027delete\u0027.","lastModifiedDate":"2022-04-15"},{"lineNumber":8,"author":{"gitId":"S-QUAN86"},"content":" * save and exit program, type \u0027bye\u0027.","lastModifiedDate":"2022-04-15"},{"lineNumber":9,"author":{"gitId":"S-QUAN86"},"content":" *","lastModifiedDate":"2022-04-15"},{"lineNumber":10,"author":{"gitId":"S-QUAN86"},"content":" * @author S-Quan86","lastModifiedDate":"2022-04-15"},{"lineNumber":11,"author":{"gitId":"S-QUAN86"},"content":" * @version 1.0","lastModifiedDate":"2022-04-15"},{"lineNumber":12,"author":{"gitId":"S-QUAN86"},"content":" * @since 15-April 2022","lastModifiedDate":"2022-04-15"},{"lineNumber":13,"author":{"gitId":"S-QUAN86"},"content":" */","lastModifiedDate":"2022-04-15"},{"lineNumber":14,"author":{"gitId":"-"},"content":"public class Duke {","lastModifiedDate":"2019-07-29"},{"lineNumber":15,"author":{"gitId":"S-QUAN86"},"content":"    private static final String ln \u003d \"____________________________________________________________\";","lastModifiedDate":"2022-04-14"},{"lineNumber":16,"author":{"gitId":"S-QUAN86"},"content":"","lastModifiedDate":"2022-04-14"},{"lineNumber":17,"author":{"gitId":"S-QUAN86"},"content":"    public static void Greet() {","lastModifiedDate":"2022-04-14"},{"lineNumber":18,"author":{"gitId":"-"},"content":"        String logo \u003d \" ____        _        \\n\"","lastModifiedDate":"2019-07-29"},{"lineNumber":19,"author":{"gitId":"-"},"content":"                + \"|  _ \\\\ _   _| | _____ \\n\"","lastModifiedDate":"2019-07-29"},{"lineNumber":20,"author":{"gitId":"-"},"content":"                + \"| | | | | | | |/ / _ \\\\\\n\"","lastModifiedDate":"2019-07-29"},{"lineNumber":21,"author":{"gitId":"-"},"content":"                + \"| |_| | |_| |   \u003c  __/\\n\"","lastModifiedDate":"2019-07-29"},{"lineNumber":22,"author":{"gitId":"-"},"content":"                + \"|____/ \\\\__,_|_|\\\\_\\\\___|\\n\";","lastModifiedDate":"2019-07-29"},{"lineNumber":23,"author":{"gitId":"S-QUAN86"},"content":"","lastModifiedDate":"2022-04-14"},{"lineNumber":24,"author":{"gitId":"-"},"content":"        System.out.println(\"Hello from\\n\" + logo);","lastModifiedDate":"2019-07-29"},{"lineNumber":25,"author":{"gitId":"S-QUAN86"},"content":"        System.out.println(ln);","lastModifiedDate":"2022-04-14"},{"lineNumber":26,"author":{"gitId":"S-QUAN86"},"content":"        System.out.println(\"I\u0027m Duke\" + System.lineSeparator()","lastModifiedDate":"2022-04-14"},{"lineNumber":27,"author":{"gitId":"S-QUAN86"},"content":"                + \"What can I do for you?\");","lastModifiedDate":"2022-04-14"},{"lineNumber":28,"author":{"gitId":"S-QUAN86"},"content":"        System.out.println(ln);","lastModifiedDate":"2022-04-14"},{"lineNumber":29,"author":{"gitId":"-"},"content":"    }","lastModifiedDate":"2022-04-14"},{"lineNumber":30,"author":{"gitId":"S-QUAN86"},"content":"","lastModifiedDate":"2022-02-11"},{"lineNumber":31,"author":{"gitId":"S-QUAN86"},"content":"    public static void main(String[] args) throws Exception {","lastModifiedDate":"2022-04-14"},{"lineNumber":32,"author":{"gitId":"S-QUAN86"},"content":"        Greet();","lastModifiedDate":"2022-04-14"},{"lineNumber":33,"author":{"gitId":"S-QUAN86"},"content":"        MySiri.main();","lastModifiedDate":"2022-04-15"},{"lineNumber":34,"author":{"gitId":"S-QUAN86"},"content":"        Storage.main();","lastModifiedDate":"2022-04-15"},{"lineNumber":35,"author":{"gitId":"S-QUAN86"},"content":"    }","lastModifiedDate":"2022-02-11"},{"lineNumber":36,"author":{"gitId":"S-QUAN86"},"content":"}","lastModifiedDate":"2022-02-11"}],"authorContributionMap":{"S-QUAN86":28,"-":8}},{"path":"src/main/java/DukeException.java","fileType":"java","lines":[{"lineNumber":1,"author":{"gitId":"S-QUAN86"},"content":"public class DukeException extends Exception {","lastModifiedDate":"2022-04-14"},{"lineNumber":2,"author":{"gitId":"S-QUAN86"},"content":"","lastModifiedDate":"2022-04-14"},{"lineNumber":3,"author":{"gitId":"S-QUAN86"},"content":"    /**","lastModifiedDate":"2022-04-15"},{"lineNumber":4,"author":{"gitId":"S-QUAN86"},"content":"     * This exception occurs that whether input command was recognized.","lastModifiedDate":"2022-04-15"},{"lineNumber":5,"author":{"gitId":"S-QUAN86"},"content":"     * If there is no input or wrong input, the default message will pop out.","lastModifiedDate":"2022-04-15"},{"lineNumber":6,"author":{"gitId":"S-QUAN86"},"content":"     */","lastModifiedDate":"2022-04-15"},{"lineNumber":7,"author":{"gitId":"S-QUAN86"},"content":"","lastModifiedDate":"2022-04-15"},{"lineNumber":8,"author":{"gitId":"S-QUAN86"},"content":"    public DukeException(String msg) {","lastModifiedDate":"2022-04-14"},{"lineNumber":9,"author":{"gitId":"S-QUAN86"},"content":"        if(msg \u003d\u003d\"\") msg\u003d\"☹ OOPS!!! I\u0027m sorry, but I don\u0027t know what that means :-(\";","lastModifiedDate":"2022-04-14"},{"lineNumber":10,"author":{"gitId":"S-QUAN86"},"content":"        System.out.println (msg);","lastModifiedDate":"2022-04-14"},{"lineNumber":11,"author":{"gitId":"S-QUAN86"},"content":"    }","lastModifiedDate":"2022-04-14"},{"lineNumber":12,"author":{"gitId":"S-QUAN86"},"content":"}","lastModifiedDate":"2022-04-14"}],"authorContributionMap":{"S-QUAN86":12}},{"path":"src/main/java/Event.java","fileType":"java","lines":[{"lineNumber":1,"author":{"gitId":"S-QUAN86"},"content":"import java.time.*;","lastModifiedDate":"2022-04-15"},{"lineNumber":2,"author":{"gitId":"S-QUAN86"},"content":"import java.time.format.DateTimeFormatter;","lastModifiedDate":"2022-04-15"},{"lineNumber":3,"author":{"gitId":"S-QUAN86"},"content":"","lastModifiedDate":"2022-04-15"},{"lineNumber":4,"author":{"gitId":"S-QUAN86"},"content":"/**","lastModifiedDate":"2022-04-15"},{"lineNumber":5,"author":{"gitId":"S-QUAN86"},"content":" * Task type: Event.","lastModifiedDate":"2022-04-15"},{"lineNumber":6,"author":{"gitId":"S-QUAN86"},"content":" */","lastModifiedDate":"2022-04-15"},{"lineNumber":7,"author":{"gitId":"S-QUAN86"},"content":"","lastModifiedDate":"2022-04-15"},{"lineNumber":8,"author":{"gitId":"S-QUAN86"},"content":"public class Event extends Task{","lastModifiedDate":"2022-02-17"},{"lineNumber":9,"author":{"gitId":"S-QUAN86"},"content":"","lastModifiedDate":"2022-02-17"},{"lineNumber":10,"author":{"gitId":"S-QUAN86"},"content":"    protected LocalDate date;","lastModifiedDate":"2022-04-15"},{"lineNumber":11,"author":{"gitId":"S-QUAN86"},"content":"","lastModifiedDate":"2022-02-17"},{"lineNumber":12,"author":{"gitId":"S-QUAN86"},"content":"    public Event(String description, LocalDate at) {","lastModifiedDate":"2022-04-15"},{"lineNumber":13,"author":{"gitId":"S-QUAN86"},"content":"        super (description);","lastModifiedDate":"2022-04-15"},{"lineNumber":14,"author":{"gitId":"S-QUAN86"},"content":"        this.date \u003d at;","lastModifiedDate":"2022-04-15"},{"lineNumber":15,"author":{"gitId":"S-QUAN86"},"content":"    }","lastModifiedDate":"2022-02-17"},{"lineNumber":16,"author":{"gitId":"S-QUAN86"},"content":"","lastModifiedDate":"2022-02-17"},{"lineNumber":17,"author":{"gitId":"S-QUAN86"},"content":"    @Override","lastModifiedDate":"2022-02-17"},{"lineNumber":18,"author":{"gitId":"S-QUAN86"},"content":"    public LocalDate getDate() {","lastModifiedDate":"2022-04-15"},{"lineNumber":19,"author":{"gitId":"S-QUAN86"},"content":"        return this.date;","lastModifiedDate":"2022-04-15"},{"lineNumber":20,"author":{"gitId":"S-QUAN86"},"content":"    }","lastModifiedDate":"2022-04-15"},{"lineNumber":21,"author":{"gitId":"S-QUAN86"},"content":"","lastModifiedDate":"2022-04-15"},{"lineNumber":22,"author":{"gitId":"S-QUAN86"},"content":"    @Override","lastModifiedDate":"2022-04-15"},{"lineNumber":23,"author":{"gitId":"S-QUAN86"},"content":"","lastModifiedDate":"2022-04-15"},{"lineNumber":24,"author":{"gitId":"S-QUAN86"},"content":"    public String toString() {","lastModifiedDate":"2022-04-15"},{"lineNumber":25,"author":{"gitId":"S-QUAN86"},"content":"        return \"[E]\" + \"[\"+getStatusIcon()+\"] \"+getDescription() + \" (at: \" + date.format(DateTimeFormatter.ofPattern(\"MMM/dd/yyyy\")) + \")\";","lastModifiedDate":"2022-04-15"},{"lineNumber":26,"author":{"gitId":"S-QUAN86"},"content":"    }","lastModifiedDate":"2022-02-17"},{"lineNumber":27,"author":{"gitId":"S-QUAN86"},"content":"","lastModifiedDate":"2022-02-17"},{"lineNumber":28,"author":{"gitId":"S-QUAN86"},"content":"}","lastModifiedDate":"2022-02-17"}],"authorContributionMap":{"S-QUAN86":28}},{"path":"src/main/java/MissDescException.java","fileType":"java","lines":[{"lineNumber":1,"author":{"gitId":"S-QUAN86"},"content":"","lastModifiedDate":"2022-04-15"},{"lineNumber":2,"author":{"gitId":"S-QUAN86"},"content":"public class MissDescException extends Exception {","lastModifiedDate":"2022-04-14"},{"lineNumber":3,"author":{"gitId":"S-QUAN86"},"content":"    /**","lastModifiedDate":"2022-04-15"},{"lineNumber":4,"author":{"gitId":"S-QUAN86"},"content":"     *  This exception is used to check any missing descriptions of task from message given from _input[1].","lastModifiedDate":"2022-04-15"},{"lineNumber":5,"author":{"gitId":"S-QUAN86"},"content":"     */","lastModifiedDate":"2022-04-15"},{"lineNumber":6,"author":{"gitId":"S-QUAN86"},"content":"","lastModifiedDate":"2022-04-14"},{"lineNumber":7,"author":{"gitId":"S-QUAN86"},"content":"    public MissDescException(String msg) {","lastModifiedDate":"2022-04-14"},{"lineNumber":8,"author":{"gitId":"S-QUAN86"},"content":"        System.out.println(\" ☹ OOPS!!! The description of a \" + msg + \" cannot be empty.\");","lastModifiedDate":"2022-04-14"},{"lineNumber":9,"author":{"gitId":"S-QUAN86"},"content":"    }","lastModifiedDate":"2022-04-14"},{"lineNumber":10,"author":{"gitId":"S-QUAN86"},"content":"}","lastModifiedDate":"2022-04-14"}],"authorContributionMap":{"S-QUAN86":10}},{"path":"src/main/java/MySiri.java","fileType":"java","lines":[{"lineNumber":1,"author":{"gitId":"S-QUAN86"},"content":"import java.util.ArrayList;","lastModifiedDate":"2022-04-15"},{"lineNumber":2,"author":{"gitId":"S-QUAN86"},"content":"import java.util.Scanner;","lastModifiedDate":"2022-04-15"},{"lineNumber":3,"author":{"gitId":"S-QUAN86"},"content":"import java.time.*;","lastModifiedDate":"2022-04-15"},{"lineNumber":4,"author":{"gitId":"S-QUAN86"},"content":"","lastModifiedDate":"2022-04-15"},{"lineNumber":5,"author":{"gitId":"S-QUAN86"},"content":"public class MySiri extends Duke{","lastModifiedDate":"2022-04-15"},{"lineNumber":6,"author":{"gitId":"S-QUAN86"},"content":"    protected static ArrayList\u003cTask\u003e task \u003d new ArrayList\u003c\u003e();","lastModifiedDate":"2022-04-15"},{"lineNumber":7,"author":{"gitId":"S-QUAN86"},"content":"    private static int count \u003d 0;","lastModifiedDate":"2022-04-15"},{"lineNumber":8,"author":{"gitId":"S-QUAN86"},"content":"    private static final String ln \u003d \"____________________________________________________________\";","lastModifiedDate":"2022-04-15"},{"lineNumber":9,"author":{"gitId":"S-QUAN86"},"content":"    protected static boolean iDuke \u003d true;","lastModifiedDate":"2022-04-15"},{"lineNumber":10,"author":{"gitId":"S-QUAN86"},"content":"","lastModifiedDate":"2022-04-15"},{"lineNumber":11,"author":{"gitId":"S-QUAN86"},"content":"    private static void run() throws Exception {","lastModifiedDate":"2022-04-15"},{"lineNumber":12,"author":{"gitId":"S-QUAN86"},"content":"        Scanner in \u003d new Scanner(System.in);","lastModifiedDate":"2022-04-15"},{"lineNumber":13,"author":{"gitId":"S-QUAN86"},"content":"        String enter \u003d (in.nextLine()).trim();","lastModifiedDate":"2022-04-15"},{"lineNumber":14,"author":{"gitId":"S-QUAN86"},"content":"        fileScanner(enter, true);","lastModifiedDate":"2022-04-15"},{"lineNumber":15,"author":{"gitId":"S-QUAN86"},"content":"    }","lastModifiedDate":"2022-04-15"},{"lineNumber":16,"author":{"gitId":"S-QUAN86"},"content":"","lastModifiedDate":"2022-04-15"},{"lineNumber":17,"author":{"gitId":"S-QUAN86"},"content":"    public static void Exit() throws Exception {","lastModifiedDate":"2022-04-15"},{"lineNumber":18,"author":{"gitId":"S-QUAN86"},"content":"        Storage.saveFile();","lastModifiedDate":"2022-04-15"},{"lineNumber":19,"author":{"gitId":"S-QUAN86"},"content":"        System.out.println(ln + System.lineSeparator()","lastModifiedDate":"2022-04-15"},{"lineNumber":20,"author":{"gitId":"S-QUAN86"},"content":"                + \"Your tasks are saved\"","lastModifiedDate":"2022-04-15"},{"lineNumber":21,"author":{"gitId":"S-QUAN86"},"content":"                + System.lineSeparator()","lastModifiedDate":"2022-04-15"},{"lineNumber":22,"author":{"gitId":"S-QUAN86"},"content":"                + \"Goodbye，Hope to see you again soon!\");","lastModifiedDate":"2022-04-15"},{"lineNumber":23,"author":{"gitId":"S-QUAN86"},"content":"        iDuke \u003d false;","lastModifiedDate":"2022-04-15"},{"lineNumber":24,"author":{"gitId":"S-QUAN86"},"content":"        System.exit(0);","lastModifiedDate":"2022-04-15"},{"lineNumber":25,"author":{"gitId":"S-QUAN86"},"content":"    }","lastModifiedDate":"2022-04-15"},{"lineNumber":26,"author":{"gitId":"S-QUAN86"},"content":"","lastModifiedDate":"2022-04-15"},{"lineNumber":27,"author":{"gitId":"S-QUAN86"},"content":"    public static void printAdded(String input) {","lastModifiedDate":"2022-04-15"},{"lineNumber":28,"author":{"gitId":"S-QUAN86"},"content":"        int numTask \u003d count + 1;","lastModifiedDate":"2022-04-15"},{"lineNumber":29,"author":{"gitId":"S-QUAN86"},"content":"        System.out.println(ln + System.lineSeparator()","lastModifiedDate":"2022-04-15"},{"lineNumber":30,"author":{"gitId":"S-QUAN86"},"content":"                + \"Got it. I\u0027ve added this task: \");","lastModifiedDate":"2022-04-15"},{"lineNumber":31,"author":{"gitId":"S-QUAN86"},"content":"        System.out.println(input);","lastModifiedDate":"2022-04-15"},{"lineNumber":32,"author":{"gitId":"S-QUAN86"},"content":"        System.out.println(\"Now you have \" + numTask","lastModifiedDate":"2022-04-15"},{"lineNumber":33,"author":{"gitId":"S-QUAN86"},"content":"                + \" tasks in the list.\");","lastModifiedDate":"2022-04-15"},{"lineNumber":34,"author":{"gitId":"S-QUAN86"},"content":"        System.out.println(ln);","lastModifiedDate":"2022-04-15"},{"lineNumber":35,"author":{"gitId":"S-QUAN86"},"content":"    }","lastModifiedDate":"2022-04-15"},{"lineNumber":36,"author":{"gitId":"S-QUAN86"},"content":"","lastModifiedDate":"2022-04-15"},{"lineNumber":37,"author":{"gitId":"S-QUAN86"},"content":"    public static void toDo(String input, boolean print) throws Exception {","lastModifiedDate":"2022-04-15"},{"lineNumber":38,"author":{"gitId":"S-QUAN86"},"content":"        String[] _input \u003d input.split(\" \", 2);","lastModifiedDate":"2022-04-15"},{"lineNumber":39,"author":{"gitId":"S-QUAN86"},"content":"        String type \u003d (_input[0]).trim();","lastModifiedDate":"2022-04-15"},{"lineNumber":40,"author":{"gitId":"S-QUAN86"},"content":"        try {","lastModifiedDate":"2022-04-15"},{"lineNumber":41,"author":{"gitId":"S-QUAN86"},"content":"            task.add(count, new Task(_input[1]));","lastModifiedDate":"2022-04-15"},{"lineNumber":42,"author":{"gitId":"S-QUAN86"},"content":"            if (print) {","lastModifiedDate":"2022-04-15"},{"lineNumber":43,"author":{"gitId":"S-QUAN86"},"content":"                printAdded(task.get(count).toString());","lastModifiedDate":"2022-04-15"},{"lineNumber":44,"author":{"gitId":"S-QUAN86"},"content":"            }","lastModifiedDate":"2022-04-15"},{"lineNumber":45,"author":{"gitId":"S-QUAN86"},"content":"            count++;","lastModifiedDate":"2022-04-15"},{"lineNumber":46,"author":{"gitId":"S-QUAN86"},"content":"        } catch (RuntimeException e) {","lastModifiedDate":"2022-04-15"},{"lineNumber":47,"author":{"gitId":"S-QUAN86"},"content":"            throw new MissDescException(type);","lastModifiedDate":"2022-04-15"},{"lineNumber":48,"author":{"gitId":"S-QUAN86"},"content":"        }","lastModifiedDate":"2022-04-15"},{"lineNumber":49,"author":{"gitId":"S-QUAN86"},"content":"    }","lastModifiedDate":"2022-04-15"},{"lineNumber":50,"author":{"gitId":"S-QUAN86"},"content":"","lastModifiedDate":"2022-04-15"},{"lineNumber":51,"author":{"gitId":"S-QUAN86"},"content":"    public static void Event(String enter, boolean addTask) throws Exception {","lastModifiedDate":"2022-04-15"},{"lineNumber":52,"author":{"gitId":"S-QUAN86"},"content":"        String[] _enter \u003d enter.split(\" \", 2);","lastModifiedDate":"2022-04-15"},{"lineNumber":53,"author":{"gitId":"S-QUAN86"},"content":"        String type \u003d (_enter[0]).trim().toLowerCase();","lastModifiedDate":"2022-04-15"},{"lineNumber":54,"author":{"gitId":"S-QUAN86"},"content":"        String[] dl \u003d _enter[1].split(\"/\");","lastModifiedDate":"2022-04-15"},{"lineNumber":55,"author":{"gitId":"S-QUAN86"},"content":"        String[] at \u003d (dl[1].split(\" \", 2));","lastModifiedDate":"2022-04-15"},{"lineNumber":56,"author":{"gitId":"S-QUAN86"},"content":"        try {","lastModifiedDate":"2022-04-15"},{"lineNumber":57,"author":{"gitId":"S-QUAN86"},"content":"            task.add(count, new Event(dl[0].trim(), Date(at[1])));","lastModifiedDate":"2022-04-15"},{"lineNumber":58,"author":{"gitId":"S-QUAN86"},"content":"            if(addTask) {","lastModifiedDate":"2022-04-15"},{"lineNumber":59,"author":{"gitId":"S-QUAN86"},"content":"","lastModifiedDate":"2022-04-15"},{"lineNumber":60,"author":{"gitId":"S-QUAN86"},"content":"                printAdded(task.get(count).toString());","lastModifiedDate":"2022-04-15"},{"lineNumber":61,"author":{"gitId":"S-QUAN86"},"content":"            }","lastModifiedDate":"2022-04-15"},{"lineNumber":62,"author":{"gitId":"S-QUAN86"},"content":"            count++;","lastModifiedDate":"2022-04-15"},{"lineNumber":63,"author":{"gitId":"S-QUAN86"},"content":"        } catch (RuntimeException e) {","lastModifiedDate":"2022-04-15"},{"lineNumber":64,"author":{"gitId":"S-QUAN86"},"content":"            throw new MissDescException(type);","lastModifiedDate":"2022-04-15"},{"lineNumber":65,"author":{"gitId":"S-QUAN86"},"content":"        }","lastModifiedDate":"2022-04-15"},{"lineNumber":66,"author":{"gitId":"S-QUAN86"},"content":"    }","lastModifiedDate":"2022-04-15"},{"lineNumber":67,"author":{"gitId":"S-QUAN86"},"content":"","lastModifiedDate":"2022-04-15"},{"lineNumber":68,"author":{"gitId":"S-QUAN86"},"content":"    public static void Deadline(String enter, boolean addTask) throws Exception {","lastModifiedDate":"2022-04-15"},{"lineNumber":69,"author":{"gitId":"S-QUAN86"},"content":"        String[] _enter \u003d enter.split(\" \", 2);","lastModifiedDate":"2022-04-15"},{"lineNumber":70,"author":{"gitId":"S-QUAN86"},"content":"        String type \u003d (_enter[0]).trim();","lastModifiedDate":"2022-04-15"},{"lineNumber":71,"author":{"gitId":"S-QUAN86"},"content":"        String[] dl \u003d _enter[1].split(\"/\");","lastModifiedDate":"2022-04-15"},{"lineNumber":72,"author":{"gitId":"S-QUAN86"},"content":"        String[] by \u003d (dl[1].split(\" \", 2));","lastModifiedDate":"2022-04-15"},{"lineNumber":73,"author":{"gitId":"S-QUAN86"},"content":"        try {","lastModifiedDate":"2022-04-15"},{"lineNumber":74,"author":{"gitId":"S-QUAN86"},"content":"            task.add(count, new Deadline((dl[0]).trim(), Date(by[1])));","lastModifiedDate":"2022-04-15"},{"lineNumber":75,"author":{"gitId":"S-QUAN86"},"content":"            if(addTask) {","lastModifiedDate":"2022-04-15"},{"lineNumber":76,"author":{"gitId":"S-QUAN86"},"content":"                printAdded(task.get(count).toString());","lastModifiedDate":"2022-04-15"},{"lineNumber":77,"author":{"gitId":"S-QUAN86"},"content":"            }","lastModifiedDate":"2022-04-15"},{"lineNumber":78,"author":{"gitId":"S-QUAN86"},"content":"            count++;","lastModifiedDate":"2022-04-15"},{"lineNumber":79,"author":{"gitId":"S-QUAN86"},"content":"        } catch (RuntimeException e) {","lastModifiedDate":"2022-04-15"},{"lineNumber":80,"author":{"gitId":"S-QUAN86"},"content":"            throw new MissDescException(type);","lastModifiedDate":"2022-04-15"},{"lineNumber":81,"author":{"gitId":"S-QUAN86"},"content":"        }","lastModifiedDate":"2022-04-15"},{"lineNumber":82,"author":{"gitId":"S-QUAN86"},"content":"    }","lastModifiedDate":"2022-04-15"},{"lineNumber":83,"author":{"gitId":"S-QUAN86"},"content":"","lastModifiedDate":"2022-04-15"},{"lineNumber":84,"author":{"gitId":"S-QUAN86"},"content":"    public static void Done(String enter) throws Exception {","lastModifiedDate":"2022-04-15"},{"lineNumber":85,"author":{"gitId":"S-QUAN86"},"content":"        String[] _enter \u003d enter.split(\" \", 2);","lastModifiedDate":"2022-04-15"},{"lineNumber":86,"author":{"gitId":"S-QUAN86"},"content":"        String type \u003d (_enter[0]).trim().toLowerCase();","lastModifiedDate":"2022-04-15"},{"lineNumber":87,"author":{"gitId":"S-QUAN86"},"content":"        String _type \u003d type;","lastModifiedDate":"2022-04-15"},{"lineNumber":88,"author":{"gitId":"S-QUAN86"},"content":"        switch (type){","lastModifiedDate":"2022-04-15"},{"lineNumber":89,"author":{"gitId":"S-QUAN86"},"content":"            case \"todo\":","lastModifiedDate":"2022-04-15"},{"lineNumber":90,"author":{"gitId":"S-QUAN86"},"content":"                _type \u003d \"T\"; break;","lastModifiedDate":"2022-04-15"},{"lineNumber":91,"author":{"gitId":"S-QUAN86"},"content":"            case \"deadline\":","lastModifiedDate":"2022-04-15"},{"lineNumber":92,"author":{"gitId":"S-QUAN86"},"content":"                _type \u003d \"D\"; break;","lastModifiedDate":"2022-04-15"},{"lineNumber":93,"author":{"gitId":"S-QUAN86"},"content":"            case \"event\":","lastModifiedDate":"2022-04-15"},{"lineNumber":94,"author":{"gitId":"S-QUAN86"},"content":"                _type \u003d \"E\";","lastModifiedDate":"2022-04-15"},{"lineNumber":95,"author":{"gitId":"S-QUAN86"},"content":"        }","lastModifiedDate":"2022-04-15"},{"lineNumber":96,"author":{"gitId":"S-QUAN86"},"content":"        int taskNum;","lastModifiedDate":"2022-04-15"},{"lineNumber":97,"author":{"gitId":"S-QUAN86"},"content":"        try {","lastModifiedDate":"2022-04-15"},{"lineNumber":98,"author":{"gitId":"S-QUAN86"},"content":"            taskNum \u003d Integer.parseInt(_enter[1]);","lastModifiedDate":"2022-04-15"},{"lineNumber":99,"author":{"gitId":"S-QUAN86"},"content":"        } catch (NumberFormatException e) {","lastModifiedDate":"2022-04-15"},{"lineNumber":100,"author":{"gitId":"S-QUAN86"},"content":"            throw new DukeException(\"Invalid number\");","lastModifiedDate":"2022-04-15"},{"lineNumber":101,"author":{"gitId":"S-QUAN86"},"content":"        }","lastModifiedDate":"2022-04-15"},{"lineNumber":102,"author":{"gitId":"S-QUAN86"},"content":"        if (taskNum \u003e count)","lastModifiedDate":"2022-04-15"},{"lineNumber":103,"author":{"gitId":"S-QUAN86"},"content":"            System.out.println(\"Invalid task number\");","lastModifiedDate":"2022-04-15"},{"lineNumber":104,"author":{"gitId":"S-QUAN86"},"content":"        task.get(taskNum - 1).markAsDone();","lastModifiedDate":"2022-04-15"},{"lineNumber":105,"author":{"gitId":"S-QUAN86"},"content":"        System.out.println(ln + System.lineSeparator() +","lastModifiedDate":"2022-04-15"},{"lineNumber":106,"author":{"gitId":"S-QUAN86"},"content":"                \"Nice! I\u0027ve marked this task as done:\"","lastModifiedDate":"2022-04-15"},{"lineNumber":107,"author":{"gitId":"S-QUAN86"},"content":"                + System.lineSeparator() + (taskNum)","lastModifiedDate":"2022-04-15"},{"lineNumber":108,"author":{"gitId":"S-QUAN86"},"content":"                + \". [\" + _type + \"]\"+\" [\" + task.get(taskNum - 1).getStatusIcon() + \"] \"","lastModifiedDate":"2022-04-15"},{"lineNumber":109,"author":{"gitId":"S-QUAN86"},"content":"                + task.get(taskNum - 1).getDescription()","lastModifiedDate":"2022-04-15"},{"lineNumber":110,"author":{"gitId":"S-QUAN86"},"content":"                + System.lineSeparator()","lastModifiedDate":"2022-04-15"},{"lineNumber":111,"author":{"gitId":"S-QUAN86"},"content":"                + ln);","lastModifiedDate":"2022-04-15"},{"lineNumber":112,"author":{"gitId":"S-QUAN86"},"content":"    }","lastModifiedDate":"2022-04-15"},{"lineNumber":113,"author":{"gitId":"S-QUAN86"},"content":"","lastModifiedDate":"2022-04-15"},{"lineNumber":114,"author":{"gitId":"S-QUAN86"},"content":"    public static void Delete(String enter) throws Exception {","lastModifiedDate":"2022-04-15"},{"lineNumber":115,"author":{"gitId":"S-QUAN86"},"content":"        String[] _enter \u003d enter.split(\" \", 2);","lastModifiedDate":"2022-04-15"},{"lineNumber":116,"author":{"gitId":"S-QUAN86"},"content":"        int numTask;","lastModifiedDate":"2022-04-15"},{"lineNumber":117,"author":{"gitId":"S-QUAN86"},"content":"        try {","lastModifiedDate":"2022-04-15"},{"lineNumber":118,"author":{"gitId":"S-QUAN86"},"content":"            numTask \u003d Integer.parseInt(_enter[1]);","lastModifiedDate":"2022-04-15"},{"lineNumber":119,"author":{"gitId":"S-QUAN86"},"content":"        } catch (NumberFormatException e) {","lastModifiedDate":"2022-04-15"},{"lineNumber":120,"author":{"gitId":"S-QUAN86"},"content":"            throw new DukeException(\"Invalid number\");","lastModifiedDate":"2022-04-15"},{"lineNumber":121,"author":{"gitId":"S-QUAN86"},"content":"        }","lastModifiedDate":"2022-04-15"},{"lineNumber":122,"author":{"gitId":"S-QUAN86"},"content":"        if (numTask \u003e count)","lastModifiedDate":"2022-04-15"},{"lineNumber":123,"author":{"gitId":"S-QUAN86"},"content":"            throw new DukeException(\"Invalid task number\");","lastModifiedDate":"2022-04-15"},{"lineNumber":124,"author":{"gitId":"S-QUAN86"},"content":"        System.out.println(ln + System.lineSeparator()","lastModifiedDate":"2022-04-15"},{"lineNumber":125,"author":{"gitId":"S-QUAN86"},"content":"                + \"Noted. I\u0027ve removed this task: \"","lastModifiedDate":"2022-04-15"},{"lineNumber":126,"author":{"gitId":"S-QUAN86"},"content":"                + System.lineSeparator() + \" [\"","lastModifiedDate":"2022-04-15"},{"lineNumber":127,"author":{"gitId":"S-QUAN86"},"content":"                + task.get(numTask - 1).getStatusIcon() + \"] \"","lastModifiedDate":"2022-04-15"},{"lineNumber":128,"author":{"gitId":"S-QUAN86"},"content":"                + task.get(numTask - 1).getDescription());","lastModifiedDate":"2022-04-15"},{"lineNumber":129,"author":{"gitId":"S-QUAN86"},"content":"        task.remove(numTask - 1);","lastModifiedDate":"2022-04-15"},{"lineNumber":130,"author":{"gitId":"S-QUAN86"},"content":"        count--;","lastModifiedDate":"2022-04-15"},{"lineNumber":131,"author":{"gitId":"S-QUAN86"},"content":"        printList();","lastModifiedDate":"2022-04-15"},{"lineNumber":132,"author":{"gitId":"S-QUAN86"},"content":"        System.out.println(\"Now you have \" + count + \" tasks in the list.\");","lastModifiedDate":"2022-04-15"},{"lineNumber":133,"author":{"gitId":"S-QUAN86"},"content":"        System.out.println(ln);","lastModifiedDate":"2022-04-15"},{"lineNumber":134,"author":{"gitId":"S-QUAN86"},"content":"    }","lastModifiedDate":"2022-04-15"},{"lineNumber":135,"author":{"gitId":"S-QUAN86"},"content":"","lastModifiedDate":"2022-04-15"},{"lineNumber":136,"author":{"gitId":"S-QUAN86"},"content":"    public static void Find (String input) throws Exception {","lastModifiedDate":"2022-04-15"},{"lineNumber":137,"author":{"gitId":"S-QUAN86"},"content":"        String[] _enter \u003d input.split(\" \", 2);","lastModifiedDate":"2022-04-15"},{"lineNumber":138,"author":{"gitId":"S-QUAN86"},"content":"        if(_enter[1].equals(\"\")) {","lastModifiedDate":"2022-04-15"},{"lineNumber":139,"author":{"gitId":"S-QUAN86"},"content":"            System.out.println(ln + \"Key \"+_enter[1]+\" not found.\");","lastModifiedDate":"2022-04-15"},{"lineNumber":140,"author":{"gitId":"S-QUAN86"},"content":"        } else {","lastModifiedDate":"2022-04-15"},{"lineNumber":141,"author":{"gitId":"S-QUAN86"},"content":"            try {","lastModifiedDate":"2022-04-15"},{"lineNumber":142,"author":{"gitId":"S-QUAN86"},"content":"                PrintWithKey(_enter[1]);","lastModifiedDate":"2022-04-15"},{"lineNumber":143,"author":{"gitId":"S-QUAN86"},"content":"            } catch (NumberFormatException e) {","lastModifiedDate":"2022-04-15"},{"lineNumber":144,"author":{"gitId":"S-QUAN86"},"content":"                throw new DukeException(\"Invalid number\");","lastModifiedDate":"2022-04-15"},{"lineNumber":145,"author":{"gitId":"S-QUAN86"},"content":"            }","lastModifiedDate":"2022-04-15"},{"lineNumber":146,"author":{"gitId":"S-QUAN86"},"content":"        }","lastModifiedDate":"2022-04-15"},{"lineNumber":147,"author":{"gitId":"S-QUAN86"},"content":"        System.out.println(ln);","lastModifiedDate":"2022-04-15"},{"lineNumber":148,"author":{"gitId":"S-QUAN86"},"content":"    }","lastModifiedDate":"2022-04-15"},{"lineNumber":149,"author":{"gitId":"S-QUAN86"},"content":"","lastModifiedDate":"2022-04-15"},{"lineNumber":150,"author":{"gitId":"S-QUAN86"},"content":"    public static void printList() {","lastModifiedDate":"2022-04-15"},{"lineNumber":151,"author":{"gitId":"S-QUAN86"},"content":"        if (count \u003d\u003d 0){","lastModifiedDate":"2022-04-15"},{"lineNumber":152,"author":{"gitId":"S-QUAN86"},"content":"            System.out.println(\"You don\u0027t have any task\\n\" + \"Please add your task\");","lastModifiedDate":"2022-04-15"},{"lineNumber":153,"author":{"gitId":"S-QUAN86"},"content":"        }","lastModifiedDate":"2022-04-15"},{"lineNumber":154,"author":{"gitId":"S-QUAN86"},"content":"        else{","lastModifiedDate":"2022-04-15"},{"lineNumber":155,"author":{"gitId":"S-QUAN86"},"content":"            System.out.println(ln +  System.lineSeparator() +\"Here are the tasks in your list:\");","lastModifiedDate":"2022-04-15"},{"lineNumber":156,"author":{"gitId":"S-QUAN86"},"content":"            for (int i \u003d 0; i \u003c count; i++) {","lastModifiedDate":"2022-04-15"},{"lineNumber":157,"author":{"gitId":"S-QUAN86"},"content":"                System.out.println((i+1)+\". \"+task.get(i).toString());","lastModifiedDate":"2022-04-15"},{"lineNumber":158,"author":{"gitId":"S-QUAN86"},"content":"                i++;","lastModifiedDate":"2022-04-15"},{"lineNumber":159,"author":{"gitId":"S-QUAN86"},"content":"            }","lastModifiedDate":"2022-04-15"},{"lineNumber":160,"author":{"gitId":"S-QUAN86"},"content":"        }","lastModifiedDate":"2022-04-15"},{"lineNumber":161,"author":{"gitId":"S-QUAN86"},"content":"    }","lastModifiedDate":"2022-04-15"},{"lineNumber":162,"author":{"gitId":"S-QUAN86"},"content":"","lastModifiedDate":"2022-04-15"},{"lineNumber":163,"author":{"gitId":"S-QUAN86"},"content":"    public static void PrintWithKey(String keyword) {","lastModifiedDate":"2022-04-15"},{"lineNumber":164,"author":{"gitId":"S-QUAN86"},"content":"        int numTask \u003d 1;","lastModifiedDate":"2022-04-15"},{"lineNumber":165,"author":{"gitId":"S-QUAN86"},"content":"        for (int a \u003d 0; a \u003c count; a++) {","lastModifiedDate":"2022-04-15"},{"lineNumber":166,"author":{"gitId":"S-QUAN86"},"content":"            String item \u003d task.get(a).getDescription();","lastModifiedDate":"2022-04-15"},{"lineNumber":167,"author":{"gitId":"S-QUAN86"},"content":"            if(item.toLowerCase().contains(keyword.toLowerCase())) {","lastModifiedDate":"2022-04-15"},{"lineNumber":168,"author":{"gitId":"S-QUAN86"},"content":"                System.out.println(numTask+\". \"+task.get(a).toString());","lastModifiedDate":"2022-04-15"},{"lineNumber":169,"author":{"gitId":"S-QUAN86"},"content":"                numTask++;","lastModifiedDate":"2022-04-15"},{"lineNumber":170,"author":{"gitId":"S-QUAN86"},"content":"            }","lastModifiedDate":"2022-04-15"},{"lineNumber":171,"author":{"gitId":"S-QUAN86"},"content":"        }","lastModifiedDate":"2022-04-15"},{"lineNumber":172,"author":{"gitId":"S-QUAN86"},"content":"        if(numTask\u003d\u003d1)","lastModifiedDate":"2022-04-15"},{"lineNumber":173,"author":{"gitId":"S-QUAN86"},"content":"            System.out.println(\"You don\u0027t have any task list\");","lastModifiedDate":"2022-04-15"},{"lineNumber":174,"author":{"gitId":"S-QUAN86"},"content":"    }","lastModifiedDate":"2022-04-15"},{"lineNumber":175,"author":{"gitId":"S-QUAN86"},"content":"","lastModifiedDate":"2022-04-15"},{"lineNumber":176,"author":{"gitId":"S-QUAN86"},"content":"    public static LocalDate Date(String msg) {","lastModifiedDate":"2022-04-15"},{"lineNumber":177,"author":{"gitId":"S-QUAN86"},"content":"        return LocalDate.parse(msg.trim());","lastModifiedDate":"2022-04-15"},{"lineNumber":178,"author":{"gitId":"S-QUAN86"},"content":"    }","lastModifiedDate":"2022-04-15"},{"lineNumber":179,"author":{"gitId":"S-QUAN86"},"content":"","lastModifiedDate":"2022-04-15"},{"lineNumber":180,"author":{"gitId":"S-QUAN86"},"content":"    public static void fileScanner(String enter, boolean addTask) throws Exception {","lastModifiedDate":"2022-04-15"},{"lineNumber":181,"author":{"gitId":"S-QUAN86"},"content":"        String[] _enter \u003d enter.split(\" \", 2);","lastModifiedDate":"2022-04-15"},{"lineNumber":182,"author":{"gitId":"S-QUAN86"},"content":"        String type \u003d (_enter[0]).trim();","lastModifiedDate":"2022-04-15"},{"lineNumber":183,"author":{"gitId":"S-QUAN86"},"content":"","lastModifiedDate":"2022-04-15"},{"lineNumber":184,"author":{"gitId":"S-QUAN86"},"content":"        if (enter.length() \u003d\u003d 0) {","lastModifiedDate":"2022-04-15"},{"lineNumber":185,"author":{"gitId":"S-QUAN86"},"content":"            throw new DukeException(\"Invalid input\");","lastModifiedDate":"2022-04-15"},{"lineNumber":186,"author":{"gitId":"S-QUAN86"},"content":"        }","lastModifiedDate":"2022-04-15"},{"lineNumber":187,"author":{"gitId":"S-QUAN86"},"content":"        switch (type) {","lastModifiedDate":"2022-04-15"},{"lineNumber":188,"author":{"gitId":"S-QUAN86"},"content":"            case \"bye\": {","lastModifiedDate":"2022-04-15"},{"lineNumber":189,"author":{"gitId":"S-QUAN86"},"content":"                Exit();","lastModifiedDate":"2022-04-15"},{"lineNumber":190,"author":{"gitId":"S-QUAN86"},"content":"            }","lastModifiedDate":"2022-04-15"},{"lineNumber":191,"author":{"gitId":"S-QUAN86"},"content":"            break;","lastModifiedDate":"2022-04-15"},{"lineNumber":192,"author":{"gitId":"S-QUAN86"},"content":"            case \"todo\": {","lastModifiedDate":"2022-04-15"},{"lineNumber":193,"author":{"gitId":"S-QUAN86"},"content":"                toDo(enter, addTask);","lastModifiedDate":"2022-04-15"},{"lineNumber":194,"author":{"gitId":"S-QUAN86"},"content":"            }","lastModifiedDate":"2022-04-15"},{"lineNumber":195,"author":{"gitId":"S-QUAN86"},"content":"            break;","lastModifiedDate":"2022-04-15"},{"lineNumber":196,"author":{"gitId":"S-QUAN86"},"content":"            case \"event\": {","lastModifiedDate":"2022-04-15"},{"lineNumber":197,"author":{"gitId":"S-QUAN86"},"content":"                Event(enter, addTask);","lastModifiedDate":"2022-04-15"},{"lineNumber":198,"author":{"gitId":"S-QUAN86"},"content":"            }","lastModifiedDate":"2022-04-15"},{"lineNumber":199,"author":{"gitId":"S-QUAN86"},"content":"            break;","lastModifiedDate":"2022-04-15"},{"lineNumber":200,"author":{"gitId":"S-QUAN86"},"content":"            case \"done\": {","lastModifiedDate":"2022-04-15"},{"lineNumber":201,"author":{"gitId":"S-QUAN86"},"content":"                Done(enter);","lastModifiedDate":"2022-04-15"},{"lineNumber":202,"author":{"gitId":"S-QUAN86"},"content":"            }","lastModifiedDate":"2022-04-15"},{"lineNumber":203,"author":{"gitId":"S-QUAN86"},"content":"            break;","lastModifiedDate":"2022-04-15"},{"lineNumber":204,"author":{"gitId":"S-QUAN86"},"content":"            case \"deadline\": {","lastModifiedDate":"2022-04-15"},{"lineNumber":205,"author":{"gitId":"S-QUAN86"},"content":"                Deadline(enter, addTask);","lastModifiedDate":"2022-04-15"},{"lineNumber":206,"author":{"gitId":"S-QUAN86"},"content":"            }","lastModifiedDate":"2022-04-15"},{"lineNumber":207,"author":{"gitId":"S-QUAN86"},"content":"            break;","lastModifiedDate":"2022-04-15"},{"lineNumber":208,"author":{"gitId":"S-QUAN86"},"content":"            case \"delete\": {","lastModifiedDate":"2022-04-15"},{"lineNumber":209,"author":{"gitId":"S-QUAN86"},"content":"                Delete(enter);","lastModifiedDate":"2022-04-15"},{"lineNumber":210,"author":{"gitId":"S-QUAN86"},"content":"            }","lastModifiedDate":"2022-04-15"},{"lineNumber":211,"author":{"gitId":"S-QUAN86"},"content":"            break;","lastModifiedDate":"2022-04-15"},{"lineNumber":212,"author":{"gitId":"S-QUAN86"},"content":"            case \"list\": {","lastModifiedDate":"2022-04-15"},{"lineNumber":213,"author":{"gitId":"S-QUAN86"},"content":"                printList();","lastModifiedDate":"2022-04-15"},{"lineNumber":214,"author":{"gitId":"S-QUAN86"},"content":"            }","lastModifiedDate":"2022-04-15"},{"lineNumber":215,"author":{"gitId":"S-QUAN86"},"content":"            break;","lastModifiedDate":"2022-04-15"},{"lineNumber":216,"author":{"gitId":"S-QUAN86"},"content":"            case \"find\": {","lastModifiedDate":"2022-04-15"},{"lineNumber":217,"author":{"gitId":"S-QUAN86"},"content":"                Find(enter);","lastModifiedDate":"2022-04-15"},{"lineNumber":218,"author":{"gitId":"S-QUAN86"},"content":"            }","lastModifiedDate":"2022-04-15"},{"lineNumber":219,"author":{"gitId":"S-QUAN86"},"content":"            break;","lastModifiedDate":"2022-04-15"},{"lineNumber":220,"author":{"gitId":"S-QUAN86"},"content":"            default: {","lastModifiedDate":"2022-04-15"},{"lineNumber":221,"author":{"gitId":"S-QUAN86"},"content":"                throw new DukeException(\"\");","lastModifiedDate":"2022-04-15"},{"lineNumber":222,"author":{"gitId":"S-QUAN86"},"content":"            }","lastModifiedDate":"2022-04-15"},{"lineNumber":223,"author":{"gitId":"S-QUAN86"},"content":"        }","lastModifiedDate":"2022-04-15"},{"lineNumber":224,"author":{"gitId":"S-QUAN86"},"content":"    }","lastModifiedDate":"2022-04-15"},{"lineNumber":225,"author":{"gitId":"S-QUAN86"},"content":"","lastModifiedDate":"2022-04-15"},{"lineNumber":226,"author":{"gitId":"S-QUAN86"},"content":"    public static void main() throws Exception {","lastModifiedDate":"2022-04-15"},{"lineNumber":227,"author":{"gitId":"S-QUAN86"},"content":"","lastModifiedDate":"2022-04-15"},{"lineNumber":228,"author":{"gitId":"S-QUAN86"},"content":"        while (iDuke) {","lastModifiedDate":"2022-04-15"},{"lineNumber":229,"author":{"gitId":"S-QUAN86"},"content":"            try {","lastModifiedDate":"2022-04-15"},{"lineNumber":230,"author":{"gitId":"S-QUAN86"},"content":"                run();","lastModifiedDate":"2022-04-15"},{"lineNumber":231,"author":{"gitId":"S-QUAN86"},"content":"            } catch (Exception e) {","lastModifiedDate":"2022-04-15"},{"lineNumber":232,"author":{"gitId":"S-QUAN86"},"content":"               new MySiri();","lastModifiedDate":"2022-04-15"},{"lineNumber":233,"author":{"gitId":"S-QUAN86"},"content":"            }","lastModifiedDate":"2022-04-15"},{"lineNumber":234,"author":{"gitId":"S-QUAN86"},"content":"        }","lastModifiedDate":"2022-04-15"},{"lineNumber":235,"author":{"gitId":"S-QUAN86"},"content":"    }","lastModifiedDate":"2022-04-15"},{"lineNumber":236,"author":{"gitId":"S-QUAN86"},"content":"}","lastModifiedDate":"2022-04-15"}],"authorContributionMap":{"S-QUAN86":236}},{"path":"src/main/java/Storage.java","fileType":"java","lines":[{"lineNumber":1,"author":{"gitId":"S-QUAN86"},"content":"import java.io.*;","lastModifiedDate":"2022-04-15"},{"lineNumber":2,"author":{"gitId":"S-QUAN86"},"content":"import java.util.*;","lastModifiedDate":"2022-04-15"},{"lineNumber":3,"author":{"gitId":"S-QUAN86"},"content":"","lastModifiedDate":"2022-04-15"},{"lineNumber":4,"author":{"gitId":"S-QUAN86"},"content":"public class Storage extends Duke{","lastModifiedDate":"2022-04-15"},{"lineNumber":5,"author":{"gitId":"S-QUAN86"},"content":"","lastModifiedDate":"2022-04-15"},{"lineNumber":6,"author":{"gitId":"S-QUAN86"},"content":"    private static final String path \u003d \"C:/Users/wangs/Documents/duke/data\";","lastModifiedDate":"2022-04-15"},{"lineNumber":7,"author":{"gitId":"S-QUAN86"},"content":"    private static final String filename \u003d \"duke.txt\";","lastModifiedDate":"2022-04-15"},{"lineNumber":8,"author":{"gitId":"S-QUAN86"},"content":"    private static final String filePath \u003d path + filename;","lastModifiedDate":"2022-04-15"},{"lineNumber":9,"author":{"gitId":"S-QUAN86"},"content":"","lastModifiedDate":"2022-04-15"},{"lineNumber":10,"author":{"gitId":"S-QUAN86"},"content":"    public static void main() throws Exception {","lastModifiedDate":"2022-04-15"},{"lineNumber":11,"author":{"gitId":"S-QUAN86"},"content":"        checkFile();","lastModifiedDate":"2022-04-15"},{"lineNumber":12,"author":{"gitId":"S-QUAN86"},"content":"        readFile();","lastModifiedDate":"2022-04-15"},{"lineNumber":13,"author":{"gitId":"S-QUAN86"},"content":"    }","lastModifiedDate":"2022-04-15"},{"lineNumber":14,"author":{"gitId":"S-QUAN86"},"content":"    /**","lastModifiedDate":"2022-04-15"},{"lineNumber":15,"author":{"gitId":"S-QUAN86"},"content":"     * This method checks if duke.txt is there.","lastModifiedDate":"2022-04-15"},{"lineNumber":16,"author":{"gitId":"S-QUAN86"},"content":"     * If It\u0027s not there, it will create folder and file automatically.","lastModifiedDate":"2022-04-15"},{"lineNumber":17,"author":{"gitId":"S-QUAN86"},"content":"     * @throws IOException","lastModifiedDate":"2022-04-15"},{"lineNumber":18,"author":{"gitId":"S-QUAN86"},"content":"     */","lastModifiedDate":"2022-04-15"},{"lineNumber":19,"author":{"gitId":"S-QUAN86"},"content":"    public static void checkFile() throws IOException {","lastModifiedDate":"2022-04-15"},{"lineNumber":20,"author":{"gitId":"S-QUAN86"},"content":"        File dir \u003d new File(path);","lastModifiedDate":"2022-04-15"},{"lineNumber":21,"author":{"gitId":"S-QUAN86"},"content":"        if (!dir.exists()) {","lastModifiedDate":"2022-04-15"},{"lineNumber":22,"author":{"gitId":"S-QUAN86"},"content":"            dir.mkdirs();","lastModifiedDate":"2022-04-15"},{"lineNumber":23,"author":{"gitId":"S-QUAN86"},"content":"        }","lastModifiedDate":"2022-04-15"},{"lineNumber":24,"author":{"gitId":"S-QUAN86"},"content":"        File file \u003d new File(filePath);","lastModifiedDate":"2022-04-15"},{"lineNumber":25,"author":{"gitId":"S-QUAN86"},"content":"        if (!file.exists())","lastModifiedDate":"2022-04-15"},{"lineNumber":26,"author":{"gitId":"S-QUAN86"},"content":"            file.createNewFile();","lastModifiedDate":"2022-04-15"},{"lineNumber":27,"author":{"gitId":"S-QUAN86"},"content":"    }","lastModifiedDate":"2022-04-15"},{"lineNumber":28,"author":{"gitId":"S-QUAN86"},"content":"    /**","lastModifiedDate":"2022-04-15"},{"lineNumber":29,"author":{"gitId":"S-QUAN86"},"content":"     * This method reads duke.txt, load and prints previous tasks.","lastModifiedDate":"2022-04-15"},{"lineNumber":30,"author":{"gitId":"S-QUAN86"},"content":"     * @throws MissDescException","lastModifiedDate":"2022-04-15"},{"lineNumber":31,"author":{"gitId":"S-QUAN86"},"content":"     * @throws IOException","lastModifiedDate":"2022-04-15"},{"lineNumber":32,"author":{"gitId":"S-QUAN86"},"content":"     */","lastModifiedDate":"2022-04-15"},{"lineNumber":33,"author":{"gitId":"S-QUAN86"},"content":"    public static void readFile() throws Exception {","lastModifiedDate":"2022-04-15"},{"lineNumber":34,"author":{"gitId":"S-QUAN86"},"content":"        try {","lastModifiedDate":"2022-04-15"},{"lineNumber":35,"author":{"gitId":"S-QUAN86"},"content":"            System.out.println(System.lineSeparator()+","lastModifiedDate":"2022-04-15"},{"lineNumber":36,"author":{"gitId":"S-QUAN86"},"content":"                    \"Here is your Existing List\");","lastModifiedDate":"2022-04-15"},{"lineNumber":37,"author":{"gitId":"S-QUAN86"},"content":"            Scanner in \u003d new Scanner(new File(filePath));","lastModifiedDate":"2022-04-15"},{"lineNumber":38,"author":{"gitId":"S-QUAN86"},"content":"            while (in.hasNext()) {","lastModifiedDate":"2022-04-15"},{"lineNumber":39,"author":{"gitId":"S-QUAN86"},"content":"                String str \u003d in.nextLine();","lastModifiedDate":"2022-04-15"},{"lineNumber":40,"author":{"gitId":"S-QUAN86"},"content":"                if (str.length() \u003e 0) {","lastModifiedDate":"2022-04-15"},{"lineNumber":41,"author":{"gitId":"S-QUAN86"},"content":"                    MySiri.fileScanner(str, false);","lastModifiedDate":"2022-04-15"},{"lineNumber":42,"author":{"gitId":"S-QUAN86"},"content":"                    MySiri.printList();","lastModifiedDate":"2022-04-15"},{"lineNumber":43,"author":{"gitId":"S-QUAN86"},"content":"                }","lastModifiedDate":"2022-04-15"},{"lineNumber":44,"author":{"gitId":"S-QUAN86"},"content":"            }","lastModifiedDate":"2022-04-15"},{"lineNumber":45,"author":{"gitId":"S-QUAN86"},"content":"        } catch (FileNotFoundException e) {","lastModifiedDate":"2022-04-15"},{"lineNumber":46,"author":{"gitId":"S-QUAN86"},"content":"            e.printStackTrace();","lastModifiedDate":"2022-04-15"},{"lineNumber":47,"author":{"gitId":"S-QUAN86"},"content":"        }","lastModifiedDate":"2022-04-15"},{"lineNumber":48,"author":{"gitId":"S-QUAN86"},"content":"    }","lastModifiedDate":"2022-04-15"},{"lineNumber":49,"author":{"gitId":"S-QUAN86"},"content":"","lastModifiedDate":"2022-04-15"},{"lineNumber":50,"author":{"gitId":"S-QUAN86"},"content":"    public static void saveFile() throws Exception {","lastModifiedDate":"2022-04-15"},{"lineNumber":51,"author":{"gitId":"S-QUAN86"},"content":"        PrintWriter prw \u003d new PrintWriter(filePath);","lastModifiedDate":"2022-04-15"},{"lineNumber":52,"author":{"gitId":"S-QUAN86"},"content":"        StringBuilder inputs \u003d new StringBuilder();","lastModifiedDate":"2022-04-15"},{"lineNumber":53,"author":{"gitId":"S-QUAN86"},"content":"        for (Task t : MySiri.task) {","lastModifiedDate":"2022-04-15"},{"lineNumber":54,"author":{"gitId":"S-QUAN86"},"content":"            inputs.append(t.getDescription()).append(System.lineSeparator());","lastModifiedDate":"2022-04-15"},{"lineNumber":55,"author":{"gitId":"S-QUAN86"},"content":"        }","lastModifiedDate":"2022-04-15"},{"lineNumber":56,"author":{"gitId":"S-QUAN86"},"content":"        prw.println(inputs);","lastModifiedDate":"2022-04-15"},{"lineNumber":57,"author":{"gitId":"S-QUAN86"},"content":"        prw.close();","lastModifiedDate":"2022-04-15"},{"lineNumber":58,"author":{"gitId":"S-QUAN86"},"content":"    }","lastModifiedDate":"2022-04-15"},{"lineNumber":59,"author":{"gitId":"S-QUAN86"},"content":"}","lastModifiedDate":"2022-04-15"}],"authorContributionMap":{"S-QUAN86":59}},{"path":"src/main/java/Task.java","fileType":"java","lines":[{"lineNumber":1,"author":{"gitId":"S-QUAN86"},"content":"import java.time.*;","lastModifiedDate":"2022-04-15"},{"lineNumber":2,"author":{"gitId":"S-QUAN86"},"content":"","lastModifiedDate":"2022-04-15"},{"lineNumber":3,"author":{"gitId":"S-QUAN86"},"content":"/**","lastModifiedDate":"2022-04-15"},{"lineNumber":4,"author":{"gitId":"S-QUAN86"},"content":" * This is the main class for all task types.","lastModifiedDate":"2022-04-15"},{"lineNumber":5,"author":{"gitId":"S-QUAN86"},"content":" * It is also the default class for type \u0027todo\u0027.","lastModifiedDate":"2022-04-15"},{"lineNumber":6,"author":{"gitId":"S-QUAN86"},"content":" */","lastModifiedDate":"2022-04-15"},{"lineNumber":7,"author":{"gitId":"S-QUAN86"},"content":"","lastModifiedDate":"2022-04-15"},{"lineNumber":8,"author":{"gitId":"S-QUAN86"},"content":"public class Task {","lastModifiedDate":"2022-04-14"},{"lineNumber":9,"author":{"gitId":"S-QUAN86"},"content":"    protected String description;","lastModifiedDate":"2022-02-17"},{"lineNumber":10,"author":{"gitId":"S-QUAN86"},"content":"    protected String enter;","lastModifiedDate":"2022-04-15"},{"lineNumber":11,"author":{"gitId":"S-QUAN86"},"content":"    protected boolean isDone;","lastModifiedDate":"2022-02-17"},{"lineNumber":12,"author":{"gitId":"S-QUAN86"},"content":"","lastModifiedDate":"2022-02-17"},{"lineNumber":13,"author":{"gitId":"S-QUAN86"},"content":"    public Task(String description) {","lastModifiedDate":"2022-04-15"},{"lineNumber":14,"author":{"gitId":"S-QUAN86"},"content":"        this.description \u003d description;","lastModifiedDate":"2022-02-17"},{"lineNumber":15,"author":{"gitId":"S-QUAN86"},"content":"        this.isDone \u003d false;","lastModifiedDate":"2022-02-17"},{"lineNumber":16,"author":{"gitId":"S-QUAN86"},"content":"    }","lastModifiedDate":"2022-02-17"},{"lineNumber":17,"author":{"gitId":"S-QUAN86"},"content":"","lastModifiedDate":"2022-02-17"},{"lineNumber":18,"author":{"gitId":"S-QUAN86"},"content":"    public void markAsDone() {","lastModifiedDate":"2022-02-17"},{"lineNumber":19,"author":{"gitId":"S-QUAN86"},"content":"        this.isDone \u003d true;","lastModifiedDate":"2022-02-17"},{"lineNumber":20,"author":{"gitId":"S-QUAN86"},"content":"    }","lastModifiedDate":"2022-02-17"},{"lineNumber":21,"author":{"gitId":"S-QUAN86"},"content":"","lastModifiedDate":"2022-02-17"},{"lineNumber":22,"author":{"gitId":"S-QUAN86"},"content":"    public String getStatusIcon() {","lastModifiedDate":"2022-02-17"},{"lineNumber":23,"author":{"gitId":"S-QUAN86"},"content":"        return (isDone? \"X\" : \" \");","lastModifiedDate":"2022-02-17"},{"lineNumber":24,"author":{"gitId":"S-QUAN86"},"content":"    }","lastModifiedDate":"2022-02-17"},{"lineNumber":25,"author":{"gitId":"S-QUAN86"},"content":"","lastModifiedDate":"2022-02-17"},{"lineNumber":26,"author":{"gitId":"S-QUAN86"},"content":"    public String getDescription() {","lastModifiedDate":"2022-02-17"},{"lineNumber":27,"author":{"gitId":"S-QUAN86"},"content":"        return description;","lastModifiedDate":"2022-02-17"},{"lineNumber":28,"author":{"gitId":"S-QUAN86"},"content":"    }","lastModifiedDate":"2022-02-17"},{"lineNumber":29,"author":{"gitId":"S-QUAN86"},"content":"","lastModifiedDate":"2022-04-15"},{"lineNumber":30,"author":{"gitId":"S-QUAN86"},"content":"    public LocalDate getDate() {","lastModifiedDate":"2022-04-15"},{"lineNumber":31,"author":{"gitId":"S-QUAN86"},"content":"        return null;","lastModifiedDate":"2022-04-15"},{"lineNumber":32,"author":{"gitId":"S-QUAN86"},"content":"    }","lastModifiedDate":"2022-04-15"},{"lineNumber":33,"author":{"gitId":"S-QUAN86"},"content":"","lastModifiedDate":"2022-04-15"},{"lineNumber":34,"author":{"gitId":"S-QUAN86"},"content":"    public String toString() {","lastModifiedDate":"2022-04-15"},{"lineNumber":35,"author":{"gitId":"S-QUAN86"},"content":"        return \" [T]\"+\"[\" +getStatusIcon()+ \"] \" + getDescription();","lastModifiedDate":"2022-04-14"},{"lineNumber":36,"author":{"gitId":"S-QUAN86"},"content":"    }","lastModifiedDate":"2022-02-17"},{"lineNumber":37,"author":{"gitId":"S-QUAN86"},"content":"}","lastModifiedDate":"2022-02-17"}],"authorContributionMap":{"S-QUAN86":37}}]
