[{"path":"src/main/java/Deadline.java","fileType":"java","lines":[{"lineNumber":1,"author":{"gitId":"S-QUAN86"},"content":"public class Deadline extends Task {","lastModifiedDate":"2022-02-17"},{"lineNumber":2,"author":{"gitId":"S-QUAN86"},"content":"","lastModifiedDate":"2022-02-17"},{"lineNumber":3,"author":{"gitId":"S-QUAN86"},"content":"    protected String by;","lastModifiedDate":"2022-02-17"},{"lineNumber":4,"author":{"gitId":"S-QUAN86"},"content":"","lastModifiedDate":"2022-02-17"},{"lineNumber":5,"author":{"gitId":"S-QUAN86"},"content":"    public Deadline(String description, String by) {","lastModifiedDate":"2022-02-17"},{"lineNumber":6,"author":{"gitId":"S-QUAN86"},"content":"        super(description);","lastModifiedDate":"2022-02-17"},{"lineNumber":7,"author":{"gitId":"S-QUAN86"},"content":"        this.by \u003d by;","lastModifiedDate":"2022-02-17"},{"lineNumber":8,"author":{"gitId":"S-QUAN86"},"content":"        setType(\"D\");","lastModifiedDate":"2022-02-17"},{"lineNumber":9,"author":{"gitId":"S-QUAN86"},"content":"    }","lastModifiedDate":"2022-02-17"},{"lineNumber":10,"author":{"gitId":"S-QUAN86"},"content":"","lastModifiedDate":"2022-02-17"},{"lineNumber":11,"author":{"gitId":"S-QUAN86"},"content":"    public void setBy(String by) {","lastModifiedDate":"2022-02-17"},{"lineNumber":12,"author":{"gitId":"S-QUAN86"},"content":"        this.by \u003d by;","lastModifiedDate":"2022-02-17"},{"lineNumber":13,"author":{"gitId":"S-QUAN86"},"content":"    }","lastModifiedDate":"2022-02-17"},{"lineNumber":14,"author":{"gitId":"S-QUAN86"},"content":"    public String getBy() {","lastModifiedDate":"2022-02-17"},{"lineNumber":15,"author":{"gitId":"S-QUAN86"},"content":"        return by;","lastModifiedDate":"2022-02-17"},{"lineNumber":16,"author":{"gitId":"S-QUAN86"},"content":"    }","lastModifiedDate":"2022-02-17"},{"lineNumber":17,"author":{"gitId":"S-QUAN86"},"content":"","lastModifiedDate":"2022-02-17"},{"lineNumber":18,"author":{"gitId":"S-QUAN86"},"content":"    public void print(int index) {","lastModifiedDate":"2022-02-17"},{"lineNumber":19,"author":{"gitId":"S-QUAN86"},"content":"        System.out.println(index + 1 + \".[\" + getType() + \"][\" + getStatusIcon() + \"]\" + getDescription() + \"(by:\" + by + \")\");","lastModifiedDate":"2022-02-17"},{"lineNumber":20,"author":{"gitId":"S-QUAN86"},"content":"","lastModifiedDate":"2022-02-17"},{"lineNumber":21,"author":{"gitId":"S-QUAN86"},"content":"    }","lastModifiedDate":"2022-02-17"},{"lineNumber":22,"author":{"gitId":"S-QUAN86"},"content":"","lastModifiedDate":"2022-02-17"},{"lineNumber":23,"author":{"gitId":"S-QUAN86"},"content":"}","lastModifiedDate":"2022-02-17"}],"authorContributionMap":{"S-QUAN86":23}},{"path":"src/main/java/Duke.java","fileType":"java","lines":[{"lineNumber":1,"author":{"gitId":"S-QUAN86"},"content":"import java.time.LocalTime;","lastModifiedDate":"2022-02-11"},{"lineNumber":2,"author":{"gitId":"S-QUAN86"},"content":"import java.util.Scanner;","lastModifiedDate":"2022-02-11"},{"lineNumber":3,"author":{"gitId":"S-QUAN86"},"content":"","lastModifiedDate":"2022-02-11"},{"lineNumber":4,"author":{"gitId":"-"},"content":"public class Duke {","lastModifiedDate":"2019-07-29"},{"lineNumber":5,"author":{"gitId":"-"},"content":"    public static void main(String[] args) {","lastModifiedDate":"2019-07-29"},{"lineNumber":6,"author":{"gitId":"-"},"content":"        String logo \u003d \" ____        _        \\n\"","lastModifiedDate":"2019-07-29"},{"lineNumber":7,"author":{"gitId":"-"},"content":"                + \"|  _ \\\\ _   _| | _____ \\n\"","lastModifiedDate":"2019-07-29"},{"lineNumber":8,"author":{"gitId":"-"},"content":"                + \"| | | | | | | |/ / _ \\\\\\n\"","lastModifiedDate":"2019-07-29"},{"lineNumber":9,"author":{"gitId":"-"},"content":"                + \"| |_| | |_| |   \u003c  __/\\n\"","lastModifiedDate":"2019-07-29"},{"lineNumber":10,"author":{"gitId":"-"},"content":"                + \"|____/ \\\\__,_|_|\\\\_\\\\___|\\n\";","lastModifiedDate":"2019-07-29"},{"lineNumber":11,"author":{"gitId":"-"},"content":"        System.out.println(\"Hello from\\n\" + logo);","lastModifiedDate":"2019-07-29"},{"lineNumber":12,"author":{"gitId":"S-QUAN86"},"content":"        String line \u003d \"____________________________________________________________\";","lastModifiedDate":"2022-02-11"},{"lineNumber":13,"author":{"gitId":"S-QUAN86"},"content":"        System.out.println(line);","lastModifiedDate":"2022-02-11"},{"lineNumber":14,"author":{"gitId":"S-QUAN86"},"content":"        LocalTime now \u003d LocalTime.now();","lastModifiedDate":"2022-02-11"},{"lineNumber":15,"author":{"gitId":"S-QUAN86"},"content":"        int hours \u003d now.getHour();","lastModifiedDate":"2022-02-11"},{"lineNumber":16,"author":{"gitId":"S-QUAN86"},"content":"        TaskList tl \u003d new TaskList();","lastModifiedDate":"2022-02-17"},{"lineNumber":17,"author":{"gitId":"S-QUAN86"},"content":"","lastModifiedDate":"2022-02-11"},{"lineNumber":18,"author":{"gitId":"S-QUAN86"},"content":"        String greeting;","lastModifiedDate":"2022-02-11"},{"lineNumber":19,"author":{"gitId":"S-QUAN86"},"content":"        String greeting2 \u003d null;","lastModifiedDate":"2022-02-11"},{"lineNumber":20,"author":{"gitId":"S-QUAN86"},"content":"","lastModifiedDate":"2022-02-11"},{"lineNumber":21,"author":{"gitId":"S-QUAN86"},"content":"        if (hours \u003e 0 \u0026\u0026 hours \u003c 12) {","lastModifiedDate":"2022-02-11"},{"lineNumber":22,"author":{"gitId":"S-QUAN86"},"content":"            greeting \u003d \"Good Morning!\";","lastModifiedDate":"2022-02-11"},{"lineNumber":23,"author":{"gitId":"S-QUAN86"},"content":"            greeting2 \u003d \"Bye! Have a nice day.\";","lastModifiedDate":"2022-02-11"},{"lineNumber":24,"author":{"gitId":"S-QUAN86"},"content":"        } else if (hours \u003c\u003d 16) {","lastModifiedDate":"2022-02-11"},{"lineNumber":25,"author":{"gitId":"S-QUAN86"},"content":"            greeting \u003d \"Good Afternoon!\";","lastModifiedDate":"2022-02-11"},{"lineNumber":26,"author":{"gitId":"S-QUAN86"},"content":"            greeting2 \u003d \"Bye! Have a nice day.\";","lastModifiedDate":"2022-02-11"},{"lineNumber":27,"author":{"gitId":"S-QUAN86"},"content":"        } else if (hours \u003c\u003d 21) {","lastModifiedDate":"2022-02-11"},{"lineNumber":28,"author":{"gitId":"S-QUAN86"},"content":"            greeting \u003d \"Good Evening!\";","lastModifiedDate":"2022-02-11"},{"lineNumber":29,"author":{"gitId":"S-QUAN86"},"content":"            greeting2 \u003d \"Bye! Good Night.\";","lastModifiedDate":"2022-02-11"},{"lineNumber":30,"author":{"gitId":"S-QUAN86"},"content":"        } else {","lastModifiedDate":"2022-02-11"},{"lineNumber":31,"author":{"gitId":"S-QUAN86"},"content":"            greeting \u003d \"Good Night!\";","lastModifiedDate":"2022-02-11"},{"lineNumber":32,"author":{"gitId":"-"},"content":"        }","lastModifiedDate":"2019-07-29"},{"lineNumber":33,"author":{"gitId":"S-QUAN86"},"content":"        System.out.println(greeting + \" I\u0027m Duke\" +System.lineSeparator()+ \"What can I do for you?\");","lastModifiedDate":"2022-02-17"},{"lineNumber":34,"author":{"gitId":"S-QUAN86"},"content":"","lastModifiedDate":"2022-02-11"},{"lineNumber":35,"author":{"gitId":"S-QUAN86"},"content":"        System.out.println(line);","lastModifiedDate":"2022-02-11"},{"lineNumber":36,"author":{"gitId":"S-QUAN86"},"content":"","lastModifiedDate":"2022-02-11"},{"lineNumber":37,"author":{"gitId":"S-QUAN86"},"content":"        while (true) {","lastModifiedDate":"2022-02-11"},{"lineNumber":38,"author":{"gitId":"S-QUAN86"},"content":"            Scanner in \u003d new Scanner(System.in);","lastModifiedDate":"2022-02-11"},{"lineNumber":39,"author":{"gitId":"S-QUAN86"},"content":"            System.out.print(\"You: \");","lastModifiedDate":"2022-02-11"},{"lineNumber":40,"author":{"gitId":"S-QUAN86"},"content":"            String Enter;","lastModifiedDate":"2022-02-11"},{"lineNumber":41,"author":{"gitId":"S-QUAN86"},"content":"            Enter \u003d in.nextLine();","lastModifiedDate":"2022-02-11"},{"lineNumber":42,"author":{"gitId":"S-QUAN86"},"content":"            // System.out.println(\"Duke: \" + Enter);","lastModifiedDate":"2022-02-17"},{"lineNumber":43,"author":{"gitId":"S-QUAN86"},"content":"            if (Enter.equals(\"bye\")) {","lastModifiedDate":"2022-02-11"},{"lineNumber":44,"author":{"gitId":"S-QUAN86"},"content":"                System.out.println(line);","lastModifiedDate":"2022-02-11"},{"lineNumber":45,"author":{"gitId":"S-QUAN86"},"content":"                System.out.println(greeting2 + System.lineSeparator() + \" Hope to see you again soon!\");","lastModifiedDate":"2022-02-17"},{"lineNumber":46,"author":{"gitId":"S-QUAN86"},"content":"                System.out.println(line);","lastModifiedDate":"2022-02-11"},{"lineNumber":47,"author":{"gitId":"S-QUAN86"},"content":"                break;","lastModifiedDate":"2022-02-11"},{"lineNumber":48,"author":{"gitId":"S-QUAN86"},"content":"            }","lastModifiedDate":"2022-02-11"},{"lineNumber":49,"author":{"gitId":"S-QUAN86"},"content":"","lastModifiedDate":"2022-02-17"},{"lineNumber":50,"author":{"gitId":"S-QUAN86"},"content":"            // add todo","lastModifiedDate":"2022-02-17"},{"lineNumber":51,"author":{"gitId":"S-QUAN86"},"content":"            else if (Enter.contains(\"todo\")) {","lastModifiedDate":"2022-02-17"},{"lineNumber":52,"author":{"gitId":"S-QUAN86"},"content":"                Enter \u003d Enter.replace(\"todo\", \"\");","lastModifiedDate":"2022-02-17"},{"lineNumber":53,"author":{"gitId":"S-QUAN86"},"content":"                String [] str_list \u003d Enter.split(\" \");","lastModifiedDate":"2022-02-17"},{"lineNumber":54,"author":{"gitId":"S-QUAN86"},"content":"                StringBuilder content \u003d new StringBuilder(\" \");","lastModifiedDate":"2022-02-17"},{"lineNumber":55,"author":{"gitId":"S-QUAN86"},"content":"                for (String s : str_list) {","lastModifiedDate":"2022-02-17"},{"lineNumber":56,"author":{"gitId":"S-QUAN86"},"content":"                    content.append(s);","lastModifiedDate":"2022-02-17"},{"lineNumber":57,"author":{"gitId":"S-QUAN86"},"content":"                }","lastModifiedDate":"2022-02-17"},{"lineNumber":58,"author":{"gitId":"S-QUAN86"},"content":"                tl.addToDo(content.toString());","lastModifiedDate":"2022-02-17"},{"lineNumber":59,"author":{"gitId":"S-QUAN86"},"content":"            }","lastModifiedDate":"2022-02-17"},{"lineNumber":60,"author":{"gitId":"S-QUAN86"},"content":"            // add deadline","lastModifiedDate":"2022-02-17"},{"lineNumber":61,"author":{"gitId":"S-QUAN86"},"content":"            else if (Enter.contains(\"deadline\")) {","lastModifiedDate":"2022-02-17"},{"lineNumber":62,"author":{"gitId":"S-QUAN86"},"content":"                Enter \u003d Enter.replace(\"deadline\", \"\");","lastModifiedDate":"2022-02-17"},{"lineNumber":63,"author":{"gitId":"S-QUAN86"},"content":"                String [] str_list \u003d Enter.split(\"/by\");","lastModifiedDate":"2022-02-17"},{"lineNumber":64,"author":{"gitId":"S-QUAN86"},"content":"                tl.addDeadline(str_list[0],str_list[1]);","lastModifiedDate":"2022-02-17"},{"lineNumber":65,"author":{"gitId":"S-QUAN86"},"content":"            }","lastModifiedDate":"2022-02-17"},{"lineNumber":66,"author":{"gitId":"S-QUAN86"},"content":"            // add event","lastModifiedDate":"2022-02-17"},{"lineNumber":67,"author":{"gitId":"S-QUAN86"},"content":"            else if (Enter.contains(\"event\")) {","lastModifiedDate":"2022-02-17"},{"lineNumber":68,"author":{"gitId":"S-QUAN86"},"content":"                Enter \u003d Enter.replace(\"event\", \"\");","lastModifiedDate":"2022-02-17"},{"lineNumber":69,"author":{"gitId":"S-QUAN86"},"content":"                String [] str_list \u003d Enter.split(\"/at\");","lastModifiedDate":"2022-02-17"},{"lineNumber":70,"author":{"gitId":"S-QUAN86"},"content":"                tl.addEvent(str_list[0],str_list[1]);","lastModifiedDate":"2022-02-20"},{"lineNumber":71,"author":{"gitId":"S-QUAN86"},"content":"            }","lastModifiedDate":"2022-02-17"},{"lineNumber":72,"author":{"gitId":"S-QUAN86"},"content":"","lastModifiedDate":"2022-02-17"},{"lineNumber":73,"author":{"gitId":"S-QUAN86"},"content":"            else if (Enter.equals(\"list\")) {","lastModifiedDate":"2022-02-17"},{"lineNumber":74,"author":{"gitId":"S-QUAN86"},"content":"                tl.print();","lastModifiedDate":"2022-02-17"},{"lineNumber":75,"author":{"gitId":"S-QUAN86"},"content":"                System.out.println(line);","lastModifiedDate":"2022-02-11"},{"lineNumber":76,"author":{"gitId":"S-QUAN86"},"content":"            } else if (Enter.contains(\"mark\")) {","lastModifiedDate":"2022-02-17"},{"lineNumber":77,"author":{"gitId":"S-QUAN86"},"content":"                int index \u003d Integer.parseInt(Enter.split(\" \")[1]);","lastModifiedDate":"2022-02-17"},{"lineNumber":78,"author":{"gitId":"S-QUAN86"},"content":"                tl.markAsDone(index);","lastModifiedDate":"2022-02-17"},{"lineNumber":79,"author":{"gitId":"S-QUAN86"},"content":"            } else if (Enter.contains(\"undo\")) {","lastModifiedDate":"2022-02-17"},{"lineNumber":80,"author":{"gitId":"S-QUAN86"},"content":"                int index \u003d Integer.parseInt(Enter.split(\" \")[1]);","lastModifiedDate":"2022-02-17"},{"lineNumber":81,"author":{"gitId":"S-QUAN86"},"content":"                tl.markAsNotDone(index);","lastModifiedDate":"2022-02-17"},{"lineNumber":82,"author":{"gitId":"S-QUAN86"},"content":"            } else {","lastModifiedDate":"2022-02-17"},{"lineNumber":83,"author":{"gitId":"S-QUAN86"},"content":"                System.out.println(\"unknown command detected\");","lastModifiedDate":"2022-02-17"},{"lineNumber":84,"author":{"gitId":"S-QUAN86"},"content":"            }","lastModifiedDate":"2022-02-17"},{"lineNumber":85,"author":{"gitId":"-"},"content":"        }","lastModifiedDate":"2019-07-29"},{"lineNumber":86,"author":{"gitId":"S-QUAN86"},"content":"","lastModifiedDate":"2022-02-17"},{"lineNumber":87,"author":{"gitId":"-"},"content":"    }","lastModifiedDate":"2022-02-11"},{"lineNumber":88,"author":{"gitId":"S-QUAN86"},"content":"}","lastModifiedDate":"2022-02-11"}],"authorContributionMap":{"S-QUAN86":77,"-":11}},{"path":"src/main/java/Event.java","fileType":"java","lines":[{"lineNumber":1,"author":{"gitId":"S-QUAN86"},"content":"public class Event extends Task {","lastModifiedDate":"2022-02-17"},{"lineNumber":2,"author":{"gitId":"S-QUAN86"},"content":"","lastModifiedDate":"2022-02-17"},{"lineNumber":3,"author":{"gitId":"S-QUAN86"},"content":"    protected String at;","lastModifiedDate":"2022-02-17"},{"lineNumber":4,"author":{"gitId":"S-QUAN86"},"content":"","lastModifiedDate":"2022-02-17"},{"lineNumber":5,"author":{"gitId":"S-QUAN86"},"content":"    public Event(String description, String at) {","lastModifiedDate":"2022-02-17"},{"lineNumber":6,"author":{"gitId":"S-QUAN86"},"content":"        super(description);","lastModifiedDate":"2022-02-17"},{"lineNumber":7,"author":{"gitId":"S-QUAN86"},"content":"        this.at \u003d at;","lastModifiedDate":"2022-02-17"},{"lineNumber":8,"author":{"gitId":"S-QUAN86"},"content":"        setType(\"E\");","lastModifiedDate":"2022-02-17"},{"lineNumber":9,"author":{"gitId":"S-QUAN86"},"content":"    }","lastModifiedDate":"2022-02-17"},{"lineNumber":10,"author":{"gitId":"S-QUAN86"},"content":"","lastModifiedDate":"2022-02-17"},{"lineNumber":11,"author":{"gitId":"S-QUAN86"},"content":"","lastModifiedDate":"2022-02-17"},{"lineNumber":12,"author":{"gitId":"S-QUAN86"},"content":"    @Override","lastModifiedDate":"2022-02-17"},{"lineNumber":13,"author":{"gitId":"S-QUAN86"},"content":"    public void print(int index) {","lastModifiedDate":"2022-02-17"},{"lineNumber":14,"author":{"gitId":"S-QUAN86"},"content":"        System.out.println(index + 1 + \".[\" + getType() + \"][\" + getStatusIcon() + \"]\" + getDescription() + \"(at:\" + at + \")\");","lastModifiedDate":"2022-02-17"},{"lineNumber":15,"author":{"gitId":"S-QUAN86"},"content":"","lastModifiedDate":"2022-02-17"},{"lineNumber":16,"author":{"gitId":"S-QUAN86"},"content":"    }","lastModifiedDate":"2022-02-17"},{"lineNumber":17,"author":{"gitId":"S-QUAN86"},"content":"","lastModifiedDate":"2022-02-17"},{"lineNumber":18,"author":{"gitId":"S-QUAN86"},"content":"}","lastModifiedDate":"2022-02-17"}],"authorContributionMap":{"S-QUAN86":18}},{"path":"src/main/java/Task.java","fileType":"java","lines":[{"lineNumber":1,"author":{"gitId":"S-QUAN86"},"content":"public abstract class Task {","lastModifiedDate":"2022-02-17"},{"lineNumber":2,"author":{"gitId":"S-QUAN86"},"content":"    protected String description;","lastModifiedDate":"2022-02-17"},{"lineNumber":3,"author":{"gitId":"S-QUAN86"},"content":"    protected boolean isDone;","lastModifiedDate":"2022-02-17"},{"lineNumber":4,"author":{"gitId":"S-QUAN86"},"content":"    protected String m_type;","lastModifiedDate":"2022-02-17"},{"lineNumber":5,"author":{"gitId":"S-QUAN86"},"content":"","lastModifiedDate":"2022-02-17"},{"lineNumber":6,"author":{"gitId":"S-QUAN86"},"content":"    protected void setType(String type) {","lastModifiedDate":"2022-02-17"},{"lineNumber":7,"author":{"gitId":"S-QUAN86"},"content":"        m_type \u003d type;","lastModifiedDate":"2022-02-17"},{"lineNumber":8,"author":{"gitId":"S-QUAN86"},"content":"    }","lastModifiedDate":"2022-02-17"},{"lineNumber":9,"author":{"gitId":"S-QUAN86"},"content":"","lastModifiedDate":"2022-02-17"},{"lineNumber":10,"author":{"gitId":"S-QUAN86"},"content":"    public String getType() {","lastModifiedDate":"2022-02-17"},{"lineNumber":11,"author":{"gitId":"S-QUAN86"},"content":"        return m_type;","lastModifiedDate":"2022-02-17"},{"lineNumber":12,"author":{"gitId":"S-QUAN86"},"content":"    }","lastModifiedDate":"2022-02-17"},{"lineNumber":13,"author":{"gitId":"S-QUAN86"},"content":"","lastModifiedDate":"2022-02-17"},{"lineNumber":14,"author":{"gitId":"S-QUAN86"},"content":"","lastModifiedDate":"2022-02-17"},{"lineNumber":15,"author":{"gitId":"S-QUAN86"},"content":"    public Task(String description) {","lastModifiedDate":"2022-02-17"},{"lineNumber":16,"author":{"gitId":"S-QUAN86"},"content":"        this.description \u003d description;","lastModifiedDate":"2022-02-17"},{"lineNumber":17,"author":{"gitId":"S-QUAN86"},"content":"        this.isDone \u003d false;","lastModifiedDate":"2022-02-17"},{"lineNumber":18,"author":{"gitId":"S-QUAN86"},"content":"    }","lastModifiedDate":"2022-02-17"},{"lineNumber":19,"author":{"gitId":"S-QUAN86"},"content":"","lastModifiedDate":"2022-02-17"},{"lineNumber":20,"author":{"gitId":"S-QUAN86"},"content":"    public void markAsDone() {","lastModifiedDate":"2022-02-17"},{"lineNumber":21,"author":{"gitId":"S-QUAN86"},"content":"        this.isDone \u003d true;","lastModifiedDate":"2022-02-17"},{"lineNumber":22,"author":{"gitId":"S-QUAN86"},"content":"    }","lastModifiedDate":"2022-02-17"},{"lineNumber":23,"author":{"gitId":"S-QUAN86"},"content":"","lastModifiedDate":"2022-02-17"},{"lineNumber":24,"author":{"gitId":"S-QUAN86"},"content":"    public String getStatusIcon() {","lastModifiedDate":"2022-02-17"},{"lineNumber":25,"author":{"gitId":"S-QUAN86"},"content":"        return (isDone? \"X\" : \" \");","lastModifiedDate":"2022-02-17"},{"lineNumber":26,"author":{"gitId":"S-QUAN86"},"content":"    }","lastModifiedDate":"2022-02-17"},{"lineNumber":27,"author":{"gitId":"S-QUAN86"},"content":"","lastModifiedDate":"2022-02-17"},{"lineNumber":28,"author":{"gitId":"S-QUAN86"},"content":"    public String getDescription() {","lastModifiedDate":"2022-02-17"},{"lineNumber":29,"author":{"gitId":"S-QUAN86"},"content":"        return description;","lastModifiedDate":"2022-02-17"},{"lineNumber":30,"author":{"gitId":"S-QUAN86"},"content":"    }","lastModifiedDate":"2022-02-17"},{"lineNumber":31,"author":{"gitId":"S-QUAN86"},"content":"","lastModifiedDate":"2022-02-17"},{"lineNumber":32,"author":{"gitId":"S-QUAN86"},"content":"    public void markAsNotDone(){","lastModifiedDate":"2022-02-17"},{"lineNumber":33,"author":{"gitId":"S-QUAN86"},"content":"        this.isDone \u003d false;","lastModifiedDate":"2022-02-17"},{"lineNumber":34,"author":{"gitId":"S-QUAN86"},"content":"    }","lastModifiedDate":"2022-02-17"},{"lineNumber":35,"author":{"gitId":"S-QUAN86"},"content":"","lastModifiedDate":"2022-02-17"},{"lineNumber":36,"author":{"gitId":"S-QUAN86"},"content":"    public abstract void print(int index);","lastModifiedDate":"2022-02-17"},{"lineNumber":37,"author":{"gitId":"S-QUAN86"},"content":"","lastModifiedDate":"2022-02-17"},{"lineNumber":38,"author":{"gitId":"S-QUAN86"},"content":"}","lastModifiedDate":"2022-02-17"}],"authorContributionMap":{"S-QUAN86":38}},{"path":"src/main/java/TaskList.java","fileType":"java","lines":[{"lineNumber":1,"author":{"gitId":"S-QUAN86"},"content":"import java.util.*;","lastModifiedDate":"2022-02-17"},{"lineNumber":2,"author":{"gitId":"S-QUAN86"},"content":"","lastModifiedDate":"2022-02-17"},{"lineNumber":3,"author":{"gitId":"S-QUAN86"},"content":"public class TaskList {","lastModifiedDate":"2022-02-17"},{"lineNumber":4,"author":{"gitId":"S-QUAN86"},"content":"","lastModifiedDate":"2022-02-17"},{"lineNumber":5,"author":{"gitId":"S-QUAN86"},"content":"    String line \u003d \"____________________________________________________________\";","lastModifiedDate":"2022-02-17"},{"lineNumber":6,"author":{"gitId":"S-QUAN86"},"content":"    ArrayList\u003cTask\u003e taskList \u003d new ArrayList\u003c\u003e();","lastModifiedDate":"2022-02-17"},{"lineNumber":7,"author":{"gitId":"S-QUAN86"},"content":"","lastModifiedDate":"2022-02-17"},{"lineNumber":8,"author":{"gitId":"S-QUAN86"},"content":"    public void addToDo(String description) {","lastModifiedDate":"2022-02-17"},{"lineNumber":9,"author":{"gitId":"S-QUAN86"},"content":"        System.out.println( \"Got it. I\u0027ve added this task: \");","lastModifiedDate":"2022-02-17"},{"lineNumber":10,"author":{"gitId":"S-QUAN86"},"content":"        taskList.add(new ToDo(description));","lastModifiedDate":"2022-02-17"},{"lineNumber":11,"author":{"gitId":"S-QUAN86"},"content":"        System.out.println(\"[T][ ]:\" + description);","lastModifiedDate":"2022-02-17"},{"lineNumber":12,"author":{"gitId":"S-QUAN86"},"content":"        System.out.println( \"Now you have \"+ taskList.size() +\" tasks in the list.\");","lastModifiedDate":"2022-02-17"},{"lineNumber":13,"author":{"gitId":"S-QUAN86"},"content":"        System.out.println(line);","lastModifiedDate":"2022-02-17"},{"lineNumber":14,"author":{"gitId":"S-QUAN86"},"content":"    }","lastModifiedDate":"2022-02-17"},{"lineNumber":15,"author":{"gitId":"S-QUAN86"},"content":"","lastModifiedDate":"2022-02-17"},{"lineNumber":16,"author":{"gitId":"S-QUAN86"},"content":"    public void addDeadline(String description, String date) {","lastModifiedDate":"2022-02-17"},{"lineNumber":17,"author":{"gitId":"S-QUAN86"},"content":"        System.out.println( \"Got it. I\u0027ve added this task: \");","lastModifiedDate":"2022-02-17"},{"lineNumber":18,"author":{"gitId":"S-QUAN86"},"content":"        taskList.add(new Deadline(description, date));","lastModifiedDate":"2022-02-17"},{"lineNumber":19,"author":{"gitId":"S-QUAN86"},"content":"        System.out.println(\"[D][ ]:\" + description + \"(by:\" + date + \")\");","lastModifiedDate":"2022-02-17"},{"lineNumber":20,"author":{"gitId":"S-QUAN86"},"content":"        System.out.println( \"Now you have \"+ taskList.size() +\" tasks in the list.\");","lastModifiedDate":"2022-02-17"},{"lineNumber":21,"author":{"gitId":"S-QUAN86"},"content":"        System.out.println(line);","lastModifiedDate":"2022-02-17"},{"lineNumber":22,"author":{"gitId":"S-QUAN86"},"content":"    }","lastModifiedDate":"2022-02-17"},{"lineNumber":23,"author":{"gitId":"S-QUAN86"},"content":"","lastModifiedDate":"2022-02-17"},{"lineNumber":24,"author":{"gitId":"S-QUAN86"},"content":"    public void addEvent(String description, String date) {","lastModifiedDate":"2022-02-17"},{"lineNumber":25,"author":{"gitId":"S-QUAN86"},"content":"        System.out.println( \"Got it. I\u0027ve added this task: \");","lastModifiedDate":"2022-02-17"},{"lineNumber":26,"author":{"gitId":"S-QUAN86"},"content":"        taskList.add(new Event(description, date));","lastModifiedDate":"2022-02-17"},{"lineNumber":27,"author":{"gitId":"S-QUAN86"},"content":"        System.out.println(\"[E][ ]:\" + description + \"(at:\" + date + \")\");","lastModifiedDate":"2022-02-17"},{"lineNumber":28,"author":{"gitId":"S-QUAN86"},"content":"        System.out.println( \"Now you have \"+ taskList.size() +\" tasks in the list.\");","lastModifiedDate":"2022-02-17"},{"lineNumber":29,"author":{"gitId":"S-QUAN86"},"content":"        System.out.println(line);","lastModifiedDate":"2022-02-17"},{"lineNumber":30,"author":{"gitId":"S-QUAN86"},"content":"    }","lastModifiedDate":"2022-02-17"},{"lineNumber":31,"author":{"gitId":"S-QUAN86"},"content":"","lastModifiedDate":"2022-02-17"},{"lineNumber":32,"author":{"gitId":"S-QUAN86"},"content":"    public void markAsDone(int index) {","lastModifiedDate":"2022-02-17"},{"lineNumber":33,"author":{"gitId":"S-QUAN86"},"content":"        Task i \u003d taskList.get(index-1);","lastModifiedDate":"2022-02-17"},{"lineNumber":34,"author":{"gitId":"S-QUAN86"},"content":"        i.markAsDone();","lastModifiedDate":"2022-02-17"},{"lineNumber":35,"author":{"gitId":"S-QUAN86"},"content":"        System.out.println(\"Nice! I\u0027ve marked this task as done: \");","lastModifiedDate":"2022-02-17"},{"lineNumber":36,"author":{"gitId":"S-QUAN86"},"content":"        System.out.println(\"[\" + i.getType()+ \"]\"+\"[\" + i.getStatusIcon() + \"] \" + i.getDescription());","lastModifiedDate":"2022-02-17"},{"lineNumber":37,"author":{"gitId":"S-QUAN86"},"content":"        System.out.println(line);","lastModifiedDate":"2022-02-17"},{"lineNumber":38,"author":{"gitId":"S-QUAN86"},"content":"    }","lastModifiedDate":"2022-02-17"},{"lineNumber":39,"author":{"gitId":"S-QUAN86"},"content":"","lastModifiedDate":"2022-02-17"},{"lineNumber":40,"author":{"gitId":"S-QUAN86"},"content":"    public void markAsNotDone(int index) {","lastModifiedDate":"2022-02-17"},{"lineNumber":41,"author":{"gitId":"S-QUAN86"},"content":"        Task i \u003d taskList.get(index-1);","lastModifiedDate":"2022-02-17"},{"lineNumber":42,"author":{"gitId":"S-QUAN86"},"content":"        i.markAsNotDone();","lastModifiedDate":"2022-02-17"},{"lineNumber":43,"author":{"gitId":"S-QUAN86"},"content":"        System.out.println(\"OK, I\u0027ve marked this task as not done yet: \");","lastModifiedDate":"2022-02-17"},{"lineNumber":44,"author":{"gitId":"S-QUAN86"},"content":"        System.out.println(\"[\" + i.getType()+ \"]\"+\"[\" + i.getStatusIcon() + \"] \" + i.getDescription());","lastModifiedDate":"2022-02-17"},{"lineNumber":45,"author":{"gitId":"S-QUAN86"},"content":"        System.out.println(line);","lastModifiedDate":"2022-02-17"},{"lineNumber":46,"author":{"gitId":"S-QUAN86"},"content":"    }","lastModifiedDate":"2022-02-17"},{"lineNumber":47,"author":{"gitId":"S-QUAN86"},"content":"","lastModifiedDate":"2022-02-17"},{"lineNumber":48,"author":{"gitId":"S-QUAN86"},"content":"    public void print() {","lastModifiedDate":"2022-02-17"},{"lineNumber":49,"author":{"gitId":"S-QUAN86"},"content":"        System.out.println(\"Here are the tasks in your list:\");","lastModifiedDate":"2022-02-17"},{"lineNumber":50,"author":{"gitId":"S-QUAN86"},"content":"        for (int i \u003d 0; i \u003c taskList.size(); i++) {","lastModifiedDate":"2022-02-17"},{"lineNumber":51,"author":{"gitId":"S-QUAN86"},"content":"            Task l \u003d taskList.get(i);","lastModifiedDate":"2022-02-17"},{"lineNumber":52,"author":{"gitId":"S-QUAN86"},"content":"            l.print(i);","lastModifiedDate":"2022-02-17"},{"lineNumber":53,"author":{"gitId":"S-QUAN86"},"content":"","lastModifiedDate":"2022-02-17"},{"lineNumber":54,"author":{"gitId":"S-QUAN86"},"content":"        }","lastModifiedDate":"2022-02-17"},{"lineNumber":55,"author":{"gitId":"S-QUAN86"},"content":"    }","lastModifiedDate":"2022-02-17"},{"lineNumber":56,"author":{"gitId":"S-QUAN86"},"content":"","lastModifiedDate":"2022-02-17"},{"lineNumber":57,"author":{"gitId":"S-QUAN86"},"content":"}","lastModifiedDate":"2022-02-17"}],"authorContributionMap":{"S-QUAN86":57}},{"path":"src/main/java/ToDo.java","fileType":"java","lines":[{"lineNumber":1,"author":{"gitId":"S-QUAN86"},"content":"public class ToDo extends Task {","lastModifiedDate":"2022-02-17"},{"lineNumber":2,"author":{"gitId":"S-QUAN86"},"content":"","lastModifiedDate":"2022-02-17"},{"lineNumber":3,"author":{"gitId":"S-QUAN86"},"content":"    protected boolean isDone;","lastModifiedDate":"2022-02-17"},{"lineNumber":4,"author":{"gitId":"S-QUAN86"},"content":"","lastModifiedDate":"2022-02-17"},{"lineNumber":5,"author":{"gitId":"S-QUAN86"},"content":"    public ToDo(String description) {","lastModifiedDate":"2022-02-17"},{"lineNumber":6,"author":{"gitId":"S-QUAN86"},"content":"        super(description);","lastModifiedDate":"2022-02-17"},{"lineNumber":7,"author":{"gitId":"S-QUAN86"},"content":"        isDone \u003d false;","lastModifiedDate":"2022-02-17"},{"lineNumber":8,"author":{"gitId":"S-QUAN86"},"content":"        setType(\"T\");","lastModifiedDate":"2022-02-17"},{"lineNumber":9,"author":{"gitId":"S-QUAN86"},"content":"    }","lastModifiedDate":"2022-02-17"},{"lineNumber":10,"author":{"gitId":"S-QUAN86"},"content":"","lastModifiedDate":"2022-02-17"},{"lineNumber":11,"author":{"gitId":"S-QUAN86"},"content":"    public void print(int index) {","lastModifiedDate":"2022-02-17"},{"lineNumber":12,"author":{"gitId":"S-QUAN86"},"content":"        System.out.println(index + 1 + \".[\" + getType() + \"][\" + getStatusIcon() + \"]\" + getDescription());","lastModifiedDate":"2022-02-17"},{"lineNumber":13,"author":{"gitId":"S-QUAN86"},"content":"    }","lastModifiedDate":"2022-02-17"},{"lineNumber":14,"author":{"gitId":"S-QUAN86"},"content":"","lastModifiedDate":"2022-02-17"},{"lineNumber":15,"author":{"gitId":"S-QUAN86"},"content":"}","lastModifiedDate":"2022-02-17"}],"authorContributionMap":{"S-QUAN86":15}}]
