[{"path":"build.gradle","fileType":"gradle","lines":[{"lineNumber":1,"author":{"gitId":"-"},"content":"plugins {","lastModifiedDate":"2020-05-25"},{"lineNumber":2,"author":{"gitId":"-"},"content":"    id \u0027java\u0027","lastModifiedDate":"2020-05-25"},{"lineNumber":3,"author":{"gitId":"-"},"content":"    id \u0027application\u0027","lastModifiedDate":"2020-05-25"},{"lineNumber":4,"author":{"gitId":"-"},"content":"    id \u0027checkstyle\u0027","lastModifiedDate":"2020-05-25"},{"lineNumber":5,"author":{"gitId":"-"},"content":"    id \u0027com.github.johnrengelman.shadow\u0027 version \u00275.1.0\u0027","lastModifiedDate":"2020-05-25"},{"lineNumber":6,"author":{"gitId":"-"},"content":"}","lastModifiedDate":"2020-05-25"},{"lineNumber":7,"author":{"gitId":"-"},"content":"","lastModifiedDate":"2020-05-25"},{"lineNumber":8,"author":{"gitId":"-"},"content":"repositories {","lastModifiedDate":"2020-05-25"},{"lineNumber":9,"author":{"gitId":"-"},"content":"    mavenCentral()","lastModifiedDate":"2020-05-25"},{"lineNumber":10,"author":{"gitId":"-"},"content":"}","lastModifiedDate":"2020-05-25"},{"lineNumber":11,"author":{"gitId":"-"},"content":"","lastModifiedDate":"2020-05-25"},{"lineNumber":12,"author":{"gitId":"-"},"content":"dependencies {","lastModifiedDate":"2020-05-25"},{"lineNumber":13,"author":{"gitId":"-"},"content":"    testImplementation group: \u0027org.junit.jupiter\u0027, name: \u0027junit-jupiter-api\u0027, version: \u00275.5.0\u0027","lastModifiedDate":"2020-05-25"},{"lineNumber":14,"author":{"gitId":"-"},"content":"    testRuntimeOnly group: \u0027org.junit.jupiter\u0027, name: \u0027junit-jupiter-engine\u0027, version: \u00275.5.0\u0027","lastModifiedDate":"2020-05-25"},{"lineNumber":15,"author":{"gitId":"-"},"content":"}","lastModifiedDate":"2020-05-25"},{"lineNumber":16,"author":{"gitId":"-"},"content":"","lastModifiedDate":"2020-05-25"},{"lineNumber":17,"author":{"gitId":"-"},"content":"test {","lastModifiedDate":"2020-05-25"},{"lineNumber":18,"author":{"gitId":"-"},"content":"    useJUnitPlatform()","lastModifiedDate":"2020-05-25"},{"lineNumber":19,"author":{"gitId":"-"},"content":"","lastModifiedDate":"2020-05-25"},{"lineNumber":20,"author":{"gitId":"-"},"content":"    testLogging {","lastModifiedDate":"2020-05-25"},{"lineNumber":21,"author":{"gitId":"-"},"content":"        events \"passed\", \"skipped\", \"failed\"","lastModifiedDate":"2020-05-25"},{"lineNumber":22,"author":{"gitId":"-"},"content":"","lastModifiedDate":"2020-05-25"},{"lineNumber":23,"author":{"gitId":"-"},"content":"        showExceptions true","lastModifiedDate":"2020-05-25"},{"lineNumber":24,"author":{"gitId":"-"},"content":"        exceptionFormat \"full\"","lastModifiedDate":"2020-05-25"},{"lineNumber":25,"author":{"gitId":"-"},"content":"        showCauses true","lastModifiedDate":"2020-05-25"},{"lineNumber":26,"author":{"gitId":"-"},"content":"        showStackTraces true","lastModifiedDate":"2020-05-25"},{"lineNumber":27,"author":{"gitId":"-"},"content":"        showStandardStreams \u003d false","lastModifiedDate":"2020-05-25"},{"lineNumber":28,"author":{"gitId":"-"},"content":"    }","lastModifiedDate":"2020-05-25"},{"lineNumber":29,"author":{"gitId":"-"},"content":"}","lastModifiedDate":"2020-05-25"},{"lineNumber":30,"author":{"gitId":"-"},"content":"","lastModifiedDate":"2020-05-25"},{"lineNumber":31,"author":{"gitId":"-"},"content":"application {","lastModifiedDate":"2020-05-25"},{"lineNumber":32,"author":{"gitId":"S-QUAN86"},"content":"    mainClassName \u003d \"Duke.Duke\"","lastModifiedDate":"2022-04-17"},{"lineNumber":33,"author":{"gitId":"-"},"content":"}","lastModifiedDate":"2020-05-25"},{"lineNumber":34,"author":{"gitId":"-"},"content":"","lastModifiedDate":"2020-05-25"},{"lineNumber":35,"author":{"gitId":"-"},"content":"shadowJar {","lastModifiedDate":"2020-05-25"},{"lineNumber":36,"author":{"gitId":"-"},"content":"    archiveBaseName \u003d \"duke\"","lastModifiedDate":"2020-05-25"},{"lineNumber":37,"author":{"gitId":"-"},"content":"    archiveClassifier \u003d null","lastModifiedDate":"2020-05-25"},{"lineNumber":38,"author":{"gitId":"-"},"content":"}","lastModifiedDate":"2020-05-25"},{"lineNumber":39,"author":{"gitId":"-"},"content":"","lastModifiedDate":"2020-05-25"},{"lineNumber":40,"author":{"gitId":"-"},"content":"checkstyle {","lastModifiedDate":"2020-05-25"},{"lineNumber":41,"author":{"gitId":"-"},"content":"    toolVersion \u003d \u00278.29\u0027","lastModifiedDate":"2020-05-25"},{"lineNumber":42,"author":{"gitId":"-"},"content":"}","lastModifiedDate":"2020-05-25"},{"lineNumber":43,"author":{"gitId":"-"},"content":"","lastModifiedDate":"2020-05-25"},{"lineNumber":44,"author":{"gitId":"-"},"content":"run{","lastModifiedDate":"2020-05-25"},{"lineNumber":45,"author":{"gitId":"-"},"content":"    standardInput \u003d System.in","lastModifiedDate":"2020-05-25"},{"lineNumber":46,"author":{"gitId":"-"},"content":"}","lastModifiedDate":"2020-05-25"}],"authorContributionMap":{"S-QUAN86":1,"-":45}},{"path":"data/Duke.txt.txt","fileType":"txt","lines":[{"lineNumber":1,"author":{"gitId":"S-QUAN86"},"content":"todo read book","lastModifiedDate":"2022-04-17"},{"lineNumber":2,"author":{"gitId":"S-QUAN86"},"content":"todo return book","lastModifiedDate":"2022-04-17"},{"lineNumber":3,"author":{"gitId":"S-QUAN86"},"content":"event Join a meeting at/ 2022-04-16 1000","lastModifiedDate":"2022-04-17"},{"lineNumber":4,"author":{"gitId":"S-QUAN86"},"content":"deadline return book by/ 2022-04-17 1700","lastModifiedDate":"2022-04-17"}],"authorContributionMap":{"S-QUAN86":4}},{"path":"dataduke.txt","fileType":"txt","lines":[{"lineNumber":1,"author":{"gitId":"S-QUAN86"},"content":"read a book","lastModifiedDate":"2022-04-17"},{"lineNumber":2,"author":{"gitId":"S-QUAN86"},"content":"","lastModifiedDate":"2022-04-15"}],"authorContributionMap":{"S-QUAN86":2}},{"path":"gradle/README.md","fileType":"md","lines":[{"lineNumber":1,"author":{"gitId":"S-QUAN86"},"content":"# Duke project template","lastModifiedDate":"2022-04-17"},{"lineNumber":2,"author":{"gitId":"S-QUAN86"},"content":"","lastModifiedDate":"2022-04-17"},{"lineNumber":3,"author":{"gitId":"S-QUAN86"},"content":"This is a project template for a greenfield Java project. It\u0027s named after the Java mascot _Duke_. Given below are instructions on how to use it.","lastModifiedDate":"2022-04-17"},{"lineNumber":4,"author":{"gitId":"S-QUAN86"},"content":"","lastModifiedDate":"2022-04-17"},{"lineNumber":5,"author":{"gitId":"S-QUAN86"},"content":"## Setting up in Intellij","lastModifiedDate":"2022-04-17"},{"lineNumber":6,"author":{"gitId":"S-QUAN86"},"content":"","lastModifiedDate":"2022-04-17"},{"lineNumber":7,"author":{"gitId":"S-QUAN86"},"content":"Prerequisites: JDK 11, update Intellij to the most recent version.","lastModifiedDate":"2022-04-17"},{"lineNumber":8,"author":{"gitId":"S-QUAN86"},"content":"","lastModifiedDate":"2022-04-17"},{"lineNumber":9,"author":{"gitId":"S-QUAN86"},"content":"1. Open Intellij (if you are not in the welcome screen, click `File` \u003e `Close Project` to close the existing project first)","lastModifiedDate":"2022-04-17"},{"lineNumber":10,"author":{"gitId":"S-QUAN86"},"content":"1. Open the project into Intellij as follows:","lastModifiedDate":"2022-04-17"},{"lineNumber":11,"author":{"gitId":"S-QUAN86"},"content":"   1. Click `Open`.","lastModifiedDate":"2022-04-17"},{"lineNumber":12,"author":{"gitId":"S-QUAN86"},"content":"   1. Select the project directory, and click `OK`.","lastModifiedDate":"2022-04-17"},{"lineNumber":13,"author":{"gitId":"S-QUAN86"},"content":"   1. If there are any further prompts, accept the defaults.","lastModifiedDate":"2022-04-17"},{"lineNumber":14,"author":{"gitId":"S-QUAN86"},"content":"1. Configure the project to use **JDK 11** (not other versions) as explained in [here](https://www.jetbrains.com/help/idea/sdk.html#set-up-jdk).\u003cbr\u003e","lastModifiedDate":"2022-04-17"},{"lineNumber":15,"author":{"gitId":"S-QUAN86"},"content":"   In the same dialog, set the **Project language level** field to the `SDK default` option.","lastModifiedDate":"2022-04-17"},{"lineNumber":16,"author":{"gitId":"S-QUAN86"},"content":"3. After that, locate the `src/main/java/Duke.java` file, right-click it, and choose `Run Duke.main()` (if the code editor is showing compile errors, try restarting the IDE). If the setup is correct, you should see something like the below as the output:","lastModifiedDate":"2022-04-17"},{"lineNumber":17,"author":{"gitId":"S-QUAN86"},"content":"   ```","lastModifiedDate":"2022-04-17"},{"lineNumber":18,"author":{"gitId":"S-QUAN86"},"content":"   Hello from","lastModifiedDate":"2022-04-17"},{"lineNumber":19,"author":{"gitId":"S-QUAN86"},"content":"    ____        _        ","lastModifiedDate":"2022-04-17"},{"lineNumber":20,"author":{"gitId":"S-QUAN86"},"content":"   |  _ \\ _   _| | _____ ","lastModifiedDate":"2022-04-17"},{"lineNumber":21,"author":{"gitId":"S-QUAN86"},"content":"   | | | | | | | |/ / _ \\","lastModifiedDate":"2022-04-17"},{"lineNumber":22,"author":{"gitId":"S-QUAN86"},"content":"   | |_| | |_| |   \u003c  __/","lastModifiedDate":"2022-04-17"},{"lineNumber":23,"author":{"gitId":"S-QUAN86"},"content":"   |____/ \\__,_|_|\\_\\___|","lastModifiedDate":"2022-04-17"},{"lineNumber":24,"author":{"gitId":"S-QUAN86"},"content":"   ```","lastModifiedDate":"2022-04-17"}],"authorContributionMap":{"S-QUAN86":24}},{"path":"src/main/java/Duke/Duke.java","fileType":"java","lines":[{"lineNumber":1,"author":{"gitId":"S-QUAN86"},"content":"package Duke;","lastModifiedDate":"2022-04-16"},{"lineNumber":2,"author":{"gitId":"S-QUAN86"},"content":"import ui.*;","lastModifiedDate":"2022-04-16"},{"lineNumber":3,"author":{"gitId":"S-QUAN86"},"content":"","lastModifiedDate":"2022-04-17"},{"lineNumber":4,"author":{"gitId":"S-QUAN86"},"content":"/**","lastModifiedDate":"2022-04-15"},{"lineNumber":5,"author":{"gitId":"S-QUAN86"},"content":" * This is homework project of my TIC2002 module. It is a personal task manager that you","lastModifiedDate":"2022-04-15"},{"lineNumber":6,"author":{"gitId":"S-QUAN86"},"content":" * can arrange and store your personal schedule. It recognizes commands by","lastModifiedDate":"2022-04-15"},{"lineNumber":7,"author":{"gitId":"S-QUAN86"},"content":" * reading your inputs. Schedule types: \u0027deadline\u0027, \u0027todo\u0027, \u0027event\u0027.","lastModifiedDate":"2022-04-15"},{"lineNumber":8,"author":{"gitId":"S-QUAN86"},"content":" * to marking your task, type \u0027done\u0027, or remove task, type \u0027delete\u0027.","lastModifiedDate":"2022-04-15"},{"lineNumber":9,"author":{"gitId":"S-QUAN86"},"content":" * save and exit program, type \u0027bye\u0027.","lastModifiedDate":"2022-04-15"},{"lineNumber":10,"author":{"gitId":"S-QUAN86"},"content":" *","lastModifiedDate":"2022-04-15"},{"lineNumber":11,"author":{"gitId":"S-QUAN86"},"content":" * @author S-Quan86","lastModifiedDate":"2022-04-15"},{"lineNumber":12,"author":{"gitId":"S-QUAN86"},"content":" * @version 1.0","lastModifiedDate":"2022-04-15"},{"lineNumber":13,"author":{"gitId":"S-QUAN86"},"content":" * @since 15-April 2022","lastModifiedDate":"2022-04-15"},{"lineNumber":14,"author":{"gitId":"S-QUAN86"},"content":" */","lastModifiedDate":"2022-04-15"},{"lineNumber":15,"author":{"gitId":"-"},"content":"public class Duke {","lastModifiedDate":"2019-07-29"},{"lineNumber":16,"author":{"gitId":"S-QUAN86"},"content":"    private static final String ln \u003d \"____________________________________________________________\";","lastModifiedDate":"2022-04-14"},{"lineNumber":17,"author":{"gitId":"S-QUAN86"},"content":"","lastModifiedDate":"2022-04-14"},{"lineNumber":18,"author":{"gitId":"S-QUAN86"},"content":"    public static void Greet() {","lastModifiedDate":"2022-04-14"},{"lineNumber":19,"author":{"gitId":"-"},"content":"        String logo \u003d \" ____        _        \\n\"","lastModifiedDate":"2019-07-29"},{"lineNumber":20,"author":{"gitId":"-"},"content":"                + \"|  _ \\\\ _   _| | _____ \\n\"","lastModifiedDate":"2019-07-29"},{"lineNumber":21,"author":{"gitId":"-"},"content":"                + \"| | | | | | | |/ / _ \\\\\\n\"","lastModifiedDate":"2019-07-29"},{"lineNumber":22,"author":{"gitId":"-"},"content":"                + \"| |_| | |_| |   \u003c  __/\\n\"","lastModifiedDate":"2019-07-29"},{"lineNumber":23,"author":{"gitId":"-"},"content":"                + \"|____/ \\\\__,_|_|\\\\_\\\\___|\\n\";","lastModifiedDate":"2019-07-29"},{"lineNumber":24,"author":{"gitId":"S-QUAN86"},"content":"","lastModifiedDate":"2022-04-14"},{"lineNumber":25,"author":{"gitId":"-"},"content":"        System.out.println(\"Hello from\\n\" + logo);","lastModifiedDate":"2019-07-29"},{"lineNumber":26,"author":{"gitId":"S-QUAN86"},"content":"        System.out.println(ln);","lastModifiedDate":"2022-04-14"},{"lineNumber":27,"author":{"gitId":"S-QUAN86"},"content":"        System.out.println(\"I\u0027m Duke\" + System.lineSeparator()","lastModifiedDate":"2022-04-14"},{"lineNumber":28,"author":{"gitId":"S-QUAN86"},"content":"                + \"What can I do for you?\");","lastModifiedDate":"2022-04-14"},{"lineNumber":29,"author":{"gitId":"S-QUAN86"},"content":"        System.out.println(ln);","lastModifiedDate":"2022-04-14"},{"lineNumber":30,"author":{"gitId":"S-QUAN86"},"content":"    }","lastModifiedDate":"2022-04-14"},{"lineNumber":31,"author":{"gitId":"S-QUAN86"},"content":"","lastModifiedDate":"2022-02-11"},{"lineNumber":32,"author":{"gitId":"S-QUAN86"},"content":"    public static void main(String[] args) throws Exception {","lastModifiedDate":"2022-04-14"},{"lineNumber":33,"author":{"gitId":"S-QUAN86"},"content":"        Greet();","lastModifiedDate":"2022-04-14"},{"lineNumber":34,"author":{"gitId":"S-QUAN86"},"content":"        MySiri.main();","lastModifiedDate":"2022-04-15"},{"lineNumber":35,"author":{"gitId":"S-QUAN86"},"content":"        Storage.main();","lastModifiedDate":"2022-04-15"},{"lineNumber":36,"author":{"gitId":"S-QUAN86"},"content":"    }","lastModifiedDate":"2022-02-11"},{"lineNumber":37,"author":{"gitId":"S-QUAN86"},"content":"}","lastModifiedDate":"2022-02-11"}],"authorContributionMap":{"S-QUAN86":30,"-":7}},{"path":"src/main/java/Exception/DukeException.java","fileType":"java","lines":[{"lineNumber":1,"author":{"gitId":"S-QUAN86"},"content":"package Exception;","lastModifiedDate":"2022-04-16"},{"lineNumber":2,"author":{"gitId":"S-QUAN86"},"content":"","lastModifiedDate":"2022-04-16"},{"lineNumber":3,"author":{"gitId":"S-QUAN86"},"content":"public class DukeException extends Exception {","lastModifiedDate":"2022-04-14"},{"lineNumber":4,"author":{"gitId":"S-QUAN86"},"content":"","lastModifiedDate":"2022-04-14"},{"lineNumber":5,"author":{"gitId":"S-QUAN86"},"content":"    /**","lastModifiedDate":"2022-04-15"},{"lineNumber":6,"author":{"gitId":"S-QUAN86"},"content":"     * This exception occurs that whether input command was recognized.","lastModifiedDate":"2022-04-15"},{"lineNumber":7,"author":{"gitId":"S-QUAN86"},"content":"     * If there is no input or wrong input, the default message will pop out.","lastModifiedDate":"2022-04-15"},{"lineNumber":8,"author":{"gitId":"S-QUAN86"},"content":"     */","lastModifiedDate":"2022-04-15"},{"lineNumber":9,"author":{"gitId":"S-QUAN86"},"content":"","lastModifiedDate":"2022-04-15"},{"lineNumber":10,"author":{"gitId":"S-QUAN86"},"content":"    public DukeException(String msg) {","lastModifiedDate":"2022-04-14"},{"lineNumber":11,"author":{"gitId":"S-QUAN86"},"content":"        if(msg \u003d\u003d\"\") msg\u003d\"☹ OOPS!!! I\u0027m sorry, but I don\u0027t know what that means :-(\";","lastModifiedDate":"2022-04-14"},{"lineNumber":12,"author":{"gitId":"S-QUAN86"},"content":"        System.out.println (msg);","lastModifiedDate":"2022-04-14"},{"lineNumber":13,"author":{"gitId":"S-QUAN86"},"content":"    }","lastModifiedDate":"2022-04-14"},{"lineNumber":14,"author":{"gitId":"S-QUAN86"},"content":"}","lastModifiedDate":"2022-04-14"}],"authorContributionMap":{"S-QUAN86":14}},{"path":"src/main/java/Exception/MissDescException.java","fileType":"java","lines":[{"lineNumber":1,"author":{"gitId":"S-QUAN86"},"content":"package Exception;","lastModifiedDate":"2022-04-16"},{"lineNumber":2,"author":{"gitId":"S-QUAN86"},"content":"","lastModifiedDate":"2022-04-15"},{"lineNumber":3,"author":{"gitId":"S-QUAN86"},"content":"public class MissDescException extends Exception {","lastModifiedDate":"2022-04-14"},{"lineNumber":4,"author":{"gitId":"S-QUAN86"},"content":"    /**","lastModifiedDate":"2022-04-15"},{"lineNumber":5,"author":{"gitId":"S-QUAN86"},"content":"     *  This exception is used to check any missing descriptions of task from message given from _input[1].","lastModifiedDate":"2022-04-15"},{"lineNumber":6,"author":{"gitId":"S-QUAN86"},"content":"     */","lastModifiedDate":"2022-04-15"},{"lineNumber":7,"author":{"gitId":"S-QUAN86"},"content":"","lastModifiedDate":"2022-04-14"},{"lineNumber":8,"author":{"gitId":"S-QUAN86"},"content":"    public MissDescException(String msg) {","lastModifiedDate":"2022-04-14"},{"lineNumber":9,"author":{"gitId":"S-QUAN86"},"content":"        System.out.println(\" ☹ OOPS!!! The description of a \" + msg + \" cannot be empty.\");","lastModifiedDate":"2022-04-14"},{"lineNumber":10,"author":{"gitId":"S-QUAN86"},"content":"    }","lastModifiedDate":"2022-04-14"},{"lineNumber":11,"author":{"gitId":"S-QUAN86"},"content":"}","lastModifiedDate":"2022-04-14"}],"authorContributionMap":{"S-QUAN86":11}},{"path":"src/main/java/tasks/Deadline.java","fileType":"java","lines":[{"lineNumber":1,"author":{"gitId":"S-QUAN86"},"content":"package tasks;","lastModifiedDate":"2022-04-16"},{"lineNumber":2,"author":{"gitId":"S-QUAN86"},"content":"import java.time.*;","lastModifiedDate":"2022-04-15"},{"lineNumber":3,"author":{"gitId":"S-QUAN86"},"content":"import java.time.format.DateTimeFormatter;","lastModifiedDate":"2022-04-15"},{"lineNumber":4,"author":{"gitId":"S-QUAN86"},"content":"","lastModifiedDate":"2022-02-17"},{"lineNumber":5,"author":{"gitId":"S-QUAN86"},"content":"/**","lastModifiedDate":"2022-04-15"},{"lineNumber":6,"author":{"gitId":"S-QUAN86"},"content":" * Task type: Deadline.","lastModifiedDate":"2022-04-15"},{"lineNumber":7,"author":{"gitId":"S-QUAN86"},"content":" */","lastModifiedDate":"2022-04-15"},{"lineNumber":8,"author":{"gitId":"S-QUAN86"},"content":"","lastModifiedDate":"2022-04-15"},{"lineNumber":9,"author":{"gitId":"S-QUAN86"},"content":"public class Deadline extends Task{","lastModifiedDate":"2022-04-15"},{"lineNumber":10,"author":{"gitId":"S-QUAN86"},"content":"    protected LocalDate date;","lastModifiedDate":"2022-04-15"},{"lineNumber":11,"author":{"gitId":"S-QUAN86"},"content":"    protected int time;","lastModifiedDate":"2022-04-16"},{"lineNumber":12,"author":{"gitId":"S-QUAN86"},"content":"","lastModifiedDate":"2022-02-17"},{"lineNumber":13,"author":{"gitId":"S-QUAN86"},"content":"    public Deadline(String description, LocalDate by, int time) {","lastModifiedDate":"2022-04-16"},{"lineNumber":14,"author":{"gitId":"S-QUAN86"},"content":"        super(description);","lastModifiedDate":"2022-04-15"},{"lineNumber":15,"author":{"gitId":"S-QUAN86"},"content":"        this.date \u003d by;","lastModifiedDate":"2022-04-15"},{"lineNumber":16,"author":{"gitId":"S-QUAN86"},"content":"        this.time \u003d time;","lastModifiedDate":"2022-04-16"},{"lineNumber":17,"author":{"gitId":"S-QUAN86"},"content":"    }","lastModifiedDate":"2022-02-17"},{"lineNumber":18,"author":{"gitId":"S-QUAN86"},"content":"","lastModifiedDate":"2022-02-17"},{"lineNumber":19,"author":{"gitId":"S-QUAN86"},"content":"    @Override","lastModifiedDate":"2022-04-14"},{"lineNumber":20,"author":{"gitId":"S-QUAN86"},"content":"    public LocalDate getDate(){","lastModifiedDate":"2022-04-15"},{"lineNumber":21,"author":{"gitId":"S-QUAN86"},"content":"        return this.date;","lastModifiedDate":"2022-04-15"},{"lineNumber":22,"author":{"gitId":"S-QUAN86"},"content":"    }","lastModifiedDate":"2022-02-17"},{"lineNumber":23,"author":{"gitId":"S-QUAN86"},"content":"","lastModifiedDate":"2022-02-17"},{"lineNumber":24,"author":{"gitId":"S-QUAN86"},"content":"    @Override","lastModifiedDate":"2022-04-17"},{"lineNumber":25,"author":{"gitId":"S-QUAN86"},"content":"    public int getTime(){","lastModifiedDate":"2022-04-17"},{"lineNumber":26,"author":{"gitId":"S-QUAN86"},"content":"        return this.time;","lastModifiedDate":"2022-04-17"},{"lineNumber":27,"author":{"gitId":"S-QUAN86"},"content":"    }","lastModifiedDate":"2022-04-17"},{"lineNumber":28,"author":{"gitId":"S-QUAN86"},"content":"","lastModifiedDate":"2022-04-17"},{"lineNumber":29,"author":{"gitId":"S-QUAN86"},"content":"    @Override","lastModifiedDate":"2022-04-15"},{"lineNumber":30,"author":{"gitId":"S-QUAN86"},"content":"    public String toString() {","lastModifiedDate":"2022-04-15"},{"lineNumber":31,"author":{"gitId":"S-QUAN86"},"content":"        return \" [D]\" + \"[\"+getStatusIcon()+\"] \"+getDescription() + \" (by: \"","lastModifiedDate":"2022-04-16"},{"lineNumber":32,"author":{"gitId":"S-QUAN86"},"content":"                + date.format(DateTimeFormatter.ofPattern(\"MM/dd/yyyy\")) +\" \" + time + \")\";","lastModifiedDate":"2022-04-16"},{"lineNumber":33,"author":{"gitId":"S-QUAN86"},"content":"    }","lastModifiedDate":"2022-04-15"},{"lineNumber":34,"author":{"gitId":"S-QUAN86"},"content":"}","lastModifiedDate":"2022-02-17"}],"authorContributionMap":{"S-QUAN86":34}},{"path":"src/main/java/tasks/Event.java","fileType":"java","lines":[{"lineNumber":1,"author":{"gitId":"S-QUAN86"},"content":"package tasks;","lastModifiedDate":"2022-04-16"},{"lineNumber":2,"author":{"gitId":"S-QUAN86"},"content":"import java.time.*;","lastModifiedDate":"2022-04-15"},{"lineNumber":3,"author":{"gitId":"S-QUAN86"},"content":"import java.time.format.DateTimeFormatter;","lastModifiedDate":"2022-04-15"},{"lineNumber":4,"author":{"gitId":"S-QUAN86"},"content":"","lastModifiedDate":"2022-04-15"},{"lineNumber":5,"author":{"gitId":"S-QUAN86"},"content":"/**","lastModifiedDate":"2022-04-15"},{"lineNumber":6,"author":{"gitId":"S-QUAN86"},"content":" * Task type: Event.","lastModifiedDate":"2022-04-15"},{"lineNumber":7,"author":{"gitId":"S-QUAN86"},"content":" */","lastModifiedDate":"2022-04-15"},{"lineNumber":8,"author":{"gitId":"S-QUAN86"},"content":"","lastModifiedDate":"2022-04-15"},{"lineNumber":9,"author":{"gitId":"S-QUAN86"},"content":"public class Event extends Task{","lastModifiedDate":"2022-02-17"},{"lineNumber":10,"author":{"gitId":"S-QUAN86"},"content":"","lastModifiedDate":"2022-02-17"},{"lineNumber":11,"author":{"gitId":"S-QUAN86"},"content":"    protected LocalDate date;","lastModifiedDate":"2022-04-15"},{"lineNumber":12,"author":{"gitId":"S-QUAN86"},"content":"    protected int time;","lastModifiedDate":"2022-04-16"},{"lineNumber":13,"author":{"gitId":"S-QUAN86"},"content":"","lastModifiedDate":"2022-02-17"},{"lineNumber":14,"author":{"gitId":"S-QUAN86"},"content":"    public Event(String description, LocalDate at, int time) {","lastModifiedDate":"2022-04-16"},{"lineNumber":15,"author":{"gitId":"S-QUAN86"},"content":"        super (description);","lastModifiedDate":"2022-04-15"},{"lineNumber":16,"author":{"gitId":"S-QUAN86"},"content":"        this.date \u003d at;","lastModifiedDate":"2022-04-15"},{"lineNumber":17,"author":{"gitId":"S-QUAN86"},"content":"        this.time \u003d time;","lastModifiedDate":"2022-04-16"},{"lineNumber":18,"author":{"gitId":"S-QUAN86"},"content":"    }","lastModifiedDate":"2022-02-17"},{"lineNumber":19,"author":{"gitId":"S-QUAN86"},"content":"","lastModifiedDate":"2022-02-17"},{"lineNumber":20,"author":{"gitId":"S-QUAN86"},"content":"    @Override","lastModifiedDate":"2022-02-17"},{"lineNumber":21,"author":{"gitId":"S-QUAN86"},"content":"    public LocalDate getDate() {","lastModifiedDate":"2022-04-15"},{"lineNumber":22,"author":{"gitId":"S-QUAN86"},"content":"        return this.date;","lastModifiedDate":"2022-04-15"},{"lineNumber":23,"author":{"gitId":"S-QUAN86"},"content":"    }","lastModifiedDate":"2022-04-15"},{"lineNumber":24,"author":{"gitId":"S-QUAN86"},"content":"","lastModifiedDate":"2022-04-15"},{"lineNumber":25,"author":{"gitId":"S-QUAN86"},"content":"    @Override","lastModifiedDate":"2022-04-17"},{"lineNumber":26,"author":{"gitId":"S-QUAN86"},"content":"    public int getTime(){","lastModifiedDate":"2022-04-17"},{"lineNumber":27,"author":{"gitId":"S-QUAN86"},"content":"        return this.time;","lastModifiedDate":"2022-04-17"},{"lineNumber":28,"author":{"gitId":"S-QUAN86"},"content":"    }","lastModifiedDate":"2022-04-17"},{"lineNumber":29,"author":{"gitId":"S-QUAN86"},"content":"","lastModifiedDate":"2022-04-17"},{"lineNumber":30,"author":{"gitId":"S-QUAN86"},"content":"    @Override","lastModifiedDate":"2022-04-15"},{"lineNumber":31,"author":{"gitId":"S-QUAN86"},"content":"","lastModifiedDate":"2022-04-15"},{"lineNumber":32,"author":{"gitId":"S-QUAN86"},"content":"    public String toString() {","lastModifiedDate":"2022-04-15"},{"lineNumber":33,"author":{"gitId":"S-QUAN86"},"content":"        return \" [E]\" + \"[\"+getStatusIcon()+\"] \"+getDescription() + \" (at: \"","lastModifiedDate":"2022-04-16"},{"lineNumber":34,"author":{"gitId":"S-QUAN86"},"content":"                + date.format(DateTimeFormatter.ofPattern(\"MMM/dd/yyyy\")) +\" \" + time + \")\";","lastModifiedDate":"2022-04-16"},{"lineNumber":35,"author":{"gitId":"S-QUAN86"},"content":"    }","lastModifiedDate":"2022-02-17"},{"lineNumber":36,"author":{"gitId":"S-QUAN86"},"content":"","lastModifiedDate":"2022-02-17"},{"lineNumber":37,"author":{"gitId":"S-QUAN86"},"content":"}","lastModifiedDate":"2022-02-17"}],"authorContributionMap":{"S-QUAN86":37}},{"path":"src/main/java/tasks/Task.java","fileType":"java","lines":[{"lineNumber":1,"author":{"gitId":"S-QUAN86"},"content":"package tasks;","lastModifiedDate":"2022-04-16"},{"lineNumber":2,"author":{"gitId":"S-QUAN86"},"content":"import java.time.*;","lastModifiedDate":"2022-04-15"},{"lineNumber":3,"author":{"gitId":"S-QUAN86"},"content":"/**","lastModifiedDate":"2022-04-15"},{"lineNumber":4,"author":{"gitId":"S-QUAN86"},"content":" * This is the main class for all task types.","lastModifiedDate":"2022-04-15"},{"lineNumber":5,"author":{"gitId":"S-QUAN86"},"content":" * It is also the default class for type \u0027todo\u0027.","lastModifiedDate":"2022-04-15"},{"lineNumber":6,"author":{"gitId":"S-QUAN86"},"content":" */","lastModifiedDate":"2022-04-15"},{"lineNumber":7,"author":{"gitId":"S-QUAN86"},"content":"","lastModifiedDate":"2022-04-15"},{"lineNumber":8,"author":{"gitId":"S-QUAN86"},"content":"public class Task {","lastModifiedDate":"2022-04-14"},{"lineNumber":9,"author":{"gitId":"S-QUAN86"},"content":"    protected String description;","lastModifiedDate":"2022-02-17"},{"lineNumber":10,"author":{"gitId":"S-QUAN86"},"content":"    protected boolean isDone;","lastModifiedDate":"2022-02-17"},{"lineNumber":11,"author":{"gitId":"S-QUAN86"},"content":"    protected int time;","lastModifiedDate":"2022-04-17"},{"lineNumber":12,"author":{"gitId":"S-QUAN86"},"content":"","lastModifiedDate":"2022-02-17"},{"lineNumber":13,"author":{"gitId":"S-QUAN86"},"content":"    public Task(String description) {","lastModifiedDate":"2022-04-15"},{"lineNumber":14,"author":{"gitId":"S-QUAN86"},"content":"        this.description \u003d description;","lastModifiedDate":"2022-02-17"},{"lineNumber":15,"author":{"gitId":"S-QUAN86"},"content":"        this.isDone \u003d false;","lastModifiedDate":"2022-02-17"},{"lineNumber":16,"author":{"gitId":"S-QUAN86"},"content":"    }","lastModifiedDate":"2022-02-17"},{"lineNumber":17,"author":{"gitId":"S-QUAN86"},"content":"","lastModifiedDate":"2022-02-17"},{"lineNumber":18,"author":{"gitId":"S-QUAN86"},"content":"    public void markAsDone() {","lastModifiedDate":"2022-02-17"},{"lineNumber":19,"author":{"gitId":"S-QUAN86"},"content":"        this.isDone \u003d true;","lastModifiedDate":"2022-02-17"},{"lineNumber":20,"author":{"gitId":"S-QUAN86"},"content":"    }","lastModifiedDate":"2022-02-17"},{"lineNumber":21,"author":{"gitId":"S-QUAN86"},"content":"    public void markAsNotDone() {","lastModifiedDate":"2022-04-17"},{"lineNumber":22,"author":{"gitId":"S-QUAN86"},"content":"        this.isDone \u003d false;","lastModifiedDate":"2022-04-17"},{"lineNumber":23,"author":{"gitId":"S-QUAN86"},"content":"    }","lastModifiedDate":"2022-04-17"},{"lineNumber":24,"author":{"gitId":"S-QUAN86"},"content":"","lastModifiedDate":"2022-02-17"},{"lineNumber":25,"author":{"gitId":"S-QUAN86"},"content":"    public String getStatusIcon() {","lastModifiedDate":"2022-02-17"},{"lineNumber":26,"author":{"gitId":"S-QUAN86"},"content":"        return (isDone? \"X\" : \" \");","lastModifiedDate":"2022-02-17"},{"lineNumber":27,"author":{"gitId":"S-QUAN86"},"content":"    }","lastModifiedDate":"2022-02-17"},{"lineNumber":28,"author":{"gitId":"S-QUAN86"},"content":"","lastModifiedDate":"2022-02-17"},{"lineNumber":29,"author":{"gitId":"S-QUAN86"},"content":"    public String getDescription() {","lastModifiedDate":"2022-02-17"},{"lineNumber":30,"author":{"gitId":"S-QUAN86"},"content":"        return description;","lastModifiedDate":"2022-02-17"},{"lineNumber":31,"author":{"gitId":"S-QUAN86"},"content":"    }","lastModifiedDate":"2022-02-17"},{"lineNumber":32,"author":{"gitId":"S-QUAN86"},"content":"","lastModifiedDate":"2022-04-15"},{"lineNumber":33,"author":{"gitId":"S-QUAN86"},"content":"    public LocalDate getDate() {","lastModifiedDate":"2022-04-15"},{"lineNumber":34,"author":{"gitId":"S-QUAN86"},"content":"        return null;","lastModifiedDate":"2022-04-15"},{"lineNumber":35,"author":{"gitId":"S-QUAN86"},"content":"    }","lastModifiedDate":"2022-04-15"},{"lineNumber":36,"author":{"gitId":"S-QUAN86"},"content":"","lastModifiedDate":"2022-04-15"},{"lineNumber":37,"author":{"gitId":"S-QUAN86"},"content":"    public int getTime(){","lastModifiedDate":"2022-04-17"},{"lineNumber":38,"author":{"gitId":"S-QUAN86"},"content":"       return time \u003d 0;","lastModifiedDate":"2022-04-17"},{"lineNumber":39,"author":{"gitId":"S-QUAN86"},"content":"    }","lastModifiedDate":"2022-04-17"},{"lineNumber":40,"author":{"gitId":"S-QUAN86"},"content":"","lastModifiedDate":"2022-04-17"},{"lineNumber":41,"author":{"gitId":"S-QUAN86"},"content":"    public String toString() {","lastModifiedDate":"2022-04-15"},{"lineNumber":42,"author":{"gitId":"S-QUAN86"},"content":"        return \" [T]\"+\"[\" +getStatusIcon()+ \"] \" + getDescription();","lastModifiedDate":"2022-04-14"},{"lineNumber":43,"author":{"gitId":"S-QUAN86"},"content":"    }","lastModifiedDate":"2022-02-17"},{"lineNumber":44,"author":{"gitId":"S-QUAN86"},"content":"}","lastModifiedDate":"2022-02-17"}],"authorContributionMap":{"S-QUAN86":44}},{"path":"src/main/java/tasks/Type.java","fileType":"java","lines":[{"lineNumber":1,"author":{"gitId":"S-QUAN86"},"content":"package tasks;","lastModifiedDate":"2022-04-16"},{"lineNumber":2,"author":{"gitId":"S-QUAN86"},"content":"","lastModifiedDate":"2022-04-16"},{"lineNumber":3,"author":{"gitId":"S-QUAN86"},"content":"public enum Type {","lastModifiedDate":"2022-04-16"},{"lineNumber":4,"author":{"gitId":"S-QUAN86"},"content":"    bye,list,find,done,unmark,delete,todo,event,deadline","lastModifiedDate":"2022-04-17"},{"lineNumber":5,"author":{"gitId":"S-QUAN86"},"content":"}","lastModifiedDate":"2022-04-16"}],"authorContributionMap":{"S-QUAN86":5}},{"path":"src/main/java/ui/MySiri.java","fileType":"java","lines":[{"lineNumber":1,"author":{"gitId":"S-QUAN86"},"content":"package ui;","lastModifiedDate":"2022-04-16"},{"lineNumber":2,"author":{"gitId":"S-QUAN86"},"content":"import java.util.ArrayList;","lastModifiedDate":"2022-04-15"},{"lineNumber":3,"author":{"gitId":"S-QUAN86"},"content":"import java.util.Scanner;","lastModifiedDate":"2022-04-15"},{"lineNumber":4,"author":{"gitId":"S-QUAN86"},"content":"import java.time.*;","lastModifiedDate":"2022-04-15"},{"lineNumber":5,"author":{"gitId":"S-QUAN86"},"content":"import Exception.*;","lastModifiedDate":"2022-04-16"},{"lineNumber":6,"author":{"gitId":"S-QUAN86"},"content":"import tasks.*;","lastModifiedDate":"2022-04-16"},{"lineNumber":7,"author":{"gitId":"S-QUAN86"},"content":"import Duke.*;","lastModifiedDate":"2022-04-17"},{"lineNumber":8,"author":{"gitId":"S-QUAN86"},"content":"","lastModifiedDate":"2022-04-16"},{"lineNumber":9,"author":{"gitId":"S-QUAN86"},"content":"/**","lastModifiedDate":"2022-04-16"},{"lineNumber":10,"author":{"gitId":"S-QUAN86"},"content":" * This is the major class.","lastModifiedDate":"2022-04-16"},{"lineNumber":11,"author":{"gitId":"S-QUAN86"},"content":" * It initializes MySiri, read commands and process storage.","lastModifiedDate":"2022-04-16"},{"lineNumber":12,"author":{"gitId":"S-QUAN86"},"content":" */","lastModifiedDate":"2022-04-16"},{"lineNumber":13,"author":{"gitId":"S-QUAN86"},"content":"","lastModifiedDate":"2022-04-15"},{"lineNumber":14,"author":{"gitId":"S-QUAN86"},"content":"public class MySiri extends Duke{","lastModifiedDate":"2022-04-15"},{"lineNumber":15,"author":{"gitId":"S-QUAN86"},"content":"    protected static ArrayList\u003cTask\u003e task \u003d new ArrayList\u003c\u003e();","lastModifiedDate":"2022-04-15"},{"lineNumber":16,"author":{"gitId":"S-QUAN86"},"content":"    private static int count \u003d 0;","lastModifiedDate":"2022-04-15"},{"lineNumber":17,"author":{"gitId":"S-QUAN86"},"content":"    private static final String ln \u003d \"____________________________________________________________\";","lastModifiedDate":"2022-04-15"},{"lineNumber":18,"author":{"gitId":"S-QUAN86"},"content":"    protected static boolean iDuke \u003d true;","lastModifiedDate":"2022-04-15"},{"lineNumber":19,"author":{"gitId":"S-QUAN86"},"content":"","lastModifiedDate":"2022-04-15"},{"lineNumber":20,"author":{"gitId":"S-QUAN86"},"content":"    private static void run() throws Exception {","lastModifiedDate":"2022-04-15"},{"lineNumber":21,"author":{"gitId":"S-QUAN86"},"content":"        Scanner in \u003d new Scanner(System.in);","lastModifiedDate":"2022-04-15"},{"lineNumber":22,"author":{"gitId":"S-QUAN86"},"content":"        String enter \u003d (in.nextLine()).trim();","lastModifiedDate":"2022-04-15"},{"lineNumber":23,"author":{"gitId":"S-QUAN86"},"content":"        String[] _enter\u003d enter.split(\" \", 2);","lastModifiedDate":"2022-04-16"},{"lineNumber":24,"author":{"gitId":"S-QUAN86"},"content":"        String type \u003d (_enter[0]).trim().toLowerCase();","lastModifiedDate":"2022-04-16"},{"lineNumber":25,"author":{"gitId":"S-QUAN86"},"content":"        Type t \u003d  Type.valueOf(type);","lastModifiedDate":"2022-04-16"},{"lineNumber":26,"author":{"gitId":"S-QUAN86"},"content":"        fileScanner(enter, true, t);","lastModifiedDate":"2022-04-16"},{"lineNumber":27,"author":{"gitId":"S-QUAN86"},"content":"    }","lastModifiedDate":"2022-04-15"},{"lineNumber":28,"author":{"gitId":"S-QUAN86"},"content":"","lastModifiedDate":"2022-04-15"},{"lineNumber":29,"author":{"gitId":"S-QUAN86"},"content":"    public static void Exit() throws Exception {","lastModifiedDate":"2022-04-17"},{"lineNumber":30,"author":{"gitId":"S-QUAN86"},"content":"        Storage.saveFile();","lastModifiedDate":"2022-04-15"},{"lineNumber":31,"author":{"gitId":"S-QUAN86"},"content":"        System.out.println(ln + System.lineSeparator()","lastModifiedDate":"2022-04-15"},{"lineNumber":32,"author":{"gitId":"S-QUAN86"},"content":"                + \"Your tasks are saved\"","lastModifiedDate":"2022-04-15"},{"lineNumber":33,"author":{"gitId":"S-QUAN86"},"content":"                + System.lineSeparator()","lastModifiedDate":"2022-04-15"},{"lineNumber":34,"author":{"gitId":"S-QUAN86"},"content":"                + \"Goodbye，Hope to see you again soon!\");","lastModifiedDate":"2022-04-15"},{"lineNumber":35,"author":{"gitId":"S-QUAN86"},"content":"        iDuke \u003d false;","lastModifiedDate":"2022-04-17"},{"lineNumber":36,"author":{"gitId":"S-QUAN86"},"content":"        System.exit(0);","lastModifiedDate":"2022-04-17"},{"lineNumber":37,"author":{"gitId":"S-QUAN86"},"content":"    }","lastModifiedDate":"2022-04-15"},{"lineNumber":38,"author":{"gitId":"S-QUAN86"},"content":"","lastModifiedDate":"2022-04-15"},{"lineNumber":39,"author":{"gitId":"S-QUAN86"},"content":"    public static void printAdded(String input) {","lastModifiedDate":"2022-04-15"},{"lineNumber":40,"author":{"gitId":"S-QUAN86"},"content":"        int numTask \u003d count + 1;","lastModifiedDate":"2022-04-15"},{"lineNumber":41,"author":{"gitId":"S-QUAN86"},"content":"        System.out.println(ln + System.lineSeparator()","lastModifiedDate":"2022-04-15"},{"lineNumber":42,"author":{"gitId":"S-QUAN86"},"content":"                + \"Got it. I\u0027ve added this task: \");","lastModifiedDate":"2022-04-15"},{"lineNumber":43,"author":{"gitId":"S-QUAN86"},"content":"        System.out.println(input);","lastModifiedDate":"2022-04-15"},{"lineNumber":44,"author":{"gitId":"S-QUAN86"},"content":"        System.out.println(\"Now you have \" + numTask","lastModifiedDate":"2022-04-15"},{"lineNumber":45,"author":{"gitId":"S-QUAN86"},"content":"                + \" tasks in the list.\");","lastModifiedDate":"2022-04-15"},{"lineNumber":46,"author":{"gitId":"S-QUAN86"},"content":"        System.out.println(ln);","lastModifiedDate":"2022-04-15"},{"lineNumber":47,"author":{"gitId":"S-QUAN86"},"content":"    }","lastModifiedDate":"2022-04-15"},{"lineNumber":48,"author":{"gitId":"S-QUAN86"},"content":"","lastModifiedDate":"2022-04-15"},{"lineNumber":49,"author":{"gitId":"S-QUAN86"},"content":"    public static void toDo(String input, boolean print) throws Exception {","lastModifiedDate":"2022-04-15"},{"lineNumber":50,"author":{"gitId":"S-QUAN86"},"content":"        String[] _input \u003d input.split(\" \", 2);","lastModifiedDate":"2022-04-15"},{"lineNumber":51,"author":{"gitId":"S-QUAN86"},"content":"        try {","lastModifiedDate":"2022-04-15"},{"lineNumber":52,"author":{"gitId":"S-QUAN86"},"content":"            task.add(count, new Task(_input[1]));","lastModifiedDate":"2022-04-15"},{"lineNumber":53,"author":{"gitId":"S-QUAN86"},"content":"            if (print) {","lastModifiedDate":"2022-04-15"},{"lineNumber":54,"author":{"gitId":"S-QUAN86"},"content":"                printAdded(task.get(count).toString());","lastModifiedDate":"2022-04-15"},{"lineNumber":55,"author":{"gitId":"S-QUAN86"},"content":"            }","lastModifiedDate":"2022-04-15"},{"lineNumber":56,"author":{"gitId":"S-QUAN86"},"content":"            count++;","lastModifiedDate":"2022-04-15"},{"lineNumber":57,"author":{"gitId":"S-QUAN86"},"content":"        } catch (RuntimeException e) {","lastModifiedDate":"2022-04-15"},{"lineNumber":58,"author":{"gitId":"S-QUAN86"},"content":"            throw new MissDescException(\"Sorry I don\u0027t understand what you mean.\");","lastModifiedDate":"2022-04-16"},{"lineNumber":59,"author":{"gitId":"S-QUAN86"},"content":"        }","lastModifiedDate":"2022-04-15"},{"lineNumber":60,"author":{"gitId":"S-QUAN86"},"content":"    }","lastModifiedDate":"2022-04-15"},{"lineNumber":61,"author":{"gitId":"S-QUAN86"},"content":"","lastModifiedDate":"2022-04-15"},{"lineNumber":62,"author":{"gitId":"S-QUAN86"},"content":"    public static void Event(String enter, boolean addTask) throws Exception {","lastModifiedDate":"2022-04-15"},{"lineNumber":63,"author":{"gitId":"S-QUAN86"},"content":"        String[] _enter \u003d enter.split(\" \", 2);","lastModifiedDate":"2022-04-15"},{"lineNumber":64,"author":{"gitId":"S-QUAN86"},"content":"        String[] dl \u003d _enter[1].split(\"at/\");","lastModifiedDate":"2022-04-17"},{"lineNumber":65,"author":{"gitId":"S-QUAN86"},"content":"        String[] at \u003d (dl[1].split(\" \", 3));","lastModifiedDate":"2022-04-16"},{"lineNumber":66,"author":{"gitId":"S-QUAN86"},"content":"        LocalDate date \u003d LocalDate.parse(at[1]);","lastModifiedDate":"2022-04-17"},{"lineNumber":67,"author":{"gitId":"S-QUAN86"},"content":"        int time \u003d Integer.parseInt(at[2]);","lastModifiedDate":"2022-04-16"},{"lineNumber":68,"author":{"gitId":"S-QUAN86"},"content":"        if(!chkDateTime(date, time)) return;","lastModifiedDate":"2022-04-17"},{"lineNumber":69,"author":{"gitId":"S-QUAN86"},"content":"        try {","lastModifiedDate":"2022-04-15"},{"lineNumber":70,"author":{"gitId":"S-QUAN86"},"content":"            for (String s : at) {","lastModifiedDate":"2022-04-16"},{"lineNumber":71,"author":{"gitId":"S-QUAN86"},"content":"                System.out.println(s);","lastModifiedDate":"2022-04-16"},{"lineNumber":72,"author":{"gitId":"S-QUAN86"},"content":"                break;","lastModifiedDate":"2022-04-16"},{"lineNumber":73,"author":{"gitId":"S-QUAN86"},"content":"            }","lastModifiedDate":"2022-04-16"},{"lineNumber":74,"author":{"gitId":"S-QUAN86"},"content":"            task.add(count, new Event(dl[0].trim(), Date(at[1]), time));","lastModifiedDate":"2022-04-17"},{"lineNumber":75,"author":{"gitId":"S-QUAN86"},"content":"            if(addTask) {","lastModifiedDate":"2022-04-15"},{"lineNumber":76,"author":{"gitId":"S-QUAN86"},"content":"                printAdded(task.get(count).toString());","lastModifiedDate":"2022-04-15"},{"lineNumber":77,"author":{"gitId":"S-QUAN86"},"content":"            }","lastModifiedDate":"2022-04-15"},{"lineNumber":78,"author":{"gitId":"S-QUAN86"},"content":"            count++;","lastModifiedDate":"2022-04-15"},{"lineNumber":79,"author":{"gitId":"S-QUAN86"},"content":"        } catch (RuntimeException e) {","lastModifiedDate":"2022-04-15"},{"lineNumber":80,"author":{"gitId":"S-QUAN86"},"content":"            throw new MissDescException(\"Please enter in correct date and time format. Example: 2020-01-01 1300\");","lastModifiedDate":"2022-04-16"},{"lineNumber":81,"author":{"gitId":"S-QUAN86"},"content":"        }","lastModifiedDate":"2022-04-15"},{"lineNumber":82,"author":{"gitId":"S-QUAN86"},"content":"    }","lastModifiedDate":"2022-04-15"},{"lineNumber":83,"author":{"gitId":"S-QUAN86"},"content":"    public static void Deadline(String enter, boolean addTask) throws Exception {","lastModifiedDate":"2022-04-15"},{"lineNumber":84,"author":{"gitId":"S-QUAN86"},"content":"        String[] _enter \u003d enter.split(\" \", 2);","lastModifiedDate":"2022-04-15"},{"lineNumber":85,"author":{"gitId":"S-QUAN86"},"content":"        String[] dl \u003d _enter[1].split(\"by/\");","lastModifiedDate":"2022-04-17"},{"lineNumber":86,"author":{"gitId":"S-QUAN86"},"content":"        String[] by \u003d (dl[1].split(\" \", 3));","lastModifiedDate":"2022-04-16"},{"lineNumber":87,"author":{"gitId":"S-QUAN86"},"content":"        LocalDate date \u003d LocalDate.parse(by[1]);","lastModifiedDate":"2022-04-17"},{"lineNumber":88,"author":{"gitId":"S-QUAN86"},"content":"        int time \u003d Integer.parseInt(by[2]);","lastModifiedDate":"2022-04-16"},{"lineNumber":89,"author":{"gitId":"S-QUAN86"},"content":"        if(!chkDateTime(date, time)) return;","lastModifiedDate":"2022-04-17"},{"lineNumber":90,"author":{"gitId":"S-QUAN86"},"content":"        try {","lastModifiedDate":"2022-04-15"},{"lineNumber":91,"author":{"gitId":"S-QUAN86"},"content":"            task.add(count, new Deadline((dl[0]).trim(), Date(by[1]), time));","lastModifiedDate":"2022-04-17"},{"lineNumber":92,"author":{"gitId":"S-QUAN86"},"content":"            if(addTask) {","lastModifiedDate":"2022-04-15"},{"lineNumber":93,"author":{"gitId":"S-QUAN86"},"content":"                printAdded(task.get(count).toString());","lastModifiedDate":"2022-04-15"},{"lineNumber":94,"author":{"gitId":"S-QUAN86"},"content":"            }","lastModifiedDate":"2022-04-15"},{"lineNumber":95,"author":{"gitId":"S-QUAN86"},"content":"            count++;","lastModifiedDate":"2022-04-15"},{"lineNumber":96,"author":{"gitId":"S-QUAN86"},"content":"        } catch (NumberFormatException e) {","lastModifiedDate":"2022-04-17"},{"lineNumber":97,"author":{"gitId":"S-QUAN86"},"content":"            throw new MissDescException(\"Please enter in correct date and time format. Example: 2020-01-01 1300\");","lastModifiedDate":"2022-04-17"},{"lineNumber":98,"author":{"gitId":"S-QUAN86"},"content":"        }","lastModifiedDate":"2022-04-15"},{"lineNumber":99,"author":{"gitId":"S-QUAN86"},"content":"    }","lastModifiedDate":"2022-04-15"},{"lineNumber":100,"author":{"gitId":"S-QUAN86"},"content":"","lastModifiedDate":"2022-04-15"},{"lineNumber":101,"author":{"gitId":"S-QUAN86"},"content":"    public static void Done(String enter) throws Exception {","lastModifiedDate":"2022-04-15"},{"lineNumber":102,"author":{"gitId":"S-QUAN86"},"content":"        String[] _enter \u003d enter.split(\" \", 2);","lastModifiedDate":"2022-04-15"},{"lineNumber":103,"author":{"gitId":"S-QUAN86"},"content":"        int taskNum;","lastModifiedDate":"2022-04-15"},{"lineNumber":104,"author":{"gitId":"S-QUAN86"},"content":"        try {","lastModifiedDate":"2022-04-15"},{"lineNumber":105,"author":{"gitId":"S-QUAN86"},"content":"            taskNum \u003d Integer.parseInt(_enter[1]);","lastModifiedDate":"2022-04-15"},{"lineNumber":106,"author":{"gitId":"S-QUAN86"},"content":"        } catch (NumberFormatException e) {","lastModifiedDate":"2022-04-15"},{"lineNumber":107,"author":{"gitId":"S-QUAN86"},"content":"            throw new DukeException(\"Invalid number\");","lastModifiedDate":"2022-04-15"},{"lineNumber":108,"author":{"gitId":"S-QUAN86"},"content":"        }","lastModifiedDate":"2022-04-15"},{"lineNumber":109,"author":{"gitId":"S-QUAN86"},"content":"        if (taskNum \u003e count)","lastModifiedDate":"2022-04-15"},{"lineNumber":110,"author":{"gitId":"S-QUAN86"},"content":"            System.out.println(\"Invalid task number\");","lastModifiedDate":"2022-04-15"},{"lineNumber":111,"author":{"gitId":"S-QUAN86"},"content":"        task.get(taskNum - 1).markAsDone();","lastModifiedDate":"2022-04-15"},{"lineNumber":112,"author":{"gitId":"S-QUAN86"},"content":"        System.out.println(ln + System.lineSeparator() +","lastModifiedDate":"2022-04-15"},{"lineNumber":113,"author":{"gitId":"S-QUAN86"},"content":"                \"Nice! I\u0027ve marked this task as done:\"","lastModifiedDate":"2022-04-15"},{"lineNumber":114,"author":{"gitId":"S-QUAN86"},"content":"                + System.lineSeparator() + (taskNum)","lastModifiedDate":"2022-04-15"},{"lineNumber":115,"author":{"gitId":"S-QUAN86"},"content":"                + \".\" + \"[\" + task.get(taskNum - 1).getStatusIcon() + \"] \"","lastModifiedDate":"2022-04-16"},{"lineNumber":116,"author":{"gitId":"S-QUAN86"},"content":"                + task.get(taskNum - 1).getDescription()","lastModifiedDate":"2022-04-15"},{"lineNumber":117,"author":{"gitId":"S-QUAN86"},"content":"                + System.lineSeparator()","lastModifiedDate":"2022-04-15"},{"lineNumber":118,"author":{"gitId":"S-QUAN86"},"content":"                + ln);","lastModifiedDate":"2022-04-15"},{"lineNumber":119,"author":{"gitId":"S-QUAN86"},"content":"    }","lastModifiedDate":"2022-04-15"},{"lineNumber":120,"author":{"gitId":"S-QUAN86"},"content":"    public static void unMark(String enter) throws Exception {","lastModifiedDate":"2022-04-17"},{"lineNumber":121,"author":{"gitId":"S-QUAN86"},"content":"        String[] _enter \u003d enter.split(\" \", 2);","lastModifiedDate":"2022-04-17"},{"lineNumber":122,"author":{"gitId":"S-QUAN86"},"content":"        int taskNum;","lastModifiedDate":"2022-04-17"},{"lineNumber":123,"author":{"gitId":"S-QUAN86"},"content":"        try {","lastModifiedDate":"2022-04-17"},{"lineNumber":124,"author":{"gitId":"S-QUAN86"},"content":"            taskNum \u003d Integer.parseInt(_enter[1]);","lastModifiedDate":"2022-04-17"},{"lineNumber":125,"author":{"gitId":"S-QUAN86"},"content":"        } catch (NumberFormatException e) {","lastModifiedDate":"2022-04-17"},{"lineNumber":126,"author":{"gitId":"S-QUAN86"},"content":"            throw new DukeException(\"Invalid number\");","lastModifiedDate":"2022-04-17"},{"lineNumber":127,"author":{"gitId":"S-QUAN86"},"content":"        }","lastModifiedDate":"2022-04-17"},{"lineNumber":128,"author":{"gitId":"S-QUAN86"},"content":"        if (taskNum \u003e count)","lastModifiedDate":"2022-04-17"},{"lineNumber":129,"author":{"gitId":"S-QUAN86"},"content":"            System.out.println(\"Invalid task number\");","lastModifiedDate":"2022-04-17"},{"lineNumber":130,"author":{"gitId":"S-QUAN86"},"content":"        task.get(taskNum - 1).markAsNotDone();","lastModifiedDate":"2022-04-17"},{"lineNumber":131,"author":{"gitId":"S-QUAN86"},"content":"        System.out.println(ln + System.lineSeparator() +","lastModifiedDate":"2022-04-17"},{"lineNumber":132,"author":{"gitId":"S-QUAN86"},"content":"                \"Nice! I\u0027ve re-marked this task as not done:\"","lastModifiedDate":"2022-04-17"},{"lineNumber":133,"author":{"gitId":"S-QUAN86"},"content":"                + System.lineSeparator() + (taskNum)","lastModifiedDate":"2022-04-17"},{"lineNumber":134,"author":{"gitId":"S-QUAN86"},"content":"                + \".\" + \"[\" + task.get(taskNum - 1).getStatusIcon() + \"] \"","lastModifiedDate":"2022-04-17"},{"lineNumber":135,"author":{"gitId":"S-QUAN86"},"content":"                + task.get(taskNum - 1).getDescription()","lastModifiedDate":"2022-04-17"},{"lineNumber":136,"author":{"gitId":"S-QUAN86"},"content":"                + System.lineSeparator()","lastModifiedDate":"2022-04-17"},{"lineNumber":137,"author":{"gitId":"S-QUAN86"},"content":"                + ln);","lastModifiedDate":"2022-04-17"},{"lineNumber":138,"author":{"gitId":"S-QUAN86"},"content":"    }","lastModifiedDate":"2022-04-17"},{"lineNumber":139,"author":{"gitId":"S-QUAN86"},"content":"","lastModifiedDate":"2022-04-15"},{"lineNumber":140,"author":{"gitId":"S-QUAN86"},"content":"    public static void Delete(String enter) throws Exception {","lastModifiedDate":"2022-04-15"},{"lineNumber":141,"author":{"gitId":"S-QUAN86"},"content":"        String[] _enter \u003d enter.split(\" \", 2);","lastModifiedDate":"2022-04-15"},{"lineNumber":142,"author":{"gitId":"S-QUAN86"},"content":"        int numTask;","lastModifiedDate":"2022-04-15"},{"lineNumber":143,"author":{"gitId":"S-QUAN86"},"content":"        try {","lastModifiedDate":"2022-04-15"},{"lineNumber":144,"author":{"gitId":"S-QUAN86"},"content":"            numTask \u003d Integer.parseInt(_enter[1]);","lastModifiedDate":"2022-04-15"},{"lineNumber":145,"author":{"gitId":"S-QUAN86"},"content":"        } catch (NumberFormatException e) {","lastModifiedDate":"2022-04-15"},{"lineNumber":146,"author":{"gitId":"S-QUAN86"},"content":"            throw new DukeException(\"Invalid number\");","lastModifiedDate":"2022-04-17"},{"lineNumber":147,"author":{"gitId":"S-QUAN86"},"content":"        }","lastModifiedDate":"2022-04-15"},{"lineNumber":148,"author":{"gitId":"S-QUAN86"},"content":"        if (numTask \u003e count)","lastModifiedDate":"2022-04-15"},{"lineNumber":149,"author":{"gitId":"S-QUAN86"},"content":"            throw new DukeException(\"Invalid task number\");","lastModifiedDate":"2022-04-15"},{"lineNumber":150,"author":{"gitId":"S-QUAN86"},"content":"        System.out.println(ln + System.lineSeparator()","lastModifiedDate":"2022-04-15"},{"lineNumber":151,"author":{"gitId":"S-QUAN86"},"content":"                + \"Noted. I\u0027ve removed this task: \"","lastModifiedDate":"2022-04-15"},{"lineNumber":152,"author":{"gitId":"S-QUAN86"},"content":"                + System.lineSeparator() + \" [\"","lastModifiedDate":"2022-04-15"},{"lineNumber":153,"author":{"gitId":"S-QUAN86"},"content":"                + task.get(numTask - 1).getStatusIcon() + \"] \"","lastModifiedDate":"2022-04-15"},{"lineNumber":154,"author":{"gitId":"S-QUAN86"},"content":"                + task.get(numTask - 1).getDescription());","lastModifiedDate":"2022-04-15"},{"lineNumber":155,"author":{"gitId":"S-QUAN86"},"content":"        task.remove(numTask - 1);","lastModifiedDate":"2022-04-15"},{"lineNumber":156,"author":{"gitId":"S-QUAN86"},"content":"        count--;","lastModifiedDate":"2022-04-15"},{"lineNumber":157,"author":{"gitId":"S-QUAN86"},"content":"        printList();","lastModifiedDate":"2022-04-15"},{"lineNumber":158,"author":{"gitId":"S-QUAN86"},"content":"        System.out.println(\"Now you have \" + count + \" tasks in the list.\");","lastModifiedDate":"2022-04-15"},{"lineNumber":159,"author":{"gitId":"S-QUAN86"},"content":"        System.out.println(ln);","lastModifiedDate":"2022-04-15"},{"lineNumber":160,"author":{"gitId":"S-QUAN86"},"content":"    }","lastModifiedDate":"2022-04-15"},{"lineNumber":161,"author":{"gitId":"S-QUAN86"},"content":"","lastModifiedDate":"2022-04-15"},{"lineNumber":162,"author":{"gitId":"S-QUAN86"},"content":"    public static void Find (String input) throws Exception {","lastModifiedDate":"2022-04-15"},{"lineNumber":163,"author":{"gitId":"S-QUAN86"},"content":"        String[] _enter \u003d input.split(\" \", 2);","lastModifiedDate":"2022-04-15"},{"lineNumber":164,"author":{"gitId":"S-QUAN86"},"content":"        if(_enter[1].equals(\"\")) {","lastModifiedDate":"2022-04-15"},{"lineNumber":165,"author":{"gitId":"S-QUAN86"},"content":"            System.out.println(ln + \"Key \"+_enter[1]+\" not found.\");","lastModifiedDate":"2022-04-15"},{"lineNumber":166,"author":{"gitId":"S-QUAN86"},"content":"        } else {","lastModifiedDate":"2022-04-15"},{"lineNumber":167,"author":{"gitId":"S-QUAN86"},"content":"            try {","lastModifiedDate":"2022-04-15"},{"lineNumber":168,"author":{"gitId":"S-QUAN86"},"content":"                PrintWithKey(_enter[1]);","lastModifiedDate":"2022-04-15"},{"lineNumber":169,"author":{"gitId":"S-QUAN86"},"content":"            } catch (NumberFormatException e) {","lastModifiedDate":"2022-04-15"},{"lineNumber":170,"author":{"gitId":"S-QUAN86"},"content":"                throw new DukeException(\"Invalid number\");","lastModifiedDate":"2022-04-15"},{"lineNumber":171,"author":{"gitId":"S-QUAN86"},"content":"            }","lastModifiedDate":"2022-04-15"},{"lineNumber":172,"author":{"gitId":"S-QUAN86"},"content":"        }","lastModifiedDate":"2022-04-15"},{"lineNumber":173,"author":{"gitId":"S-QUAN86"},"content":"        System.out.println(ln);","lastModifiedDate":"2022-04-15"},{"lineNumber":174,"author":{"gitId":"S-QUAN86"},"content":"    }","lastModifiedDate":"2022-04-15"},{"lineNumber":175,"author":{"gitId":"S-QUAN86"},"content":"","lastModifiedDate":"2022-04-15"},{"lineNumber":176,"author":{"gitId":"S-QUAN86"},"content":"    public static void printList() {","lastModifiedDate":"2022-04-15"},{"lineNumber":177,"author":{"gitId":"S-QUAN86"},"content":"        if (count \u003d\u003d 0){","lastModifiedDate":"2022-04-15"},{"lineNumber":178,"author":{"gitId":"S-QUAN86"},"content":"            System.out.println(\"You don\u0027t have any task\\n\" + \"Please add your task\");","lastModifiedDate":"2022-04-15"},{"lineNumber":179,"author":{"gitId":"S-QUAN86"},"content":"        }","lastModifiedDate":"2022-04-15"},{"lineNumber":180,"author":{"gitId":"S-QUAN86"},"content":"        else{","lastModifiedDate":"2022-04-15"},{"lineNumber":181,"author":{"gitId":"S-QUAN86"},"content":"            System.out.println(ln +  System.lineSeparator() +\"Here are the tasks in your list:\");","lastModifiedDate":"2022-04-15"},{"lineNumber":182,"author":{"gitId":"S-QUAN86"},"content":"            int num \u003d 1;","lastModifiedDate":"2022-04-17"},{"lineNumber":183,"author":{"gitId":"S-QUAN86"},"content":"            for (int i \u003d 0; i \u003c count; i++) {","lastModifiedDate":"2022-04-15"},{"lineNumber":184,"author":{"gitId":"S-QUAN86"},"content":"                System.out.println(num+\". \"+task.get(i).toString());","lastModifiedDate":"2022-04-16"},{"lineNumber":185,"author":{"gitId":"S-QUAN86"},"content":"                num++;","lastModifiedDate":"2022-04-16"},{"lineNumber":186,"author":{"gitId":"S-QUAN86"},"content":"            }","lastModifiedDate":"2022-04-15"},{"lineNumber":187,"author":{"gitId":"S-QUAN86"},"content":"            System.out.println(ln);","lastModifiedDate":"2022-04-16"},{"lineNumber":188,"author":{"gitId":"S-QUAN86"},"content":"        }","lastModifiedDate":"2022-04-15"},{"lineNumber":189,"author":{"gitId":"S-QUAN86"},"content":"    }","lastModifiedDate":"2022-04-15"},{"lineNumber":190,"author":{"gitId":"S-QUAN86"},"content":"","lastModifiedDate":"2022-04-15"},{"lineNumber":191,"author":{"gitId":"S-QUAN86"},"content":"    public static void PrintWithKey(String keyword) {","lastModifiedDate":"2022-04-15"},{"lineNumber":192,"author":{"gitId":"S-QUAN86"},"content":"        int numTask \u003d 1;","lastModifiedDate":"2022-04-15"},{"lineNumber":193,"author":{"gitId":"S-QUAN86"},"content":"        for (int a \u003d 0; a \u003c count; a++) {","lastModifiedDate":"2022-04-15"},{"lineNumber":194,"author":{"gitId":"S-QUAN86"},"content":"            String item \u003d task.get(a).getDescription();","lastModifiedDate":"2022-04-15"},{"lineNumber":195,"author":{"gitId":"S-QUAN86"},"content":"            if(item.toLowerCase().contains(keyword.toLowerCase())) {","lastModifiedDate":"2022-04-15"},{"lineNumber":196,"author":{"gitId":"S-QUAN86"},"content":"                System.out.println(numTask+\". \"+task.get(a).toString());","lastModifiedDate":"2022-04-15"},{"lineNumber":197,"author":{"gitId":"S-QUAN86"},"content":"                numTask++;","lastModifiedDate":"2022-04-15"},{"lineNumber":198,"author":{"gitId":"S-QUAN86"},"content":"            }","lastModifiedDate":"2022-04-15"},{"lineNumber":199,"author":{"gitId":"S-QUAN86"},"content":"        }","lastModifiedDate":"2022-04-15"},{"lineNumber":200,"author":{"gitId":"S-QUAN86"},"content":"        if(numTask\u003d\u003d1)","lastModifiedDate":"2022-04-15"},{"lineNumber":201,"author":{"gitId":"S-QUAN86"},"content":"            System.out.println(\"You don\u0027t have any task list\");","lastModifiedDate":"2022-04-15"},{"lineNumber":202,"author":{"gitId":"S-QUAN86"},"content":"    }","lastModifiedDate":"2022-04-15"},{"lineNumber":203,"author":{"gitId":"S-QUAN86"},"content":"","lastModifiedDate":"2022-04-15"},{"lineNumber":204,"author":{"gitId":"S-QUAN86"},"content":"    public static LocalDate Date(String msg) {","lastModifiedDate":"2022-04-17"},{"lineNumber":205,"author":{"gitId":"S-QUAN86"},"content":"        return LocalDate.parse(msg.trim());","lastModifiedDate":"2022-04-17"},{"lineNumber":206,"author":{"gitId":"S-QUAN86"},"content":"    }","lastModifiedDate":"2022-04-17"},{"lineNumber":207,"author":{"gitId":"S-QUAN86"},"content":"    public static boolean chkDateTime(LocalDate date, int time) {","lastModifiedDate":"2022-04-17"},{"lineNumber":208,"author":{"gitId":"S-QUAN86"},"content":"        if(count\u003d\u003d0||time\u003d\u003d0) return true;","lastModifiedDate":"2022-04-17"},{"lineNumber":209,"author":{"gitId":"S-QUAN86"},"content":"        for (int a \u003d 0; a \u003c count; a++) {","lastModifiedDate":"2022-04-17"},{"lineNumber":210,"author":{"gitId":"S-QUAN86"},"content":"            Task t\u003dtask.get(a);","lastModifiedDate":"2022-04-17"},{"lineNumber":211,"author":{"gitId":"S-QUAN86"},"content":"            if(t.getTime()\u003d\u003d0 || t.getDate()\u003d\u003dnull) return true;","lastModifiedDate":"2022-04-17"},{"lineNumber":212,"author":{"gitId":"S-QUAN86"},"content":"            if(t.getDate().isEqual(date) \u0026\u0026 t.getTime()\u003d\u003dtime) {","lastModifiedDate":"2022-04-17"},{"lineNumber":213,"author":{"gitId":"S-QUAN86"},"content":"                System.out.println(\"New task was not added because it corrupt with \"+t);","lastModifiedDate":"2022-04-17"},{"lineNumber":214,"author":{"gitId":"S-QUAN86"},"content":"                return false;","lastModifiedDate":"2022-04-17"},{"lineNumber":215,"author":{"gitId":"S-QUAN86"},"content":"            }","lastModifiedDate":"2022-04-17"},{"lineNumber":216,"author":{"gitId":"S-QUAN86"},"content":"        }","lastModifiedDate":"2022-04-17"},{"lineNumber":217,"author":{"gitId":"S-QUAN86"},"content":"        return true;","lastModifiedDate":"2022-04-17"},{"lineNumber":218,"author":{"gitId":"S-QUAN86"},"content":"    }","lastModifiedDate":"2022-04-17"},{"lineNumber":219,"author":{"gitId":"S-QUAN86"},"content":"    public static LocalDate processDate(String date) {","lastModifiedDate":"2022-04-17"},{"lineNumber":220,"author":{"gitId":"S-QUAN86"},"content":"        LocalDate d \u003d LocalDate.parse(date.trim());","lastModifiedDate":"2022-04-17"},{"lineNumber":221,"author":{"gitId":"S-QUAN86"},"content":"        return d;","lastModifiedDate":"2022-04-17"},{"lineNumber":222,"author":{"gitId":"S-QUAN86"},"content":"    }","lastModifiedDate":"2022-04-17"},{"lineNumber":223,"author":{"gitId":"S-QUAN86"},"content":"","lastModifiedDate":"2022-04-15"},{"lineNumber":224,"author":{"gitId":"S-QUAN86"},"content":"    public static void fileScanner(String enter, boolean addTask, Type t) throws Exception {","lastModifiedDate":"2022-04-16"},{"lineNumber":225,"author":{"gitId":"S-QUAN86"},"content":"","lastModifiedDate":"2022-04-15"},{"lineNumber":226,"author":{"gitId":"S-QUAN86"},"content":"        if (enter.length() \u003d\u003d 0) {","lastModifiedDate":"2022-04-15"},{"lineNumber":227,"author":{"gitId":"S-QUAN86"},"content":"            throw new DukeException(\"Invalid input\");","lastModifiedDate":"2022-04-15"},{"lineNumber":228,"author":{"gitId":"S-QUAN86"},"content":"        }","lastModifiedDate":"2022-04-15"},{"lineNumber":229,"author":{"gitId":"S-QUAN86"},"content":"        switch (t) {","lastModifiedDate":"2022-04-16"},{"lineNumber":230,"author":{"gitId":"S-QUAN86"},"content":"            case bye: {","lastModifiedDate":"2022-04-16"},{"lineNumber":231,"author":{"gitId":"S-QUAN86"},"content":"                Exit();","lastModifiedDate":"2022-04-15"},{"lineNumber":232,"author":{"gitId":"S-QUAN86"},"content":"            }break;","lastModifiedDate":"2022-04-16"},{"lineNumber":233,"author":{"gitId":"S-QUAN86"},"content":"            case todo: {","lastModifiedDate":"2022-04-16"},{"lineNumber":234,"author":{"gitId":"S-QUAN86"},"content":"                toDo(enter, addTask);","lastModifiedDate":"2022-04-15"},{"lineNumber":235,"author":{"gitId":"S-QUAN86"},"content":"            }break;","lastModifiedDate":"2022-04-16"},{"lineNumber":236,"author":{"gitId":"S-QUAN86"},"content":"            case event: {","lastModifiedDate":"2022-04-16"},{"lineNumber":237,"author":{"gitId":"S-QUAN86"},"content":"                Event(enter, addTask);","lastModifiedDate":"2022-04-15"},{"lineNumber":238,"author":{"gitId":"S-QUAN86"},"content":"            }break;","lastModifiedDate":"2022-04-16"},{"lineNumber":239,"author":{"gitId":"S-QUAN86"},"content":"            case done: {","lastModifiedDate":"2022-04-16"},{"lineNumber":240,"author":{"gitId":"S-QUAN86"},"content":"                Done(enter);","lastModifiedDate":"2022-04-15"},{"lineNumber":241,"author":{"gitId":"S-QUAN86"},"content":"            }break;","lastModifiedDate":"2022-04-16"},{"lineNumber":242,"author":{"gitId":"S-QUAN86"},"content":"            case unmark: {","lastModifiedDate":"2022-04-17"},{"lineNumber":243,"author":{"gitId":"S-QUAN86"},"content":"                unMark(enter);","lastModifiedDate":"2022-04-17"},{"lineNumber":244,"author":{"gitId":"S-QUAN86"},"content":"            }break;","lastModifiedDate":"2022-04-17"},{"lineNumber":245,"author":{"gitId":"S-QUAN86"},"content":"            case deadline: {","lastModifiedDate":"2022-04-16"},{"lineNumber":246,"author":{"gitId":"S-QUAN86"},"content":"                Deadline(enter, addTask);","lastModifiedDate":"2022-04-15"},{"lineNumber":247,"author":{"gitId":"S-QUAN86"},"content":"            }break;","lastModifiedDate":"2022-04-16"},{"lineNumber":248,"author":{"gitId":"S-QUAN86"},"content":"            case delete: {","lastModifiedDate":"2022-04-16"},{"lineNumber":249,"author":{"gitId":"S-QUAN86"},"content":"                Delete(enter);","lastModifiedDate":"2022-04-15"},{"lineNumber":250,"author":{"gitId":"S-QUAN86"},"content":"            }break;","lastModifiedDate":"2022-04-16"},{"lineNumber":251,"author":{"gitId":"S-QUAN86"},"content":"            case list: {","lastModifiedDate":"2022-04-16"},{"lineNumber":252,"author":{"gitId":"S-QUAN86"},"content":"                printList();","lastModifiedDate":"2022-04-15"},{"lineNumber":253,"author":{"gitId":"S-QUAN86"},"content":"            }break;","lastModifiedDate":"2022-04-16"},{"lineNumber":254,"author":{"gitId":"S-QUAN86"},"content":"            case find: {","lastModifiedDate":"2022-04-16"},{"lineNumber":255,"author":{"gitId":"S-QUAN86"},"content":"                Find(enter);","lastModifiedDate":"2022-04-15"},{"lineNumber":256,"author":{"gitId":"S-QUAN86"},"content":"            }break;","lastModifiedDate":"2022-04-16"},{"lineNumber":257,"author":{"gitId":"S-QUAN86"},"content":"            default: {","lastModifiedDate":"2022-04-15"},{"lineNumber":258,"author":{"gitId":"S-QUAN86"},"content":"                throw new DukeException(\"\");","lastModifiedDate":"2022-04-15"},{"lineNumber":259,"author":{"gitId":"S-QUAN86"},"content":"            }","lastModifiedDate":"2022-04-15"},{"lineNumber":260,"author":{"gitId":"S-QUAN86"},"content":"        }","lastModifiedDate":"2022-04-15"},{"lineNumber":261,"author":{"gitId":"S-QUAN86"},"content":"    }","lastModifiedDate":"2022-04-15"},{"lineNumber":262,"author":{"gitId":"S-QUAN86"},"content":"","lastModifiedDate":"2022-04-15"},{"lineNumber":263,"author":{"gitId":"S-QUAN86"},"content":"    public static void main() throws Exception {","lastModifiedDate":"2022-04-17"},{"lineNumber":264,"author":{"gitId":"S-QUAN86"},"content":"","lastModifiedDate":"2022-04-15"},{"lineNumber":265,"author":{"gitId":"S-QUAN86"},"content":"        while (iDuke) {","lastModifiedDate":"2022-04-15"},{"lineNumber":266,"author":{"gitId":"S-QUAN86"},"content":"            try {","lastModifiedDate":"2022-04-15"},{"lineNumber":267,"author":{"gitId":"S-QUAN86"},"content":"                run();","lastModifiedDate":"2022-04-15"},{"lineNumber":268,"author":{"gitId":"S-QUAN86"},"content":"            } catch (Exception e) {","lastModifiedDate":"2022-04-15"},{"lineNumber":269,"author":{"gitId":"S-QUAN86"},"content":"               new MySiri();","lastModifiedDate":"2022-04-17"},{"lineNumber":270,"author":{"gitId":"S-QUAN86"},"content":"            }","lastModifiedDate":"2022-04-15"},{"lineNumber":271,"author":{"gitId":"S-QUAN86"},"content":"        }","lastModifiedDate":"2022-04-15"},{"lineNumber":272,"author":{"gitId":"S-QUAN86"},"content":"    }","lastModifiedDate":"2022-04-15"},{"lineNumber":273,"author":{"gitId":"S-QUAN86"},"content":"}","lastModifiedDate":"2022-04-15"}],"authorContributionMap":{"S-QUAN86":273}},{"path":"src/main/java/ui/Storage.java","fileType":"java","lines":[{"lineNumber":1,"author":{"gitId":"S-QUAN86"},"content":"package ui;","lastModifiedDate":"2022-04-16"},{"lineNumber":2,"author":{"gitId":"S-QUAN86"},"content":"import java.io.*;","lastModifiedDate":"2022-04-15"},{"lineNumber":3,"author":{"gitId":"S-QUAN86"},"content":"import java.util.*;","lastModifiedDate":"2022-04-15"},{"lineNumber":4,"author":{"gitId":"S-QUAN86"},"content":"import tasks.*;","lastModifiedDate":"2022-04-16"},{"lineNumber":5,"author":{"gitId":"S-QUAN86"},"content":"import Duke.*;","lastModifiedDate":"2022-04-17"},{"lineNumber":6,"author":{"gitId":"S-QUAN86"},"content":"","lastModifiedDate":"2022-04-15"},{"lineNumber":7,"author":{"gitId":"S-QUAN86"},"content":"public class Storage extends Duke{","lastModifiedDate":"2022-04-15"},{"lineNumber":8,"author":{"gitId":"S-QUAN86"},"content":"","lastModifiedDate":"2022-04-15"},{"lineNumber":9,"author":{"gitId":"S-QUAN86"},"content":"    private static final String path \u003d \"C:/Users/wangs/Documents/duke/data\";","lastModifiedDate":"2022-04-15"},{"lineNumber":10,"author":{"gitId":"S-QUAN86"},"content":"    private static final String filename \u003d \"duke.txt\";","lastModifiedDate":"2022-04-15"},{"lineNumber":11,"author":{"gitId":"S-QUAN86"},"content":"    private static final String filePath \u003d path + filename;","lastModifiedDate":"2022-04-15"},{"lineNumber":12,"author":{"gitId":"S-QUAN86"},"content":"","lastModifiedDate":"2022-04-15"},{"lineNumber":13,"author":{"gitId":"S-QUAN86"},"content":"    public static void main() throws Exception {","lastModifiedDate":"2022-04-15"},{"lineNumber":14,"author":{"gitId":"S-QUAN86"},"content":"        checkFile();","lastModifiedDate":"2022-04-15"},{"lineNumber":15,"author":{"gitId":"S-QUAN86"},"content":"        readFile();","lastModifiedDate":"2022-04-15"},{"lineNumber":16,"author":{"gitId":"S-QUAN86"},"content":"    }","lastModifiedDate":"2022-04-15"},{"lineNumber":17,"author":{"gitId":"S-QUAN86"},"content":"    /**","lastModifiedDate":"2022-04-15"},{"lineNumber":18,"author":{"gitId":"S-QUAN86"},"content":"     * This method checks if duke.txt is there.","lastModifiedDate":"2022-04-15"},{"lineNumber":19,"author":{"gitId":"S-QUAN86"},"content":"     * If It\u0027s not there, it will create folder and file automatically.","lastModifiedDate":"2022-04-15"},{"lineNumber":20,"author":{"gitId":"S-QUAN86"},"content":"     *","lastModifiedDate":"2022-04-16"},{"lineNumber":21,"author":{"gitId":"S-QUAN86"},"content":"     */","lastModifiedDate":"2022-04-15"},{"lineNumber":22,"author":{"gitId":"S-QUAN86"},"content":"    public static void checkFile() throws IOException {","lastModifiedDate":"2022-04-17"},{"lineNumber":23,"author":{"gitId":"S-QUAN86"},"content":"        File dir \u003d new File(path);","lastModifiedDate":"2022-04-15"},{"lineNumber":24,"author":{"gitId":"S-QUAN86"},"content":"        if (!dir.exists()) {","lastModifiedDate":"2022-04-15"},{"lineNumber":25,"author":{"gitId":"S-QUAN86"},"content":"            dir.mkdirs();","lastModifiedDate":"2022-04-15"},{"lineNumber":26,"author":{"gitId":"S-QUAN86"},"content":"        }","lastModifiedDate":"2022-04-15"},{"lineNumber":27,"author":{"gitId":"S-QUAN86"},"content":"        File file \u003d new File(filePath);","lastModifiedDate":"2022-04-15"},{"lineNumber":28,"author":{"gitId":"S-QUAN86"},"content":"        if (!file.exists())","lastModifiedDate":"2022-04-15"},{"lineNumber":29,"author":{"gitId":"S-QUAN86"},"content":"            file.createNewFile();","lastModifiedDate":"2022-04-15"},{"lineNumber":30,"author":{"gitId":"S-QUAN86"},"content":"    }","lastModifiedDate":"2022-04-15"},{"lineNumber":31,"author":{"gitId":"S-QUAN86"},"content":"    /**","lastModifiedDate":"2022-04-15"},{"lineNumber":32,"author":{"gitId":"S-QUAN86"},"content":"     * This method reads duke.txt, load and prints previous tasks.","lastModifiedDate":"2022-04-15"},{"lineNumber":33,"author":{"gitId":"S-QUAN86"},"content":"     *","lastModifiedDate":"2022-04-16"},{"lineNumber":34,"author":{"gitId":"S-QUAN86"},"content":"     */","lastModifiedDate":"2022-04-15"},{"lineNumber":35,"author":{"gitId":"S-QUAN86"},"content":"    public static void readFile() throws Exception {","lastModifiedDate":"2022-04-15"},{"lineNumber":36,"author":{"gitId":"S-QUAN86"},"content":"        try {","lastModifiedDate":"2022-04-15"},{"lineNumber":37,"author":{"gitId":"S-QUAN86"},"content":"            System.out.println(System.lineSeparator()+","lastModifiedDate":"2022-04-15"},{"lineNumber":38,"author":{"gitId":"S-QUAN86"},"content":"                    \"Here is your Existing List\");","lastModifiedDate":"2022-04-15"},{"lineNumber":39,"author":{"gitId":"S-QUAN86"},"content":"            Scanner in \u003d new Scanner(new File(filePath));","lastModifiedDate":"2022-04-15"},{"lineNumber":40,"author":{"gitId":"S-QUAN86"},"content":"            while (in.hasNext()) {","lastModifiedDate":"2022-04-15"},{"lineNumber":41,"author":{"gitId":"S-QUAN86"},"content":"                String input \u003d in.nextLine();","lastModifiedDate":"2022-04-16"},{"lineNumber":42,"author":{"gitId":"S-QUAN86"},"content":"                String[] _enter\u003d input.split(\" \", 2);","lastModifiedDate":"2022-04-16"},{"lineNumber":43,"author":{"gitId":"S-QUAN86"},"content":"                String type \u003d (_enter[0]).trim().toLowerCase();","lastModifiedDate":"2022-04-16"},{"lineNumber":44,"author":{"gitId":"S-QUAN86"},"content":"                Type t \u003d  Type.valueOf(type);","lastModifiedDate":"2022-04-16"},{"lineNumber":45,"author":{"gitId":"S-QUAN86"},"content":"                if (input.length() \u003e 0) {","lastModifiedDate":"2022-04-16"},{"lineNumber":46,"author":{"gitId":"S-QUAN86"},"content":"                    MySiri.fileScanner(input, false, t);","lastModifiedDate":"2022-04-16"},{"lineNumber":47,"author":{"gitId":"S-QUAN86"},"content":"                    MySiri.printList();","lastModifiedDate":"2022-04-15"},{"lineNumber":48,"author":{"gitId":"S-QUAN86"},"content":"                }","lastModifiedDate":"2022-04-15"},{"lineNumber":49,"author":{"gitId":"S-QUAN86"},"content":"            }","lastModifiedDate":"2022-04-15"},{"lineNumber":50,"author":{"gitId":"S-QUAN86"},"content":"        } catch (FileNotFoundException e) {","lastModifiedDate":"2022-04-15"},{"lineNumber":51,"author":{"gitId":"S-QUAN86"},"content":"            e.printStackTrace();","lastModifiedDate":"2022-04-15"},{"lineNumber":52,"author":{"gitId":"S-QUAN86"},"content":"        }","lastModifiedDate":"2022-04-15"},{"lineNumber":53,"author":{"gitId":"S-QUAN86"},"content":"    }","lastModifiedDate":"2022-04-15"},{"lineNumber":54,"author":{"gitId":"S-QUAN86"},"content":"","lastModifiedDate":"2022-04-15"},{"lineNumber":55,"author":{"gitId":"S-QUAN86"},"content":"    public static void saveFile() throws Exception {","lastModifiedDate":"2022-04-17"},{"lineNumber":56,"author":{"gitId":"S-QUAN86"},"content":"        PrintWriter prw \u003d new PrintWriter(filePath);","lastModifiedDate":"2022-04-15"},{"lineNumber":57,"author":{"gitId":"S-QUAN86"},"content":"        StringBuilder inputs \u003d new StringBuilder();","lastModifiedDate":"2022-04-15"},{"lineNumber":58,"author":{"gitId":"S-QUAN86"},"content":"        for (Task t : MySiri.task) {","lastModifiedDate":"2022-04-15"},{"lineNumber":59,"author":{"gitId":"S-QUAN86"},"content":"            inputs.append(t.getDescription()).append(System.lineSeparator());","lastModifiedDate":"2022-04-17"},{"lineNumber":60,"author":{"gitId":"S-QUAN86"},"content":"        }","lastModifiedDate":"2022-04-15"},{"lineNumber":61,"author":{"gitId":"S-QUAN86"},"content":"        prw.println(inputs);","lastModifiedDate":"2022-04-15"},{"lineNumber":62,"author":{"gitId":"S-QUAN86"},"content":"        prw.close();","lastModifiedDate":"2022-04-15"},{"lineNumber":63,"author":{"gitId":"S-QUAN86"},"content":"    }","lastModifiedDate":"2022-04-15"},{"lineNumber":64,"author":{"gitId":"S-QUAN86"},"content":"}","lastModifiedDate":"2022-04-15"}],"authorContributionMap":{"S-QUAN86":64}},{"path":"src/test/java/Duke/DukeTest.java","fileType":"java","lines":[{"lineNumber":1,"author":{"gitId":"S-QUAN86"},"content":"package Duke;","lastModifiedDate":"2022-04-17"},{"lineNumber":2,"author":{"gitId":"S-QUAN86"},"content":"","lastModifiedDate":"2022-04-17"},{"lineNumber":3,"author":{"gitId":"S-QUAN86"},"content":"import org.junit.jupiter.api.Test;","lastModifiedDate":"2022-04-17"},{"lineNumber":4,"author":{"gitId":"S-QUAN86"},"content":"","lastModifiedDate":"2022-04-17"},{"lineNumber":5,"author":{"gitId":"S-QUAN86"},"content":"import static org.junit.jupiter.api.Assertions.*;","lastModifiedDate":"2022-04-17"},{"lineNumber":6,"author":{"gitId":"S-QUAN86"},"content":"","lastModifiedDate":"2022-04-17"},{"lineNumber":7,"author":{"gitId":"S-QUAN86"},"content":"class DukeTest {","lastModifiedDate":"2022-04-17"},{"lineNumber":8,"author":{"gitId":"S-QUAN86"},"content":"","lastModifiedDate":"2022-04-17"},{"lineNumber":9,"author":{"gitId":"S-QUAN86"},"content":"    @Test","lastModifiedDate":"2022-04-17"},{"lineNumber":10,"author":{"gitId":"S-QUAN86"},"content":"    void greet() {","lastModifiedDate":"2022-04-17"},{"lineNumber":11,"author":{"gitId":"S-QUAN86"},"content":"    }","lastModifiedDate":"2022-04-17"},{"lineNumber":12,"author":{"gitId":"S-QUAN86"},"content":"","lastModifiedDate":"2022-04-17"},{"lineNumber":13,"author":{"gitId":"S-QUAN86"},"content":"    @Test","lastModifiedDate":"2022-04-17"},{"lineNumber":14,"author":{"gitId":"S-QUAN86"},"content":"    void main() {","lastModifiedDate":"2022-04-17"},{"lineNumber":15,"author":{"gitId":"S-QUAN86"},"content":"    }","lastModifiedDate":"2022-04-17"},{"lineNumber":16,"author":{"gitId":"S-QUAN86"},"content":"}","lastModifiedDate":"2022-04-17"}],"authorContributionMap":{"S-QUAN86":16}},{"path":"src/test/java/tasks/DeadlineTest.java","fileType":"java","lines":[{"lineNumber":1,"author":{"gitId":"S-QUAN86"},"content":"package tasks;","lastModifiedDate":"2022-04-17"},{"lineNumber":2,"author":{"gitId":"S-QUAN86"},"content":"","lastModifiedDate":"2022-04-17"},{"lineNumber":3,"author":{"gitId":"S-QUAN86"},"content":"import org.junit.jupiter.api.Test;","lastModifiedDate":"2022-04-17"},{"lineNumber":4,"author":{"gitId":"S-QUAN86"},"content":"","lastModifiedDate":"2022-04-17"},{"lineNumber":5,"author":{"gitId":"S-QUAN86"},"content":"import static org.junit.jupiter.api.Assertions.*;","lastModifiedDate":"2022-04-17"},{"lineNumber":6,"author":{"gitId":"S-QUAN86"},"content":"","lastModifiedDate":"2022-04-17"},{"lineNumber":7,"author":{"gitId":"S-QUAN86"},"content":"class DeadlineTest {","lastModifiedDate":"2022-04-17"},{"lineNumber":8,"author":{"gitId":"S-QUAN86"},"content":"","lastModifiedDate":"2022-04-17"},{"lineNumber":9,"author":{"gitId":"S-QUAN86"},"content":"    @Test","lastModifiedDate":"2022-04-17"},{"lineNumber":10,"author":{"gitId":"S-QUAN86"},"content":"    void getDate() {","lastModifiedDate":"2022-04-17"},{"lineNumber":11,"author":{"gitId":"S-QUAN86"},"content":"    }","lastModifiedDate":"2022-04-17"},{"lineNumber":12,"author":{"gitId":"S-QUAN86"},"content":"","lastModifiedDate":"2022-04-17"},{"lineNumber":13,"author":{"gitId":"S-QUAN86"},"content":"    @Test","lastModifiedDate":"2022-04-17"},{"lineNumber":14,"author":{"gitId":"S-QUAN86"},"content":"    void testToString() {","lastModifiedDate":"2022-04-17"},{"lineNumber":15,"author":{"gitId":"S-QUAN86"},"content":"    }","lastModifiedDate":"2022-04-17"},{"lineNumber":16,"author":{"gitId":"S-QUAN86"},"content":"}","lastModifiedDate":"2022-04-17"}],"authorContributionMap":{"S-QUAN86":16}},{"path":"src/test/java/tasks/EventTest.java","fileType":"java","lines":[{"lineNumber":1,"author":{"gitId":"S-QUAN86"},"content":"package tasks;","lastModifiedDate":"2022-04-17"},{"lineNumber":2,"author":{"gitId":"S-QUAN86"},"content":"","lastModifiedDate":"2022-04-17"},{"lineNumber":3,"author":{"gitId":"S-QUAN86"},"content":"import org.junit.jupiter.api.Test;","lastModifiedDate":"2022-04-17"},{"lineNumber":4,"author":{"gitId":"S-QUAN86"},"content":"","lastModifiedDate":"2022-04-17"},{"lineNumber":5,"author":{"gitId":"S-QUAN86"},"content":"import static org.junit.jupiter.api.Assertions.*;","lastModifiedDate":"2022-04-17"},{"lineNumber":6,"author":{"gitId":"S-QUAN86"},"content":"","lastModifiedDate":"2022-04-17"},{"lineNumber":7,"author":{"gitId":"S-QUAN86"},"content":"class EventTest {","lastModifiedDate":"2022-04-17"},{"lineNumber":8,"author":{"gitId":"S-QUAN86"},"content":"","lastModifiedDate":"2022-04-17"},{"lineNumber":9,"author":{"gitId":"S-QUAN86"},"content":"    @Test","lastModifiedDate":"2022-04-17"},{"lineNumber":10,"author":{"gitId":"S-QUAN86"},"content":"    void getDate() {","lastModifiedDate":"2022-04-17"},{"lineNumber":11,"author":{"gitId":"S-QUAN86"},"content":"    }","lastModifiedDate":"2022-04-17"},{"lineNumber":12,"author":{"gitId":"S-QUAN86"},"content":"","lastModifiedDate":"2022-04-17"},{"lineNumber":13,"author":{"gitId":"S-QUAN86"},"content":"    @Test","lastModifiedDate":"2022-04-17"},{"lineNumber":14,"author":{"gitId":"S-QUAN86"},"content":"    void testToString() {","lastModifiedDate":"2022-04-17"},{"lineNumber":15,"author":{"gitId":"S-QUAN86"},"content":"    }","lastModifiedDate":"2022-04-17"},{"lineNumber":16,"author":{"gitId":"S-QUAN86"},"content":"}","lastModifiedDate":"2022-04-17"}],"authorContributionMap":{"S-QUAN86":16}},{"path":"src/test/java/tasks/TaskTest.java","fileType":"java","lines":[{"lineNumber":1,"author":{"gitId":"S-QUAN86"},"content":"package tasks;","lastModifiedDate":"2022-04-17"},{"lineNumber":2,"author":{"gitId":"S-QUAN86"},"content":"","lastModifiedDate":"2022-04-17"},{"lineNumber":3,"author":{"gitId":"S-QUAN86"},"content":"import org.junit.jupiter.api.Test;","lastModifiedDate":"2022-04-17"},{"lineNumber":4,"author":{"gitId":"S-QUAN86"},"content":"","lastModifiedDate":"2022-04-17"},{"lineNumber":5,"author":{"gitId":"S-QUAN86"},"content":"import static org.junit.jupiter.api.Assertions.*;","lastModifiedDate":"2022-04-17"},{"lineNumber":6,"author":{"gitId":"S-QUAN86"},"content":"","lastModifiedDate":"2022-04-17"},{"lineNumber":7,"author":{"gitId":"S-QUAN86"},"content":"class TaskTest {","lastModifiedDate":"2022-04-17"},{"lineNumber":8,"author":{"gitId":"S-QUAN86"},"content":"","lastModifiedDate":"2022-04-17"},{"lineNumber":9,"author":{"gitId":"S-QUAN86"},"content":"    @Test","lastModifiedDate":"2022-04-17"},{"lineNumber":10,"author":{"gitId":"S-QUAN86"},"content":"    void markAsDone() {","lastModifiedDate":"2022-04-17"},{"lineNumber":11,"author":{"gitId":"S-QUAN86"},"content":"    }","lastModifiedDate":"2022-04-17"},{"lineNumber":12,"author":{"gitId":"S-QUAN86"},"content":"","lastModifiedDate":"2022-04-17"},{"lineNumber":13,"author":{"gitId":"S-QUAN86"},"content":"    @Test","lastModifiedDate":"2022-04-17"},{"lineNumber":14,"author":{"gitId":"S-QUAN86"},"content":"    void getStatusIcon() {","lastModifiedDate":"2022-04-17"},{"lineNumber":15,"author":{"gitId":"S-QUAN86"},"content":"    }","lastModifiedDate":"2022-04-17"},{"lineNumber":16,"author":{"gitId":"S-QUAN86"},"content":"","lastModifiedDate":"2022-04-17"},{"lineNumber":17,"author":{"gitId":"S-QUAN86"},"content":"    @Test","lastModifiedDate":"2022-04-17"},{"lineNumber":18,"author":{"gitId":"S-QUAN86"},"content":"    void getDescription() {","lastModifiedDate":"2022-04-17"},{"lineNumber":19,"author":{"gitId":"S-QUAN86"},"content":"    }","lastModifiedDate":"2022-04-17"},{"lineNumber":20,"author":{"gitId":"S-QUAN86"},"content":"","lastModifiedDate":"2022-04-17"},{"lineNumber":21,"author":{"gitId":"S-QUAN86"},"content":"    @Test","lastModifiedDate":"2022-04-17"},{"lineNumber":22,"author":{"gitId":"S-QUAN86"},"content":"    void getDate() {","lastModifiedDate":"2022-04-17"},{"lineNumber":23,"author":{"gitId":"S-QUAN86"},"content":"    }","lastModifiedDate":"2022-04-17"},{"lineNumber":24,"author":{"gitId":"S-QUAN86"},"content":"","lastModifiedDate":"2022-04-17"},{"lineNumber":25,"author":{"gitId":"S-QUAN86"},"content":"    @Test","lastModifiedDate":"2022-04-17"},{"lineNumber":26,"author":{"gitId":"S-QUAN86"},"content":"    void testToString() {","lastModifiedDate":"2022-04-17"},{"lineNumber":27,"author":{"gitId":"S-QUAN86"},"content":"    }","lastModifiedDate":"2022-04-17"},{"lineNumber":28,"author":{"gitId":"S-QUAN86"},"content":"}","lastModifiedDate":"2022-04-17"}],"authorContributionMap":{"S-QUAN86":28}},{"path":"src/test/java/tasks/TypeTest.java","fileType":"java","lines":[{"lineNumber":1,"author":{"gitId":"S-QUAN86"},"content":"package tasks;","lastModifiedDate":"2022-04-17"},{"lineNumber":2,"author":{"gitId":"S-QUAN86"},"content":"","lastModifiedDate":"2022-04-17"},{"lineNumber":3,"author":{"gitId":"S-QUAN86"},"content":"import org.junit.jupiter.api.Test;","lastModifiedDate":"2022-04-17"},{"lineNumber":4,"author":{"gitId":"S-QUAN86"},"content":"","lastModifiedDate":"2022-04-17"},{"lineNumber":5,"author":{"gitId":"S-QUAN86"},"content":"import static org.junit.jupiter.api.Assertions.*;","lastModifiedDate":"2022-04-17"},{"lineNumber":6,"author":{"gitId":"S-QUAN86"},"content":"","lastModifiedDate":"2022-04-17"},{"lineNumber":7,"author":{"gitId":"S-QUAN86"},"content":"class TypeTest {","lastModifiedDate":"2022-04-17"},{"lineNumber":8,"author":{"gitId":"S-QUAN86"},"content":"","lastModifiedDate":"2022-04-17"},{"lineNumber":9,"author":{"gitId":"S-QUAN86"},"content":"    @Test","lastModifiedDate":"2022-04-17"},{"lineNumber":10,"author":{"gitId":"S-QUAN86"},"content":"    void values() {","lastModifiedDate":"2022-04-17"},{"lineNumber":11,"author":{"gitId":"S-QUAN86"},"content":"    }","lastModifiedDate":"2022-04-17"},{"lineNumber":12,"author":{"gitId":"S-QUAN86"},"content":"","lastModifiedDate":"2022-04-17"},{"lineNumber":13,"author":{"gitId":"S-QUAN86"},"content":"    @Test","lastModifiedDate":"2022-04-17"},{"lineNumber":14,"author":{"gitId":"S-QUAN86"},"content":"    void valueOf() {","lastModifiedDate":"2022-04-17"},{"lineNumber":15,"author":{"gitId":"S-QUAN86"},"content":"    }","lastModifiedDate":"2022-04-17"},{"lineNumber":16,"author":{"gitId":"S-QUAN86"},"content":"}","lastModifiedDate":"2022-04-17"}],"authorContributionMap":{"S-QUAN86":16}},{"path":"src/test/java/ui/MySiriTest.java","fileType":"java","lines":[{"lineNumber":1,"author":{"gitId":"S-QUAN86"},"content":"package ui;","lastModifiedDate":"2022-04-17"},{"lineNumber":2,"author":{"gitId":"S-QUAN86"},"content":"","lastModifiedDate":"2022-04-17"},{"lineNumber":3,"author":{"gitId":"S-QUAN86"},"content":"import org.junit.jupiter.api.Test;","lastModifiedDate":"2022-04-17"},{"lineNumber":4,"author":{"gitId":"S-QUAN86"},"content":"","lastModifiedDate":"2022-04-17"},{"lineNumber":5,"author":{"gitId":"S-QUAN86"},"content":"import static org.junit.jupiter.api.Assertions.*;","lastModifiedDate":"2022-04-17"},{"lineNumber":6,"author":{"gitId":"S-QUAN86"},"content":"","lastModifiedDate":"2022-04-17"},{"lineNumber":7,"author":{"gitId":"S-QUAN86"},"content":"class MySiriTest {","lastModifiedDate":"2022-04-17"},{"lineNumber":8,"author":{"gitId":"S-QUAN86"},"content":"","lastModifiedDate":"2022-04-17"},{"lineNumber":9,"author":{"gitId":"S-QUAN86"},"content":"    @Test","lastModifiedDate":"2022-04-17"},{"lineNumber":10,"author":{"gitId":"S-QUAN86"},"content":"    void exit() {","lastModifiedDate":"2022-04-17"},{"lineNumber":11,"author":{"gitId":"S-QUAN86"},"content":"    }","lastModifiedDate":"2022-04-17"},{"lineNumber":12,"author":{"gitId":"S-QUAN86"},"content":"","lastModifiedDate":"2022-04-17"},{"lineNumber":13,"author":{"gitId":"S-QUAN86"},"content":"    @Test","lastModifiedDate":"2022-04-17"},{"lineNumber":14,"author":{"gitId":"S-QUAN86"},"content":"    void printAdded() {","lastModifiedDate":"2022-04-17"},{"lineNumber":15,"author":{"gitId":"S-QUAN86"},"content":"    }","lastModifiedDate":"2022-04-17"},{"lineNumber":16,"author":{"gitId":"S-QUAN86"},"content":"","lastModifiedDate":"2022-04-17"},{"lineNumber":17,"author":{"gitId":"S-QUAN86"},"content":"    @Test","lastModifiedDate":"2022-04-17"},{"lineNumber":18,"author":{"gitId":"S-QUAN86"},"content":"    void toDo() {","lastModifiedDate":"2022-04-17"},{"lineNumber":19,"author":{"gitId":"S-QUAN86"},"content":"    }","lastModifiedDate":"2022-04-17"},{"lineNumber":20,"author":{"gitId":"S-QUAN86"},"content":"","lastModifiedDate":"2022-04-17"},{"lineNumber":21,"author":{"gitId":"S-QUAN86"},"content":"    @Test","lastModifiedDate":"2022-04-17"},{"lineNumber":22,"author":{"gitId":"S-QUAN86"},"content":"    void event() {","lastModifiedDate":"2022-04-17"},{"lineNumber":23,"author":{"gitId":"S-QUAN86"},"content":"    }","lastModifiedDate":"2022-04-17"},{"lineNumber":24,"author":{"gitId":"S-QUAN86"},"content":"","lastModifiedDate":"2022-04-17"},{"lineNumber":25,"author":{"gitId":"S-QUAN86"},"content":"    @Test","lastModifiedDate":"2022-04-17"},{"lineNumber":26,"author":{"gitId":"S-QUAN86"},"content":"    void deadline() {","lastModifiedDate":"2022-04-17"},{"lineNumber":27,"author":{"gitId":"S-QUAN86"},"content":"    }","lastModifiedDate":"2022-04-17"},{"lineNumber":28,"author":{"gitId":"S-QUAN86"},"content":"","lastModifiedDate":"2022-04-17"},{"lineNumber":29,"author":{"gitId":"S-QUAN86"},"content":"    @Test","lastModifiedDate":"2022-04-17"},{"lineNumber":30,"author":{"gitId":"S-QUAN86"},"content":"    void done() {","lastModifiedDate":"2022-04-17"},{"lineNumber":31,"author":{"gitId":"S-QUAN86"},"content":"    }","lastModifiedDate":"2022-04-17"},{"lineNumber":32,"author":{"gitId":"S-QUAN86"},"content":"","lastModifiedDate":"2022-04-17"},{"lineNumber":33,"author":{"gitId":"S-QUAN86"},"content":"    @Test","lastModifiedDate":"2022-04-17"},{"lineNumber":34,"author":{"gitId":"S-QUAN86"},"content":"    void delete() {","lastModifiedDate":"2022-04-17"},{"lineNumber":35,"author":{"gitId":"S-QUAN86"},"content":"    }","lastModifiedDate":"2022-04-17"},{"lineNumber":36,"author":{"gitId":"S-QUAN86"},"content":"","lastModifiedDate":"2022-04-17"},{"lineNumber":37,"author":{"gitId":"S-QUAN86"},"content":"    @Test","lastModifiedDate":"2022-04-17"},{"lineNumber":38,"author":{"gitId":"S-QUAN86"},"content":"    void find() {","lastModifiedDate":"2022-04-17"},{"lineNumber":39,"author":{"gitId":"S-QUAN86"},"content":"    }","lastModifiedDate":"2022-04-17"},{"lineNumber":40,"author":{"gitId":"S-QUAN86"},"content":"","lastModifiedDate":"2022-04-17"},{"lineNumber":41,"author":{"gitId":"S-QUAN86"},"content":"    @Test","lastModifiedDate":"2022-04-17"},{"lineNumber":42,"author":{"gitId":"S-QUAN86"},"content":"    void printList() {","lastModifiedDate":"2022-04-17"},{"lineNumber":43,"author":{"gitId":"S-QUAN86"},"content":"    }","lastModifiedDate":"2022-04-17"},{"lineNumber":44,"author":{"gitId":"S-QUAN86"},"content":"","lastModifiedDate":"2022-04-17"},{"lineNumber":45,"author":{"gitId":"S-QUAN86"},"content":"    @Test","lastModifiedDate":"2022-04-17"},{"lineNumber":46,"author":{"gitId":"S-QUAN86"},"content":"    void printWithKey() {","lastModifiedDate":"2022-04-17"},{"lineNumber":47,"author":{"gitId":"S-QUAN86"},"content":"    }","lastModifiedDate":"2022-04-17"},{"lineNumber":48,"author":{"gitId":"S-QUAN86"},"content":"","lastModifiedDate":"2022-04-17"},{"lineNumber":49,"author":{"gitId":"S-QUAN86"},"content":"    @Test","lastModifiedDate":"2022-04-17"},{"lineNumber":50,"author":{"gitId":"S-QUAN86"},"content":"    void date() {","lastModifiedDate":"2022-04-17"},{"lineNumber":51,"author":{"gitId":"S-QUAN86"},"content":"    }","lastModifiedDate":"2022-04-17"},{"lineNumber":52,"author":{"gitId":"S-QUAN86"},"content":"","lastModifiedDate":"2022-04-17"},{"lineNumber":53,"author":{"gitId":"S-QUAN86"},"content":"    @Test","lastModifiedDate":"2022-04-17"},{"lineNumber":54,"author":{"gitId":"S-QUAN86"},"content":"    void fileScanner() {","lastModifiedDate":"2022-04-17"},{"lineNumber":55,"author":{"gitId":"S-QUAN86"},"content":"    }","lastModifiedDate":"2022-04-17"},{"lineNumber":56,"author":{"gitId":"S-QUAN86"},"content":"","lastModifiedDate":"2022-04-17"},{"lineNumber":57,"author":{"gitId":"S-QUAN86"},"content":"    @Test","lastModifiedDate":"2022-04-17"},{"lineNumber":58,"author":{"gitId":"S-QUAN86"},"content":"    void main() {","lastModifiedDate":"2022-04-17"},{"lineNumber":59,"author":{"gitId":"S-QUAN86"},"content":"    }","lastModifiedDate":"2022-04-17"},{"lineNumber":60,"author":{"gitId":"S-QUAN86"},"content":"}","lastModifiedDate":"2022-04-17"}],"authorContributionMap":{"S-QUAN86":60}},{"path":"src/test/java/ui/StorageTest.java","fileType":"java","lines":[{"lineNumber":1,"author":{"gitId":"S-QUAN86"},"content":"package ui;","lastModifiedDate":"2022-04-17"},{"lineNumber":2,"author":{"gitId":"S-QUAN86"},"content":"","lastModifiedDate":"2022-04-17"},{"lineNumber":3,"author":{"gitId":"S-QUAN86"},"content":"import org.junit.jupiter.api.Test;","lastModifiedDate":"2022-04-17"},{"lineNumber":4,"author":{"gitId":"S-QUAN86"},"content":"","lastModifiedDate":"2022-04-17"},{"lineNumber":5,"author":{"gitId":"S-QUAN86"},"content":"import static org.junit.jupiter.api.Assertions.*;","lastModifiedDate":"2022-04-17"},{"lineNumber":6,"author":{"gitId":"S-QUAN86"},"content":"","lastModifiedDate":"2022-04-17"},{"lineNumber":7,"author":{"gitId":"S-QUAN86"},"content":"class StorageTest {","lastModifiedDate":"2022-04-17"},{"lineNumber":8,"author":{"gitId":"S-QUAN86"},"content":"","lastModifiedDate":"2022-04-17"},{"lineNumber":9,"author":{"gitId":"S-QUAN86"},"content":"    @Test","lastModifiedDate":"2022-04-17"},{"lineNumber":10,"author":{"gitId":"S-QUAN86"},"content":"    void main() {","lastModifiedDate":"2022-04-17"},{"lineNumber":11,"author":{"gitId":"S-QUAN86"},"content":"    }","lastModifiedDate":"2022-04-17"},{"lineNumber":12,"author":{"gitId":"S-QUAN86"},"content":"","lastModifiedDate":"2022-04-17"},{"lineNumber":13,"author":{"gitId":"S-QUAN86"},"content":"    @Test","lastModifiedDate":"2022-04-17"},{"lineNumber":14,"author":{"gitId":"S-QUAN86"},"content":"    void checkFile() {","lastModifiedDate":"2022-04-17"},{"lineNumber":15,"author":{"gitId":"S-QUAN86"},"content":"    }","lastModifiedDate":"2022-04-17"},{"lineNumber":16,"author":{"gitId":"S-QUAN86"},"content":"","lastModifiedDate":"2022-04-17"},{"lineNumber":17,"author":{"gitId":"S-QUAN86"},"content":"    @Test","lastModifiedDate":"2022-04-17"},{"lineNumber":18,"author":{"gitId":"S-QUAN86"},"content":"    void readFile() {","lastModifiedDate":"2022-04-17"},{"lineNumber":19,"author":{"gitId":"S-QUAN86"},"content":"    }","lastModifiedDate":"2022-04-17"},{"lineNumber":20,"author":{"gitId":"S-QUAN86"},"content":"","lastModifiedDate":"2022-04-17"},{"lineNumber":21,"author":{"gitId":"S-QUAN86"},"content":"    @Test","lastModifiedDate":"2022-04-17"},{"lineNumber":22,"author":{"gitId":"S-QUAN86"},"content":"    void saveFile() {","lastModifiedDate":"2022-04-17"},{"lineNumber":23,"author":{"gitId":"S-QUAN86"},"content":"    }","lastModifiedDate":"2022-04-17"},{"lineNumber":24,"author":{"gitId":"S-QUAN86"},"content":"}","lastModifiedDate":"2022-04-17"}],"authorContributionMap":{"S-QUAN86":24}}]
