{"authorDailyContributionsMap":{"S-QUAN86":[{"date":"2022-02-11","commitResults":[{"hash":"87167d13bf4c8fc8947c728cfc51d90f3475da81","messageTitle":"Level-1 Add greeting words, echos command, ending words","messageBody":"","tags":["Level-1"],"fileTypesAndContributionMap":{"java":{"insertions":42,"deletions":0}}},{"hash":"14fea18251befcbb5704223d673f729601df987e","messageTitle":"create addList","messageBody":"","tags":["Level-2"],"fileTypesAndContributionMap":{"java":{"insertions":40,"deletions":8}}}]},{"date":"2022-02-17","commitResults":[{"hash":"cce1d7de2bef9fb6ff3319ba2cb262cc48ffa830","messageTitle":"add Mark as Done","messageBody":"","tags":["Level-3"],"fileTypesAndContributionMap":{"java":{"insertions":77,"deletions":31}}},{"hash":"aecdb1f89d3744cc239b2af072e643c5d31e8162","messageTitle":"Add Event, ToDo, Deadline","messageBody":"","tags":["Level-4"],"fileTypesAndContributionMap":{"java":{"insertions":144,"deletions":26}}}]},{"date":"2022-02-20","commitResults":[{"hash":"55d8be598dbb5402ea697d70ac9b8b78f583e853","messageTitle":"Correction on Duke/addEvent","messageBody":"","fileTypesAndContributionMap":{"java":{"insertions":1,"deletions":10}}}]},{"date":"2022-04-14","commitResults":[{"hash":"edadf89a9cabf118e47183af2e86cef13abbd918","messageTitle":"re-structure and add Error handling Handle Errors","messageBody":"","tags":["Level-5"],"fileTypesAndContributionMap":{"java":{"insertions":156,"deletions":173}}},{"hash":"ea6625894b1109ed158419ff5c61a75074e87a06","messageTitle":"add Delete","messageBody":"","tags":["Level-6"],"fileTypesAndContributionMap":{"java":{"insertions":34,"deletions":9}}}]}]},"authorFileTypeContributionMap":{"S-QUAN86":{"java":238,"md":0,"fxml":0,"sh":0,"bat":0,"gradle":0,"txt":0}},"authorContributionVariance":{"S-QUAN86":2294.2324},"authorDisplayNameMap":{"S-QUAN86":"WANG..QUAN"}}
