{"authorDailyContributionsMap":{"wizjoon":[{"date":"2022-04-10","commitResults":[{"hash":"2869cceca045d59f172ae781020a9b3780c53b00","messageTitle":"Add files via upload","messageBody":"","fileTypesAndContributionMap":{"java":{"insertions":10,"deletions":10}}},{"hash":"9fa1193cd9632ebea466cb0d052cadbbfc424f42","messageTitle":"Add files via upload","messageBody":"","fileTypesAndContributionMap":{"java":{"insertions":88,"deletions":6}}}]},{"date":"2022-04-11","commitResults":[{"hash":"b1c0f025ef74e6b1509f954edb47574dcd07ccbd","messageTitle":"Add files via upload","messageBody":"","fileTypesAndContributionMap":{"java":{"insertions":41,"deletions":19}}},{"hash":"c42e43eff2d589b8b0ef4ba9d6db9314dbc3f85d","messageTitle":"Level 4 and 5","messageBody":"","fileTypesAndContributionMap":{"java":{"insertions":120,"deletions":12}}}]}]},"authorFileTypeContributionMap":{"wizjoon":{"java":218,"md":0,"fxml":0,"sh":0,"bat":0,"gradle":0,"txt":0}},"authorContributionVariance":{"wizjoon":530.8937},"authorDisplayNameMap":{"wizjoon":"LIM ..KIAT"}}
