{"authorDailyContributionsMap":{"wizjoon":[{"date":"2022-04-10","commitResults":[{"hash":"2869cceca045d59f172ae781020a9b3780c53b00","messageTitle":"Add files via upload","messageBody":"","fileTypesAndContributionMap":{"java":{"insertions":10,"deletions":10}}},{"hash":"9fa1193cd9632ebea466cb0d052cadbbfc424f42","messageTitle":"Add files via upload","messageBody":"","fileTypesAndContributionMap":{"java":{"insertions":88,"deletions":6}}}]},{"date":"2022-04-11","commitResults":[{"hash":"b1c0f025ef74e6b1509f954edb47574dcd07ccbd","messageTitle":"Add files via upload","messageBody":"","fileTypesAndContributionMap":{"java":{"insertions":41,"deletions":19}}},{"hash":"c42e43eff2d589b8b0ef4ba9d6db9314dbc3f85d","messageTitle":"Level 4 and 5","messageBody":"","fileTypesAndContributionMap":{"java":{"insertions":120,"deletions":12}}}]},{"date":"2022-04-17","commitResults":[{"hash":"109954a6b00b79166dfba37408876edba5b0b18d","messageTitle":"Add files via upload","messageBody":"","fileTypesAndContributionMap":{"java":{"insertions":1473,"deletions":0}}},{"hash":"7a4ddd7f07d664560ee8b7baf29b21d540f98f5c","messageTitle":"Add files via upload","messageBody":"","fileTypesAndContributionMap":{"txt":{"insertions":8,"deletions":0}}}]}]},"authorFileTypeContributionMap":{"wizjoon":{"java":1691,"md":0,"fxml":0,"sh":0,"bat":0,"gradle":0,"txt":8}},"authorContributionVariance":{"wizjoon":22557.506},"authorDisplayNameMap":{"wizjoon":"LIM ..KIAT"}}
