[{"path":"src/main/java/Deadline.java","fileType":"java","lines":[{"lineNumber":1,"author":{"gitId":"JiaJieRion"},"content":"public class Deadline extends Task {","lastModifiedDate":"2022-02-11"},{"lineNumber":2,"author":{"gitId":"JiaJieRion"},"content":"","lastModifiedDate":"2022-02-11"},{"lineNumber":3,"author":{"gitId":"JiaJieRion"},"content":"    protected String by;","lastModifiedDate":"2022-02-11"},{"lineNumber":4,"author":{"gitId":"JiaJieRion"},"content":"","lastModifiedDate":"2022-02-11"},{"lineNumber":5,"author":{"gitId":"JiaJieRion"},"content":"    public Deadline(String description, String by) {","lastModifiedDate":"2022-02-11"},{"lineNumber":6,"author":{"gitId":"JiaJieRion"},"content":"        super(description);","lastModifiedDate":"2022-02-11"},{"lineNumber":7,"author":{"gitId":"JiaJieRion"},"content":"        this.by \u003d by;","lastModifiedDate":"2022-02-11"},{"lineNumber":8,"author":{"gitId":"JiaJieRion"},"content":"    }","lastModifiedDate":"2022-02-11"},{"lineNumber":9,"author":{"gitId":"JiaJieRion"},"content":"","lastModifiedDate":"2022-02-11"},{"lineNumber":10,"author":{"gitId":"JiaJieRion"},"content":"    @Override","lastModifiedDate":"2022-02-11"},{"lineNumber":11,"author":{"gitId":"JiaJieRion"},"content":"    public String toString() {","lastModifiedDate":"2022-02-11"},{"lineNumber":12,"author":{"gitId":"JiaJieRion"},"content":"        return \"[D]\" + super.toString() + \"(by:\" + by + \")\";","lastModifiedDate":"2022-02-11"},{"lineNumber":13,"author":{"gitId":"JiaJieRion"},"content":"    }","lastModifiedDate":"2022-02-11"},{"lineNumber":14,"author":{"gitId":"JiaJieRion"},"content":"}","lastModifiedDate":"2022-02-11"}],"authorContributionMap":{"JiaJieRion":14}},{"path":"src/main/java/Duke.java","fileType":"java","lines":[{"lineNumber":1,"author":{"gitId":"JiaJieRion"},"content":"import java.util.Scanner;","lastModifiedDate":"2022-02-10"},{"lineNumber":2,"author":{"gitId":"JiaJieRion"},"content":"","lastModifiedDate":"2022-02-10"},{"lineNumber":3,"author":{"gitId":"JiaJieRion"},"content":"","lastModifiedDate":"2022-02-10"},{"lineNumber":4,"author":{"gitId":"-"},"content":"public class Duke {","lastModifiedDate":"2019-07-29"},{"lineNumber":5,"author":{"gitId":"JiaJieRion"},"content":"","lastModifiedDate":"2022-02-10"},{"lineNumber":6,"author":{"gitId":"JiaJieRion"},"content":"    //Level 1 Greet, Echo, Exit","lastModifiedDate":"2022-02-10"},{"lineNumber":7,"author":{"gitId":"JiaJieRion"},"content":"    private static void bye(){","lastModifiedDate":"2022-02-11"},{"lineNumber":8,"author":{"gitId":"JiaJieRion"},"content":"        System.out.println(\"Bye. Hope to see you again soon!\");","lastModifiedDate":"2022-02-10"},{"lineNumber":9,"author":{"gitId":"JiaJieRion"},"content":"        System.exit(0); //Exit program","lastModifiedDate":"2022-02-10"},{"lineNumber":10,"author":{"gitId":"JiaJieRion"},"content":"    }","lastModifiedDate":"2022-02-10"},{"lineNumber":11,"author":{"gitId":"JiaJieRion"},"content":"","lastModifiedDate":"2022-02-10"},{"lineNumber":12,"author":{"gitId":"JiaJieRion"},"content":"    //Level 2 Add, List","lastModifiedDate":"2022-02-10"},{"lineNumber":13,"author":{"gitId":"JiaJieRion"},"content":"    private static void list(Task[] taskList, int numOfTasks){","lastModifiedDate":"2022-02-11"},{"lineNumber":14,"author":{"gitId":"JiaJieRion"},"content":"        if(numOfTasks \u003e 0) {","lastModifiedDate":"2022-02-11"},{"lineNumber":15,"author":{"gitId":"JiaJieRion"},"content":"            System.out.println(\"Here are the tasks in your list:\");","lastModifiedDate":"2022-02-11"},{"lineNumber":16,"author":{"gitId":"JiaJieRion"},"content":"            for (int i \u003d 0; i \u003c numOfTasks; i++) {","lastModifiedDate":"2022-02-10"},{"lineNumber":17,"author":{"gitId":"JiaJieRion"},"content":"                System.out.println(i + 1 + \".\" + taskList[i].toString());","lastModifiedDate":"2022-02-11"},{"lineNumber":18,"author":{"gitId":"JiaJieRion"},"content":"            }","lastModifiedDate":"2022-02-10"},{"lineNumber":19,"author":{"gitId":"JiaJieRion"},"content":"        }else{","lastModifiedDate":"2022-02-11"},{"lineNumber":20,"author":{"gitId":"JiaJieRion"},"content":"            System.out.println(\"☹ OOPS!!! There is no task in your list\");","lastModifiedDate":"2022-02-11"},{"lineNumber":21,"author":{"gitId":"JiaJieRion"},"content":"        }","lastModifiedDate":"2022-02-11"},{"lineNumber":22,"author":{"gitId":"JiaJieRion"},"content":"    }","lastModifiedDate":"2022-02-10"},{"lineNumber":23,"author":{"gitId":"JiaJieRion"},"content":"","lastModifiedDate":"2022-02-10"},{"lineNumber":24,"author":{"gitId":"JiaJieRion"},"content":"    //Level 3 Mark as Done","lastModifiedDate":"2022-02-10"},{"lineNumber":25,"author":{"gitId":"JiaJieRion"},"content":"    private static boolean mark(String userInput, boolean currentMark) {","lastModifiedDate":"2022-02-11"},{"lineNumber":26,"author":{"gitId":"JiaJieRion"},"content":"        boolean isDone \u003d false;","lastModifiedDate":"2022-02-10"},{"lineNumber":27,"author":{"gitId":"JiaJieRion"},"content":"        String mark \u003d userInput.substring(0, userInput.indexOf(\u0027 \u0027)).trim();","lastModifiedDate":"2022-02-10"},{"lineNumber":28,"author":{"gitId":"JiaJieRion"},"content":"        if (mark.equals(\"mark\")) {","lastModifiedDate":"2022-02-10"},{"lineNumber":29,"author":{"gitId":"JiaJieRion"},"content":"            if(currentMark){","lastModifiedDate":"2022-02-11"},{"lineNumber":30,"author":{"gitId":"JiaJieRion"},"content":"                System.out.println(\"This task was already marked as done!:\");","lastModifiedDate":"2022-02-11"},{"lineNumber":31,"author":{"gitId":"JiaJieRion"},"content":"            }else {","lastModifiedDate":"2022-02-11"},{"lineNumber":32,"author":{"gitId":"JiaJieRion"},"content":"                System.out.println(\"Nice! I\u0027ve marked this task as done:\");","lastModifiedDate":"2022-02-11"},{"lineNumber":33,"author":{"gitId":"JiaJieRion"},"content":"            }","lastModifiedDate":"2022-02-11"},{"lineNumber":34,"author":{"gitId":"JiaJieRion"},"content":"            return true;","lastModifiedDate":"2022-02-11"},{"lineNumber":35,"author":{"gitId":"JiaJieRion"},"content":"        }else if (mark.equals(\"unmark\")) {","lastModifiedDate":"2022-02-10"},{"lineNumber":36,"author":{"gitId":"JiaJieRion"},"content":"            if (currentMark) {","lastModifiedDate":"2022-02-11"},{"lineNumber":37,"author":{"gitId":"JiaJieRion"},"content":"                System.out.println(\"OK, I\u0027ve marked this task as not done yet:\");","lastModifiedDate":"2022-02-11"},{"lineNumber":38,"author":{"gitId":"JiaJieRion"},"content":"            }else {","lastModifiedDate":"2022-02-11"},{"lineNumber":39,"author":{"gitId":"JiaJieRion"},"content":"                System.out.println(\"STATUS ERROR: CANNOT UNMARK PENDING TASK\");","lastModifiedDate":"2022-02-11"},{"lineNumber":40,"author":{"gitId":"JiaJieRion"},"content":"            }","lastModifiedDate":"2022-02-11"},{"lineNumber":41,"author":{"gitId":"JiaJieRion"},"content":"        }","lastModifiedDate":"2022-02-10"},{"lineNumber":42,"author":{"gitId":"JiaJieRion"},"content":"        return isDone;","lastModifiedDate":"2022-02-10"},{"lineNumber":43,"author":{"gitId":"JiaJieRion"},"content":"    }","lastModifiedDate":"2022-02-10"},{"lineNumber":44,"author":{"gitId":"JiaJieRion"},"content":"","lastModifiedDate":"2022-02-10"},{"lineNumber":45,"author":{"gitId":"JiaJieRion"},"content":"    //Level 4 Todos, Events, Deadlines","lastModifiedDate":"2022-02-11"},{"lineNumber":46,"author":{"gitId":"JiaJieRion"},"content":"    //Level 5 Handle Errors","lastModifiedDate":"2022-02-11"},{"lineNumber":47,"author":{"gitId":"JiaJieRion"},"content":"    private static void addTask (Task[] taskList, int numOfTasks, String userInput) throws MissingDateError {","lastModifiedDate":"2022-02-11"},{"lineNumber":48,"author":{"gitId":"JiaJieRion"},"content":"","lastModifiedDate":"2022-02-11"},{"lineNumber":49,"author":{"gitId":"JiaJieRion"},"content":"        String taskType;","lastModifiedDate":"2022-02-11"},{"lineNumber":50,"author":{"gitId":"JiaJieRion"},"content":"        try {","lastModifiedDate":"2022-02-11"},{"lineNumber":51,"author":{"gitId":"JiaJieRion"},"content":"            taskType \u003d userInput.substring(0, userInput.indexOf(\u0027 \u0027));","lastModifiedDate":"2022-02-11"},{"lineNumber":52,"author":{"gitId":"JiaJieRion"},"content":"        } catch (StringIndexOutOfBoundsException s) {","lastModifiedDate":"2022-02-11"},{"lineNumber":53,"author":{"gitId":"JiaJieRion"},"content":"            //Missing description (task)","lastModifiedDate":"2022-02-11"},{"lineNumber":54,"author":{"gitId":"JiaJieRion"},"content":"            taskType \u003d userInput.split(\" \")[0];","lastModifiedDate":"2022-02-11"},{"lineNumber":55,"author":{"gitId":"JiaJieRion"},"content":"            System.out.println(\"☹ OOPS!!! The description of a \" + taskType + \" cannot be empty.\");","lastModifiedDate":"2022-02-11"},{"lineNumber":56,"author":{"gitId":"JiaJieRion"},"content":"            throw new StringIndexOutOfBoundsException();","lastModifiedDate":"2022-02-11"},{"lineNumber":57,"author":{"gitId":"JiaJieRion"},"content":"        }","lastModifiedDate":"2022-02-11"},{"lineNumber":58,"author":{"gitId":"JiaJieRion"},"content":"","lastModifiedDate":"2022-02-11"},{"lineNumber":59,"author":{"gitId":"JiaJieRion"},"content":"        String task \u003d userInput.replaceFirst(\"\\\\w+\\\\s\", \"\");","lastModifiedDate":"2022-02-11"},{"lineNumber":60,"author":{"gitId":"JiaJieRion"},"content":"        //Creating new todo task","lastModifiedDate":"2022-02-11"},{"lineNumber":61,"author":{"gitId":"JiaJieRion"},"content":"        if (taskType.equals(\"todo\")){","lastModifiedDate":"2022-02-11"},{"lineNumber":62,"author":{"gitId":"JiaJieRion"},"content":"            taskList[numOfTasks] \u003d new Todo(task);","lastModifiedDate":"2022-02-11"},{"lineNumber":63,"author":{"gitId":"JiaJieRion"},"content":"        }","lastModifiedDate":"2022-02-11"},{"lineNumber":64,"author":{"gitId":"JiaJieRion"},"content":"        //Below checks are for deadlines and events","lastModifiedDate":"2022-02-11"},{"lineNumber":65,"author":{"gitId":"JiaJieRion"},"content":"        int delimiter \u003d 0;","lastModifiedDate":"2022-02-11"},{"lineNumber":66,"author":{"gitId":"JiaJieRion"},"content":"        if(taskType.equals(\"deadline\")){","lastModifiedDate":"2022-02-11"},{"lineNumber":67,"author":{"gitId":"JiaJieRion"},"content":"            delimiter \u003d task.indexOf(\"/by\");","lastModifiedDate":"2022-02-11"},{"lineNumber":68,"author":{"gitId":"JiaJieRion"},"content":"            if(delimiter \u003d\u003d -1){","lastModifiedDate":"2022-02-11"},{"lineNumber":69,"author":{"gitId":"JiaJieRion"},"content":"                //Validate /by","lastModifiedDate":"2022-02-11"},{"lineNumber":70,"author":{"gitId":"JiaJieRion"},"content":"                System.out.println(\"☹ OOPS!!! Please make sure /by is mentioned for \" + taskType);","lastModifiedDate":"2022-02-11"},{"lineNumber":71,"author":{"gitId":"JiaJieRion"},"content":"                throw new MissingDateError();","lastModifiedDate":"2022-02-11"},{"lineNumber":72,"author":{"gitId":"JiaJieRion"},"content":"            }","lastModifiedDate":"2022-02-11"},{"lineNumber":73,"author":{"gitId":"JiaJieRion"},"content":"        }else if(taskType.equals(\"event\")){","lastModifiedDate":"2022-02-11"},{"lineNumber":74,"author":{"gitId":"JiaJieRion"},"content":"            delimiter \u003d task.indexOf(\"/at\");","lastModifiedDate":"2022-02-11"},{"lineNumber":75,"author":{"gitId":"JiaJieRion"},"content":"            if(delimiter \u003d\u003d -1){","lastModifiedDate":"2022-02-11"},{"lineNumber":76,"author":{"gitId":"JiaJieRion"},"content":"                //Validate /at","lastModifiedDate":"2022-02-11"},{"lineNumber":77,"author":{"gitId":"JiaJieRion"},"content":"                System.out.println(\"☹ OOPS!!! Please make sure /at is mentioned for \" + taskType);","lastModifiedDate":"2022-02-11"},{"lineNumber":78,"author":{"gitId":"JiaJieRion"},"content":"                throw new MissingDateError();","lastModifiedDate":"2022-02-11"},{"lineNumber":79,"author":{"gitId":"JiaJieRion"},"content":"            }","lastModifiedDate":"2022-02-11"},{"lineNumber":80,"author":{"gitId":"JiaJieRion"},"content":"        }","lastModifiedDate":"2022-02-11"},{"lineNumber":81,"author":{"gitId":"JiaJieRion"},"content":"","lastModifiedDate":"2022-02-11"},{"lineNumber":82,"author":{"gitId":"JiaJieRion"},"content":"        String date \u003d task.substring(delimiter + 3);","lastModifiedDate":"2022-02-11"},{"lineNumber":83,"author":{"gitId":"JiaJieRion"},"content":"        if(taskType.equals(\"deadline\") || taskType.equals(\"event\")) {","lastModifiedDate":"2022-02-11"},{"lineNumber":84,"author":{"gitId":"JiaJieRion"},"content":"            //Validate if date is empty","lastModifiedDate":"2022-02-11"},{"lineNumber":85,"author":{"gitId":"JiaJieRion"},"content":"            if (date.isBlank()) {","lastModifiedDate":"2022-02-11"},{"lineNumber":86,"author":{"gitId":"JiaJieRion"},"content":"                System.out.println(\"☹ OOPS!!! The date of a \" + taskType + \" cannot be empty.\");","lastModifiedDate":"2022-02-11"},{"lineNumber":87,"author":{"gitId":"JiaJieRion"},"content":"                throw new MissingDateError();","lastModifiedDate":"2022-02-11"},{"lineNumber":88,"author":{"gitId":"JiaJieRion"},"content":"            }","lastModifiedDate":"2022-02-11"},{"lineNumber":89,"author":{"gitId":"JiaJieRion"},"content":"            //Validate task","lastModifiedDate":"2022-02-11"},{"lineNumber":90,"author":{"gitId":"JiaJieRion"},"content":"            task \u003d task.substring(0, delimiter);","lastModifiedDate":"2022-02-11"},{"lineNumber":91,"author":{"gitId":"JiaJieRion"},"content":"            if (task.isBlank()) {","lastModifiedDate":"2022-02-11"},{"lineNumber":92,"author":{"gitId":"JiaJieRion"},"content":"                System.out.println(\"☹ OOPS!!! The description of a \" + taskType + \" cannot be empty.\");","lastModifiedDate":"2022-02-11"},{"lineNumber":93,"author":{"gitId":"JiaJieRion"},"content":"                throw new StringIndexOutOfBoundsException();","lastModifiedDate":"2022-02-11"},{"lineNumber":94,"author":{"gitId":"JiaJieRion"},"content":"            }","lastModifiedDate":"2022-02-11"},{"lineNumber":95,"author":{"gitId":"JiaJieRion"},"content":"        }","lastModifiedDate":"2022-02-11"},{"lineNumber":96,"author":{"gitId":"JiaJieRion"},"content":"        //Creating new deadline task","lastModifiedDate":"2022-02-11"},{"lineNumber":97,"author":{"gitId":"JiaJieRion"},"content":"        if(taskType.equals(\"deadline\")){","lastModifiedDate":"2022-02-11"},{"lineNumber":98,"author":{"gitId":"JiaJieRion"},"content":"            taskList[numOfTasks] \u003d new Deadline(task, date);","lastModifiedDate":"2022-02-11"},{"lineNumber":99,"author":{"gitId":"JiaJieRion"},"content":"        }","lastModifiedDate":"2022-02-11"},{"lineNumber":100,"author":{"gitId":"JiaJieRion"},"content":"        //Creating new event task","lastModifiedDate":"2022-02-11"},{"lineNumber":101,"author":{"gitId":"JiaJieRion"},"content":"        if(taskType.equals(\"event\")){","lastModifiedDate":"2022-02-11"},{"lineNumber":102,"author":{"gitId":"JiaJieRion"},"content":"            taskList[numOfTasks] \u003d new Event(task, date);","lastModifiedDate":"2022-02-11"},{"lineNumber":103,"author":{"gitId":"JiaJieRion"},"content":"        }","lastModifiedDate":"2022-02-11"},{"lineNumber":104,"author":{"gitId":"JiaJieRion"},"content":"","lastModifiedDate":"2022-02-11"},{"lineNumber":105,"author":{"gitId":"JiaJieRion"},"content":"        System.out.println(\"Got it. I\u0027ve added this task:\"); //Echo / add task","lastModifiedDate":"2022-02-11"},{"lineNumber":106,"author":{"gitId":"JiaJieRion"},"content":"        System.out.println(taskList[numOfTasks].toString());","lastModifiedDate":"2022-02-11"},{"lineNumber":107,"author":{"gitId":"JiaJieRion"},"content":"    }","lastModifiedDate":"2022-02-11"},{"lineNumber":108,"author":{"gitId":"JiaJieRion"},"content":"","lastModifiedDate":"2022-02-11"},{"lineNumber":109,"author":{"gitId":"JiaJieRion"},"content":"    //Finding index of taskList","lastModifiedDate":"2022-02-10"},{"lineNumber":110,"author":{"gitId":"JiaJieRion"},"content":"    private static int index(String userInput, int numOfTasks){","lastModifiedDate":"2022-02-11"},{"lineNumber":111,"author":{"gitId":"JiaJieRion"},"content":"        if(numOfTasks \u003d\u003d 0){","lastModifiedDate":"2022-02-10"},{"lineNumber":112,"author":{"gitId":"JiaJieRion"},"content":"            System.out.println(\"There is no task in the list!\");","lastModifiedDate":"2022-02-10"},{"lineNumber":113,"author":{"gitId":"JiaJieRion"},"content":"            return 0;","lastModifiedDate":"2022-02-10"},{"lineNumber":114,"author":{"gitId":"JiaJieRion"},"content":"        }","lastModifiedDate":"2022-02-10"},{"lineNumber":115,"author":{"gitId":"JiaJieRion"},"content":"        String listIndexer \u003d userInput;","lastModifiedDate":"2022-02-10"},{"lineNumber":116,"author":{"gitId":"JiaJieRion"},"content":"        listIndexer \u003d listIndexer.replaceAll(\"[^\\\\d]\",\"\");","lastModifiedDate":"2022-02-10"},{"lineNumber":117,"author":{"gitId":"JiaJieRion"},"content":"        int index \u003d Integer.parseInt(listIndexer);","lastModifiedDate":"2022-02-10"},{"lineNumber":118,"author":{"gitId":"JiaJieRion"},"content":"        if(index \u003e numOfTasks){","lastModifiedDate":"2022-02-10"},{"lineNumber":119,"author":{"gitId":"JiaJieRion"},"content":"            System.out.println(\"ERROR: The number entered exceeds the number of task(s) in the list!\");","lastModifiedDate":"2022-02-11"},{"lineNumber":120,"author":{"gitId":"JiaJieRion"},"content":"            System.out.println( numOfTasks + \" task(s) in the list.\");","lastModifiedDate":"2022-02-11"},{"lineNumber":121,"author":{"gitId":"JiaJieRion"},"content":"            return 0;","lastModifiedDate":"2022-02-10"},{"lineNumber":122,"author":{"gitId":"JiaJieRion"},"content":"        }","lastModifiedDate":"2022-02-10"},{"lineNumber":123,"author":{"gitId":"JiaJieRion"},"content":"        return index;","lastModifiedDate":"2022-02-10"},{"lineNumber":124,"author":{"gitId":"JiaJieRion"},"content":"    }","lastModifiedDate":"2022-02-10"},{"lineNumber":125,"author":{"gitId":"JiaJieRion"},"content":"","lastModifiedDate":"2022-02-10"},{"lineNumber":126,"author":{"gitId":"JiaJieRion"},"content":"    //Get the first word of the user input string","lastModifiedDate":"2022-02-11"},{"lineNumber":127,"author":{"gitId":"JiaJieRion"},"content":"    private static String command(String userInput){","lastModifiedDate":"2022-02-11"},{"lineNumber":128,"author":{"gitId":"JiaJieRion"},"content":"        return userInput.split(\" \")[0];","lastModifiedDate":"2022-02-11"},{"lineNumber":129,"author":{"gitId":"JiaJieRion"},"content":"    }","lastModifiedDate":"2022-02-11"},{"lineNumber":130,"author":{"gitId":"JiaJieRion"},"content":"","lastModifiedDate":"2022-02-11"},{"lineNumber":131,"author":{"gitId":"JiaJieRion"},"content":"    //Check if it\u0027s the Mark Command","lastModifiedDate":"2022-02-11"},{"lineNumber":132,"author":{"gitId":"JiaJieRion"},"content":"    private static boolean isMark (String command){","lastModifiedDate":"2022-02-11"},{"lineNumber":133,"author":{"gitId":"JiaJieRion"},"content":"        return (command.equals(\"mark\") || command.equals(\"unmark\"));","lastModifiedDate":"2022-02-11"},{"lineNumber":134,"author":{"gitId":"JiaJieRion"},"content":"    }","lastModifiedDate":"2022-02-11"},{"lineNumber":135,"author":{"gitId":"JiaJieRion"},"content":"","lastModifiedDate":"2022-02-11"},{"lineNumber":136,"author":{"gitId":"JiaJieRion"},"content":"    //Check if it\u0027s a Task","lastModifiedDate":"2022-02-11"},{"lineNumber":137,"author":{"gitId":"JiaJieRion"},"content":"    private static boolean isTask (String command){","lastModifiedDate":"2022-02-11"},{"lineNumber":138,"author":{"gitId":"JiaJieRion"},"content":"        return (command.equals(\"todo\") || command.equals(\"event\") || command.equals(\"deadline\"));","lastModifiedDate":"2022-02-11"},{"lineNumber":139,"author":{"gitId":"JiaJieRion"},"content":"    }","lastModifiedDate":"2022-02-11"},{"lineNumber":140,"author":{"gitId":"JiaJieRion"},"content":"","lastModifiedDate":"2022-02-11"},{"lineNumber":141,"author":{"gitId":"-"},"content":"    public static void main(String[] args) {","lastModifiedDate":"2019-07-29"},{"lineNumber":142,"author":{"gitId":"JiaJieRion"},"content":"","lastModifiedDate":"2022-02-10"},{"lineNumber":143,"author":{"gitId":"-"},"content":"        String logo \u003d \" ____        _        \\n\"","lastModifiedDate":"2019-07-29"},{"lineNumber":144,"author":{"gitId":"-"},"content":"                + \"|  _ \\\\ _   _| | _____ \\n\"","lastModifiedDate":"2019-07-29"},{"lineNumber":145,"author":{"gitId":"-"},"content":"                + \"| | | | | | | |/ / _ \\\\\\n\"","lastModifiedDate":"2019-07-29"},{"lineNumber":146,"author":{"gitId":"-"},"content":"                + \"| |_| | |_| |   \u003c  __/\\n\"","lastModifiedDate":"2019-07-29"},{"lineNumber":147,"author":{"gitId":"-"},"content":"                + \"|____/ \\\\__,_|_|\\\\_\\\\___|\\n\";","lastModifiedDate":"2019-07-29"},{"lineNumber":148,"author":{"gitId":"JiaJieRion"},"content":"        System.out.println(logo + \"Hello! I\u0027m Duke\\n\" + \"What can I do for you?\");","lastModifiedDate":"2022-02-10"},{"lineNumber":149,"author":{"gitId":"JiaJieRion"},"content":"","lastModifiedDate":"2022-02-10"},{"lineNumber":150,"author":{"gitId":"JiaJieRion"},"content":"        Task[] taskList \u003d new Task[100];","lastModifiedDate":"2022-02-10"},{"lineNumber":151,"author":{"gitId":"JiaJieRion"},"content":"        int numOfTasks \u003d 0;","lastModifiedDate":"2022-02-10"},{"lineNumber":152,"author":{"gitId":"JiaJieRion"},"content":"","lastModifiedDate":"2022-02-10"},{"lineNumber":153,"author":{"gitId":"JiaJieRion"},"content":"        while(true) {","lastModifiedDate":"2022-02-10"},{"lineNumber":154,"author":{"gitId":"JiaJieRion"},"content":"            Scanner scanInput \u003d new Scanner(System.in); //Scan user input","lastModifiedDate":"2022-02-10"},{"lineNumber":155,"author":{"gitId":"JiaJieRion"},"content":"            String userInput \u003d scanInput.nextLine().trim(); //Read user input","lastModifiedDate":"2022-02-11"},{"lineNumber":156,"author":{"gitId":"JiaJieRion"},"content":"            String command \u003d Duke.command(userInput);","lastModifiedDate":"2022-02-11"},{"lineNumber":157,"author":{"gitId":"JiaJieRion"},"content":"","lastModifiedDate":"2022-02-10"},{"lineNumber":158,"author":{"gitId":"JiaJieRion"},"content":"            //Level 1 exit","lastModifiedDate":"2022-02-11"},{"lineNumber":159,"author":{"gitId":"JiaJieRion"},"content":"            if(command.equals(\"bye\")){","lastModifiedDate":"2022-02-11"},{"lineNumber":160,"author":{"gitId":"JiaJieRion"},"content":"                Duke.bye();","lastModifiedDate":"2022-02-10"},{"lineNumber":161,"author":{"gitId":"-"},"content":"            }","lastModifiedDate":"2019-07-29"},{"lineNumber":162,"author":{"gitId":"JiaJieRion"},"content":"","lastModifiedDate":"2022-02-10"},{"lineNumber":163,"author":{"gitId":"JiaJieRion"},"content":"            //Level 2 List the task","lastModifiedDate":"2022-02-11"},{"lineNumber":164,"author":{"gitId":"JiaJieRion"},"content":"            if(command.equals(\"list\")){","lastModifiedDate":"2022-02-11"},{"lineNumber":165,"author":{"gitId":"JiaJieRion"},"content":"                Duke.list(taskList, numOfTasks);","lastModifiedDate":"2022-02-10"},{"lineNumber":166,"author":{"gitId":"JiaJieRion"},"content":"                continue;","lastModifiedDate":"2022-02-10"},{"lineNumber":167,"author":{"gitId":"JiaJieRion"},"content":"            }","lastModifiedDate":"2022-02-10"},{"lineNumber":168,"author":{"gitId":"JiaJieRion"},"content":"","lastModifiedDate":"2022-02-10"},{"lineNumber":169,"author":{"gitId":"JiaJieRion"},"content":"            //Level 3 Mark or Unmark","lastModifiedDate":"2022-02-11"},{"lineNumber":170,"author":{"gitId":"JiaJieRion"},"content":"            if(Duke.isMark(command)) {","lastModifiedDate":"2022-02-11"},{"lineNumber":171,"author":{"gitId":"JiaJieRion"},"content":"                int index \u003d Duke.index(userInput, numOfTasks) - 1;","lastModifiedDate":"2022-02-10"},{"lineNumber":172,"author":{"gitId":"JiaJieRion"},"content":"                if(index \u003d\u003d -1){","lastModifiedDate":"2022-02-10"},{"lineNumber":173,"author":{"gitId":"JiaJieRion"},"content":"                    continue;","lastModifiedDate":"2022-02-10"},{"lineNumber":174,"author":{"gitId":"JiaJieRion"},"content":"                }","lastModifiedDate":"2022-02-10"},{"lineNumber":175,"author":{"gitId":"JiaJieRion"},"content":"                taskList[index].isDone \u003d Duke.mark(userInput, taskList[index].isDone);","lastModifiedDate":"2022-02-11"},{"lineNumber":176,"author":{"gitId":"JiaJieRion"},"content":"                System.out.println(taskList[index].toString());","lastModifiedDate":"2022-02-11"},{"lineNumber":177,"author":{"gitId":"JiaJieRion"},"content":"                continue;","lastModifiedDate":"2022-02-10"},{"lineNumber":178,"author":{"gitId":"JiaJieRion"},"content":"            }","lastModifiedDate":"2022-02-10"},{"lineNumber":179,"author":{"gitId":"JiaJieRion"},"content":"            //Level 4 Adding tasks to list","lastModifiedDate":"2022-02-11"},{"lineNumber":180,"author":{"gitId":"JiaJieRion"},"content":"            if(Duke.isTask(command)) {","lastModifiedDate":"2022-02-11"},{"lineNumber":181,"author":{"gitId":"JiaJieRion"},"content":"                try{","lastModifiedDate":"2022-02-11"},{"lineNumber":182,"author":{"gitId":"JiaJieRion"},"content":"                    Duke.addTask(taskList, numOfTasks, userInput);","lastModifiedDate":"2022-02-11"},{"lineNumber":183,"author":{"gitId":"JiaJieRion"},"content":"                    numOfTasks++;","lastModifiedDate":"2022-02-10"},{"lineNumber":184,"author":{"gitId":"JiaJieRion"},"content":"                    System.out.println(\"Now you have \" + numOfTasks + \" task(s) in the list.\");","lastModifiedDate":"2022-02-11"},{"lineNumber":185,"author":{"gitId":"JiaJieRion"},"content":"                    continue;","lastModifiedDate":"2022-02-11"},{"lineNumber":186,"author":{"gitId":"JiaJieRion"},"content":"                } catch (StringIndexOutOfBoundsException s){","lastModifiedDate":"2022-02-11"},{"lineNumber":187,"author":{"gitId":"JiaJieRion"},"content":"                    continue;","lastModifiedDate":"2022-02-11"},{"lineNumber":188,"author":{"gitId":"JiaJieRion"},"content":"                } catch (MissingDateError m) {","lastModifiedDate":"2022-02-11"},{"lineNumber":189,"author":{"gitId":"JiaJieRion"},"content":"                    continue;","lastModifiedDate":"2022-02-11"},{"lineNumber":190,"author":{"gitId":"JiaJieRion"},"content":"                }","lastModifiedDate":"2022-02-11"},{"lineNumber":191,"author":{"gitId":"JiaJieRion"},"content":"            }","lastModifiedDate":"2022-02-11"},{"lineNumber":192,"author":{"gitId":"JiaJieRion"},"content":"","lastModifiedDate":"2022-02-11"},{"lineNumber":193,"author":{"gitId":"JiaJieRion"},"content":"            //Level 5 Else, unrecognized command","lastModifiedDate":"2022-02-11"},{"lineNumber":194,"author":{"gitId":"JiaJieRion"},"content":"            System.out.println(\"☹ OOPS!!! I\u0027m sorry, but I don\u0027t know what that means :-(\");","lastModifiedDate":"2022-02-11"},{"lineNumber":195,"author":{"gitId":"JiaJieRion"},"content":"        }","lastModifiedDate":"2022-02-10"},{"lineNumber":196,"author":{"gitId":"-"},"content":"    }","lastModifiedDate":"2022-02-10"},{"lineNumber":197,"author":{"gitId":"JiaJieRion"},"content":"","lastModifiedDate":"2022-02-10"},{"lineNumber":198,"author":{"gitId":"-"},"content":"}","lastModifiedDate":"2019-07-29"}],"authorContributionMap":{"JiaJieRion":188,"-":10}},{"path":"src/main/java/Event.java","fileType":"java","lines":[{"lineNumber":1,"author":{"gitId":"JiaJieRion"},"content":"public class Event extends Task {","lastModifiedDate":"2022-02-11"},{"lineNumber":2,"author":{"gitId":"JiaJieRion"},"content":"","lastModifiedDate":"2022-02-11"},{"lineNumber":3,"author":{"gitId":"JiaJieRion"},"content":"    protected String at;","lastModifiedDate":"2022-02-11"},{"lineNumber":4,"author":{"gitId":"JiaJieRion"},"content":"","lastModifiedDate":"2022-02-11"},{"lineNumber":5,"author":{"gitId":"JiaJieRion"},"content":"    public Event(String description, String at) {","lastModifiedDate":"2022-02-11"},{"lineNumber":6,"author":{"gitId":"JiaJieRion"},"content":"        super(description);","lastModifiedDate":"2022-02-11"},{"lineNumber":7,"author":{"gitId":"JiaJieRion"},"content":"        this.at \u003d at;","lastModifiedDate":"2022-02-11"},{"lineNumber":8,"author":{"gitId":"JiaJieRion"},"content":"    }","lastModifiedDate":"2022-02-11"},{"lineNumber":9,"author":{"gitId":"JiaJieRion"},"content":"","lastModifiedDate":"2022-02-11"},{"lineNumber":10,"author":{"gitId":"JiaJieRion"},"content":"    @Override","lastModifiedDate":"2022-02-11"},{"lineNumber":11,"author":{"gitId":"JiaJieRion"},"content":"    public String toString() {","lastModifiedDate":"2022-02-11"},{"lineNumber":12,"author":{"gitId":"JiaJieRion"},"content":"        return \"[E]\" + super.toString() + \"(at:\" + at +\")\";","lastModifiedDate":"2022-02-11"},{"lineNumber":13,"author":{"gitId":"JiaJieRion"},"content":"    }","lastModifiedDate":"2022-02-11"},{"lineNumber":14,"author":{"gitId":"JiaJieRion"},"content":"}","lastModifiedDate":"2022-02-11"}],"authorContributionMap":{"JiaJieRion":14}},{"path":"src/main/java/MissingDateError.java","fileType":"java","lines":[{"lineNumber":1,"author":{"gitId":"JiaJieRion"},"content":"public class MissingDateError extends Exception {","lastModifiedDate":"2022-02-11"},{"lineNumber":2,"author":{"gitId":"JiaJieRion"},"content":"}","lastModifiedDate":"2022-02-11"}],"authorContributionMap":{"JiaJieRion":2}},{"path":"src/main/java/Task.java","fileType":"java","lines":[{"lineNumber":1,"author":{"gitId":"JiaJieRion"},"content":"public class Task {","lastModifiedDate":"2022-02-10"},{"lineNumber":2,"author":{"gitId":"JiaJieRion"},"content":"    protected String description;","lastModifiedDate":"2022-02-10"},{"lineNumber":3,"author":{"gitId":"JiaJieRion"},"content":"    protected boolean isDone;","lastModifiedDate":"2022-02-10"},{"lineNumber":4,"author":{"gitId":"JiaJieRion"},"content":"","lastModifiedDate":"2022-02-10"},{"lineNumber":5,"author":{"gitId":"JiaJieRion"},"content":"    public Task(String description) {","lastModifiedDate":"2022-02-10"},{"lineNumber":6,"author":{"gitId":"JiaJieRion"},"content":"        this.description \u003d description;","lastModifiedDate":"2022-02-10"},{"lineNumber":7,"author":{"gitId":"JiaJieRion"},"content":"        this.isDone \u003d false;","lastModifiedDate":"2022-02-10"},{"lineNumber":8,"author":{"gitId":"JiaJieRion"},"content":"    }","lastModifiedDate":"2022-02-10"},{"lineNumber":9,"author":{"gitId":"JiaJieRion"},"content":"","lastModifiedDate":"2022-02-10"},{"lineNumber":10,"author":{"gitId":"JiaJieRion"},"content":"    public String getStatusIcon() {","lastModifiedDate":"2022-02-10"},{"lineNumber":11,"author":{"gitId":"JiaJieRion"},"content":"        return (isDone ? \"X\" : \" \"); // mark done task with X","lastModifiedDate":"2022-02-10"},{"lineNumber":12,"author":{"gitId":"JiaJieRion"},"content":"    }","lastModifiedDate":"2022-02-10"},{"lineNumber":13,"author":{"gitId":"JiaJieRion"},"content":"","lastModifiedDate":"2022-02-10"},{"lineNumber":14,"author":{"gitId":"JiaJieRion"},"content":"    public String toString() {","lastModifiedDate":"2022-02-11"},{"lineNumber":15,"author":{"gitId":"JiaJieRion"},"content":"        return \"[\" + getStatusIcon() + \"] \" + description;","lastModifiedDate":"2022-02-11"},{"lineNumber":16,"author":{"gitId":"JiaJieRion"},"content":"    }","lastModifiedDate":"2022-02-11"},{"lineNumber":17,"author":{"gitId":"JiaJieRion"},"content":"    //...","lastModifiedDate":"2022-02-10"},{"lineNumber":18,"author":{"gitId":"JiaJieRion"},"content":"}","lastModifiedDate":"2022-02-10"}],"authorContributionMap":{"JiaJieRion":18}},{"path":"src/main/java/Todo.java","fileType":"java","lines":[{"lineNumber":1,"author":{"gitId":"JiaJieRion"},"content":"public class Todo extends Task{","lastModifiedDate":"2022-02-11"},{"lineNumber":2,"author":{"gitId":"JiaJieRion"},"content":"","lastModifiedDate":"2022-02-11"},{"lineNumber":3,"author":{"gitId":"JiaJieRion"},"content":"    public Todo(String description) {","lastModifiedDate":"2022-02-11"},{"lineNumber":4,"author":{"gitId":"JiaJieRion"},"content":"        super(description);","lastModifiedDate":"2022-02-11"},{"lineNumber":5,"author":{"gitId":"JiaJieRion"},"content":"    }","lastModifiedDate":"2022-02-11"},{"lineNumber":6,"author":{"gitId":"JiaJieRion"},"content":"","lastModifiedDate":"2022-02-11"},{"lineNumber":7,"author":{"gitId":"JiaJieRion"},"content":"    @Override","lastModifiedDate":"2022-02-11"},{"lineNumber":8,"author":{"gitId":"JiaJieRion"},"content":"    public String toString() {","lastModifiedDate":"2022-02-11"},{"lineNumber":9,"author":{"gitId":"JiaJieRion"},"content":"        return \"[T]\" + super.toString();","lastModifiedDate":"2022-02-11"},{"lineNumber":10,"author":{"gitId":"JiaJieRion"},"content":"    }","lastModifiedDate":"2022-02-11"},{"lineNumber":11,"author":{"gitId":"JiaJieRion"},"content":"}","lastModifiedDate":"2022-02-11"}],"authorContributionMap":{"JiaJieRion":11}}]
