{"authorDailyContributionsMap":{"JiaJieRion":[{"date":"2022-02-10","commitResults":[{"hash":"cb2d1b8d802e3fcfc77a1c9876a39f7c8e8d5c13","messageTitle":"level 1","messageBody":"","tags":["Level-1"],"fileTypesAndContributionMap":{"java":{"insertions":16,"deletions":2}}},{"hash":"51f8136acbbc214c738a12ff98b2bc64492d4a09","messageTitle":"level 2","messageBody":"","tags":["Level-2"],"fileTypesAndContributionMap":{"java":{"insertions":16,"deletions":2}}},{"hash":"d677e44d7d38a651ee1b83f9bca47cbac4b2d24f","messageTitle":"level 3","messageBody":"","tags":["Level-3"],"fileTypesAndContributionMap":{"java":{"insertions":93,"deletions":20}}}]},{"date":"2022-02-11","commitResults":[{"hash":"89353dd0ff6c86e42d60c5ad9a006bd432939851","messageTitle":"level 4","messageBody":"","tags":["Level-4"],"fileTypesAndContributionMap":{"java":{"insertions":78,"deletions":15}}},{"hash":"151033305951b92dbfb0e1bfc27dd908e01278eb","messageTitle":"level 5","messageBody":"","tags":["Level-5"],"fileTypesAndContributionMap":{"java":{"insertions":118,"deletions":35}}}]}]},"authorFileTypeContributionMap":{"JiaJieRion":{"java":247,"md":0,"fxml":0,"sh":0,"bat":0,"gradle":0,"txt":0}},"authorContributionVariance":{"JiaJieRion":2363.302},"authorDisplayNameMap":{"JiaJieRion":"TAN .. JIE"}}
