{"authorDailyContributionsMap":{"JiaJieRion":[{"date":"2022-02-10","commitResults":[{"hash":"cb2d1b8d802e3fcfc77a1c9876a39f7c8e8d5c13","messageTitle":"level 1","messageBody":"","tags":["Level-1"],"fileTypesAndContributionMap":{"java":{"insertions":16,"deletions":2}}},{"hash":"51f8136acbbc214c738a12ff98b2bc64492d4a09","messageTitle":"level 2","messageBody":"","tags":["Level-2"],"fileTypesAndContributionMap":{"java":{"insertions":16,"deletions":2}}},{"hash":"d677e44d7d38a651ee1b83f9bca47cbac4b2d24f","messageTitle":"level 3","messageBody":"","tags":["Level-3"],"fileTypesAndContributionMap":{"java":{"insertions":93,"deletions":20}}}]},{"date":"2022-02-11","commitResults":[{"hash":"89353dd0ff6c86e42d60c5ad9a006bd432939851","messageTitle":"level 4","messageBody":"","tags":["Level-4"],"fileTypesAndContributionMap":{"java":{"insertions":78,"deletions":15}}},{"hash":"151033305951b92dbfb0e1bfc27dd908e01278eb","messageTitle":"level 5","messageBody":"","tags":["Level-5"],"fileTypesAndContributionMap":{"java":{"insertions":118,"deletions":35}}}]},{"date":"2022-03-11","commitResults":[{"hash":"983f183789743e686825e708a248ac2d5805d390","messageTitle":"level 5 redo","messageBody":"","tags":["Level-5.5"],"fileTypesAndContributionMap":{"java":{"insertions":237,"deletions":179}}},{"hash":"c98e9c2badad29f97c06a21d9fa948a59fd5f2fc","messageTitle":"level 6","messageBody":"","tags":["Level-6"],"fileTypesAndContributionMap":{"java":{"insertions":58,"deletions":14}}}]},{"date":"2022-03-14","commitResults":[{"hash":"3ab5e8809cd8cc81ca388ef720a2064a85826914","messageTitle":"level 7","messageBody":"","tags":["Level-7"],"fileTypesAndContributionMap":{"txt":{"insertions":3,"deletions":0},"java":{"insertions":260,"deletions":12}}},{"hash":"dbc7f349ec2d287754db16f44dfc0400b3e44ee2","messageTitle":"level 7.1","messageBody":"","tags":["Level-7.1"],"fileTypesAndContributionMap":{"txt":{"insertions":4,"deletions":3},"java":{"insertions":104,"deletions":52}}}]},{"date":"2022-03-24","commitResults":[{"hash":"5977a8b3b9de743b82506b86688b4b8eea8d3925","messageTitle":"level 8- added storing time and printing time TODO: command to use time and date","messageBody":"","tags":["Level-8"],"fileTypesAndContributionMap":{"txt":{"insertions":1,"deletions":3},"java":{"insertions":438,"deletions":265}}}]},{"date":"2022-03-25","commitResults":[{"hash":"7111af9b253947d142d42108305b006641d6e48b","messageTitle":"Javadocs","messageBody":"","tags":["Level-8.1"],"fileTypesAndContributionMap":{"txt":{"insertions":11,"deletions":2},"java":{"insertions":583,"deletions":49}}}]}]},"authorFileTypeContributionMap":{"JiaJieRion":{"java":1362,"md":0,"fxml":0,"sh":0,"bat":0,"gradle":0,"txt":11}},"authorContributionVariance":{"JiaJieRion":17777.512},"authorDisplayNameMap":{"JiaJieRion":"TAN .. JIE"}}
