[{"path":"src/main/java/Duke.java","fileType":"java","lines":[{"lineNumber":1,"author":{"gitId":"yong324"},"content":"import java.util.Scanner;","lastModifiedDate":"2022-01-31"},{"lineNumber":2,"author":{"gitId":"yong324"},"content":"import java.util.Arrays;","lastModifiedDate":"2022-01-31"},{"lineNumber":3,"author":{"gitId":"yong324"},"content":"","lastModifiedDate":"2022-01-31"},{"lineNumber":4,"author":{"gitId":"-"},"content":"public class Duke {","lastModifiedDate":"2019-07-29"},{"lineNumber":5,"author":{"gitId":"yong324"},"content":"    public static void printIntroduction() {","lastModifiedDate":"2022-01-31"},{"lineNumber":6,"author":{"gitId":"yong324"},"content":"        System.out.println(\"  (\\\\_/)\");","lastModifiedDate":"2022-01-31"},{"lineNumber":7,"author":{"gitId":"yong324"},"content":"        System.out.println(\"  (^_^)\");","lastModifiedDate":"2022-01-31"},{"lineNumber":8,"author":{"gitId":"yong324"},"content":"        System.out.println(\"  (____)0\");","lastModifiedDate":"2022-01-31"},{"lineNumber":9,"author":{"gitId":"yong324"},"content":"        System.out.println(\"\\tHey how\u0027s it going? I\u0027m Bugs, a transient robotic bunny.\");","lastModifiedDate":"2022-01-31"},{"lineNumber":10,"author":{"gitId":"yong324"},"content":"        System.out.println(\"\\tHow may I help? (I take carrots as payment)\");","lastModifiedDate":"2022-01-31"},{"lineNumber":11,"author":{"gitId":"yong324"},"content":"    }","lastModifiedDate":"2022-01-31"},{"lineNumber":12,"author":{"gitId":"yong324"},"content":"    public static void chatting() {","lastModifiedDate":"2022-01-31"},{"lineNumber":13,"author":{"gitId":"yong324"},"content":"        printIntroduction();","lastModifiedDate":"2022-01-31"},{"lineNumber":14,"author":{"gitId":"yong324"},"content":"","lastModifiedDate":"2022-01-31"},{"lineNumber":15,"author":{"gitId":"yong324"},"content":"        String[] tasks \u003d new String[100];","lastModifiedDate":"2022-01-31"},{"lineNumber":16,"author":{"gitId":"yong324"},"content":"        int taskList \u003d 0;","lastModifiedDate":"2022-01-31"},{"lineNumber":17,"author":{"gitId":"yong324"},"content":"","lastModifiedDate":"2022-01-31"},{"lineNumber":18,"author":{"gitId":"yong324"},"content":"        Scanner input \u003d new Scanner(System.in);","lastModifiedDate":"2022-01-31"},{"lineNumber":19,"author":{"gitId":"yong324"},"content":"        String response;","lastModifiedDate":"2022-01-31"},{"lineNumber":20,"author":{"gitId":"yong324"},"content":"","lastModifiedDate":"2022-01-31"},{"lineNumber":21,"author":{"gitId":"yong324"},"content":"        while(true) {","lastModifiedDate":"2022-01-31"},{"lineNumber":22,"author":{"gitId":"yong324"},"content":"            System.out.println(\"\\tWhat\u0027s up doc?\");","lastModifiedDate":"2022-01-31"},{"lineNumber":23,"author":{"gitId":"yong324"},"content":"            response \u003d input.nextLine();","lastModifiedDate":"2022-01-31"},{"lineNumber":24,"author":{"gitId":"yong324"},"content":"            if (response.equals(\"bye\")) {","lastModifiedDate":"2022-01-31"},{"lineNumber":25,"author":{"gitId":"yong324"},"content":"                System.out.println(\"\\tAlready? :( Ok then... Cya...\");","lastModifiedDate":"2022-01-31"},{"lineNumber":26,"author":{"gitId":"yong324"},"content":"                return;","lastModifiedDate":"2022-01-31"},{"lineNumber":27,"author":{"gitId":"yong324"},"content":"            }","lastModifiedDate":"2022-01-31"},{"lineNumber":28,"author":{"gitId":"yong324"},"content":"","lastModifiedDate":"2022-01-31"},{"lineNumber":29,"author":{"gitId":"yong324"},"content":"            if (response.equals(\"list\")) {","lastModifiedDate":"2022-01-31"},{"lineNumber":30,"author":{"gitId":"yong324"},"content":"                System.out.println(\"\\t\" + Arrays.toString(Arrays.copyOf(tasks,taskList)));","lastModifiedDate":"2022-01-31"},{"lineNumber":31,"author":{"gitId":"yong324"},"content":"                continue;","lastModifiedDate":"2022-01-31"},{"lineNumber":32,"author":{"gitId":"yong324"},"content":"            }","lastModifiedDate":"2022-01-31"},{"lineNumber":33,"author":{"gitId":"yong324"},"content":"            tasks[taskList] \u003d response;","lastModifiedDate":"2022-01-31"},{"lineNumber":34,"author":{"gitId":"yong324"},"content":"            taskList ++;","lastModifiedDate":"2022-01-31"},{"lineNumber":35,"author":{"gitId":"yong324"},"content":"            System.out.println(\"\\tAdded: \" + response);","lastModifiedDate":"2022-01-31"},{"lineNumber":36,"author":{"gitId":"yong324"},"content":"        }","lastModifiedDate":"2022-01-31"},{"lineNumber":37,"author":{"gitId":"yong324"},"content":"    }","lastModifiedDate":"2022-01-31"},{"lineNumber":38,"author":{"gitId":"yong324"},"content":"","lastModifiedDate":"2022-01-31"},{"lineNumber":39,"author":{"gitId":"-"},"content":"    public static void main(String[] args) {","lastModifiedDate":"2019-07-29"},{"lineNumber":40,"author":{"gitId":"-"},"content":"        String logo \u003d \" ____        _        \\n\"","lastModifiedDate":"2019-07-29"},{"lineNumber":41,"author":{"gitId":"-"},"content":"                + \"|  _ \\\\ _   _| | _____ \\n\"","lastModifiedDate":"2019-07-29"},{"lineNumber":42,"author":{"gitId":"-"},"content":"                + \"| | | | | | | |/ / _ \\\\\\n\"","lastModifiedDate":"2019-07-29"},{"lineNumber":43,"author":{"gitId":"-"},"content":"                + \"| |_| | |_| |   \u003c  __/\\n\"","lastModifiedDate":"2019-07-29"},{"lineNumber":44,"author":{"gitId":"-"},"content":"                + \"|____/ \\\\__,_|_|\\\\_\\\\___|\\n\";","lastModifiedDate":"2019-07-29"},{"lineNumber":45,"author":{"gitId":"-"},"content":"        System.out.println(\"Hello from\\n\" + logo);","lastModifiedDate":"2019-07-29"},{"lineNumber":46,"author":{"gitId":"yong324"},"content":"        chatting();","lastModifiedDate":"2022-01-31"},{"lineNumber":47,"author":{"gitId":"yong324"},"content":"        return;","lastModifiedDate":"2022-01-31"},{"lineNumber":48,"author":{"gitId":"-"},"content":"    }","lastModifiedDate":"2019-07-29"},{"lineNumber":49,"author":{"gitId":"-"},"content":"}","lastModifiedDate":"2019-07-29"}],"authorContributionMap":{"-":10,"yong324":39}}]
