[{"path":"src/main/java/Deadlines.java","fileType":"java","lines":[{"lineNumber":1,"author":{"gitId":"yong324"},"content":"public class Deadlines extends Task{","lastModifiedDate":"2022-03-04"},{"lineNumber":2,"author":{"gitId":"yong324"},"content":"    protected String deadline;","lastModifiedDate":"2022-03-04"},{"lineNumber":3,"author":{"gitId":"yong324"},"content":"","lastModifiedDate":"2022-03-04"},{"lineNumber":4,"author":{"gitId":"yong324"},"content":"    public Deadlines (String task, String deadline ){","lastModifiedDate":"2022-03-04"},{"lineNumber":5,"author":{"gitId":"yong324"},"content":"        super(task);","lastModifiedDate":"2022-03-04"},{"lineNumber":6,"author":{"gitId":"yong324"},"content":"        this.deadline \u003d deadline;","lastModifiedDate":"2022-03-04"},{"lineNumber":7,"author":{"gitId":"yong324"},"content":"    }","lastModifiedDate":"2022-03-04"},{"lineNumber":8,"author":{"gitId":"yong324"},"content":"","lastModifiedDate":"2022-03-04"},{"lineNumber":9,"author":{"gitId":"yong324"},"content":"    @Override","lastModifiedDate":"2022-03-04"},{"lineNumber":10,"author":{"gitId":"yong324"},"content":"    public String toString(){","lastModifiedDate":"2022-03-04"},{"lineNumber":11,"author":{"gitId":"yong324"},"content":"        return String.format(\"[D][%s] %s (by: %s)\", (done?\"x\":\" \"), this.task,this.deadline);","lastModifiedDate":"2022-03-04"},{"lineNumber":12,"author":{"gitId":"yong324"},"content":"    }","lastModifiedDate":"2022-03-04"},{"lineNumber":13,"author":{"gitId":"yong324"},"content":"}","lastModifiedDate":"2022-03-04"}],"authorContributionMap":{"yong324":13}},{"path":"src/main/java/Duke.java","fileType":"java","lines":[{"lineNumber":1,"author":{"gitId":"yong324"},"content":"import java.util.Scanner;","lastModifiedDate":"2022-01-31"},{"lineNumber":2,"author":{"gitId":"yong324"},"content":"import java.util.ArrayList;","lastModifiedDate":"2022-03-07"},{"lineNumber":3,"author":{"gitId":"yong324"},"content":"","lastModifiedDate":"2022-01-31"},{"lineNumber":4,"author":{"gitId":"-"},"content":"public class Duke {","lastModifiedDate":"2019-07-29"},{"lineNumber":5,"author":{"gitId":"yong324"},"content":"","lastModifiedDate":"2022-02-20"},{"lineNumber":6,"author":{"gitId":"yong324"},"content":"    //enum for the tasks","lastModifiedDate":"2022-03-04"},{"lineNumber":7,"author":{"gitId":"yong324"},"content":"    private static TaskProcessor tasklist;","lastModifiedDate":"2022-03-22"},{"lineNumber":8,"author":{"gitId":"yong324"},"content":"","lastModifiedDate":"2022-03-22"},{"lineNumber":9,"author":{"gitId":"yong324"},"content":"    public Duke () {","lastModifiedDate":"2022-03-22"},{"lineNumber":10,"author":{"gitId":"yong324"},"content":"        tasklist \u003d new TaskProcessor();","lastModifiedDate":"2022-03-22"},{"lineNumber":11,"author":{"gitId":"yong324"},"content":"","lastModifiedDate":"2022-03-04"},{"lineNumber":12,"author":{"gitId":"yong324"},"content":"    };","lastModifiedDate":"2022-03-22"},{"lineNumber":13,"author":{"gitId":"yong324"},"content":"","lastModifiedDate":"2022-02-20"},{"lineNumber":14,"author":{"gitId":"yong324"},"content":"    public static void chatting() {","lastModifiedDate":"2022-01-31"},{"lineNumber":15,"author":{"gitId":"yong324"},"content":"        ui.printIntroduction();","lastModifiedDate":"2022-03-19"},{"lineNumber":16,"author":{"gitId":"yong324"},"content":"","lastModifiedDate":"2022-01-31"},{"lineNumber":17,"author":{"gitId":"yong324"},"content":"        tasklist \u003d new TaskProcessor();","lastModifiedDate":"2022-03-22"},{"lineNumber":18,"author":{"gitId":"yong324"},"content":"        Scanner input \u003d new Scanner(System.in);","lastModifiedDate":"2022-01-31"},{"lineNumber":19,"author":{"gitId":"yong324"},"content":"        String response;","lastModifiedDate":"2022-01-31"},{"lineNumber":20,"author":{"gitId":"yong324"},"content":"","lastModifiedDate":"2022-01-31"},{"lineNumber":21,"author":{"gitId":"yong324"},"content":"        while(true) {","lastModifiedDate":"2022-01-31"},{"lineNumber":22,"author":{"gitId":"yong324"},"content":"            System.out.println(\"\\tWhat\u0027s up doc?\");","lastModifiedDate":"2022-01-31"},{"lineNumber":23,"author":{"gitId":"yong324"},"content":"            response \u003d input.nextLine();","lastModifiedDate":"2022-01-31"},{"lineNumber":24,"author":{"gitId":"yong324"},"content":"","lastModifiedDate":"2022-03-04"},{"lineNumber":25,"author":{"gitId":"yong324"},"content":"            if (response.equals(\"bye\")) {","lastModifiedDate":"2022-03-20"},{"lineNumber":26,"author":{"gitId":"yong324"},"content":"                ui.printBye();","lastModifiedDate":"2022-03-19"},{"lineNumber":27,"author":{"gitId":"yong324"},"content":"                return;","lastModifiedDate":"2022-03-19"},{"lineNumber":28,"author":{"gitId":"yong324"},"content":"            };","lastModifiedDate":"2022-03-19"},{"lineNumber":29,"author":{"gitId":"yong324"},"content":"","lastModifiedDate":"2022-03-04"},{"lineNumber":30,"author":{"gitId":"yong324"},"content":"            Parser.processUserInput(tasklist, response); //, tasks, taskListCount","lastModifiedDate":"2022-03-22"},{"lineNumber":31,"author":{"gitId":"yong324"},"content":"        }","lastModifiedDate":"2022-03-04"},{"lineNumber":32,"author":{"gitId":"yong324"},"content":"    }","lastModifiedDate":"2022-01-31"},{"lineNumber":33,"author":{"gitId":"yong324"},"content":"    ","lastModifiedDate":"2022-03-04"},{"lineNumber":34,"author":{"gitId":"-"},"content":"    public static void main(String[] args) {","lastModifiedDate":"2019-07-29"},{"lineNumber":35,"author":{"gitId":"yong324"},"content":"        Duke duke \u003d new Duke();","lastModifiedDate":"2022-03-22"},{"lineNumber":36,"author":{"gitId":"yong324"},"content":"        ui.printIntroduction();","lastModifiedDate":"2022-03-17"},{"lineNumber":37,"author":{"gitId":"yong324"},"content":"        duke.chatting();","lastModifiedDate":"2022-03-22"},{"lineNumber":38,"author":{"gitId":"yong324"},"content":"        return;","lastModifiedDate":"2022-01-31"},{"lineNumber":39,"author":{"gitId":"-"},"content":"    }","lastModifiedDate":"2019-07-29"},{"lineNumber":40,"author":{"gitId":"-"},"content":"}","lastModifiedDate":"2019-07-29"}],"authorContributionMap":{"-":4,"yong324":36}},{"path":"src/main/java/DukeException.java","fileType":"java","lines":[{"lineNumber":1,"author":{"gitId":"yong324"},"content":"public class DukeException extends Exception{","lastModifiedDate":"2022-03-07"},{"lineNumber":2,"author":{"gitId":"yong324"},"content":"","lastModifiedDate":"2022-03-07"},{"lineNumber":3,"author":{"gitId":"yong324"},"content":"}","lastModifiedDate":"2022-03-07"}],"authorContributionMap":{"yong324":3}},{"path":"src/main/java/Events.java","fileType":"java","lines":[{"lineNumber":1,"author":{"gitId":"yong324"},"content":"public class Events extends Task{","lastModifiedDate":"2022-03-04"},{"lineNumber":2,"author":{"gitId":"yong324"},"content":"    protected String eventTime;","lastModifiedDate":"2022-03-04"},{"lineNumber":3,"author":{"gitId":"yong324"},"content":"","lastModifiedDate":"2022-03-04"},{"lineNumber":4,"author":{"gitId":"yong324"},"content":"    public Events (String task, String eventTime) {","lastModifiedDate":"2022-03-04"},{"lineNumber":5,"author":{"gitId":"yong324"},"content":"        super(task);","lastModifiedDate":"2022-03-04"},{"lineNumber":6,"author":{"gitId":"yong324"},"content":"        this.eventTime \u003d eventTime;","lastModifiedDate":"2022-03-04"},{"lineNumber":7,"author":{"gitId":"yong324"},"content":"    }","lastModifiedDate":"2022-03-04"},{"lineNumber":8,"author":{"gitId":"yong324"},"content":"","lastModifiedDate":"2022-03-04"},{"lineNumber":9,"author":{"gitId":"yong324"},"content":"    @Override","lastModifiedDate":"2022-03-04"},{"lineNumber":10,"author":{"gitId":"yong324"},"content":"    public String toString(){","lastModifiedDate":"2022-03-04"},{"lineNumber":11,"author":{"gitId":"yong324"},"content":"        return String.format(\"[E][%s] %s (at %s)\", (done?\"x\":\" \"), this.task,this.eventTime);","lastModifiedDate":"2022-03-04"},{"lineNumber":12,"author":{"gitId":"yong324"},"content":"    }","lastModifiedDate":"2022-03-04"},{"lineNumber":13,"author":{"gitId":"yong324"},"content":"}","lastModifiedDate":"2022-03-04"}],"authorContributionMap":{"yong324":13}},{"path":"src/main/java/Parser.java","fileType":"java","lines":[{"lineNumber":1,"author":{"gitId":"yong324"},"content":"import java.util.ArrayList;","lastModifiedDate":"2022-03-20"},{"lineNumber":2,"author":{"gitId":"yong324"},"content":"","lastModifiedDate":"2022-03-20"},{"lineNumber":3,"author":{"gitId":"yong324"},"content":"public class Parser {","lastModifiedDate":"2022-03-19"},{"lineNumber":4,"author":{"gitId":"yong324"},"content":"","lastModifiedDate":"2022-03-19"},{"lineNumber":5,"author":{"gitId":"yong324"},"content":"    public static void processUserInput(TaskProcessor tasklist, String userInput) { //","lastModifiedDate":"2022-03-22"},{"lineNumber":6,"author":{"gitId":"yong324"},"content":"        if (userInput.equals(\"list\")) {","lastModifiedDate":"2022-03-19"},{"lineNumber":7,"author":{"gitId":"yong324"},"content":"            tasklist.printList();","lastModifiedDate":"2022-03-22"},{"lineNumber":8,"author":{"gitId":"yong324"},"content":"        } else if ( userInput.startsWith(\"mark\") ) {","lastModifiedDate":"2022-03-19"},{"lineNumber":9,"author":{"gitId":"yong324"},"content":"","lastModifiedDate":"2022-03-20"},{"lineNumber":10,"author":{"gitId":"yong324"},"content":"            try {","lastModifiedDate":"2022-03-20"},{"lineNumber":11,"author":{"gitId":"yong324"},"content":"                int indexToChange \u003d Integer.parseInt(userInput.split(\" \")[1]) - 1 ;","lastModifiedDate":"2022-03-20"},{"lineNumber":12,"author":{"gitId":"yong324"},"content":"                tasklist.changeTaskStatus(indexToChange,true);","lastModifiedDate":"2022-03-22"},{"lineNumber":13,"author":{"gitId":"yong324"},"content":"            } catch (NumberFormatException e) {","lastModifiedDate":"2022-03-20"},{"lineNumber":14,"author":{"gitId":"yong324"},"content":"                //ui.printErrorMessage()","lastModifiedDate":"2022-03-20"},{"lineNumber":15,"author":{"gitId":"yong324"},"content":"                System.out.println(\"Task number not specified properly..\");","lastModifiedDate":"2022-03-20"},{"lineNumber":16,"author":{"gitId":"yong324"},"content":"            } catch (IndexOutOfBoundsException e) {","lastModifiedDate":"2022-03-20"},{"lineNumber":17,"author":{"gitId":"yong324"},"content":"                //ui.printErrorMessage()","lastModifiedDate":"2022-03-20"},{"lineNumber":18,"author":{"gitId":"yong324"},"content":"                System.out.println(\"I don\u0027t think you have that many tasks on your list...\");","lastModifiedDate":"2022-03-20"},{"lineNumber":19,"author":{"gitId":"yong324"},"content":"            };","lastModifiedDate":"2022-03-20"},{"lineNumber":20,"author":{"gitId":"yong324"},"content":"","lastModifiedDate":"2022-03-20"},{"lineNumber":21,"author":{"gitId":"yong324"},"content":"        } else if ( userInput.startsWith(\"unmark\")) {","lastModifiedDate":"2022-03-19"},{"lineNumber":22,"author":{"gitId":"yong324"},"content":"            try {","lastModifiedDate":"2022-03-20"},{"lineNumber":23,"author":{"gitId":"yong324"},"content":"                int indexToChange \u003d Integer.parseInt(userInput.split(\" \")[1]) - 1 ;","lastModifiedDate":"2022-03-20"},{"lineNumber":24,"author":{"gitId":"yong324"},"content":"                tasklist.changeTaskStatus(indexToChange,false);","lastModifiedDate":"2022-03-22"},{"lineNumber":25,"author":{"gitId":"yong324"},"content":"            } catch (NumberFormatException e) {","lastModifiedDate":"2022-03-20"},{"lineNumber":26,"author":{"gitId":"yong324"},"content":"                //ui.printErrorMessage()","lastModifiedDate":"2022-03-20"},{"lineNumber":27,"author":{"gitId":"yong324"},"content":"                System.out.println(\"Task number not specified properly..\");","lastModifiedDate":"2022-03-20"},{"lineNumber":28,"author":{"gitId":"yong324"},"content":"            } catch (IndexOutOfBoundsException e) {","lastModifiedDate":"2022-03-20"},{"lineNumber":29,"author":{"gitId":"yong324"},"content":"                //ui.printErrorMessage()","lastModifiedDate":"2022-03-20"},{"lineNumber":30,"author":{"gitId":"yong324"},"content":"                System.out.println(\"I don\u0027t think you have that many tasks on your list...\");","lastModifiedDate":"2022-03-20"},{"lineNumber":31,"author":{"gitId":"yong324"},"content":"            };","lastModifiedDate":"2022-03-20"},{"lineNumber":32,"author":{"gitId":"yong324"},"content":"","lastModifiedDate":"2022-03-20"},{"lineNumber":33,"author":{"gitId":"yong324"},"content":"        } else if (userInput.startsWith(\"todo \" ) || userInput.startsWith(\"event \") || userInput.startsWith(\"deadline \")) {","lastModifiedDate":"2022-03-19"},{"lineNumber":34,"author":{"gitId":"yong324"},"content":"            String taskType \u003d userInput.split(\" \")[0];","lastModifiedDate":"2022-03-19"},{"lineNumber":35,"author":{"gitId":"yong324"},"content":"            try {","lastModifiedDate":"2022-03-19"},{"lineNumber":36,"author":{"gitId":"yong324"},"content":"                tasklist.processTaskToList(taskType,userInput);","lastModifiedDate":"2022-03-22"},{"lineNumber":37,"author":{"gitId":"yong324"},"content":"            } catch (ArrayIndexOutOfBoundsException e) {","lastModifiedDate":"2022-03-19"},{"lineNumber":38,"author":{"gitId":"yong324"},"content":"                //ui.printErrorMessage()","lastModifiedDate":"2022-03-20"},{"lineNumber":39,"author":{"gitId":"yong324"},"content":"                System.out.println(\"\u003d^-.-^\u003d You didn\u0027t provide your task description...\");","lastModifiedDate":"2022-03-19"},{"lineNumber":40,"author":{"gitId":"yong324"},"content":"            }","lastModifiedDate":"2022-03-19"},{"lineNumber":41,"author":{"gitId":"yong324"},"content":"","lastModifiedDate":"2022-03-20"},{"lineNumber":42,"author":{"gitId":"yong324"},"content":"        } else if (userInput.startsWith(\"delete\")) {","lastModifiedDate":"2022-03-19"},{"lineNumber":43,"author":{"gitId":"yong324"},"content":"            try {","lastModifiedDate":"2022-03-20"},{"lineNumber":44,"author":{"gitId":"yong324"},"content":"                tasklist.deleteTasks(userInput);","lastModifiedDate":"2022-03-22"},{"lineNumber":45,"author":{"gitId":"yong324"},"content":"            } catch (NumberFormatException | IndexOutOfBoundsException e) {","lastModifiedDate":"2022-03-20"},{"lineNumber":46,"author":{"gitId":"yong324"},"content":"                //ui.printErrorMessage()","lastModifiedDate":"2022-03-20"},{"lineNumber":47,"author":{"gitId":"yong324"},"content":"                System.out.println(\"The delete input is not correct... please specify an integer within the bounds ^\u003d.\u003d^\");","lastModifiedDate":"2022-03-20"},{"lineNumber":48,"author":{"gitId":"yong324"},"content":"            }","lastModifiedDate":"2022-03-20"},{"lineNumber":49,"author":{"gitId":"yong324"},"content":"","lastModifiedDate":"2022-03-20"},{"lineNumber":50,"author":{"gitId":"yong324"},"content":"        } else {","lastModifiedDate":"2022-03-19"},{"lineNumber":51,"author":{"gitId":"yong324"},"content":"            System.out.println(\"\u003d^-.-^\u003d Not sure what that means...\");","lastModifiedDate":"2022-03-19"},{"lineNumber":52,"author":{"gitId":"yong324"},"content":"        }","lastModifiedDate":"2022-03-19"},{"lineNumber":53,"author":{"gitId":"yong324"},"content":"    }","lastModifiedDate":"2022-03-19"},{"lineNumber":54,"author":{"gitId":"yong324"},"content":"","lastModifiedDate":"2022-03-19"},{"lineNumber":55,"author":{"gitId":"yong324"},"content":"}","lastModifiedDate":"2022-03-19"}],"authorContributionMap":{"yong324":55}},{"path":"src/main/java/Storage.java","fileType":"java","lines":[{"lineNumber":1,"author":{"gitId":"yong324"},"content":"import java.io.File;","lastModifiedDate":"2022-03-17"},{"lineNumber":2,"author":{"gitId":"yong324"},"content":"import java.util.Scanner;","lastModifiedDate":"2022-03-17"},{"lineNumber":3,"author":{"gitId":"yong324"},"content":"import java.io.FileNotFoundException;","lastModifiedDate":"2022-03-17"},{"lineNumber":4,"author":{"gitId":"yong324"},"content":"import java.io.FileWriter;","lastModifiedDate":"2022-03-17"},{"lineNumber":5,"author":{"gitId":"yong324"},"content":"import java.io.IOException;","lastModifiedDate":"2022-03-17"},{"lineNumber":6,"author":{"gitId":"yong324"},"content":"","lastModifiedDate":"2022-03-17"},{"lineNumber":7,"author":{"gitId":"yong324"},"content":"public class Storage {","lastModifiedDate":"2022-03-17"},{"lineNumber":8,"author":{"gitId":"yong324"},"content":"","lastModifiedDate":"2022-03-17"},{"lineNumber":9,"author":{"gitId":"yong324"},"content":"    private static String filePath;","lastModifiedDate":"2022-03-17"},{"lineNumber":10,"author":{"gitId":"yong324"},"content":"","lastModifiedDate":"2022-03-17"},{"lineNumber":11,"author":{"gitId":"yong324"},"content":"    public Storage (String _filepath) {","lastModifiedDate":"2022-03-17"},{"lineNumber":12,"author":{"gitId":"yong324"},"content":"        filePath \u003d _filepath;","lastModifiedDate":"2022-03-17"},{"lineNumber":13,"author":{"gitId":"yong324"},"content":"    }","lastModifiedDate":"2022-03-17"},{"lineNumber":14,"author":{"gitId":"yong324"},"content":"","lastModifiedDate":"2022-03-17"},{"lineNumber":15,"author":{"gitId":"yong324"},"content":"    public static void writeFile(String textToAdd) throws IOException {","lastModifiedDate":"2022-03-17"},{"lineNumber":16,"author":{"gitId":"yong324"},"content":"        FileWriter fw \u003d new FileWriter(filePath);","lastModifiedDate":"2022-03-22"},{"lineNumber":17,"author":{"gitId":"yong324"},"content":"        fw.write(textToAdd);","lastModifiedDate":"2022-03-17"},{"lineNumber":18,"author":{"gitId":"yong324"},"content":"        fw.close();","lastModifiedDate":"2022-03-17"},{"lineNumber":19,"author":{"gitId":"yong324"},"content":"    };","lastModifiedDate":"2022-03-17"},{"lineNumber":20,"author":{"gitId":"yong324"},"content":"","lastModifiedDate":"2022-03-17"},{"lineNumber":21,"author":{"gitId":"yong324"},"content":"    public static void readFile()  throws FileNotFoundException {","lastModifiedDate":"2022-03-17"},{"lineNumber":22,"author":{"gitId":"yong324"},"content":"        File f \u003d new File(filePath);","lastModifiedDate":"2022-03-17"},{"lineNumber":23,"author":{"gitId":"yong324"},"content":"        Scanner s \u003d new Scanner(f);","lastModifiedDate":"2022-03-17"},{"lineNumber":24,"author":{"gitId":"yong324"},"content":"        while (s.hasNext()) {","lastModifiedDate":"2022-03-17"},{"lineNumber":25,"author":{"gitId":"yong324"},"content":"            System.out.println(s.nextLine());","lastModifiedDate":"2022-03-17"},{"lineNumber":26,"author":{"gitId":"yong324"},"content":"            //process each line to task","lastModifiedDate":"2022-03-17"},{"lineNumber":27,"author":{"gitId":"yong324"},"content":"        }","lastModifiedDate":"2022-03-17"},{"lineNumber":28,"author":{"gitId":"yong324"},"content":"    };","lastModifiedDate":"2022-03-17"},{"lineNumber":29,"author":{"gitId":"yong324"},"content":"","lastModifiedDate":"2022-03-17"},{"lineNumber":30,"author":{"gitId":"yong324"},"content":"    public static void main(String[] args) {","lastModifiedDate":"2022-03-17"},{"lineNumber":31,"author":{"gitId":"yong324"},"content":"        Storage duke \u003d new Storage(\"data/duke.txt\");","lastModifiedDate":"2022-03-22"},{"lineNumber":32,"author":{"gitId":"yong324"},"content":"","lastModifiedDate":"2022-03-22"},{"lineNumber":33,"author":{"gitId":"yong324"},"content":"        try {","lastModifiedDate":"2022-03-17"},{"lineNumber":34,"author":{"gitId":"yong324"},"content":"            duke.writeFile(\"this is not funny3\");","lastModifiedDate":"2022-03-17"},{"lineNumber":35,"author":{"gitId":"yong324"},"content":"        } catch (IOException e) {","lastModifiedDate":"2022-03-17"},{"lineNumber":36,"author":{"gitId":"yong324"},"content":"            System.out.println(\"fail read bro.\");","lastModifiedDate":"2022-03-17"},{"lineNumber":37,"author":{"gitId":"yong324"},"content":"        };","lastModifiedDate":"2022-03-17"},{"lineNumber":38,"author":{"gitId":"yong324"},"content":"","lastModifiedDate":"2022-03-22"},{"lineNumber":39,"author":{"gitId":"yong324"},"content":"","lastModifiedDate":"2022-03-22"},{"lineNumber":40,"author":{"gitId":"yong324"},"content":"        try {","lastModifiedDate":"2022-03-17"},{"lineNumber":41,"author":{"gitId":"yong324"},"content":"            duke.readFile();","lastModifiedDate":"2022-03-17"},{"lineNumber":42,"author":{"gitId":"yong324"},"content":"        } catch (FileNotFoundException e) {","lastModifiedDate":"2022-03-17"},{"lineNumber":43,"author":{"gitId":"yong324"},"content":"            System.out.println(\"fail scan bro.\");","lastModifiedDate":"2022-03-17"},{"lineNumber":44,"author":{"gitId":"yong324"},"content":"        }","lastModifiedDate":"2022-03-17"},{"lineNumber":45,"author":{"gitId":"yong324"},"content":"","lastModifiedDate":"2022-03-22"},{"lineNumber":46,"author":{"gitId":"yong324"},"content":"    }","lastModifiedDate":"2022-03-17"},{"lineNumber":47,"author":{"gitId":"yong324"},"content":"}","lastModifiedDate":"2022-03-17"}],"authorContributionMap":{"yong324":47}},{"path":"src/main/java/Task.java","fileType":"java","lines":[{"lineNumber":1,"author":{"gitId":"yong324"},"content":"public class Task {","lastModifiedDate":"2022-03-04"},{"lineNumber":2,"author":{"gitId":"yong324"},"content":"","lastModifiedDate":"2022-03-07"},{"lineNumber":3,"author":{"gitId":"yong324"},"content":"    enum taskType {","lastModifiedDate":"2022-03-07"},{"lineNumber":4,"author":{"gitId":"yong324"},"content":"        TODOS,DEADLINES,EVENTS","lastModifiedDate":"2022-03-07"},{"lineNumber":5,"author":{"gitId":"yong324"},"content":"    }","lastModifiedDate":"2022-03-07"},{"lineNumber":6,"author":{"gitId":"yong324"},"content":"","lastModifiedDate":"2022-03-07"},{"lineNumber":7,"author":{"gitId":"yong324"},"content":"    protected String task;","lastModifiedDate":"2022-03-04"},{"lineNumber":8,"author":{"gitId":"yong324"},"content":"    protected boolean done;","lastModifiedDate":"2022-03-04"},{"lineNumber":9,"author":{"gitId":"yong324"},"content":"","lastModifiedDate":"2022-03-04"},{"lineNumber":10,"author":{"gitId":"yong324"},"content":"    public Task(String task) {","lastModifiedDate":"2022-03-04"},{"lineNumber":11,"author":{"gitId":"yong324"},"content":"        this.task \u003d task;","lastModifiedDate":"2022-03-04"},{"lineNumber":12,"author":{"gitId":"yong324"},"content":"        this.done \u003d false;","lastModifiedDate":"2022-03-04"},{"lineNumber":13,"author":{"gitId":"yong324"},"content":"    };","lastModifiedDate":"2022-03-04"},{"lineNumber":14,"author":{"gitId":"yong324"},"content":"","lastModifiedDate":"2022-03-04"},{"lineNumber":15,"author":{"gitId":"yong324"},"content":"    public void setDone(boolean status) {","lastModifiedDate":"2022-03-04"},{"lineNumber":16,"author":{"gitId":"yong324"},"content":"        this.done \u003d status;","lastModifiedDate":"2022-03-04"},{"lineNumber":17,"author":{"gitId":"yong324"},"content":"    };","lastModifiedDate":"2022-03-04"},{"lineNumber":18,"author":{"gitId":"yong324"},"content":"","lastModifiedDate":"2022-03-04"},{"lineNumber":19,"author":{"gitId":"yong324"},"content":"    public String getTask(){","lastModifiedDate":"2022-03-04"},{"lineNumber":20,"author":{"gitId":"yong324"},"content":"        return this.task;","lastModifiedDate":"2022-03-04"},{"lineNumber":21,"author":{"gitId":"yong324"},"content":"    }","lastModifiedDate":"2022-03-04"},{"lineNumber":22,"author":{"gitId":"yong324"},"content":"","lastModifiedDate":"2022-03-04"},{"lineNumber":23,"author":{"gitId":"yong324"},"content":"    public boolean getStatus(){","lastModifiedDate":"2022-03-04"},{"lineNumber":24,"author":{"gitId":"yong324"},"content":"        return this.done;","lastModifiedDate":"2022-03-04"},{"lineNumber":25,"author":{"gitId":"yong324"},"content":"    }","lastModifiedDate":"2022-03-04"},{"lineNumber":26,"author":{"gitId":"yong324"},"content":"","lastModifiedDate":"2022-03-04"},{"lineNumber":27,"author":{"gitId":"yong324"},"content":"    public String toString(){","lastModifiedDate":"2022-03-04"},{"lineNumber":28,"author":{"gitId":"yong324"},"content":"        return String.format(\"[%s] %s\", (done?\"x\":\" \"), this.task);","lastModifiedDate":"2022-03-04"},{"lineNumber":29,"author":{"gitId":"yong324"},"content":"    }","lastModifiedDate":"2022-03-04"},{"lineNumber":30,"author":{"gitId":"yong324"},"content":"}","lastModifiedDate":"2022-03-04"},{"lineNumber":31,"author":{"gitId":"yong324"},"content":"//to consider: make tasks an abstract class?","lastModifiedDate":"2022-03-04"}],"authorContributionMap":{"yong324":31}},{"path":"src/main/java/TaskProcessor.java","fileType":"java","lines":[{"lineNumber":1,"author":{"gitId":"yong324"},"content":"import java.util.ArrayList;","lastModifiedDate":"2022-03-16"},{"lineNumber":2,"author":{"gitId":"yong324"},"content":"","lastModifiedDate":"2022-03-16"},{"lineNumber":3,"author":{"gitId":"yong324"},"content":"public class TaskProcessor {","lastModifiedDate":"2022-03-16"},{"lineNumber":4,"author":{"gitId":"yong324"},"content":"","lastModifiedDate":"2022-03-17"},{"lineNumber":5,"author":{"gitId":"yong324"},"content":"    protected static ArrayList\u003cTask\u003e tasks \u003d new ArrayList\u003cTask\u003e();","lastModifiedDate":"2022-03-16"},{"lineNumber":6,"author":{"gitId":"yong324"},"content":"    protected static int taskListCount \u003d 0;","lastModifiedDate":"2022-03-16"},{"lineNumber":7,"author":{"gitId":"yong324"},"content":"","lastModifiedDate":"2022-03-16"},{"lineNumber":8,"author":{"gitId":"yong324"},"content":"    public static void TaskProcessor() {};","lastModifiedDate":"2022-03-22"},{"lineNumber":9,"author":{"gitId":"yong324"},"content":"","lastModifiedDate":"2022-03-22"},{"lineNumber":10,"author":{"gitId":"yong324"},"content":"    public static void changeTaskStatus(int taskIndex, boolean statusToChange)  {","lastModifiedDate":"2022-03-16"},{"lineNumber":11,"author":{"gitId":"yong324"},"content":"        tasks.get(taskIndex).setDone(statusToChange);","lastModifiedDate":"2022-03-16"},{"lineNumber":12,"author":{"gitId":"yong324"},"content":"        System.out.printf(tasks.get(taskIndex).getTask() + \" set to %s.\\n\",statusToChange ? \"done\" : \"undone\");","lastModifiedDate":"2022-03-16"},{"lineNumber":13,"author":{"gitId":"yong324"},"content":"    }","lastModifiedDate":"2022-03-16"},{"lineNumber":14,"author":{"gitId":"yong324"},"content":"","lastModifiedDate":"2022-03-16"},{"lineNumber":15,"author":{"gitId":"yong324"},"content":"    public static void addTasks() {};","lastModifiedDate":"2022-03-16"},{"lineNumber":16,"author":{"gitId":"yong324"},"content":"","lastModifiedDate":"2022-03-16"},{"lineNumber":17,"author":{"gitId":"yong324"},"content":"    public static void deleteTasks ( String response) throws IndexOutOfBoundsException,NumberFormatException {","lastModifiedDate":"2022-03-20"},{"lineNumber":18,"author":{"gitId":"yong324"},"content":"        int deleteIndex \u003d Integer.parseInt(response.split(\" \")[1]) - 1; //what if it\u0027s not int?","lastModifiedDate":"2022-03-16"},{"lineNumber":19,"author":{"gitId":"yong324"},"content":"        System.out.printf(\"Okay! I\u0027ve deleted the task \u0027%s\u0027 from your list!\\n\", tasks.get(deleteIndex).getTask());","lastModifiedDate":"2022-03-16"},{"lineNumber":20,"author":{"gitId":"yong324"},"content":"        tasks.remove(deleteIndex);","lastModifiedDate":"2022-03-16"},{"lineNumber":21,"author":{"gitId":"yong324"},"content":"        taskListCount --;","lastModifiedDate":"2022-03-16"},{"lineNumber":22,"author":{"gitId":"yong324"},"content":"        System.out.printf(\"You now have %d in your list!\\n\", taskListCount);","lastModifiedDate":"2022-03-16"},{"lineNumber":23,"author":{"gitId":"yong324"},"content":"    }","lastModifiedDate":"2022-03-16"},{"lineNumber":24,"author":{"gitId":"yong324"},"content":"","lastModifiedDate":"2022-03-16"},{"lineNumber":25,"author":{"gitId":"yong324"},"content":"","lastModifiedDate":"2022-03-16"},{"lineNumber":26,"author":{"gitId":"yong324"},"content":"    public static void processTaskToList( String taskType, String response) throws ArrayIndexOutOfBoundsException,NumberFormatException {","lastModifiedDate":"2022-03-20"},{"lineNumber":27,"author":{"gitId":"yong324"},"content":"        if (taskType.equals(\"todo\")) {","lastModifiedDate":"2022-03-16"},{"lineNumber":28,"author":{"gitId":"yong324"},"content":"            String task \u003d response.split(\" \")[1];","lastModifiedDate":"2022-03-16"},{"lineNumber":29,"author":{"gitId":"yong324"},"content":"            tasks.add(new ToDos(task));","lastModifiedDate":"2022-03-16"},{"lineNumber":30,"author":{"gitId":"yong324"},"content":"        } else if (taskType.equals(\"deadline\")) {","lastModifiedDate":"2022-03-16"},{"lineNumber":31,"author":{"gitId":"yong324"},"content":"            //throw error (what if wrong format)?","lastModifiedDate":"2022-03-16"},{"lineNumber":32,"author":{"gitId":"yong324"},"content":"            String task \u003d response.substring(response.indexOf(\u0027 \u0027) + 1); //can be improved","lastModifiedDate":"2022-03-16"},{"lineNumber":33,"author":{"gitId":"yong324"},"content":"            String[] taskDetails \u003d task.split(\" /by \");","lastModifiedDate":"2022-03-16"},{"lineNumber":34,"author":{"gitId":"yong324"},"content":"            tasks.add(new Deadlines(taskDetails[0],taskDetails[1]));","lastModifiedDate":"2022-03-16"},{"lineNumber":35,"author":{"gitId":"yong324"},"content":"            //tasks[taskListCount] \u003d new Deadlines(taskDetails[0],taskDetails[1]);","lastModifiedDate":"2022-03-16"},{"lineNumber":36,"author":{"gitId":"yong324"},"content":"        } else if (taskType.equals(\"event\")) {","lastModifiedDate":"2022-03-16"},{"lineNumber":37,"author":{"gitId":"yong324"},"content":"            //throw error (what if wrong format)?","lastModifiedDate":"2022-03-16"},{"lineNumber":38,"author":{"gitId":"yong324"},"content":"            String task \u003d response.substring(response.indexOf(\u0027 \u0027) + 1); //can be improved","lastModifiedDate":"2022-03-16"},{"lineNumber":39,"author":{"gitId":"yong324"},"content":"            String[] taskDetails \u003d task.split(\" /at \");","lastModifiedDate":"2022-03-16"},{"lineNumber":40,"author":{"gitId":"yong324"},"content":"            tasks.add(new Events(taskDetails[0],taskDetails[1]));","lastModifiedDate":"2022-03-16"},{"lineNumber":41,"author":{"gitId":"yong324"},"content":"            //tasks[taskListCount] \u003d new Events(taskDetails[0],taskDetails[1]);","lastModifiedDate":"2022-03-16"},{"lineNumber":42,"author":{"gitId":"yong324"},"content":"        }","lastModifiedDate":"2022-03-16"},{"lineNumber":43,"author":{"gitId":"yong324"},"content":"","lastModifiedDate":"2022-03-16"},{"lineNumber":44,"author":{"gitId":"yong324"},"content":"        System.out.println(\"Added the following task to your list:\");","lastModifiedDate":"2022-03-16"},{"lineNumber":45,"author":{"gitId":"yong324"},"content":"        System.out.println(tasks.get(taskListCount));","lastModifiedDate":"2022-03-16"},{"lineNumber":46,"author":{"gitId":"yong324"},"content":"        taskListCount ++;","lastModifiedDate":"2022-03-16"},{"lineNumber":47,"author":{"gitId":"yong324"},"content":"        System.out.printf(\"You now have %d in your list!\\n\", taskListCount);","lastModifiedDate":"2022-03-16"},{"lineNumber":48,"author":{"gitId":"yong324"},"content":"    }","lastModifiedDate":"2022-03-16"},{"lineNumber":49,"author":{"gitId":"yong324"},"content":"","lastModifiedDate":"2022-03-16"},{"lineNumber":50,"author":{"gitId":"yong324"},"content":"    public static void printList() {","lastModifiedDate":"2022-03-20"},{"lineNumber":51,"author":{"gitId":"yong324"},"content":"        ui.printListUI(tasks, taskListCount);","lastModifiedDate":"2022-03-20"},{"lineNumber":52,"author":{"gitId":"yong324"},"content":"    }","lastModifiedDate":"2022-03-20"},{"lineNumber":53,"author":{"gitId":"yong324"},"content":"","lastModifiedDate":"2022-03-20"},{"lineNumber":54,"author":{"gitId":"yong324"},"content":"}","lastModifiedDate":"2022-03-16"}],"authorContributionMap":{"yong324":54}},{"path":"src/main/java/ToDos.java","fileType":"java","lines":[{"lineNumber":1,"author":{"gitId":"yong324"},"content":"public class ToDos extends Task {","lastModifiedDate":"2022-03-04"},{"lineNumber":2,"author":{"gitId":"yong324"},"content":"    public ToDos (String task) {","lastModifiedDate":"2022-03-04"},{"lineNumber":3,"author":{"gitId":"yong324"},"content":"        super(task);","lastModifiedDate":"2022-03-04"},{"lineNumber":4,"author":{"gitId":"yong324"},"content":"    }","lastModifiedDate":"2022-03-04"},{"lineNumber":5,"author":{"gitId":"yong324"},"content":"","lastModifiedDate":"2022-03-04"},{"lineNumber":6,"author":{"gitId":"yong324"},"content":"    @Override","lastModifiedDate":"2022-03-04"},{"lineNumber":7,"author":{"gitId":"yong324"},"content":"    public String toString(){","lastModifiedDate":"2022-03-04"},{"lineNumber":8,"author":{"gitId":"yong324"},"content":"        return String.format(\"[T][%s] %s\", (done?\"x\":\" \"), this.task);","lastModifiedDate":"2022-03-04"},{"lineNumber":9,"author":{"gitId":"yong324"},"content":"    }","lastModifiedDate":"2022-03-04"},{"lineNumber":10,"author":{"gitId":"yong324"},"content":"}","lastModifiedDate":"2022-03-04"}],"authorContributionMap":{"yong324":10}},{"path":"src/main/java/ui.java","fileType":"java","lines":[{"lineNumber":1,"author":{"gitId":"yong324"},"content":"import java.util.ArrayList;","lastModifiedDate":"2022-03-17"},{"lineNumber":2,"author":{"gitId":"yong324"},"content":"public class ui","lastModifiedDate":"2022-03-17"},{"lineNumber":3,"author":{"gitId":"yong324"},"content":"{","lastModifiedDate":"2022-03-17"},{"lineNumber":4,"author":{"gitId":"yong324"},"content":"    public ui() { };","lastModifiedDate":"2022-03-17"},{"lineNumber":5,"author":{"gitId":"yong324"},"content":"","lastModifiedDate":"2022-03-17"},{"lineNumber":6,"author":{"gitId":"yong324"},"content":"    public static void printIntroduction() {","lastModifiedDate":"2022-03-17"},{"lineNumber":7,"author":{"gitId":"yong324"},"content":"        System.out.println(\"  (\\\\_/)\");","lastModifiedDate":"2022-03-17"},{"lineNumber":8,"author":{"gitId":"yong324"},"content":"        System.out.println(\"  (^_^)\");","lastModifiedDate":"2022-03-17"},{"lineNumber":9,"author":{"gitId":"yong324"},"content":"        System.out.println(\"  (____)0\");","lastModifiedDate":"2022-03-17"},{"lineNumber":10,"author":{"gitId":"yong324"},"content":"        System.out.println(\"\\tHey how\u0027s it going? I\u0027m Bugs, a transient robotic bunny.\");","lastModifiedDate":"2022-03-17"},{"lineNumber":11,"author":{"gitId":"yong324"},"content":"        System.out.println(\"\\tHow may I help? (I take carrots as payment)\");","lastModifiedDate":"2022-03-17"},{"lineNumber":12,"author":{"gitId":"yong324"},"content":"    }","lastModifiedDate":"2022-03-17"},{"lineNumber":13,"author":{"gitId":"yong324"},"content":"","lastModifiedDate":"2022-03-17"},{"lineNumber":14,"author":{"gitId":"yong324"},"content":"    public static void printBye() {","lastModifiedDate":"2022-03-17"},{"lineNumber":15,"author":{"gitId":"yong324"},"content":"        System.out.println(\"Already? Cya...\");","lastModifiedDate":"2022-03-17"},{"lineNumber":16,"author":{"gitId":"yong324"},"content":"        System.out.println(\"  //\");","lastModifiedDate":"2022-03-17"},{"lineNumber":17,"author":{"gitId":"yong324"},"content":"        System.out.println(\" (\u0027\u0027)\");","lastModifiedDate":"2022-03-17"},{"lineNumber":18,"author":{"gitId":"yong324"},"content":"        System.out.println(\" UU \\\\   \");","lastModifiedDate":"2022-03-17"},{"lineNumber":19,"author":{"gitId":"yong324"},"content":"        System.out.println(\" \u003c\u003e\u003c\u003e*\");","lastModifiedDate":"2022-03-17"},{"lineNumber":20,"author":{"gitId":"yong324"},"content":"    }","lastModifiedDate":"2022-03-17"},{"lineNumber":21,"author":{"gitId":"yong324"},"content":"","lastModifiedDate":"2022-03-17"},{"lineNumber":22,"author":{"gitId":"yong324"},"content":"    public static void printLogo() {","lastModifiedDate":"2022-03-17"},{"lineNumber":23,"author":{"gitId":"yong324"},"content":"        String logo \u003d \" ____        _        \\n\"","lastModifiedDate":"2022-03-17"},{"lineNumber":24,"author":{"gitId":"yong324"},"content":"                + \"|  _ \\\\ _   _| | _____ \\n\"","lastModifiedDate":"2022-03-17"},{"lineNumber":25,"author":{"gitId":"yong324"},"content":"                + \"| | | | | | | |/ / _ \\\\\\n\"","lastModifiedDate":"2022-03-17"},{"lineNumber":26,"author":{"gitId":"yong324"},"content":"                + \"| |_| | |_| |   \u003c  __/\\n\"","lastModifiedDate":"2022-03-17"},{"lineNumber":27,"author":{"gitId":"yong324"},"content":"                + \"|____/ \\\\__,_|_|\\\\_\\\\___|\\n\";","lastModifiedDate":"2022-03-17"},{"lineNumber":28,"author":{"gitId":"yong324"},"content":"        System.out.println(\"Hello from\\n\" + logo);","lastModifiedDate":"2022-03-17"},{"lineNumber":29,"author":{"gitId":"yong324"},"content":"    }","lastModifiedDate":"2022-03-17"},{"lineNumber":30,"author":{"gitId":"yong324"},"content":"","lastModifiedDate":"2022-03-17"},{"lineNumber":31,"author":{"gitId":"yong324"},"content":"    public static void printListUI(ArrayList tasks, int taskListCount) { //","lastModifiedDate":"2022-03-20"},{"lineNumber":32,"author":{"gitId":"yong324"},"content":"        System.out.println(\"Here are the tasks in your list:\");","lastModifiedDate":"2022-03-17"},{"lineNumber":33,"author":{"gitId":"yong324"},"content":"        for (int i \u003d 0 ; i \u003c taskListCount ; i ++) {","lastModifiedDate":"2022-03-17"},{"lineNumber":34,"author":{"gitId":"yong324"},"content":"            System.out.println( (i+1)+\".\"+tasks.get(i) ); //+1 to i here due to numbering","lastModifiedDate":"2022-03-17"},{"lineNumber":35,"author":{"gitId":"yong324"},"content":"        }","lastModifiedDate":"2022-03-17"},{"lineNumber":36,"author":{"gitId":"yong324"},"content":"    }","lastModifiedDate":"2022-03-17"},{"lineNumber":37,"author":{"gitId":"yong324"},"content":"}","lastModifiedDate":"2022-03-17"}],"authorContributionMap":{"yong324":37}}]
