{"authorDailyContributionsMap":{"yong324":[{"date":"2022-01-31","commitResults":[{"hash":"286586ad2bd005601c10b6aadf80b2263353e394","messageTitle":"Created introduction to chat bot and reponse type 1 (copy and paste whatever input is given). Exit condition is Bye","messageBody":"","tags":["Level-v1"],"fileTypesAndContributionMap":{"java":{"insertions":28,"deletions":0}}},{"hash":"9ed3d75e4b0aecc87d1ab28d4144a2207c84135f","messageTitle":"Added feature that stores input in a list, and condition to print list","messageBody":"","tags":["Level-v2"],"fileTypesAndContributionMap":{"java":{"insertions":12,"deletions":1}}}]}]},"authorFileTypeContributionMap":{"yong324":{"java":39,"md":0,"fxml":0,"sh":0,"bat":0,"gradle":0,"txt":0}},"authorContributionVariance":{"yong324":72.93595},"authorDisplayNameMap":{"yong324":"SAM ..YONG"}}
