{"authorDailyContributionsMap":{"yong324":[{"date":"2022-01-31","commitResults":[{"hash":"286586ad2bd005601c10b6aadf80b2263353e394","messageTitle":"Created introduction to chat bot and reponse type 1 (copy and paste whatever input is given). Exit condition is Bye","messageBody":"","tags":["Level-v1"],"fileTypesAndContributionMap":{"java":{"insertions":28,"deletions":0}}},{"hash":"9ed3d75e4b0aecc87d1ab28d4144a2207c84135f","messageTitle":"Added feature that stores input in a list, and condition to print list","messageBody":"","tags":["Level-v2"],"fileTypesAndContributionMap":{"java":{"insertions":12,"deletions":1}}}]},{"date":"2022-02-20","commitResults":[{"hash":"2052aa3e7db8c8fbae141222b769b7dd1e54c738","messageTitle":"Fixed bug : mark \u003cint\u003e to adjust index of list \u003cint\u003e -1. Eg. mark 1 will adjust task[0]  done boolean","messageBody":"","fileTypesAndContributionMap":{"java":{"insertions":30,"deletions":6}}}]},{"date":"2022-03-04","commitResults":[{"hash":"53aeb3a2b4508be7138cfe22fd50148d1bf4f52d","messageTitle":"Created Deadlines class","messageBody":"","fileTypesAndContributionMap":{"java":{"insertions":13,"deletions":0}}},{"hash":"0a23f05dae7a6fac0d8af264e1c8800098eeb98a","messageTitle":"Created Events class","messageBody":"","fileTypesAndContributionMap":{"java":{"insertions":13,"deletions":0}}},{"hash":"3bb537c13bffb62914059dd6d6b41b02b0e28590","messageTitle":"Created Task class","messageBody":"","fileTypesAndContributionMap":{"java":{"insertions":26,"deletions":0}}},{"hash":"fbeb14ea4758607ff2235161124a66966e67faf9","messageTitle":"Created ToDos class","messageBody":"","fileTypesAndContributionMap":{"java":{"insertions":10,"deletions":0}}},{"hash":"2e0ac962d14ebf53a55225690a3e9915537f31f5","messageTitle":"Too many changes here...","messageBody":"","fileTypesAndContributionMap":{"java":{"insertions":68,"deletions":25}}}]},{"date":"2022-03-07","commitResults":[{"hash":"eb905be3be77933401866d1ad2731115f5f8cd25","messageTitle":"Created DukeException Class in case i need to create my own exceptions","messageBody":"","fileTypesAndContributionMap":{"java":{"insertions":4,"deletions":0}}},{"hash":"5e765a4f0b213b51b0868f0d974ead4a99729919","messageTitle":"Added enums","messageBody":"","fileTypesAndContributionMap":{"java":{"insertions":5,"deletions":0}}},{"hash":"93bcf553627ad27f732039a2c61e7858a8c45b01","messageTitle":"Create my own exceptions in case..","messageBody":"","fileTypesAndContributionMap":{"java":{"insertions":1,"deletions":2}}},{"hash":"450b318b82fa3ff715099125f25c3caf43ef9fa0","messageTitle":"Too many changes here...","messageBody":"","fileTypesAndContributionMap":{"java":{"insertions":45,"deletions":36}}}]},{"date":"2022-03-16","commitResults":[{"hash":"2cba01a14d0ee374140ca0b233c76a80748015ec","messageTitle":"CreatedUI Class","messageBody":"","fileTypesAndContributionMap":{"java":{"insertions":14,"deletions":0}}},{"hash":"21550e65c1c896a7e55df50fd6ae4217728b6650","messageTitle":"Added intro bye, and logo texts to UI methods","messageBody":"","fileTypesAndContributionMap":{"java":{"insertions":24,"deletions":8}}},{"hash":"f5612c51b897e0a93842a39270be57bdd1f1605c","messageTitle":"Added printListUI method","messageBody":"","fileTypesAndContributionMap":{"java":{"insertions":7,"deletions":0}}},{"hash":"42afddca200847c420a109b4d3bd794c8932d966","messageTitle":"Remove methods in Duke Class related to UI (printing things) and added them to UI Class","messageBody":"","fileTypesAndContributionMap":{"java":{"insertions":7,"deletions":29}}},{"hash":"5a72d3887cd373f90677ef0c1cfd423a248d9a53","messageTitle":"Created Task Processor Class","messageBody":"","fileTypesAndContributionMap":{"java":{"insertions":3,"deletions":0}}},{"hash":"de61ec69b39365ba88abd2c47b2fa1ddc3c05da3","messageTitle":"moved moethods (changeTaskStatus, processTaskToList, deleteTasks) from Duke class","messageBody":"","fileTypesAndContributionMap":{"java":{"insertions":46,"deletions":1}}},{"hash":"d31d639db369d012b6de122098c3704a93594bf9","messageTitle":"Remove the UI-related functions to reduce code bulk","messageBody":"","fileTypesAndContributionMap":{"java":{"insertions":3,"deletions":16}}},{"hash":"2eca2ae98e3f6442f7341f2bb5b289584cb7642b","messageTitle":"Renamed UI.java to ui.java","messageBody":"","fileTypesAndContributionMap":{"java":{"insertions":2,"deletions":2}}}]},{"date":"2022-03-17","commitResults":[{"hash":"707a577bc7cbdde9fe01ed121cb7b268550262a8","messageTitle":"Added Storage Java Class","messageBody":"","fileTypesAndContributionMap":{"java":{"insertions":48,"deletions":0}}},{"hash":"db5ee28bbc007b4929ec25294e77e749c6b51f19","messageTitle":"Made some changes","messageBody":"","fileTypesAndContributionMap":{"java":{"insertions":1,"deletions":0}}},{"hash":"d3fefe154b0d9c61986f3c01ac0c64c1dad66725","messageTitle":"Commit to merge","messageBody":"","fileTypesAndContributionMap":{"java":{"insertions":37,"deletions":0}}},{"hash":"7c651b3e32e56687d60e601b269c64826ba024d9","messageTitle":"Testing the merge function","messageBody":"","fileTypesAndContributionMap":{"java":{"insertions":3,"deletions":12}}}]},{"date":"2022-03-19","commitResults":[{"hash":"247c2c5af76f5408a37466a97a0fa822aff3bf6e","messageTitle":"Added Parser Class","messageBody":"","fileTypesAndContributionMap":{"java":{"insertions":2,"deletions":0}}},{"hash":"6522fe48c6656d217ada1addf0d0c8608ce9ac63","messageTitle":"Added methods for Parser class","messageBody":"","fileTypesAndContributionMap":{"java":{"insertions":33,"deletions":1}}},{"hash":"be14f50f25623a7498feb343a4b490c3d3613f82","messageTitle":"Removed \u0027continue\u0027 in parser class","messageBody":"","fileTypesAndContributionMap":{"java":{"insertions":6,"deletions":9}}},{"hash":"93360a7a49e926789fdd487289cf88e29f4de774","messageTitle":"Remove parser-related code in Duke class as Parser class has already been created","messageBody":"","fileTypesAndContributionMap":{"java":{"insertions":3,"deletions":30}}},{"hash":"c76f30607c30d7e8e4889bf7d1140577a76c1b59","messageTitle":"Removed extra \u0027}\u0027 which is causing a bug","messageBody":"","fileTypesAndContributionMap":{"java":{"insertions":0,"deletions":1}}},{"hash":"e3ac59bb7241c479407bd63154bb90726afa5cb7","messageTitle":"Removed \u0027bye\u0027 condition. Planning to shift this exit code to Duke main class instead","messageBody":"","fileTypesAndContributionMap":{"java":{"insertions":1,"deletions":4}}},{"hash":"c6a0a0f86a31c2065940fc6d42ed4af9fcd4f345","messageTitle":"Added \u0027bye\u0027 response to Duke class - used to exit out of chat bot","messageBody":"","fileTypesAndContributionMap":{"java":{"insertions":5,"deletions":34}}}]},{"date":"2022-03-20","commitResults":[{"hash":"76344e305c0e6e5b82ef74a82aed496bfb41fb6c","messageTitle":"minor change to code.","messageBody":"","fileTypesAndContributionMap":{"java":{"insertions":1,"deletions":2}}},{"hash":"5e95b5f1759fdefea345f71ca831a72a9ded7b0c","messageTitle":"Added extrat parameters to the function processuserinput","messageBody":"","fileTypesAndContributionMap":{"java":{"insertions":1,"deletions":8}}},{"hash":"2868cdbeb73e479ad6adea7c4e25ed424d44fa46","messageTitle":"Added the printlist functionality. this function calls ui to print the tasks available.","messageBody":"","fileTypesAndContributionMap":{"java":{"insertions":6,"deletions":2}}},{"hash":"3b4d7e37fb02b8f2691aec49587e8958db8a7dab","messageTitle":"changed parameters for printlistUI function","messageBody":"","fileTypesAndContributionMap":{"java":{"insertions":1,"deletions":1}}},{"hash":"3adde52c8f5f77aea5e1f5d4e5928523cbc1a667","messageTitle":"added error catching for marking and unmarking of tasks: when mark is out of bounds, or when mark value x is not an integer","messageBody":"","fileTypesAndContributionMap":{"java":{"insertions":23,"deletions":9}}},{"hash":"cf9ed81f9c11e4d0a48f2d959e2f8af18aaa856f","messageTitle":"Edited code to catch error from the delete task feature","messageBody":"","fileTypesAndContributionMap":{"java":{"insertions":17,"deletions":4}}}]},{"date":"2022-03-22","commitResults":[{"hash":"567f70312ab7ee70b8ee7cc50ad49e6fb3a44323","messageTitle":"Corrected the code abit more - made duke a instance level rather than class level","messageBody":"","fileTypesAndContributionMap":{"java":{"insertions":25,"deletions":20}}}]},{"date":"2022-03-24","commitResults":[{"hash":"6ac23ead6c66ec633eafa036964f6175060710e3","messageTitle":"Week 8","messageBody":"","fileTypesAndContributionMap":{"java":{"insertions":77,"deletions":40}}}]},{"date":"2022-03-30","commitResults":[{"hash":"6ceccc7c39718e64e16d203a7e53c10d843cbc20","messageTitle":"no message","messageBody":"","fileTypesAndContributionMap":{"java":{"insertions":8,"deletions":2}}},{"hash":"d2e4611cc171e217a98faa6a302894be8651361c","messageTitle":"Week 9 tasks - Time parsing","messageBody":"","fileTypesAndContributionMap":{"java":{"insertions":55,"deletions":2}}},{"hash":"cc8e2154c797d6018af533a02a74fbefbdead2d5","messageTitle":"Week 9 - Time Parsing","messageBody":"","fileTypesAndContributionMap":{"gradle":{"insertions":1,"deletions":1},"java":{"insertions":92,"deletions":73}}}]},{"date":"2022-04-04","commitResults":[{"hash":"8be30ada54bfdb6c785f0eff969920a937efd610","messageTitle":"Week 10","messageBody":"","fileTypesAndContributionMap":{"java":{"insertions":167,"deletions":47}}},{"hash":"d5dd8745e982f5ba56d1cf486cb2fecefe834b8b","messageTitle":"Week 11: Assertions","messageBody":"","fileTypesAndContributionMap":{"java":{"insertions":4,"deletions":2}}}]},{"date":"2022-04-09","commitResults":[{"hash":"77661b309e2b7bcbfa6eec16ddfb34cad73407b4","messageTitle":"week 11","messageBody":"","fileTypesAndContributionMap":{"java":{"insertions":216,"deletions":125}}},{"hash":"6f722daa176e7b2f6d12292bcfe43506162a8774","messageTitle":"Created schedule task","messageBody":"","fileTypesAndContributionMap":{"java":{"insertions":53,"deletions":11}}}]},{"date":"2022-04-11","commitResults":[{"hash":"6af9c84a49477713fd851c76772d620498cf8cb5","messageTitle":"FINAL COMMIT","messageBody":"","fileTypesAndContributionMap":{"java":{"insertions":257,"deletions":83}}}]}]},"authorFileTypeContributionMap":{"yong324":{"java":843,"md":0,"fxml":0,"sh":0,"bat":0,"gradle":1,"txt":0}},"authorContributionVariance":{"yong324":4809.4795},"authorDisplayNameMap":{"yong324":"SAM ..YONG"}}
