[{"path":"dukeDb/duke.txt","fileType":"txt","lines":[{"lineNumber":1,"author":{"gitId":"DragonslayerLB"},"content":"D | 0 | buy milk  | tmrw","lastModifiedDate":"2022-04-17"},{"lineNumber":2,"author":{"gitId":"DragonslayerLB"},"content":"E | 0 | buy cow  | evening","lastModifiedDate":"2022-04-17"}],"authorContributionMap":{"DragonslayerLB":2}},{"path":"src/main/java/Command/ActionCommand.java","fileType":"java","lines":[{"lineNumber":1,"author":{"gitId":"DragonslayerLB"},"content":"package Command;","lastModifiedDate":"2022-04-17"},{"lineNumber":2,"author":{"gitId":"DragonslayerLB"},"content":"","lastModifiedDate":"2022-04-17"},{"lineNumber":3,"author":{"gitId":"DragonslayerLB"},"content":"import Constants.TaskType;","lastModifiedDate":"2022-04-17"},{"lineNumber":4,"author":{"gitId":"DragonslayerLB"},"content":"","lastModifiedDate":"2022-04-17"},{"lineNumber":5,"author":{"gitId":"DragonslayerLB"},"content":"public class ActionCommand {","lastModifiedDate":"2022-04-17"},{"lineNumber":6,"author":{"gitId":"DragonslayerLB"},"content":"    public TaskType taskType;","lastModifiedDate":"2022-04-17"},{"lineNumber":7,"author":{"gitId":"DragonslayerLB"},"content":"    public int index;","lastModifiedDate":"2022-04-17"},{"lineNumber":8,"author":{"gitId":"DragonslayerLB"},"content":"","lastModifiedDate":"2022-04-17"},{"lineNumber":9,"author":{"gitId":"DragonslayerLB"},"content":"    public ActionCommand(TaskType taskType, int index) {","lastModifiedDate":"2022-04-17"},{"lineNumber":10,"author":{"gitId":"DragonslayerLB"},"content":"        this.taskType \u003d taskType;","lastModifiedDate":"2022-04-17"},{"lineNumber":11,"author":{"gitId":"DragonslayerLB"},"content":"        this.index \u003d index;","lastModifiedDate":"2022-04-17"},{"lineNumber":12,"author":{"gitId":"DragonslayerLB"},"content":"    }","lastModifiedDate":"2022-04-17"},{"lineNumber":13,"author":{"gitId":"DragonslayerLB"},"content":"}","lastModifiedDate":"2022-04-17"}],"authorContributionMap":{"DragonslayerLB":13}},{"path":"src/main/java/Command/FindCommand.java","fileType":"java","lines":[{"lineNumber":1,"author":{"gitId":"DragonslayerLB"},"content":"package Command;","lastModifiedDate":"2022-04-17"},{"lineNumber":2,"author":{"gitId":"DragonslayerLB"},"content":"","lastModifiedDate":"2022-04-17"},{"lineNumber":3,"author":{"gitId":"DragonslayerLB"},"content":"public class FindCommand {","lastModifiedDate":"2022-04-17"},{"lineNumber":4,"author":{"gitId":"DragonslayerLB"},"content":"    public String key;","lastModifiedDate":"2022-04-17"},{"lineNumber":5,"author":{"gitId":"DragonslayerLB"},"content":"","lastModifiedDate":"2022-04-17"},{"lineNumber":6,"author":{"gitId":"DragonslayerLB"},"content":"    public FindCommand(String key) {","lastModifiedDate":"2022-04-17"},{"lineNumber":7,"author":{"gitId":"DragonslayerLB"},"content":"        this.key \u003d key;","lastModifiedDate":"2022-04-17"},{"lineNumber":8,"author":{"gitId":"DragonslayerLB"},"content":"    }","lastModifiedDate":"2022-04-17"},{"lineNumber":9,"author":{"gitId":"DragonslayerLB"},"content":"}","lastModifiedDate":"2022-04-17"}],"authorContributionMap":{"DragonslayerLB":9}},{"path":"src/main/java/Constants/Commands.java","fileType":"java","lines":[{"lineNumber":1,"author":{"gitId":"DragonslayerLB"},"content":"package Constants;","lastModifiedDate":"2022-04-17"},{"lineNumber":2,"author":{"gitId":"DragonslayerLB"},"content":"","lastModifiedDate":"2022-04-17"},{"lineNumber":3,"author":{"gitId":"DragonslayerLB"},"content":"public class Commands {","lastModifiedDate":"2022-04-17"},{"lineNumber":4,"author":{"gitId":"DragonslayerLB"},"content":"    public static String BYE \u003d \"bye\";","lastModifiedDate":"2022-04-17"},{"lineNumber":5,"author":{"gitId":"DragonslayerLB"},"content":"    public static String LIST \u003d \"list\";","lastModifiedDate":"2022-04-17"},{"lineNumber":6,"author":{"gitId":"DragonslayerLB"},"content":"    public static String MARK \u003d \"mark\";","lastModifiedDate":"2022-04-17"},{"lineNumber":7,"author":{"gitId":"DragonslayerLB"},"content":"    public static String UNMARK \u003d \"unmark\";","lastModifiedDate":"2022-04-17"},{"lineNumber":8,"author":{"gitId":"DragonslayerLB"},"content":"    public static String TODO \u003d \"todo\";","lastModifiedDate":"2022-04-17"},{"lineNumber":9,"author":{"gitId":"DragonslayerLB"},"content":"    public static String DEADLINE \u003d \"deadline\";","lastModifiedDate":"2022-04-17"},{"lineNumber":10,"author":{"gitId":"DragonslayerLB"},"content":"    public static String EVENT \u003d \"event\";","lastModifiedDate":"2022-04-17"},{"lineNumber":11,"author":{"gitId":"DragonslayerLB"},"content":"    public static String DELETE \u003d \"delete\";","lastModifiedDate":"2022-04-17"},{"lineNumber":12,"author":{"gitId":"DragonslayerLB"},"content":"    public static String FIND \u003d \"find\";","lastModifiedDate":"2022-04-17"},{"lineNumber":13,"author":{"gitId":"DragonslayerLB"},"content":"}","lastModifiedDate":"2022-04-17"}],"authorContributionMap":{"DragonslayerLB":13}},{"path":"src/main/java/Constants/Constants.java","fileType":"java","lines":[{"lineNumber":1,"author":{"gitId":"DragonslayerLB"},"content":"package Constants;","lastModifiedDate":"2022-04-17"},{"lineNumber":2,"author":{"gitId":"DragonslayerLB"},"content":"","lastModifiedDate":"2022-04-17"},{"lineNumber":3,"author":{"gitId":"DragonslayerLB"},"content":"public class Constants {","lastModifiedDate":"2022-04-17"},{"lineNumber":4,"author":{"gitId":"DragonslayerLB"},"content":"    public static String GREETING_LINE \u003d \"Hello! I\u0027m Duke\\n\" + \"What can I do for you?\\n\";","lastModifiedDate":"2022-04-17"},{"lineNumber":5,"author":{"gitId":"DragonslayerLB"},"content":"    public static String GOOD_BYE_LINE \u003d \"Bye. Hope to see you again soon!\";","lastModifiedDate":"2022-04-17"},{"lineNumber":6,"author":{"gitId":"DragonslayerLB"},"content":"    public static String LIST_OF_TASKS_LINE \u003d \"Here are the tasks in your list\";","lastModifiedDate":"2022-04-17"},{"lineNumber":7,"author":{"gitId":"DragonslayerLB"},"content":"    public static String MARKED_AS_DONE_LINE \u003d \"Nice! I\u0027ve marked this task as done\";","lastModifiedDate":"2022-04-17"},{"lineNumber":8,"author":{"gitId":"DragonslayerLB"},"content":"    public static String UNMARKED_AS_DONE_LINE \u003d \"OK, I\u0027ve marked this task as not done yet\";","lastModifiedDate":"2022-04-17"},{"lineNumber":9,"author":{"gitId":"DragonslayerLB"},"content":"    public static String TASK_ADDED_LINE \u003d \"Got it. I\u0027ve added this task\";","lastModifiedDate":"2022-04-17"},{"lineNumber":10,"author":{"gitId":"DragonslayerLB"},"content":"    public static String TASK_REMOVED_LINE \u003d \"Noted. I\u0027ve removed this task\";","lastModifiedDate":"2022-04-17"},{"lineNumber":11,"author":{"gitId":"DragonslayerLB"},"content":"    public static String TASK_FOUND_LINE \u003d \"Here are the matching tasks in your list\";","lastModifiedDate":"2022-04-17"},{"lineNumber":12,"author":{"gitId":"DragonslayerLB"},"content":"    public static int MAX_TASK_CAPACITY \u003d 100;","lastModifiedDate":"2022-04-17"},{"lineNumber":13,"author":{"gitId":"DragonslayerLB"},"content":"}","lastModifiedDate":"2022-04-17"}],"authorContributionMap":{"DragonslayerLB":13}},{"path":"src/main/java/Constants/TaskType.java","fileType":"java","lines":[{"lineNumber":1,"author":{"gitId":"DragonslayerLB"},"content":"package Constants;","lastModifiedDate":"2022-04-17"},{"lineNumber":2,"author":{"gitId":"DragonslayerLB"},"content":"","lastModifiedDate":"2022-04-17"},{"lineNumber":3,"author":{"gitId":"DragonslayerLB"},"content":"public enum TaskType {","lastModifiedDate":"2022-04-17"},{"lineNumber":4,"author":{"gitId":"DragonslayerLB"},"content":"    MARK,","lastModifiedDate":"2022-04-17"},{"lineNumber":5,"author":{"gitId":"DragonslayerLB"},"content":"    UNMARK,","lastModifiedDate":"2022-04-17"},{"lineNumber":6,"author":{"gitId":"DragonslayerLB"},"content":"    DELETE","lastModifiedDate":"2022-04-17"},{"lineNumber":7,"author":{"gitId":"DragonslayerLB"},"content":"}","lastModifiedDate":"2022-04-17"}],"authorContributionMap":{"DragonslayerLB":7}},{"path":"src/main/java/Duke.java","fileType":"java","lines":[{"lineNumber":1,"author":{"gitId":"DragonslayerLB"},"content":"","lastModifiedDate":"2022-04-17"},{"lineNumber":2,"author":{"gitId":"DragonslayerLB"},"content":"import ViewController.DukeViewController;","lastModifiedDate":"2022-04-17"},{"lineNumber":3,"author":{"gitId":"DragonslayerLB"},"content":"","lastModifiedDate":"2022-04-17"},{"lineNumber":4,"author":{"gitId":"-"},"content":"public class Duke {","lastModifiedDate":"2019-07-29"},{"lineNumber":5,"author":{"gitId":"DragonslayerLB"},"content":"    static DukeViewController vc;","lastModifiedDate":"2022-04-17"},{"lineNumber":6,"author":{"gitId":"DragonslayerLB"},"content":"","lastModifiedDate":"2022-04-17"},{"lineNumber":7,"author":{"gitId":"-"},"content":"    public static void main(String[] args) {","lastModifiedDate":"2019-07-29"},{"lineNumber":8,"author":{"gitId":"DragonslayerLB"},"content":"        // main program entry point, inits and runs the view controller","lastModifiedDate":"2022-04-17"},{"lineNumber":9,"author":{"gitId":"DragonslayerLB"},"content":"        vc \u003d new DukeViewController();","lastModifiedDate":"2022-04-17"},{"lineNumber":10,"author":{"gitId":"DragonslayerLB"},"content":"        vc.initialise();","lastModifiedDate":"2022-04-17"},{"lineNumber":11,"author":{"gitId":"DragonslayerLB"},"content":"        vc.run();","lastModifiedDate":"2022-04-17"},{"lineNumber":12,"author":{"gitId":"-"},"content":"    }","lastModifiedDate":"2019-07-29"},{"lineNumber":13,"author":{"gitId":"-"},"content":"}","lastModifiedDate":"2019-07-29"}],"authorContributionMap":{"DragonslayerLB":9,"-":4}},{"path":"src/main/java/Exceptions/DukeException.java","fileType":"java","lines":[{"lineNumber":1,"author":{"gitId":"DragonslayerLB"},"content":"package Exceptions;","lastModifiedDate":"2022-04-17"},{"lineNumber":2,"author":{"gitId":"DragonslayerLB"},"content":"","lastModifiedDate":"2022-04-17"},{"lineNumber":3,"author":{"gitId":"DragonslayerLB"},"content":"public class DukeException extends Exception {","lastModifiedDate":"2022-04-17"},{"lineNumber":4,"author":{"gitId":"DragonslayerLB"},"content":"    public String description;","lastModifiedDate":"2022-04-17"},{"lineNumber":5,"author":{"gitId":"DragonslayerLB"},"content":"","lastModifiedDate":"2022-04-17"},{"lineNumber":6,"author":{"gitId":"DragonslayerLB"},"content":"    public DukeException(String description) {","lastModifiedDate":"2022-04-17"},{"lineNumber":7,"author":{"gitId":"DragonslayerLB"},"content":"        this.description \u003d description;","lastModifiedDate":"2022-04-17"},{"lineNumber":8,"author":{"gitId":"DragonslayerLB"},"content":"    }","lastModifiedDate":"2022-04-17"},{"lineNumber":9,"author":{"gitId":"DragonslayerLB"},"content":"}","lastModifiedDate":"2022-04-17"}],"authorContributionMap":{"DragonslayerLB":9}},{"path":"src/main/java/Tasks/DeadlineTask.java","fileType":"java","lines":[{"lineNumber":1,"author":{"gitId":"DragonslayerLB"},"content":"package Tasks;","lastModifiedDate":"2022-04-17"},{"lineNumber":2,"author":{"gitId":"DragonslayerLB"},"content":"import Util.Parser;","lastModifiedDate":"2022-04-17"},{"lineNumber":3,"author":{"gitId":"DragonslayerLB"},"content":"","lastModifiedDate":"2022-04-17"},{"lineNumber":4,"author":{"gitId":"DragonslayerLB"},"content":"public class DeadlineTask extends Task {","lastModifiedDate":"2022-04-17"},{"lineNumber":5,"author":{"gitId":"DragonslayerLB"},"content":"    String time;","lastModifiedDate":"2022-04-17"},{"lineNumber":6,"author":{"gitId":"DragonslayerLB"},"content":"","lastModifiedDate":"2022-04-17"},{"lineNumber":7,"author":{"gitId":"DragonslayerLB"},"content":"    public DeadlineTask(int index, String description, String time) {","lastModifiedDate":"2022-04-17"},{"lineNumber":8,"author":{"gitId":"DragonslayerLB"},"content":"        super(index, description);","lastModifiedDate":"2022-04-17"},{"lineNumber":9,"author":{"gitId":"DragonslayerLB"},"content":"        this.time \u003d time;","lastModifiedDate":"2022-04-17"},{"lineNumber":10,"author":{"gitId":"DragonslayerLB"},"content":"    }","lastModifiedDate":"2022-04-17"},{"lineNumber":11,"author":{"gitId":"DragonslayerLB"},"content":"","lastModifiedDate":"2022-04-17"},{"lineNumber":12,"author":{"gitId":"DragonslayerLB"},"content":"    @Override","lastModifiedDate":"2022-04-17"},{"lineNumber":13,"author":{"gitId":"DragonslayerLB"},"content":"    public String getDescription() {","lastModifiedDate":"2022-04-17"},{"lineNumber":14,"author":{"gitId":"DragonslayerLB"},"content":"        return \"[D]\" + super.getDescription() + \"(by: \" + getFormattedLocalTime() + \")\";","lastModifiedDate":"2022-04-17"},{"lineNumber":15,"author":{"gitId":"DragonslayerLB"},"content":"    }","lastModifiedDate":"2022-04-17"},{"lineNumber":16,"author":{"gitId":"DragonslayerLB"},"content":"","lastModifiedDate":"2022-04-17"},{"lineNumber":17,"author":{"gitId":"DragonslayerLB"},"content":"    @Override","lastModifiedDate":"2022-04-17"},{"lineNumber":18,"author":{"gitId":"DragonslayerLB"},"content":"    public String getDbEntryDescription() {","lastModifiedDate":"2022-04-17"},{"lineNumber":19,"author":{"gitId":"DragonslayerLB"},"content":"        return \"D | \" + super.getDbEntryDescription() + \" | \" + time;","lastModifiedDate":"2022-04-17"},{"lineNumber":20,"author":{"gitId":"DragonslayerLB"},"content":"    }","lastModifiedDate":"2022-04-17"},{"lineNumber":21,"author":{"gitId":"DragonslayerLB"},"content":"","lastModifiedDate":"2022-04-17"},{"lineNumber":22,"author":{"gitId":"DragonslayerLB"},"content":"    String getFormattedLocalTime() {","lastModifiedDate":"2022-04-17"},{"lineNumber":23,"author":{"gitId":"DragonslayerLB"},"content":"        return Parser.attemptToConvertTimeString(time);","lastModifiedDate":"2022-04-17"},{"lineNumber":24,"author":{"gitId":"DragonslayerLB"},"content":"    }","lastModifiedDate":"2022-04-17"},{"lineNumber":25,"author":{"gitId":"DragonslayerLB"},"content":"}","lastModifiedDate":"2022-04-17"}],"authorContributionMap":{"DragonslayerLB":25}},{"path":"src/main/java/Tasks/EventTask.java","fileType":"java","lines":[{"lineNumber":1,"author":{"gitId":"DragonslayerLB"},"content":"package Tasks;","lastModifiedDate":"2022-04-17"},{"lineNumber":2,"author":{"gitId":"DragonslayerLB"},"content":"","lastModifiedDate":"2022-04-17"},{"lineNumber":3,"author":{"gitId":"DragonslayerLB"},"content":"import Util.Parser;","lastModifiedDate":"2022-04-17"},{"lineNumber":4,"author":{"gitId":"DragonslayerLB"},"content":"","lastModifiedDate":"2022-04-17"},{"lineNumber":5,"author":{"gitId":"DragonslayerLB"},"content":"public class EventTask extends Task {","lastModifiedDate":"2022-04-17"},{"lineNumber":6,"author":{"gitId":"DragonslayerLB"},"content":"    String time;","lastModifiedDate":"2022-04-17"},{"lineNumber":7,"author":{"gitId":"DragonslayerLB"},"content":"","lastModifiedDate":"2022-04-17"},{"lineNumber":8,"author":{"gitId":"DragonslayerLB"},"content":"    public EventTask(int index, String description, String time) {","lastModifiedDate":"2022-04-17"},{"lineNumber":9,"author":{"gitId":"DragonslayerLB"},"content":"        super(index, description);","lastModifiedDate":"2022-04-17"},{"lineNumber":10,"author":{"gitId":"DragonslayerLB"},"content":"        this.time \u003d time;","lastModifiedDate":"2022-04-17"},{"lineNumber":11,"author":{"gitId":"DragonslayerLB"},"content":"    }","lastModifiedDate":"2022-04-17"},{"lineNumber":12,"author":{"gitId":"DragonslayerLB"},"content":"","lastModifiedDate":"2022-04-17"},{"lineNumber":13,"author":{"gitId":"DragonslayerLB"},"content":"    @Override","lastModifiedDate":"2022-04-17"},{"lineNumber":14,"author":{"gitId":"DragonslayerLB"},"content":"    public String getDescription() {","lastModifiedDate":"2022-04-17"},{"lineNumber":15,"author":{"gitId":"DragonslayerLB"},"content":"        return \"[E]\" + super.getDescription() + \"(at: \" + getFormattedLocalTime() + \")\";","lastModifiedDate":"2022-04-17"},{"lineNumber":16,"author":{"gitId":"DragonslayerLB"},"content":"    }","lastModifiedDate":"2022-04-17"},{"lineNumber":17,"author":{"gitId":"DragonslayerLB"},"content":"","lastModifiedDate":"2022-04-17"},{"lineNumber":18,"author":{"gitId":"DragonslayerLB"},"content":"    @Override","lastModifiedDate":"2022-04-17"},{"lineNumber":19,"author":{"gitId":"DragonslayerLB"},"content":"    public String getDbEntryDescription() {","lastModifiedDate":"2022-04-17"},{"lineNumber":20,"author":{"gitId":"DragonslayerLB"},"content":"        return \"E | \" + super.getDbEntryDescription() + \" | \" + time;","lastModifiedDate":"2022-04-17"},{"lineNumber":21,"author":{"gitId":"DragonslayerLB"},"content":"    }","lastModifiedDate":"2022-04-17"},{"lineNumber":22,"author":{"gitId":"DragonslayerLB"},"content":"","lastModifiedDate":"2022-04-17"},{"lineNumber":23,"author":{"gitId":"DragonslayerLB"},"content":"    String getFormattedLocalTime() {","lastModifiedDate":"2022-04-17"},{"lineNumber":24,"author":{"gitId":"DragonslayerLB"},"content":"        return Parser.attemptToConvertTimeString(time);","lastModifiedDate":"2022-04-17"},{"lineNumber":25,"author":{"gitId":"DragonslayerLB"},"content":"    }","lastModifiedDate":"2022-04-17"},{"lineNumber":26,"author":{"gitId":"DragonslayerLB"},"content":"}","lastModifiedDate":"2022-04-17"}],"authorContributionMap":{"DragonslayerLB":26}},{"path":"src/main/java/Tasks/TODOTask.java","fileType":"java","lines":[{"lineNumber":1,"author":{"gitId":"DragonslayerLB"},"content":"package Tasks;","lastModifiedDate":"2022-04-17"},{"lineNumber":2,"author":{"gitId":"DragonslayerLB"},"content":"","lastModifiedDate":"2022-04-17"},{"lineNumber":3,"author":{"gitId":"DragonslayerLB"},"content":"public class TODOTask extends Task {","lastModifiedDate":"2022-04-17"},{"lineNumber":4,"author":{"gitId":"DragonslayerLB"},"content":"    public TODOTask(int index, String description) {","lastModifiedDate":"2022-04-17"},{"lineNumber":5,"author":{"gitId":"DragonslayerLB"},"content":"        super(index, description);","lastModifiedDate":"2022-04-17"},{"lineNumber":6,"author":{"gitId":"DragonslayerLB"},"content":"    }","lastModifiedDate":"2022-04-17"},{"lineNumber":7,"author":{"gitId":"DragonslayerLB"},"content":"","lastModifiedDate":"2022-04-17"},{"lineNumber":8,"author":{"gitId":"DragonslayerLB"},"content":"    @Override","lastModifiedDate":"2022-04-17"},{"lineNumber":9,"author":{"gitId":"DragonslayerLB"},"content":"    public String getDescription() {","lastModifiedDate":"2022-04-17"},{"lineNumber":10,"author":{"gitId":"DragonslayerLB"},"content":"        return \"[T]\" + super.getDescription();","lastModifiedDate":"2022-04-17"},{"lineNumber":11,"author":{"gitId":"DragonslayerLB"},"content":"    }","lastModifiedDate":"2022-04-17"},{"lineNumber":12,"author":{"gitId":"DragonslayerLB"},"content":"","lastModifiedDate":"2022-04-17"},{"lineNumber":13,"author":{"gitId":"DragonslayerLB"},"content":"    @Override","lastModifiedDate":"2022-04-17"},{"lineNumber":14,"author":{"gitId":"DragonslayerLB"},"content":"    public String getDbEntryDescription() {","lastModifiedDate":"2022-04-17"},{"lineNumber":15,"author":{"gitId":"DragonslayerLB"},"content":"        return \"T | \" + super.getDbEntryDescription();","lastModifiedDate":"2022-04-17"},{"lineNumber":16,"author":{"gitId":"DragonslayerLB"},"content":"    }","lastModifiedDate":"2022-04-17"},{"lineNumber":17,"author":{"gitId":"DragonslayerLB"},"content":"}","lastModifiedDate":"2022-04-17"}],"authorContributionMap":{"DragonslayerLB":17}},{"path":"src/main/java/Tasks/Task.java","fileType":"java","lines":[{"lineNumber":1,"author":{"gitId":"DragonslayerLB"},"content":"package Tasks;","lastModifiedDate":"2022-04-17"},{"lineNumber":2,"author":{"gitId":"DragonslayerLB"},"content":"","lastModifiedDate":"2022-04-17"},{"lineNumber":3,"author":{"gitId":"DragonslayerLB"},"content":"public class Task {","lastModifiedDate":"2022-04-17"},{"lineNumber":4,"author":{"gitId":"DragonslayerLB"},"content":"    public int index;","lastModifiedDate":"2022-04-17"},{"lineNumber":5,"author":{"gitId":"DragonslayerLB"},"content":"    public String description;","lastModifiedDate":"2022-04-17"},{"lineNumber":6,"author":{"gitId":"DragonslayerLB"},"content":"    public Boolean isDone \u003d false;","lastModifiedDate":"2022-04-17"},{"lineNumber":7,"author":{"gitId":"DragonslayerLB"},"content":"","lastModifiedDate":"2022-04-17"},{"lineNumber":8,"author":{"gitId":"DragonslayerLB"},"content":"    protected Task(int index, String description) {","lastModifiedDate":"2022-04-17"},{"lineNumber":9,"author":{"gitId":"DragonslayerLB"},"content":"        this.index \u003d index;","lastModifiedDate":"2022-04-17"},{"lineNumber":10,"author":{"gitId":"DragonslayerLB"},"content":"        this.description \u003d description;","lastModifiedDate":"2022-04-17"},{"lineNumber":11,"author":{"gitId":"DragonslayerLB"},"content":"    }","lastModifiedDate":"2022-04-17"},{"lineNumber":12,"author":{"gitId":"DragonslayerLB"},"content":"","lastModifiedDate":"2022-04-17"},{"lineNumber":13,"author":{"gitId":"DragonslayerLB"},"content":"    public String getDescription() {","lastModifiedDate":"2022-04-17"},{"lineNumber":14,"author":{"gitId":"DragonslayerLB"},"content":"        return \"[\" + (isDone ? \"X\" : \" \") + \"] \" + description;","lastModifiedDate":"2022-04-17"},{"lineNumber":15,"author":{"gitId":"DragonslayerLB"},"content":"    }","lastModifiedDate":"2022-04-17"},{"lineNumber":16,"author":{"gitId":"DragonslayerLB"},"content":"","lastModifiedDate":"2022-04-17"},{"lineNumber":17,"author":{"gitId":"DragonslayerLB"},"content":"    public String getDbEntryDescription() {","lastModifiedDate":"2022-04-17"},{"lineNumber":18,"author":{"gitId":"DragonslayerLB"},"content":"        return (isDone ? 1 : 0) + \" | \" + description;","lastModifiedDate":"2022-04-17"},{"lineNumber":19,"author":{"gitId":"DragonslayerLB"},"content":"    }","lastModifiedDate":"2022-04-17"},{"lineNumber":20,"author":{"gitId":"DragonslayerLB"},"content":"","lastModifiedDate":"2022-04-17"},{"lineNumber":21,"author":{"gitId":"DragonslayerLB"},"content":"    public String getIndexedDescription() {","lastModifiedDate":"2022-04-17"},{"lineNumber":22,"author":{"gitId":"DragonslayerLB"},"content":"        return index + \".\" + getDescription();","lastModifiedDate":"2022-04-17"},{"lineNumber":23,"author":{"gitId":"DragonslayerLB"},"content":"    }","lastModifiedDate":"2022-04-17"},{"lineNumber":24,"author":{"gitId":"DragonslayerLB"},"content":"","lastModifiedDate":"2022-04-17"},{"lineNumber":25,"author":{"gitId":"DragonslayerLB"},"content":"    public Boolean isEqualTo(Task task) {","lastModifiedDate":"2022-04-17"},{"lineNumber":26,"author":{"gitId":"DragonslayerLB"},"content":"        return description.equals(task.description);","lastModifiedDate":"2022-04-17"},{"lineNumber":27,"author":{"gitId":"DragonslayerLB"},"content":"    }","lastModifiedDate":"2022-04-17"},{"lineNumber":28,"author":{"gitId":"DragonslayerLB"},"content":"}","lastModifiedDate":"2022-04-17"}],"authorContributionMap":{"DragonslayerLB":28}},{"path":"src/main/java/UI/ConsoleUIManager.java","fileType":"java","lines":[{"lineNumber":1,"author":{"gitId":"DragonslayerLB"},"content":"package UI;","lastModifiedDate":"2022-04-17"},{"lineNumber":2,"author":{"gitId":"DragonslayerLB"},"content":"","lastModifiedDate":"2022-04-17"},{"lineNumber":3,"author":{"gitId":"DragonslayerLB"},"content":"import Tasks.Task;","lastModifiedDate":"2022-04-17"},{"lineNumber":4,"author":{"gitId":"DragonslayerLB"},"content":"","lastModifiedDate":"2022-04-17"},{"lineNumber":5,"author":{"gitId":"DragonslayerLB"},"content":"import java.util.ArrayList;","lastModifiedDate":"2022-04-17"},{"lineNumber":6,"author":{"gitId":"DragonslayerLB"},"content":"","lastModifiedDate":"2022-04-17"},{"lineNumber":7,"author":{"gitId":"DragonslayerLB"},"content":"public class ConsoleUIManager implements UIManager {","lastModifiedDate":"2022-04-17"},{"lineNumber":8,"author":{"gitId":"DragonslayerLB"},"content":"    public void listSingleTaskDescription(Task task) {","lastModifiedDate":"2022-04-17"},{"lineNumber":9,"author":{"gitId":"DragonslayerLB"},"content":"        System.out.println(task.getDescription());","lastModifiedDate":"2022-04-17"},{"lineNumber":10,"author":{"gitId":"DragonslayerLB"},"content":"    }","lastModifiedDate":"2022-04-17"},{"lineNumber":11,"author":{"gitId":"DragonslayerLB"},"content":"","lastModifiedDate":"2022-04-17"},{"lineNumber":12,"author":{"gitId":"DragonslayerLB"},"content":"    public void listEnumeratedTaskDescriptions(ArrayList\u003cTask\u003e tasks) {","lastModifiedDate":"2022-04-17"},{"lineNumber":13,"author":{"gitId":"DragonslayerLB"},"content":"        for (int i \u003d 0; i \u003c tasks.size(); i++) {","lastModifiedDate":"2022-04-17"},{"lineNumber":14,"author":{"gitId":"DragonslayerLB"},"content":"            Task task \u003d tasks.get(i);","lastModifiedDate":"2022-04-17"},{"lineNumber":15,"author":{"gitId":"DragonslayerLB"},"content":"            System.out.println(task.getIndexedDescription());","lastModifiedDate":"2022-04-17"},{"lineNumber":16,"author":{"gitId":"DragonslayerLB"},"content":"        }","lastModifiedDate":"2022-04-17"},{"lineNumber":17,"author":{"gitId":"DragonslayerLB"},"content":"    }","lastModifiedDate":"2022-04-17"},{"lineNumber":18,"author":{"gitId":"DragonslayerLB"},"content":"","lastModifiedDate":"2022-04-17"},{"lineNumber":19,"author":{"gitId":"DragonslayerLB"},"content":"    public void displayText(String text) {","lastModifiedDate":"2022-04-17"},{"lineNumber":20,"author":{"gitId":"DragonslayerLB"},"content":"        System.out.println(text);","lastModifiedDate":"2022-04-17"},{"lineNumber":21,"author":{"gitId":"DragonslayerLB"},"content":"    }","lastModifiedDate":"2022-04-17"},{"lineNumber":22,"author":{"gitId":"DragonslayerLB"},"content":"","lastModifiedDate":"2022-04-17"},{"lineNumber":23,"author":{"gitId":"DragonslayerLB"},"content":"    @Override","lastModifiedDate":"2022-04-17"},{"lineNumber":24,"author":{"gitId":"DragonslayerLB"},"content":"    public void displayLogo() {","lastModifiedDate":"2022-04-17"},{"lineNumber":25,"author":{"gitId":"DragonslayerLB"},"content":"        String logo \u003d \" ____        _        \\n\"","lastModifiedDate":"2022-04-17"},{"lineNumber":26,"author":{"gitId":"DragonslayerLB"},"content":"                + \"|  _ \\\\ _   _| | _____ \\n\"","lastModifiedDate":"2022-04-17"},{"lineNumber":27,"author":{"gitId":"DragonslayerLB"},"content":"                + \"| | | | | | | |/ / _ \\\\\\n\"","lastModifiedDate":"2022-04-17"},{"lineNumber":28,"author":{"gitId":"DragonslayerLB"},"content":"                + \"| |_| | |_| |   \u003c  __/\\n\"","lastModifiedDate":"2022-04-17"},{"lineNumber":29,"author":{"gitId":"DragonslayerLB"},"content":"                + \"|____/ \\\\__,_|_|\\\\_\\\\___|\\n\";","lastModifiedDate":"2022-04-17"},{"lineNumber":30,"author":{"gitId":"DragonslayerLB"},"content":"        System.out.println(\"Hello from\\n\" + logo);","lastModifiedDate":"2022-04-17"},{"lineNumber":31,"author":{"gitId":"DragonslayerLB"},"content":"    }","lastModifiedDate":"2022-04-17"},{"lineNumber":32,"author":{"gitId":"DragonslayerLB"},"content":"}","lastModifiedDate":"2022-04-17"}],"authorContributionMap":{"DragonslayerLB":32}},{"path":"src/main/java/UI/UIManager.java","fileType":"java","lines":[{"lineNumber":1,"author":{"gitId":"DragonslayerLB"},"content":"package UI;","lastModifiedDate":"2022-04-17"},{"lineNumber":2,"author":{"gitId":"DragonslayerLB"},"content":"","lastModifiedDate":"2022-04-17"},{"lineNumber":3,"author":{"gitId":"DragonslayerLB"},"content":"import Tasks.Task;","lastModifiedDate":"2022-04-17"},{"lineNumber":4,"author":{"gitId":"DragonslayerLB"},"content":"","lastModifiedDate":"2022-04-17"},{"lineNumber":5,"author":{"gitId":"DragonslayerLB"},"content":"import java.util.ArrayList;","lastModifiedDate":"2022-04-17"},{"lineNumber":6,"author":{"gitId":"DragonslayerLB"},"content":"","lastModifiedDate":"2022-04-17"},{"lineNumber":7,"author":{"gitId":"DragonslayerLB"},"content":"","lastModifiedDate":"2022-04-17"},{"lineNumber":8,"author":{"gitId":"DragonslayerLB"},"content":"public interface UIManager {","lastModifiedDate":"2022-04-17"},{"lineNumber":9,"author":{"gitId":"DragonslayerLB"},"content":"    /**","lastModifiedDate":"2022-04-17"},{"lineNumber":10,"author":{"gitId":"DragonslayerLB"},"content":"     * lists a single task description","lastModifiedDate":"2022-04-17"},{"lineNumber":11,"author":{"gitId":"DragonslayerLB"},"content":"     * */","lastModifiedDate":"2022-04-17"},{"lineNumber":12,"author":{"gitId":"DragonslayerLB"},"content":"    void listSingleTaskDescription(Task task);","lastModifiedDate":"2022-04-17"},{"lineNumber":13,"author":{"gitId":"DragonslayerLB"},"content":"","lastModifiedDate":"2022-04-17"},{"lineNumber":14,"author":{"gitId":"DragonslayerLB"},"content":"    /**","lastModifiedDate":"2022-04-17"},{"lineNumber":15,"author":{"gitId":"DragonslayerLB"},"content":"     * lists descriptions of a collective number of tasks, enumerated","lastModifiedDate":"2022-04-17"},{"lineNumber":16,"author":{"gitId":"DragonslayerLB"},"content":"     * */","lastModifiedDate":"2022-04-17"},{"lineNumber":17,"author":{"gitId":"DragonslayerLB"},"content":"    void listEnumeratedTaskDescriptions(ArrayList\u003cTask\u003e tasks);","lastModifiedDate":"2022-04-17"},{"lineNumber":18,"author":{"gitId":"DragonslayerLB"},"content":"","lastModifiedDate":"2022-04-17"},{"lineNumber":19,"author":{"gitId":"DragonslayerLB"},"content":"    /**","lastModifiedDate":"2022-04-17"},{"lineNumber":20,"author":{"gitId":"DragonslayerLB"},"content":"     * displays any text on the UI","lastModifiedDate":"2022-04-17"},{"lineNumber":21,"author":{"gitId":"DragonslayerLB"},"content":"     * */","lastModifiedDate":"2022-04-17"},{"lineNumber":22,"author":{"gitId":"DragonslayerLB"},"content":"    void displayText(String text);","lastModifiedDate":"2022-04-17"},{"lineNumber":23,"author":{"gitId":"DragonslayerLB"},"content":"","lastModifiedDate":"2022-04-17"},{"lineNumber":24,"author":{"gitId":"DragonslayerLB"},"content":"    void displayLogo();","lastModifiedDate":"2022-04-17"},{"lineNumber":25,"author":{"gitId":"DragonslayerLB"},"content":"}","lastModifiedDate":"2022-04-17"}],"authorContributionMap":{"DragonslayerLB":25}},{"path":"src/main/java/Util/FileHelper.java","fileType":"java","lines":[{"lineNumber":1,"author":{"gitId":"DragonslayerLB"},"content":"package Util;","lastModifiedDate":"2022-04-17"},{"lineNumber":2,"author":{"gitId":"DragonslayerLB"},"content":"","lastModifiedDate":"2022-04-17"},{"lineNumber":3,"author":{"gitId":"DragonslayerLB"},"content":"import Exceptions.DukeException;","lastModifiedDate":"2022-04-17"},{"lineNumber":4,"author":{"gitId":"DragonslayerLB"},"content":"import Tasks.Task;","lastModifiedDate":"2022-04-17"},{"lineNumber":5,"author":{"gitId":"DragonslayerLB"},"content":"","lastModifiedDate":"2022-04-17"},{"lineNumber":6,"author":{"gitId":"DragonslayerLB"},"content":"import java.io.File;","lastModifiedDate":"2022-04-17"},{"lineNumber":7,"author":{"gitId":"DragonslayerLB"},"content":"import java.io.FileWriter;","lastModifiedDate":"2022-04-17"},{"lineNumber":8,"author":{"gitId":"DragonslayerLB"},"content":"import java.util.ArrayList;","lastModifiedDate":"2022-04-17"},{"lineNumber":9,"author":{"gitId":"DragonslayerLB"},"content":"","lastModifiedDate":"2022-04-17"},{"lineNumber":10,"author":{"gitId":"DragonslayerLB"},"content":"public class FileHelper {","lastModifiedDate":"2022-04-17"},{"lineNumber":11,"author":{"gitId":"DragonslayerLB"},"content":"    private static String fileName \u003d \"duke.txt\";","lastModifiedDate":"2022-04-17"},{"lineNumber":12,"author":{"gitId":"DragonslayerLB"},"content":"    private static String fileDir \u003d \"dukeDb\";","lastModifiedDate":"2022-04-17"},{"lineNumber":13,"author":{"gitId":"DragonslayerLB"},"content":"","lastModifiedDate":"2022-04-17"},{"lineNumber":14,"author":{"gitId":"DragonslayerLB"},"content":"    public static void initDb() throws Exception {","lastModifiedDate":"2022-04-17"},{"lineNumber":15,"author":{"gitId":"DragonslayerLB"},"content":"        File dir \u003d new File(fileDir);","lastModifiedDate":"2022-04-17"},{"lineNumber":16,"author":{"gitId":"DragonslayerLB"},"content":"        if (!dir.exists()) {","lastModifiedDate":"2022-04-17"},{"lineNumber":17,"author":{"gitId":"DragonslayerLB"},"content":"            dir.mkdirs();","lastModifiedDate":"2022-04-17"},{"lineNumber":18,"author":{"gitId":"DragonslayerLB"},"content":"        }","lastModifiedDate":"2022-04-17"},{"lineNumber":19,"author":{"gitId":"DragonslayerLB"},"content":"","lastModifiedDate":"2022-04-17"},{"lineNumber":20,"author":{"gitId":"DragonslayerLB"},"content":"        File tmp \u003d new File(dir, fileName);","lastModifiedDate":"2022-04-17"},{"lineNumber":21,"author":{"gitId":"DragonslayerLB"},"content":"        if (!tmp.exists()) {","lastModifiedDate":"2022-04-17"},{"lineNumber":22,"author":{"gitId":"DragonslayerLB"},"content":"            tmp.createNewFile();","lastModifiedDate":"2022-04-17"},{"lineNumber":23,"author":{"gitId":"DragonslayerLB"},"content":"        }","lastModifiedDate":"2022-04-17"},{"lineNumber":24,"author":{"gitId":"DragonslayerLB"},"content":"    }","lastModifiedDate":"2022-04-17"},{"lineNumber":25,"author":{"gitId":"DragonslayerLB"},"content":"","lastModifiedDate":"2022-04-17"},{"lineNumber":26,"author":{"gitId":"DragonslayerLB"},"content":"    static void saveContent(String content) throws Exception {","lastModifiedDate":"2022-04-17"},{"lineNumber":27,"author":{"gitId":"DragonslayerLB"},"content":"        FileWriter myWriter \u003d new FileWriter(fileDir + \"/\" + fileName);","lastModifiedDate":"2022-04-17"},{"lineNumber":28,"author":{"gitId":"DragonslayerLB"},"content":"        myWriter.write(content);","lastModifiedDate":"2022-04-17"},{"lineNumber":29,"author":{"gitId":"DragonslayerLB"},"content":"        myWriter.close();","lastModifiedDate":"2022-04-17"},{"lineNumber":30,"author":{"gitId":"DragonslayerLB"},"content":"    }","lastModifiedDate":"2022-04-17"},{"lineNumber":31,"author":{"gitId":"DragonslayerLB"},"content":"","lastModifiedDate":"2022-04-17"},{"lineNumber":32,"author":{"gitId":"DragonslayerLB"},"content":"    public static void saveTaskList(ArrayList\u003cTask\u003e tasks) throws DukeException {","lastModifiedDate":"2022-04-17"},{"lineNumber":33,"author":{"gitId":"DragonslayerLB"},"content":"        String contentToSave \u003d \"\";","lastModifiedDate":"2022-04-17"},{"lineNumber":34,"author":{"gitId":"DragonslayerLB"},"content":"        for (int i \u003d 0; i \u003c tasks.size(); i++) {","lastModifiedDate":"2022-04-17"},{"lineNumber":35,"author":{"gitId":"DragonslayerLB"},"content":"            contentToSave +\u003d tasks.get(i).getDbEntryDescription();","lastModifiedDate":"2022-04-17"},{"lineNumber":36,"author":{"gitId":"DragonslayerLB"},"content":"","lastModifiedDate":"2022-04-17"},{"lineNumber":37,"author":{"gitId":"DragonslayerLB"},"content":"            if (i \u003c tasks.size() - 1) {","lastModifiedDate":"2022-04-17"},{"lineNumber":38,"author":{"gitId":"DragonslayerLB"},"content":"                contentToSave +\u003d \"\\n\";","lastModifiedDate":"2022-04-17"},{"lineNumber":39,"author":{"gitId":"DragonslayerLB"},"content":"            }","lastModifiedDate":"2022-04-17"},{"lineNumber":40,"author":{"gitId":"DragonslayerLB"},"content":"        }","lastModifiedDate":"2022-04-17"},{"lineNumber":41,"author":{"gitId":"DragonslayerLB"},"content":"","lastModifiedDate":"2022-04-17"},{"lineNumber":42,"author":{"gitId":"DragonslayerLB"},"content":"        try {","lastModifiedDate":"2022-04-17"},{"lineNumber":43,"author":{"gitId":"DragonslayerLB"},"content":"            FileHelper.saveContent(contentToSave);","lastModifiedDate":"2022-04-17"},{"lineNumber":44,"author":{"gitId":"DragonslayerLB"},"content":"        } catch (Exception e) {","lastModifiedDate":"2022-04-17"},{"lineNumber":45,"author":{"gitId":"DragonslayerLB"},"content":"            throw new DukeException(\"Unable to save content to file, \" + e.getMessage());","lastModifiedDate":"2022-04-17"},{"lineNumber":46,"author":{"gitId":"DragonslayerLB"},"content":"        }","lastModifiedDate":"2022-04-17"},{"lineNumber":47,"author":{"gitId":"DragonslayerLB"},"content":"    }","lastModifiedDate":"2022-04-17"},{"lineNumber":48,"author":{"gitId":"DragonslayerLB"},"content":"}","lastModifiedDate":"2022-04-17"}],"authorContributionMap":{"DragonslayerLB":48}},{"path":"src/main/java/Util/Parser.java","fileType":"java","lines":[{"lineNumber":1,"author":{"gitId":"DragonslayerLB"},"content":"package Util;","lastModifiedDate":"2022-04-17"},{"lineNumber":2,"author":{"gitId":"DragonslayerLB"},"content":"","lastModifiedDate":"2022-04-17"},{"lineNumber":3,"author":{"gitId":"DragonslayerLB"},"content":"import Command.ActionCommand;","lastModifiedDate":"2022-04-17"},{"lineNumber":4,"author":{"gitId":"DragonslayerLB"},"content":"import Command.FindCommand;","lastModifiedDate":"2022-04-17"},{"lineNumber":5,"author":{"gitId":"DragonslayerLB"},"content":"import Exceptions.DukeException;","lastModifiedDate":"2022-04-17"},{"lineNumber":6,"author":{"gitId":"DragonslayerLB"},"content":"import Tasks.DeadlineTask;","lastModifiedDate":"2022-04-17"},{"lineNumber":7,"author":{"gitId":"DragonslayerLB"},"content":"import Tasks.EventTask;","lastModifiedDate":"2022-04-17"},{"lineNumber":8,"author":{"gitId":"DragonslayerLB"},"content":"import Tasks.TODOTask;","lastModifiedDate":"2022-04-17"},{"lineNumber":9,"author":{"gitId":"DragonslayerLB"},"content":"import Tasks.Task;","lastModifiedDate":"2022-04-17"},{"lineNumber":10,"author":{"gitId":"DragonslayerLB"},"content":"import Constants.Commands;","lastModifiedDate":"2022-04-17"},{"lineNumber":11,"author":{"gitId":"DragonslayerLB"},"content":"import Constants.TaskType;","lastModifiedDate":"2022-04-17"},{"lineNumber":12,"author":{"gitId":"DragonslayerLB"},"content":"","lastModifiedDate":"2022-04-17"},{"lineNumber":13,"author":{"gitId":"DragonslayerLB"},"content":"import java.time.LocalDateTime;","lastModifiedDate":"2022-04-17"},{"lineNumber":14,"author":{"gitId":"DragonslayerLB"},"content":"import java.time.format.DateTimeFormatter;","lastModifiedDate":"2022-04-17"},{"lineNumber":15,"author":{"gitId":"DragonslayerLB"},"content":"import java.util.ArrayList;","lastModifiedDate":"2022-04-17"},{"lineNumber":16,"author":{"gitId":"DragonslayerLB"},"content":"import java.util.Scanner;","lastModifiedDate":"2022-04-17"},{"lineNumber":17,"author":{"gitId":"DragonslayerLB"},"content":"","lastModifiedDate":"2022-04-17"},{"lineNumber":18,"author":{"gitId":"DragonslayerLB"},"content":"/*","lastModifiedDate":"2022-04-17"},{"lineNumber":19,"author":{"gitId":"DragonslayerLB"},"content":" * General utility class","lastModifiedDate":"2022-04-17"},{"lineNumber":20,"author":{"gitId":"DragonslayerLB"},"content":" * */","lastModifiedDate":"2022-04-17"},{"lineNumber":21,"author":{"gitId":"DragonslayerLB"},"content":"public class Parser {","lastModifiedDate":"2022-04-17"},{"lineNumber":22,"author":{"gitId":"DragonslayerLB"},"content":"    /*","lastModifiedDate":"2022-04-17"},{"lineNumber":23,"author":{"gitId":"DragonslayerLB"},"content":"     * Reads the next line of user input","lastModifiedDate":"2022-04-17"},{"lineNumber":24,"author":{"gitId":"DragonslayerLB"},"content":"     * */","lastModifiedDate":"2022-04-17"},{"lineNumber":25,"author":{"gitId":"DragonslayerLB"},"content":"    public static String getNextLineOfInput() {","lastModifiedDate":"2022-04-17"},{"lineNumber":26,"author":{"gitId":"DragonslayerLB"},"content":"        String line;","lastModifiedDate":"2022-04-17"},{"lineNumber":27,"author":{"gitId":"DragonslayerLB"},"content":"        Scanner in \u003d new Scanner(System.in);","lastModifiedDate":"2022-04-17"},{"lineNumber":28,"author":{"gitId":"DragonslayerLB"},"content":"        line \u003d in.nextLine();","lastModifiedDate":"2022-04-17"},{"lineNumber":29,"author":{"gitId":"DragonslayerLB"},"content":"","lastModifiedDate":"2022-04-17"},{"lineNumber":30,"author":{"gitId":"DragonslayerLB"},"content":"        return line;","lastModifiedDate":"2022-04-17"},{"lineNumber":31,"author":{"gitId":"DragonslayerLB"},"content":"    }","lastModifiedDate":"2022-04-17"},{"lineNumber":32,"author":{"gitId":"DragonslayerLB"},"content":"","lastModifiedDate":"2022-04-17"},{"lineNumber":33,"author":{"gitId":"DragonslayerLB"},"content":"    /*","lastModifiedDate":"2022-04-17"},{"lineNumber":34,"author":{"gitId":"DragonslayerLB"},"content":"     * Validate the command format and see if it is a valid action command","lastModifiedDate":"2022-04-17"},{"lineNumber":35,"author":{"gitId":"DragonslayerLB"},"content":"     * */","lastModifiedDate":"2022-04-17"},{"lineNumber":36,"author":{"gitId":"DragonslayerLB"},"content":"    public static Boolean validateActionCommand(String commandStr) {","lastModifiedDate":"2022-04-17"},{"lineNumber":37,"author":{"gitId":"DragonslayerLB"},"content":"        String[] subStr \u003d commandStr.split(\" \");","lastModifiedDate":"2022-04-17"},{"lineNumber":38,"author":{"gitId":"DragonslayerLB"},"content":"        try {","lastModifiedDate":"2022-04-17"},{"lineNumber":39,"author":{"gitId":"DragonslayerLB"},"content":"            if (subStr.length \u003d\u003d 2) {","lastModifiedDate":"2022-04-17"},{"lineNumber":40,"author":{"gitId":"DragonslayerLB"},"content":"                int index \u003d Integer.parseInt(subStr[1]);","lastModifiedDate":"2022-04-17"},{"lineNumber":41,"author":{"gitId":"DragonslayerLB"},"content":"                return subStr[0].equals(Commands.MARK) || subStr[0].equals(Commands.UNMARK) || subStr[0].equals(Commands.DELETE);","lastModifiedDate":"2022-04-17"},{"lineNumber":42,"author":{"gitId":"DragonslayerLB"},"content":"            } else {","lastModifiedDate":"2022-04-17"},{"lineNumber":43,"author":{"gitId":"DragonslayerLB"},"content":"                return false;","lastModifiedDate":"2022-04-17"},{"lineNumber":44,"author":{"gitId":"DragonslayerLB"},"content":"            }","lastModifiedDate":"2022-04-17"},{"lineNumber":45,"author":{"gitId":"DragonslayerLB"},"content":"        } catch (NumberFormatException e) {","lastModifiedDate":"2022-04-17"},{"lineNumber":46,"author":{"gitId":"DragonslayerLB"},"content":"            return false;","lastModifiedDate":"2022-04-17"},{"lineNumber":47,"author":{"gitId":"DragonslayerLB"},"content":"        }","lastModifiedDate":"2022-04-17"},{"lineNumber":48,"author":{"gitId":"DragonslayerLB"},"content":"    }","lastModifiedDate":"2022-04-17"},{"lineNumber":49,"author":{"gitId":"DragonslayerLB"},"content":"","lastModifiedDate":"2022-04-17"},{"lineNumber":50,"author":{"gitId":"DragonslayerLB"},"content":"    /*","lastModifiedDate":"2022-04-17"},{"lineNumber":51,"author":{"gitId":"DragonslayerLB"},"content":"     * Validate the command format and see if it is a valid find command","lastModifiedDate":"2022-04-17"},{"lineNumber":52,"author":{"gitId":"DragonslayerLB"},"content":"     * */","lastModifiedDate":"2022-04-17"},{"lineNumber":53,"author":{"gitId":"DragonslayerLB"},"content":"    public static Boolean validateFindCommand(String commandStr) {","lastModifiedDate":"2022-04-17"},{"lineNumber":54,"author":{"gitId":"DragonslayerLB"},"content":"        String[] subStr \u003d commandStr.split(\" \");","lastModifiedDate":"2022-04-17"},{"lineNumber":55,"author":{"gitId":"DragonslayerLB"},"content":"        try {","lastModifiedDate":"2022-04-17"},{"lineNumber":56,"author":{"gitId":"DragonslayerLB"},"content":"            if (subStr.length \u003d\u003d 2) {","lastModifiedDate":"2022-04-17"},{"lineNumber":57,"author":{"gitId":"DragonslayerLB"},"content":"                return subStr[0].equals(Commands.FIND);","lastModifiedDate":"2022-04-17"},{"lineNumber":58,"author":{"gitId":"DragonslayerLB"},"content":"            } else {","lastModifiedDate":"2022-04-17"},{"lineNumber":59,"author":{"gitId":"DragonslayerLB"},"content":"                return false;","lastModifiedDate":"2022-04-17"},{"lineNumber":60,"author":{"gitId":"DragonslayerLB"},"content":"            }","lastModifiedDate":"2022-04-17"},{"lineNumber":61,"author":{"gitId":"DragonslayerLB"},"content":"        } catch (NumberFormatException e) {","lastModifiedDate":"2022-04-17"},{"lineNumber":62,"author":{"gitId":"DragonslayerLB"},"content":"            return false;","lastModifiedDate":"2022-04-17"},{"lineNumber":63,"author":{"gitId":"DragonslayerLB"},"content":"        }","lastModifiedDate":"2022-04-17"},{"lineNumber":64,"author":{"gitId":"DragonslayerLB"},"content":"    }","lastModifiedDate":"2022-04-17"},{"lineNumber":65,"author":{"gitId":"DragonslayerLB"},"content":"","lastModifiedDate":"2022-04-17"},{"lineNumber":66,"author":{"gitId":"DragonslayerLB"},"content":"    /*","lastModifiedDate":"2022-04-17"},{"lineNumber":67,"author":{"gitId":"DragonslayerLB"},"content":"     * Process components of a find command","lastModifiedDate":"2022-04-17"},{"lineNumber":68,"author":{"gitId":"DragonslayerLB"},"content":"     * */","lastModifiedDate":"2022-04-17"},{"lineNumber":69,"author":{"gitId":"DragonslayerLB"},"content":"    public static FindCommand processFindCommand(String commandStr) {","lastModifiedDate":"2022-04-17"},{"lineNumber":70,"author":{"gitId":"DragonslayerLB"},"content":"        return new FindCommand(commandStr.split(\" \")[1]);","lastModifiedDate":"2022-04-17"},{"lineNumber":71,"author":{"gitId":"DragonslayerLB"},"content":"    }","lastModifiedDate":"2022-04-17"},{"lineNumber":72,"author":{"gitId":"DragonslayerLB"},"content":"","lastModifiedDate":"2022-04-17"},{"lineNumber":73,"author":{"gitId":"DragonslayerLB"},"content":"    /*","lastModifiedDate":"2022-04-17"},{"lineNumber":74,"author":{"gitId":"DragonslayerLB"},"content":"     * Process components of a find command","lastModifiedDate":"2022-04-17"},{"lineNumber":75,"author":{"gitId":"DragonslayerLB"},"content":"     * */","lastModifiedDate":"2022-04-17"},{"lineNumber":76,"author":{"gitId":"DragonslayerLB"},"content":"    public static ActionCommand processActionCommand(String commandStr) throws DukeException {","lastModifiedDate":"2022-04-17"},{"lineNumber":77,"author":{"gitId":"DragonslayerLB"},"content":"        String[] subStr \u003d commandStr.split(\" \");","lastModifiedDate":"2022-04-17"},{"lineNumber":78,"author":{"gitId":"DragonslayerLB"},"content":"        TaskType type;","lastModifiedDate":"2022-04-17"},{"lineNumber":79,"author":{"gitId":"DragonslayerLB"},"content":"","lastModifiedDate":"2022-04-17"},{"lineNumber":80,"author":{"gitId":"DragonslayerLB"},"content":"        if (subStr[0].equals(Commands.MARK)) {","lastModifiedDate":"2022-04-17"},{"lineNumber":81,"author":{"gitId":"DragonslayerLB"},"content":"            type \u003d TaskType.MARK;","lastModifiedDate":"2022-04-17"},{"lineNumber":82,"author":{"gitId":"DragonslayerLB"},"content":"        } else if (subStr[0].equals(Commands.UNMARK)) {","lastModifiedDate":"2022-04-17"},{"lineNumber":83,"author":{"gitId":"DragonslayerLB"},"content":"            type \u003d TaskType.UNMARK;","lastModifiedDate":"2022-04-17"},{"lineNumber":84,"author":{"gitId":"DragonslayerLB"},"content":"        } else if (subStr[0].equals(Commands.DELETE)) {","lastModifiedDate":"2022-04-17"},{"lineNumber":85,"author":{"gitId":"DragonslayerLB"},"content":"            type \u003d TaskType.DELETE;","lastModifiedDate":"2022-04-17"},{"lineNumber":86,"author":{"gitId":"DragonslayerLB"},"content":"        } else {","lastModifiedDate":"2022-04-17"},{"lineNumber":87,"author":{"gitId":"DragonslayerLB"},"content":"            throw new DukeException(\"I\u0027m sorry, but I don\u0027t know what that means :-(\");","lastModifiedDate":"2022-04-17"},{"lineNumber":88,"author":{"gitId":"DragonslayerLB"},"content":"        }","lastModifiedDate":"2022-04-17"},{"lineNumber":89,"author":{"gitId":"DragonslayerLB"},"content":"","lastModifiedDate":"2022-04-17"},{"lineNumber":90,"author":{"gitId":"DragonslayerLB"},"content":"        return new ActionCommand(type, Integer.parseInt(subStr[1]));","lastModifiedDate":"2022-04-17"},{"lineNumber":91,"author":{"gitId":"DragonslayerLB"},"content":"    }","lastModifiedDate":"2022-04-17"},{"lineNumber":92,"author":{"gitId":"DragonslayerLB"},"content":"","lastModifiedDate":"2022-04-17"},{"lineNumber":93,"author":{"gitId":"DragonslayerLB"},"content":"","lastModifiedDate":"2022-04-17"},{"lineNumber":94,"author":{"gitId":"DragonslayerLB"},"content":"    public static Task getTask(int index, String commandStr) throws DukeException {","lastModifiedDate":"2022-04-17"},{"lineNumber":95,"author":{"gitId":"DragonslayerLB"},"content":"        String[] words \u003d commandStr.split(\" \");","lastModifiedDate":"2022-04-17"},{"lineNumber":96,"author":{"gitId":"DragonslayerLB"},"content":"","lastModifiedDate":"2022-04-17"},{"lineNumber":97,"author":{"gitId":"DragonslayerLB"},"content":"        String description \u003d \"\";","lastModifiedDate":"2022-04-17"},{"lineNumber":98,"author":{"gitId":"DragonslayerLB"},"content":"        String time \u003d \"\";","lastModifiedDate":"2022-04-17"},{"lineNumber":99,"author":{"gitId":"DragonslayerLB"},"content":"","lastModifiedDate":"2022-04-17"},{"lineNumber":100,"author":{"gitId":"DragonslayerLB"},"content":"        if (words[0].equals(Commands.TODO)) {","lastModifiedDate":"2022-04-17"},{"lineNumber":101,"author":{"gitId":"DragonslayerLB"},"content":"            if (words.length \u003d\u003d 1) {","lastModifiedDate":"2022-04-17"},{"lineNumber":102,"author":{"gitId":"DragonslayerLB"},"content":"                throw new DukeException(\"The description of a \" + words[0] + \" cannot be empty.\");","lastModifiedDate":"2022-04-17"},{"lineNumber":103,"author":{"gitId":"DragonslayerLB"},"content":"            }","lastModifiedDate":"2022-04-17"},{"lineNumber":104,"author":{"gitId":"DragonslayerLB"},"content":"","lastModifiedDate":"2022-04-17"},{"lineNumber":105,"author":{"gitId":"DragonslayerLB"},"content":"            for (int i \u003d 1; i \u003c words.length; i++) {","lastModifiedDate":"2022-04-17"},{"lineNumber":106,"author":{"gitId":"DragonslayerLB"},"content":"                description +\u003d words[i];","lastModifiedDate":"2022-04-17"},{"lineNumber":107,"author":{"gitId":"DragonslayerLB"},"content":"","lastModifiedDate":"2022-04-17"},{"lineNumber":108,"author":{"gitId":"DragonslayerLB"},"content":"                if (i !\u003d words.length - 1) {","lastModifiedDate":"2022-04-17"},{"lineNumber":109,"author":{"gitId":"DragonslayerLB"},"content":"                    description +\u003d \" \";","lastModifiedDate":"2022-04-17"},{"lineNumber":110,"author":{"gitId":"DragonslayerLB"},"content":"                }","lastModifiedDate":"2022-04-17"},{"lineNumber":111,"author":{"gitId":"DragonslayerLB"},"content":"            }","lastModifiedDate":"2022-04-17"},{"lineNumber":112,"author":{"gitId":"DragonslayerLB"},"content":"","lastModifiedDate":"2022-04-17"},{"lineNumber":113,"author":{"gitId":"DragonslayerLB"},"content":"            return new TODOTask(index, description);","lastModifiedDate":"2022-04-17"},{"lineNumber":114,"author":{"gitId":"DragonslayerLB"},"content":"        } else if (words[0].equals(Commands.EVENT) || words[0].equals(Commands.DEADLINE)) {","lastModifiedDate":"2022-04-17"},{"lineNumber":115,"author":{"gitId":"DragonslayerLB"},"content":"            boolean isEventTask \u003d words[0].equals(Commands.EVENT);","lastModifiedDate":"2022-04-17"},{"lineNumber":116,"author":{"gitId":"DragonslayerLB"},"content":"            int atIndex \u003d -1;","lastModifiedDate":"2022-04-17"},{"lineNumber":117,"author":{"gitId":"DragonslayerLB"},"content":"            if (words.length \u003d\u003d 1) {","lastModifiedDate":"2022-04-17"},{"lineNumber":118,"author":{"gitId":"DragonslayerLB"},"content":"                throw new DukeException(\"The description of a \" + words[0] + \" cannot be empty.\");","lastModifiedDate":"2022-04-17"},{"lineNumber":119,"author":{"gitId":"DragonslayerLB"},"content":"            }","lastModifiedDate":"2022-04-17"},{"lineNumber":120,"author":{"gitId":"DragonslayerLB"},"content":"","lastModifiedDate":"2022-04-17"},{"lineNumber":121,"author":{"gitId":"DragonslayerLB"},"content":"            for (int i \u003d 1; i \u003c words.length; i++) {","lastModifiedDate":"2022-04-17"},{"lineNumber":122,"author":{"gitId":"DragonslayerLB"},"content":"                if (words[i].equals(isEventTask ? \"/at\" : \"/by\")) {","lastModifiedDate":"2022-04-17"},{"lineNumber":123,"author":{"gitId":"DragonslayerLB"},"content":"                    atIndex \u003d i;","lastModifiedDate":"2022-04-17"},{"lineNumber":124,"author":{"gitId":"DragonslayerLB"},"content":"                    break;","lastModifiedDate":"2022-04-17"},{"lineNumber":125,"author":{"gitId":"DragonslayerLB"},"content":"                }","lastModifiedDate":"2022-04-17"},{"lineNumber":126,"author":{"gitId":"DragonslayerLB"},"content":"                description +\u003d words[i];","lastModifiedDate":"2022-04-17"},{"lineNumber":127,"author":{"gitId":"DragonslayerLB"},"content":"                description +\u003d \" \";","lastModifiedDate":"2022-04-17"},{"lineNumber":128,"author":{"gitId":"DragonslayerLB"},"content":"            }","lastModifiedDate":"2022-04-17"},{"lineNumber":129,"author":{"gitId":"DragonslayerLB"},"content":"","lastModifiedDate":"2022-04-17"},{"lineNumber":130,"author":{"gitId":"DragonslayerLB"},"content":"            if (atIndex + 1 \u003e\u003d words.length || atIndex \u003d\u003d -1) {","lastModifiedDate":"2022-04-17"},{"lineNumber":131,"author":{"gitId":"DragonslayerLB"},"content":"                throw new DukeException(\"failed\");","lastModifiedDate":"2022-04-17"},{"lineNumber":132,"author":{"gitId":"DragonslayerLB"},"content":"            }","lastModifiedDate":"2022-04-17"},{"lineNumber":133,"author":{"gitId":"DragonslayerLB"},"content":"","lastModifiedDate":"2022-04-17"},{"lineNumber":134,"author":{"gitId":"DragonslayerLB"},"content":"            for (int i \u003d atIndex + 1; i \u003c words.length; i++) {","lastModifiedDate":"2022-04-17"},{"lineNumber":135,"author":{"gitId":"DragonslayerLB"},"content":"                time +\u003d words[i];","lastModifiedDate":"2022-04-17"},{"lineNumber":136,"author":{"gitId":"DragonslayerLB"},"content":"","lastModifiedDate":"2022-04-17"},{"lineNumber":137,"author":{"gitId":"DragonslayerLB"},"content":"                if (i !\u003d words.length - 1) {","lastModifiedDate":"2022-04-17"},{"lineNumber":138,"author":{"gitId":"DragonslayerLB"},"content":"                    time +\u003d \" \";","lastModifiedDate":"2022-04-17"},{"lineNumber":139,"author":{"gitId":"DragonslayerLB"},"content":"                }","lastModifiedDate":"2022-04-17"},{"lineNumber":140,"author":{"gitId":"DragonslayerLB"},"content":"            }","lastModifiedDate":"2022-04-17"},{"lineNumber":141,"author":{"gitId":"DragonslayerLB"},"content":"","lastModifiedDate":"2022-04-17"},{"lineNumber":142,"author":{"gitId":"DragonslayerLB"},"content":"            return isEventTask ? new EventTask(index, description, time) : new DeadlineTask(index, description, time);","lastModifiedDate":"2022-04-17"},{"lineNumber":143,"author":{"gitId":"DragonslayerLB"},"content":"        }","lastModifiedDate":"2022-04-17"},{"lineNumber":144,"author":{"gitId":"DragonslayerLB"},"content":"","lastModifiedDate":"2022-04-17"},{"lineNumber":145,"author":{"gitId":"DragonslayerLB"},"content":"        throw new DukeException(\"I\u0027m sorry, but I don\u0027t know what that means :-(\");","lastModifiedDate":"2022-04-17"},{"lineNumber":146,"author":{"gitId":"DragonslayerLB"},"content":"    }","lastModifiedDate":"2022-04-17"},{"lineNumber":147,"author":{"gitId":"DragonslayerLB"},"content":"","lastModifiedDate":"2022-04-17"},{"lineNumber":148,"author":{"gitId":"DragonslayerLB"},"content":"    public static String attemptToConvertTimeString(String time) {","lastModifiedDate":"2022-04-17"},{"lineNumber":149,"author":{"gitId":"DragonslayerLB"},"content":"        try {","lastModifiedDate":"2022-04-17"},{"lineNumber":150,"author":{"gitId":"DragonslayerLB"},"content":"            DateTimeFormatter formatter \u003d DateTimeFormatter.ofPattern(\"dd/MM/yyyy HH:mm\");","lastModifiedDate":"2022-04-17"},{"lineNumber":151,"author":{"gitId":"DragonslayerLB"},"content":"            LocalDateTime dateTime \u003d LocalDateTime.parse(time, formatter);","lastModifiedDate":"2022-04-17"},{"lineNumber":152,"author":{"gitId":"DragonslayerLB"},"content":"            return dateTime.format(DateTimeFormatter.ofPattern(\"MMM dd yyyy\")).toString();","lastModifiedDate":"2022-04-17"},{"lineNumber":153,"author":{"gitId":"DragonslayerLB"},"content":"        } catch (Exception e) {","lastModifiedDate":"2022-04-17"},{"lineNumber":154,"author":{"gitId":"DragonslayerLB"},"content":"            try {","lastModifiedDate":"2022-04-17"},{"lineNumber":155,"author":{"gitId":"DragonslayerLB"},"content":"                DateTimeFormatter formatter \u003d DateTimeFormatter.ofPattern(\"dd/MM/yyyy H:mm\");","lastModifiedDate":"2022-04-17"},{"lineNumber":156,"author":{"gitId":"DragonslayerLB"},"content":"                LocalDateTime dateTime \u003d LocalDateTime.parse(time, formatter);","lastModifiedDate":"2022-04-17"},{"lineNumber":157,"author":{"gitId":"DragonslayerLB"},"content":"                return dateTime.format(DateTimeFormatter.ofPattern(\"MMM dd yyyy\")).toString();","lastModifiedDate":"2022-04-17"},{"lineNumber":158,"author":{"gitId":"DragonslayerLB"},"content":"            } catch (Exception e1) {","lastModifiedDate":"2022-04-17"},{"lineNumber":159,"author":{"gitId":"DragonslayerLB"},"content":"                try {","lastModifiedDate":"2022-04-17"},{"lineNumber":160,"author":{"gitId":"DragonslayerLB"},"content":"                    DateTimeFormatter formatter \u003d DateTimeFormatter.ofPattern(\"d/MM/yyyy HH:mm\");","lastModifiedDate":"2022-04-17"},{"lineNumber":161,"author":{"gitId":"DragonslayerLB"},"content":"                    LocalDateTime dateTime \u003d LocalDateTime.parse(time, formatter);","lastModifiedDate":"2022-04-17"},{"lineNumber":162,"author":{"gitId":"DragonslayerLB"},"content":"                    return dateTime.format(DateTimeFormatter.ofPattern(\"MMM dd yyyy\")).toString();","lastModifiedDate":"2022-04-17"},{"lineNumber":163,"author":{"gitId":"DragonslayerLB"},"content":"                } catch (Exception e2) {","lastModifiedDate":"2022-04-17"},{"lineNumber":164,"author":{"gitId":"DragonslayerLB"},"content":"                    try {","lastModifiedDate":"2022-04-17"},{"lineNumber":165,"author":{"gitId":"DragonslayerLB"},"content":"                        DateTimeFormatter formatter \u003d DateTimeFormatter.ofPattern(\"d/MM/yyyy H:mm\");","lastModifiedDate":"2022-04-17"},{"lineNumber":166,"author":{"gitId":"DragonslayerLB"},"content":"                        LocalDateTime dateTime \u003d LocalDateTime.parse(time, formatter);","lastModifiedDate":"2022-04-17"},{"lineNumber":167,"author":{"gitId":"DragonslayerLB"},"content":"                        return dateTime.format(DateTimeFormatter.ofPattern(\"MMM dd yyyy\")).toString();","lastModifiedDate":"2022-04-17"},{"lineNumber":168,"author":{"gitId":"DragonslayerLB"},"content":"                    } catch (Exception e3) {","lastModifiedDate":"2022-04-17"},{"lineNumber":169,"author":{"gitId":"DragonslayerLB"},"content":"                        return time;","lastModifiedDate":"2022-04-17"},{"lineNumber":170,"author":{"gitId":"DragonslayerLB"},"content":"                    }","lastModifiedDate":"2022-04-17"},{"lineNumber":171,"author":{"gitId":"DragonslayerLB"},"content":"                }","lastModifiedDate":"2022-04-17"},{"lineNumber":172,"author":{"gitId":"DragonslayerLB"},"content":"            }","lastModifiedDate":"2022-04-17"},{"lineNumber":173,"author":{"gitId":"DragonslayerLB"},"content":"        }","lastModifiedDate":"2022-04-17"},{"lineNumber":174,"author":{"gitId":"DragonslayerLB"},"content":"    }","lastModifiedDate":"2022-04-17"},{"lineNumber":175,"author":{"gitId":"DragonslayerLB"},"content":"}","lastModifiedDate":"2022-04-17"}],"authorContributionMap":{"DragonslayerLB":175}},{"path":"src/main/java/ViewController/DukeViewController.java","fileType":"java","lines":[{"lineNumber":1,"author":{"gitId":"DragonslayerLB"},"content":"package ViewController;","lastModifiedDate":"2022-04-17"},{"lineNumber":2,"author":{"gitId":"DragonslayerLB"},"content":"","lastModifiedDate":"2022-04-17"},{"lineNumber":3,"author":{"gitId":"DragonslayerLB"},"content":"import Command.ActionCommand;","lastModifiedDate":"2022-04-17"},{"lineNumber":4,"author":{"gitId":"DragonslayerLB"},"content":"import Command.FindCommand;","lastModifiedDate":"2022-04-17"},{"lineNumber":5,"author":{"gitId":"DragonslayerLB"},"content":"import Exceptions.DukeException;","lastModifiedDate":"2022-04-17"},{"lineNumber":6,"author":{"gitId":"DragonslayerLB"},"content":"import Tasks.Task;","lastModifiedDate":"2022-04-17"},{"lineNumber":7,"author":{"gitId":"DragonslayerLB"},"content":"import UI.ConsoleUIManager;","lastModifiedDate":"2022-04-17"},{"lineNumber":8,"author":{"gitId":"DragonslayerLB"},"content":"import UI.UIManager;","lastModifiedDate":"2022-04-17"},{"lineNumber":9,"author":{"gitId":"DragonslayerLB"},"content":"import Util.FileHelper;","lastModifiedDate":"2022-04-17"},{"lineNumber":10,"author":{"gitId":"DragonslayerLB"},"content":"import Util.Parser;","lastModifiedDate":"2022-04-17"},{"lineNumber":11,"author":{"gitId":"DragonslayerLB"},"content":"import Constants.Commands;","lastModifiedDate":"2022-04-17"},{"lineNumber":12,"author":{"gitId":"DragonslayerLB"},"content":"import Constants.Constants;","lastModifiedDate":"2022-04-17"},{"lineNumber":13,"author":{"gitId":"DragonslayerLB"},"content":"","lastModifiedDate":"2022-04-17"},{"lineNumber":14,"author":{"gitId":"DragonslayerLB"},"content":"import java.util.ArrayList;","lastModifiedDate":"2022-04-17"},{"lineNumber":15,"author":{"gitId":"DragonslayerLB"},"content":"","lastModifiedDate":"2022-04-17"},{"lineNumber":16,"author":{"gitId":"DragonslayerLB"},"content":"public class DukeViewController implements ViewController {","lastModifiedDate":"2022-04-17"},{"lineNumber":17,"author":{"gitId":"DragonslayerLB"},"content":"    // Region - Fields and Const","lastModifiedDate":"2022-04-17"},{"lineNumber":18,"author":{"gitId":"DragonslayerLB"},"content":"    private ArrayList\u003cTask\u003e tasks \u003d new ArrayList\u003c\u003e(Constants.MAX_TASK_CAPACITY);","lastModifiedDate":"2022-04-17"},{"lineNumber":19,"author":{"gitId":"DragonslayerLB"},"content":"    private UIManager uiManager;","lastModifiedDate":"2022-04-17"},{"lineNumber":20,"author":{"gitId":"DragonslayerLB"},"content":"","lastModifiedDate":"2022-04-17"},{"lineNumber":21,"author":{"gitId":"DragonslayerLB"},"content":"    public void initialise() {","lastModifiedDate":"2022-04-17"},{"lineNumber":22,"author":{"gitId":"DragonslayerLB"},"content":"        try {","lastModifiedDate":"2022-04-17"},{"lineNumber":23,"author":{"gitId":"DragonslayerLB"},"content":"            uiManager \u003d new ConsoleUIManager();","lastModifiedDate":"2022-04-17"},{"lineNumber":24,"author":{"gitId":"DragonslayerLB"},"content":"            uiManager.displayLogo();","lastModifiedDate":"2022-04-17"},{"lineNumber":25,"author":{"gitId":"DragonslayerLB"},"content":"            FileHelper.initDb();","lastModifiedDate":"2022-04-17"},{"lineNumber":26,"author":{"gitId":"DragonslayerLB"},"content":"            uiManager.displayText((Constants.GREETING_LINE));","lastModifiedDate":"2022-04-17"},{"lineNumber":27,"author":{"gitId":"DragonslayerLB"},"content":"        } catch (Exception e) {","lastModifiedDate":"2022-04-17"},{"lineNumber":28,"author":{"gitId":"DragonslayerLB"},"content":"            uiManager.displayText((\"unable to load db because: \" + e.getMessage()));","lastModifiedDate":"2022-04-17"},{"lineNumber":29,"author":{"gitId":"DragonslayerLB"},"content":"            uiManager.displayText(\"\");","lastModifiedDate":"2022-04-17"},{"lineNumber":30,"author":{"gitId":"DragonslayerLB"},"content":"        }","lastModifiedDate":"2022-04-17"},{"lineNumber":31,"author":{"gitId":"DragonslayerLB"},"content":"    }","lastModifiedDate":"2022-04-17"},{"lineNumber":32,"author":{"gitId":"DragonslayerLB"},"content":"","lastModifiedDate":"2022-04-17"},{"lineNumber":33,"author":{"gitId":"DragonslayerLB"},"content":"    public void run() {","lastModifiedDate":"2022-04-17"},{"lineNumber":34,"author":{"gitId":"DragonslayerLB"},"content":"        String userInput \u003d Parser.getNextLineOfInput().trim();","lastModifiedDate":"2022-04-17"},{"lineNumber":35,"author":{"gitId":"DragonslayerLB"},"content":"","lastModifiedDate":"2022-04-17"},{"lineNumber":36,"author":{"gitId":"DragonslayerLB"},"content":"        try {","lastModifiedDate":"2022-04-17"},{"lineNumber":37,"author":{"gitId":"DragonslayerLB"},"content":"            if (userInput.equals(Commands.LIST)) {","lastModifiedDate":"2022-04-17"},{"lineNumber":38,"author":{"gitId":"DragonslayerLB"},"content":"                // process list command","lastModifiedDate":"2022-04-17"},{"lineNumber":39,"author":{"gitId":"DragonslayerLB"},"content":"                uiManager.displayText(Constants.LIST_OF_TASKS_LINE + \":\");","lastModifiedDate":"2022-04-17"},{"lineNumber":40,"author":{"gitId":"DragonslayerLB"},"content":"                uiManager.listEnumeratedTaskDescriptions(tasks);","lastModifiedDate":"2022-04-17"},{"lineNumber":41,"author":{"gitId":"DragonslayerLB"},"content":"                uiManager.displayText(\"\");","lastModifiedDate":"2022-04-17"},{"lineNumber":42,"author":{"gitId":"DragonslayerLB"},"content":"            } else if (Parser.validateFindCommand(userInput)) {","lastModifiedDate":"2022-04-17"},{"lineNumber":43,"author":{"gitId":"DragonslayerLB"},"content":"                // handle find command","lastModifiedDate":"2022-04-17"},{"lineNumber":44,"author":{"gitId":"DragonslayerLB"},"content":"                ArrayList\u003cTask\u003e foundTasks \u003d new ArrayList\u003c\u003e();","lastModifiedDate":"2022-04-17"},{"lineNumber":45,"author":{"gitId":"DragonslayerLB"},"content":"                FindCommand command \u003d Parser.processFindCommand(userInput);","lastModifiedDate":"2022-04-17"},{"lineNumber":46,"author":{"gitId":"DragonslayerLB"},"content":"                for (int i \u003d 0; i \u003c tasks.size(); i++) {","lastModifiedDate":"2022-04-17"},{"lineNumber":47,"author":{"gitId":"DragonslayerLB"},"content":"                    if (tasks.get(i).description.contains(command.key)) {","lastModifiedDate":"2022-04-17"},{"lineNumber":48,"author":{"gitId":"DragonslayerLB"},"content":"                        foundTasks.add(tasks.get(i));","lastModifiedDate":"2022-04-17"},{"lineNumber":49,"author":{"gitId":"DragonslayerLB"},"content":"                    }","lastModifiedDate":"2022-04-17"},{"lineNumber":50,"author":{"gitId":"DragonslayerLB"},"content":"                }","lastModifiedDate":"2022-04-17"},{"lineNumber":51,"author":{"gitId":"DragonslayerLB"},"content":"","lastModifiedDate":"2022-04-17"},{"lineNumber":52,"author":{"gitId":"DragonslayerLB"},"content":"                uiManager.displayText((Constants.TASK_FOUND_LINE + \":\"));","lastModifiedDate":"2022-04-17"},{"lineNumber":53,"author":{"gitId":"DragonslayerLB"},"content":"                uiManager.listEnumeratedTaskDescriptions(foundTasks);","lastModifiedDate":"2022-04-17"},{"lineNumber":54,"author":{"gitId":"DragonslayerLB"},"content":"                uiManager.displayText(\"\");","lastModifiedDate":"2022-04-17"},{"lineNumber":55,"author":{"gitId":"DragonslayerLB"},"content":"","lastModifiedDate":"2022-04-17"},{"lineNumber":56,"author":{"gitId":"DragonslayerLB"},"content":"            } else if (Parser.validateActionCommand(userInput)) {","lastModifiedDate":"2022-04-17"},{"lineNumber":57,"author":{"gitId":"DragonslayerLB"},"content":"                // mark task as done and print list","lastModifiedDate":"2022-04-17"},{"lineNumber":58,"author":{"gitId":"DragonslayerLB"},"content":"                ActionCommand command \u003d Parser.processActionCommand(userInput);","lastModifiedDate":"2022-04-17"},{"lineNumber":59,"author":{"gitId":"DragonslayerLB"},"content":"","lastModifiedDate":"2022-04-17"},{"lineNumber":60,"author":{"gitId":"DragonslayerLB"},"content":"                if (command.index - 1 \u003e\u003d tasks.size()) {","lastModifiedDate":"2022-04-17"},{"lineNumber":61,"author":{"gitId":"DragonslayerLB"},"content":"                    throw new DukeException(\"Task not found!\");","lastModifiedDate":"2022-04-17"},{"lineNumber":62,"author":{"gitId":"DragonslayerLB"},"content":"                }","lastModifiedDate":"2022-04-17"},{"lineNumber":63,"author":{"gitId":"DragonslayerLB"},"content":"","lastModifiedDate":"2022-04-17"},{"lineNumber":64,"author":{"gitId":"DragonslayerLB"},"content":"                switch (command.taskType) {","lastModifiedDate":"2022-04-17"},{"lineNumber":65,"author":{"gitId":"DragonslayerLB"},"content":"                    case MARK:","lastModifiedDate":"2022-04-17"},{"lineNumber":66,"author":{"gitId":"DragonslayerLB"},"content":"                        tasks.get(command.index - 1).isDone \u003d true;","lastModifiedDate":"2022-04-17"},{"lineNumber":67,"author":{"gitId":"DragonslayerLB"},"content":"                        uiManager.displayText((Constants.MARKED_AS_DONE_LINE + \":\"));","lastModifiedDate":"2022-04-17"},{"lineNumber":68,"author":{"gitId":"DragonslayerLB"},"content":"                        uiManager.listSingleTaskDescription(tasks.get(command.index - 1));","lastModifiedDate":"2022-04-17"},{"lineNumber":69,"author":{"gitId":"DragonslayerLB"},"content":"                        break;","lastModifiedDate":"2022-04-17"},{"lineNumber":70,"author":{"gitId":"DragonslayerLB"},"content":"                    case UNMARK:","lastModifiedDate":"2022-04-17"},{"lineNumber":71,"author":{"gitId":"DragonslayerLB"},"content":"                        tasks.get(command.index - 1).isDone \u003d false;","lastModifiedDate":"2022-04-17"},{"lineNumber":72,"author":{"gitId":"DragonslayerLB"},"content":"                        uiManager.displayText((Constants.UNMARKED_AS_DONE_LINE + \":\"));","lastModifiedDate":"2022-04-17"},{"lineNumber":73,"author":{"gitId":"DragonslayerLB"},"content":"                        uiManager.listSingleTaskDescription(tasks.get(command.index - 1));","lastModifiedDate":"2022-04-17"},{"lineNumber":74,"author":{"gitId":"DragonslayerLB"},"content":"                        break;","lastModifiedDate":"2022-04-17"},{"lineNumber":75,"author":{"gitId":"DragonslayerLB"},"content":"                    case DELETE:","lastModifiedDate":"2022-04-17"},{"lineNumber":76,"author":{"gitId":"DragonslayerLB"},"content":"                        uiManager.displayText((Constants.TASK_REMOVED_LINE + \":\"));","lastModifiedDate":"2022-04-17"},{"lineNumber":77,"author":{"gitId":"DragonslayerLB"},"content":"                        uiManager.listSingleTaskDescription(tasks.get(command.index - 1));","lastModifiedDate":"2022-04-17"},{"lineNumber":78,"author":{"gitId":"DragonslayerLB"},"content":"                        tasks.remove(command.index - 1);","lastModifiedDate":"2022-04-17"},{"lineNumber":79,"author":{"gitId":"DragonslayerLB"},"content":"                        for (int i \u003d command.index - 1; i \u003c tasks.size(); i++) {","lastModifiedDate":"2022-04-17"},{"lineNumber":80,"author":{"gitId":"DragonslayerLB"},"content":"                            tasks.get(i).index \u003d tasks.get(i).index - 1;","lastModifiedDate":"2022-04-17"},{"lineNumber":81,"author":{"gitId":"DragonslayerLB"},"content":"                        }","lastModifiedDate":"2022-04-17"},{"lineNumber":82,"author":{"gitId":"DragonslayerLB"},"content":"                        uiManager.displayText((\"Now you have \" + tasks.size() + \" tasks in the list.\"));","lastModifiedDate":"2022-04-17"},{"lineNumber":83,"author":{"gitId":"DragonslayerLB"},"content":"                        uiManager.displayText(\"\");","lastModifiedDate":"2022-04-17"},{"lineNumber":84,"author":{"gitId":"DragonslayerLB"},"content":"                        break;","lastModifiedDate":"2022-04-17"},{"lineNumber":85,"author":{"gitId":"DragonslayerLB"},"content":"                }","lastModifiedDate":"2022-04-17"},{"lineNumber":86,"author":{"gitId":"DragonslayerLB"},"content":"                uiManager.displayText(\"\");","lastModifiedDate":"2022-04-17"},{"lineNumber":87,"author":{"gitId":"DragonslayerLB"},"content":"                FileHelper.saveTaskList(tasks);","lastModifiedDate":"2022-04-17"},{"lineNumber":88,"author":{"gitId":"DragonslayerLB"},"content":"            } else if (userInput.equals(Commands.BYE)) {","lastModifiedDate":"2022-04-17"},{"lineNumber":89,"author":{"gitId":"DragonslayerLB"},"content":"                // terminate program","lastModifiedDate":"2022-04-17"},{"lineNumber":90,"author":{"gitId":"DragonslayerLB"},"content":"                uiManager.displayText(Constants.GOOD_BYE_LINE);","lastModifiedDate":"2022-04-17"},{"lineNumber":91,"author":{"gitId":"DragonslayerLB"},"content":"                return;","lastModifiedDate":"2022-04-17"},{"lineNumber":92,"author":{"gitId":"DragonslayerLB"},"content":"            } else {","lastModifiedDate":"2022-04-17"},{"lineNumber":93,"author":{"gitId":"DragonslayerLB"},"content":"                Task task \u003d Parser.getTask(tasks.size() + 1, userInput);","lastModifiedDate":"2022-04-17"},{"lineNumber":94,"author":{"gitId":"DragonslayerLB"},"content":"                for (int i \u003d 0; i \u003c tasks.size(); i++) {","lastModifiedDate":"2022-04-17"},{"lineNumber":95,"author":{"gitId":"DragonslayerLB"},"content":"                    if (task.isEqualTo(tasks.get(i))) {","lastModifiedDate":"2022-04-17"},{"lineNumber":96,"author":{"gitId":"DragonslayerLB"},"content":"                        uiManager.displayText((\"Duplicated\"));","lastModifiedDate":"2022-04-17"},{"lineNumber":97,"author":{"gitId":"DragonslayerLB"},"content":"                        run();","lastModifiedDate":"2022-04-17"},{"lineNumber":98,"author":{"gitId":"DragonslayerLB"},"content":"                        return;","lastModifiedDate":"2022-04-17"},{"lineNumber":99,"author":{"gitId":"DragonslayerLB"},"content":"                    }","lastModifiedDate":"2022-04-17"},{"lineNumber":100,"author":{"gitId":"DragonslayerLB"},"content":"                }","lastModifiedDate":"2022-04-17"},{"lineNumber":101,"author":{"gitId":"DragonslayerLB"},"content":"","lastModifiedDate":"2022-04-17"},{"lineNumber":102,"author":{"gitId":"DragonslayerLB"},"content":"                // echo command","lastModifiedDate":"2022-04-17"},{"lineNumber":103,"author":{"gitId":"DragonslayerLB"},"content":"                tasks.add(task);","lastModifiedDate":"2022-04-17"},{"lineNumber":104,"author":{"gitId":"DragonslayerLB"},"content":"                uiManager.displayText((Constants.TASK_ADDED_LINE + \":\"));","lastModifiedDate":"2022-04-17"},{"lineNumber":105,"author":{"gitId":"DragonslayerLB"},"content":"                uiManager.displayText((\"  \" + task.getDescription()));","lastModifiedDate":"2022-04-17"},{"lineNumber":106,"author":{"gitId":"DragonslayerLB"},"content":"                uiManager.displayText((\"Now you have \" + tasks.size() + \" tasks in the list.\"));","lastModifiedDate":"2022-04-17"},{"lineNumber":107,"author":{"gitId":"DragonslayerLB"},"content":"                uiManager.displayText(\"\");","lastModifiedDate":"2022-04-17"},{"lineNumber":108,"author":{"gitId":"DragonslayerLB"},"content":"                FileHelper.saveTaskList(tasks);","lastModifiedDate":"2022-04-17"},{"lineNumber":109,"author":{"gitId":"DragonslayerLB"},"content":"            }","lastModifiedDate":"2022-04-17"},{"lineNumber":110,"author":{"gitId":"DragonslayerLB"},"content":"        } catch (DukeException e) {","lastModifiedDate":"2022-04-17"},{"lineNumber":111,"author":{"gitId":"DragonslayerLB"},"content":"            uiManager.displayText((\"☹ OOPS!!! \" + e.description));","lastModifiedDate":"2022-04-17"},{"lineNumber":112,"author":{"gitId":"DragonslayerLB"},"content":"            uiManager.displayText(\"\");","lastModifiedDate":"2022-04-17"},{"lineNumber":113,"author":{"gitId":"DragonslayerLB"},"content":"        }","lastModifiedDate":"2022-04-17"},{"lineNumber":114,"author":{"gitId":"DragonslayerLB"},"content":"","lastModifiedDate":"2022-04-17"},{"lineNumber":115,"author":{"gitId":"DragonslayerLB"},"content":"        run();","lastModifiedDate":"2022-04-17"},{"lineNumber":116,"author":{"gitId":"DragonslayerLB"},"content":"    }","lastModifiedDate":"2022-04-17"},{"lineNumber":117,"author":{"gitId":"DragonslayerLB"},"content":"","lastModifiedDate":"2022-04-17"},{"lineNumber":118,"author":{"gitId":"DragonslayerLB"},"content":"    public DukeViewController() {","lastModifiedDate":"2022-04-17"},{"lineNumber":119,"author":{"gitId":"DragonslayerLB"},"content":"","lastModifiedDate":"2022-04-17"},{"lineNumber":120,"author":{"gitId":"DragonslayerLB"},"content":"    }","lastModifiedDate":"2022-04-17"},{"lineNumber":121,"author":{"gitId":"DragonslayerLB"},"content":"}","lastModifiedDate":"2022-04-17"}],"authorContributionMap":{"DragonslayerLB":121}},{"path":"src/main/java/ViewController/ViewController.java","fileType":"java","lines":[{"lineNumber":1,"author":{"gitId":"DragonslayerLB"},"content":"package ViewController;","lastModifiedDate":"2022-04-17"},{"lineNumber":2,"author":{"gitId":"DragonslayerLB"},"content":"","lastModifiedDate":"2022-04-17"},{"lineNumber":3,"author":{"gitId":"DragonslayerLB"},"content":"public interface ViewController {","lastModifiedDate":"2022-04-17"},{"lineNumber":4,"author":{"gitId":"DragonslayerLB"},"content":"    /*","lastModifiedDate":"2022-04-17"},{"lineNumber":5,"author":{"gitId":"DragonslayerLB"},"content":"     * Initialises the current view controller","lastModifiedDate":"2022-04-17"},{"lineNumber":6,"author":{"gitId":"DragonslayerLB"},"content":"     * */","lastModifiedDate":"2022-04-17"},{"lineNumber":7,"author":{"gitId":"DragonslayerLB"},"content":"    void initialise();","lastModifiedDate":"2022-04-17"},{"lineNumber":8,"author":{"gitId":"DragonslayerLB"},"content":"","lastModifiedDate":"2022-04-17"},{"lineNumber":9,"author":{"gitId":"DragonslayerLB"},"content":"    /*","lastModifiedDate":"2022-04-17"},{"lineNumber":10,"author":{"gitId":"DragonslayerLB"},"content":"     * Triggers the run loop, should be called only once","lastModifiedDate":"2022-04-17"},{"lineNumber":11,"author":{"gitId":"DragonslayerLB"},"content":"     * */","lastModifiedDate":"2022-04-17"},{"lineNumber":12,"author":{"gitId":"DragonslayerLB"},"content":"    void run();","lastModifiedDate":"2022-04-17"},{"lineNumber":13,"author":{"gitId":"DragonslayerLB"},"content":"}","lastModifiedDate":"2022-04-17"}],"authorContributionMap":{"DragonslayerLB":13}}]
