[{"path":"src/main/java/Duke.java","fileType":"java","lines":[{"lineNumber":1,"author":{"gitId":"benaiahr"},"content":"import java.util.Scanner;","lastModifiedDate":"2022-02-13"},{"lineNumber":2,"author":{"gitId":"benaiahr"},"content":"","lastModifiedDate":"2022-02-13"},{"lineNumber":3,"author":{"gitId":"-"},"content":"public class Duke {","lastModifiedDate":"2019-07-29"},{"lineNumber":4,"author":{"gitId":"benaiahr"},"content":"","lastModifiedDate":"2022-02-13"},{"lineNumber":5,"author":{"gitId":"benaiahr"},"content":"    private static Task[] taskList \u003d new Task[100];","lastModifiedDate":"2022-02-15"},{"lineNumber":6,"author":{"gitId":"benaiahr"},"content":"    private static int taskCount \u003d 0;","lastModifiedDate":"2022-02-15"},{"lineNumber":7,"author":{"gitId":"benaiahr"},"content":"","lastModifiedDate":"2022-02-13"},{"lineNumber":8,"author":{"gitId":"benaiahr"},"content":"    public static void addItem(Task item) {","lastModifiedDate":"2022-02-15"},{"lineNumber":9,"author":{"gitId":"benaiahr"},"content":"        taskList[taskCount] \u003d item;","lastModifiedDate":"2022-02-15"},{"lineNumber":10,"author":{"gitId":"benaiahr"},"content":"        taskCount++;","lastModifiedDate":"2022-02-15"},{"lineNumber":11,"author":{"gitId":"benaiahr"},"content":"    }","lastModifiedDate":"2022-02-15"},{"lineNumber":12,"author":{"gitId":"benaiahr"},"content":"","lastModifiedDate":"2022-02-15"},{"lineNumber":13,"author":{"gitId":"benaiahr"},"content":"    public static void bye() {","lastModifiedDate":"2022-02-15"},{"lineNumber":14,"author":{"gitId":"benaiahr"},"content":"        System.out.println(\"Bye bye!\");","lastModifiedDate":"2022-02-15"},{"lineNumber":15,"author":{"gitId":"benaiahr"},"content":"        System.exit(0);","lastModifiedDate":"2022-02-15"},{"lineNumber":16,"author":{"gitId":"benaiahr"},"content":"    }","lastModifiedDate":"2022-02-15"},{"lineNumber":17,"author":{"gitId":"benaiahr"},"content":"","lastModifiedDate":"2022-02-15"},{"lineNumber":18,"author":{"gitId":"benaiahr"},"content":"    private static void list(Task[] taskList, int taskCount) {","lastModifiedDate":"2022-02-15"},{"lineNumber":19,"author":{"gitId":"benaiahr"},"content":"        if (taskCount \u003e 0) {","lastModifiedDate":"2022-02-15"},{"lineNumber":20,"author":{"gitId":"benaiahr"},"content":"            System.out.println(\"Here are the tasks in your list: \");","lastModifiedDate":"2022-02-15"},{"lineNumber":21,"author":{"gitId":"benaiahr"},"content":"            for (int i \u003d 0; i \u003c taskCount; i++) {","lastModifiedDate":"2022-02-15"},{"lineNumber":22,"author":{"gitId":"benaiahr"},"content":"                System.out.println(i + 1 + \".\" + \"[\" + taskList[i].getStatusIcon() + \"] \" + taskList[i].description);","lastModifiedDate":"2022-02-15"},{"lineNumber":23,"author":{"gitId":"benaiahr"},"content":"            }","lastModifiedDate":"2022-02-15"},{"lineNumber":24,"author":{"gitId":"benaiahr"},"content":"        }","lastModifiedDate":"2022-02-15"},{"lineNumber":25,"author":{"gitId":"benaiahr"},"content":"        else {","lastModifiedDate":"2022-02-15"},{"lineNumber":26,"author":{"gitId":"benaiahr"},"content":"            System.out.println(\"No tasks in your list.\");","lastModifiedDate":"2022-02-15"},{"lineNumber":27,"author":{"gitId":"benaiahr"},"content":"        }","lastModifiedDate":"2022-02-15"},{"lineNumber":28,"author":{"gitId":"benaiahr"},"content":"    }","lastModifiedDate":"2022-02-15"},{"lineNumber":29,"author":{"gitId":"benaiahr"},"content":"","lastModifiedDate":"2022-02-15"},{"lineNumber":30,"author":{"gitId":"benaiahr"},"content":"    public static boolean mark(String input) {","lastModifiedDate":"2022-02-15"},{"lineNumber":31,"author":{"gitId":"benaiahr"},"content":"","lastModifiedDate":"2022-02-15"},{"lineNumber":32,"author":{"gitId":"benaiahr"},"content":"        boolean isDone \u003d false;","lastModifiedDate":"2022-02-15"},{"lineNumber":33,"author":{"gitId":"benaiahr"},"content":"","lastModifiedDate":"2022-02-15"},{"lineNumber":34,"author":{"gitId":"benaiahr"},"content":"        String markTask \u003d input.substring(0, input.indexOf(\u0027 \u0027)).trim();","lastModifiedDate":"2022-02-15"},{"lineNumber":35,"author":{"gitId":"benaiahr"},"content":"        if (markTask.equals(\"mark\")) {","lastModifiedDate":"2022-02-15"},{"lineNumber":36,"author":{"gitId":"benaiahr"},"content":"            System.out.println(\"Nice! I\u0027ve marked this task as done: \");","lastModifiedDate":"2022-02-15"},{"lineNumber":37,"author":{"gitId":"benaiahr"},"content":"            isDone \u003d true;","lastModifiedDate":"2022-02-15"},{"lineNumber":38,"author":{"gitId":"benaiahr"},"content":"        }","lastModifiedDate":"2022-02-15"},{"lineNumber":39,"author":{"gitId":"benaiahr"},"content":"        else if (markTask.equals(\"unmark\")) {","lastModifiedDate":"2022-02-15"},{"lineNumber":40,"author":{"gitId":"benaiahr"},"content":"            System.out.println(\"OK, I\u0027ve marked this task as not done yet: \");","lastModifiedDate":"2022-02-15"},{"lineNumber":41,"author":{"gitId":"benaiahr"},"content":"        }","lastModifiedDate":"2022-02-15"},{"lineNumber":42,"author":{"gitId":"benaiahr"},"content":"","lastModifiedDate":"2022-02-15"},{"lineNumber":43,"author":{"gitId":"benaiahr"},"content":"        return isDone;","lastModifiedDate":"2022-02-15"},{"lineNumber":44,"author":{"gitId":"benaiahr"},"content":"    }","lastModifiedDate":"2022-02-13"},{"lineNumber":45,"author":{"gitId":"benaiahr"},"content":"","lastModifiedDate":"2022-02-13"},{"lineNumber":46,"author":{"gitId":"-"},"content":"    public static void main(String[] args) {","lastModifiedDate":"2019-07-29"},{"lineNumber":47,"author":{"gitId":"benaiahr"},"content":"","lastModifiedDate":"2022-02-13"},{"lineNumber":48,"author":{"gitId":"-"},"content":"        String logo \u003d \" ____        _        \\n\"","lastModifiedDate":"2019-07-29"},{"lineNumber":49,"author":{"gitId":"-"},"content":"                + \"|  _ \\\\ _   _| | _____ \\n\"","lastModifiedDate":"2019-07-29"},{"lineNumber":50,"author":{"gitId":"-"},"content":"                + \"| | | | | | | |/ / _ \\\\\\n\"","lastModifiedDate":"2019-07-29"},{"lineNumber":51,"author":{"gitId":"-"},"content":"                + \"| |_| | |_| |   \u003c  __/\\n\"","lastModifiedDate":"2019-07-29"},{"lineNumber":52,"author":{"gitId":"-"},"content":"                + \"|____/ \\\\__,_|_|\\\\_\\\\___|\\n\";","lastModifiedDate":"2019-07-29"},{"lineNumber":53,"author":{"gitId":"-"},"content":"        System.out.println(\"Hello from\\n\" + logo);","lastModifiedDate":"2019-07-29"},{"lineNumber":54,"author":{"gitId":"benaiahr"},"content":"        System.out.println(\"I\u0027m Duke\\n\" + \"What can I do for you?\");","lastModifiedDate":"2022-02-13"},{"lineNumber":55,"author":{"gitId":"benaiahr"},"content":"","lastModifiedDate":"2022-02-13"},{"lineNumber":56,"author":{"gitId":"benaiahr"},"content":"        String input;","lastModifiedDate":"2022-02-13"},{"lineNumber":57,"author":{"gitId":"benaiahr"},"content":"        Scanner in \u003d new Scanner(System.in);","lastModifiedDate":"2022-02-13"},{"lineNumber":58,"author":{"gitId":"benaiahr"},"content":"","lastModifiedDate":"2022-02-13"},{"lineNumber":59,"author":{"gitId":"benaiahr"},"content":"        while (true) {","lastModifiedDate":"2022-02-15"},{"lineNumber":60,"author":{"gitId":"benaiahr"},"content":"            input \u003d in.nextLine();","lastModifiedDate":"2022-02-13"},{"lineNumber":61,"author":{"gitId":"benaiahr"},"content":"","lastModifiedDate":"2022-02-13"},{"lineNumber":62,"author":{"gitId":"benaiahr"},"content":"            if (input.toLowerCase().equals(\"bye\")) {","lastModifiedDate":"2022-02-13"},{"lineNumber":63,"author":{"gitId":"benaiahr"},"content":"                bye();","lastModifiedDate":"2022-02-15"},{"lineNumber":64,"author":{"gitId":"benaiahr"},"content":"            }","lastModifiedDate":"2022-02-13"},{"lineNumber":65,"author":{"gitId":"benaiahr"},"content":"","lastModifiedDate":"2022-02-15"},{"lineNumber":66,"author":{"gitId":"benaiahr"},"content":"            if (input.toLowerCase().equals(\"list\")) {","lastModifiedDate":"2022-02-13"},{"lineNumber":67,"author":{"gitId":"benaiahr"},"content":"                list(taskList, taskCount);","lastModifiedDate":"2022-02-15"},{"lineNumber":68,"author":{"gitId":"benaiahr"},"content":"                continue;","lastModifiedDate":"2022-02-15"},{"lineNumber":69,"author":{"gitId":"benaiahr"},"content":"            }","lastModifiedDate":"2022-02-13"},{"lineNumber":70,"author":{"gitId":"benaiahr"},"content":"","lastModifiedDate":"2022-02-15"},{"lineNumber":71,"author":{"gitId":"benaiahr"},"content":"            if(input.contains(\"mark\")) {","lastModifiedDate":"2022-02-15"},{"lineNumber":72,"author":{"gitId":"benaiahr"},"content":"                String index \u003d input.replaceAll(\"\\\\D+\",\"\");","lastModifiedDate":"2022-02-15"},{"lineNumber":73,"author":{"gitId":"benaiahr"},"content":"                int taskIndex \u003d Integer.parseInt(index)-1;","lastModifiedDate":"2022-02-15"},{"lineNumber":74,"author":{"gitId":"benaiahr"},"content":"                if(taskIndex \u003d\u003d -1){","lastModifiedDate":"2022-02-15"},{"lineNumber":75,"author":{"gitId":"benaiahr"},"content":"                    continue;","lastModifiedDate":"2022-02-15"},{"lineNumber":76,"author":{"gitId":"benaiahr"},"content":"                }","lastModifiedDate":"2022-02-13"},{"lineNumber":77,"author":{"gitId":"benaiahr"},"content":"                taskList[taskIndex].isDone \u003d mark(input);","lastModifiedDate":"2022-02-15"},{"lineNumber":78,"author":{"gitId":"benaiahr"},"content":"                System.out.println(\" [\" + taskList[taskIndex].getStatusIcon() + \"] \" + taskList[taskIndex].description);","lastModifiedDate":"2022-02-15"},{"lineNumber":79,"author":{"gitId":"benaiahr"},"content":"","lastModifiedDate":"2022-02-15"},{"lineNumber":80,"author":{"gitId":"benaiahr"},"content":"                continue;","lastModifiedDate":"2022-02-15"},{"lineNumber":81,"author":{"gitId":"benaiahr"},"content":"            }","lastModifiedDate":"2022-02-13"},{"lineNumber":82,"author":{"gitId":"benaiahr"},"content":"","lastModifiedDate":"2022-02-15"},{"lineNumber":83,"author":{"gitId":"benaiahr"},"content":"            Task t \u003d new Task(input);","lastModifiedDate":"2022-02-15"},{"lineNumber":84,"author":{"gitId":"benaiahr"},"content":"            addItem(t);","lastModifiedDate":"2022-02-15"},{"lineNumber":85,"author":{"gitId":"benaiahr"},"content":"            System.out.println(\"added: \" + input);","lastModifiedDate":"2022-02-15"},{"lineNumber":86,"author":{"gitId":"benaiahr"},"content":"        }","lastModifiedDate":"2022-02-13"},{"lineNumber":87,"author":{"gitId":"-"},"content":"    }","lastModifiedDate":"2019-07-29"},{"lineNumber":88,"author":{"gitId":"-"},"content":"}","lastModifiedDate":"2019-07-29"}],"authorContributionMap":{"benaiahr":78,"-":10}},{"path":"src/main/java/Task.java","fileType":"java","lines":[{"lineNumber":1,"author":{"gitId":"benaiahr"},"content":"public class Task {","lastModifiedDate":"2022-02-15"},{"lineNumber":2,"author":{"gitId":"benaiahr"},"content":"","lastModifiedDate":"2022-02-15"},{"lineNumber":3,"author":{"gitId":"benaiahr"},"content":"    protected String description;","lastModifiedDate":"2022-02-15"},{"lineNumber":4,"author":{"gitId":"benaiahr"},"content":"    protected boolean isDone;","lastModifiedDate":"2022-02-15"},{"lineNumber":5,"author":{"gitId":"benaiahr"},"content":"","lastModifiedDate":"2022-02-15"},{"lineNumber":6,"author":{"gitId":"benaiahr"},"content":"    public Task(String description) {","lastModifiedDate":"2022-02-15"},{"lineNumber":7,"author":{"gitId":"benaiahr"},"content":"        this.description \u003d description;","lastModifiedDate":"2022-02-15"},{"lineNumber":8,"author":{"gitId":"benaiahr"},"content":"        this.isDone \u003d false;","lastModifiedDate":"2022-02-15"},{"lineNumber":9,"author":{"gitId":"benaiahr"},"content":"    }","lastModifiedDate":"2022-02-15"},{"lineNumber":10,"author":{"gitId":"benaiahr"},"content":"","lastModifiedDate":"2022-02-15"},{"lineNumber":11,"author":{"gitId":"benaiahr"},"content":"    public String getStatusIcon() {","lastModifiedDate":"2022-02-15"},{"lineNumber":12,"author":{"gitId":"benaiahr"},"content":"        return (isDone ? \"X\" : \" \"); // mark done task with X","lastModifiedDate":"2022-02-15"},{"lineNumber":13,"author":{"gitId":"benaiahr"},"content":"    }","lastModifiedDate":"2022-02-15"},{"lineNumber":14,"author":{"gitId":"benaiahr"},"content":"","lastModifiedDate":"2022-02-15"},{"lineNumber":15,"author":{"gitId":"benaiahr"},"content":"    @Override","lastModifiedDate":"2022-02-15"},{"lineNumber":16,"author":{"gitId":"benaiahr"},"content":"    public String toString() {","lastModifiedDate":"2022-02-15"},{"lineNumber":17,"author":{"gitId":"benaiahr"},"content":"        return \"[\" + getStatusIcon() + \"] \" + description;","lastModifiedDate":"2022-02-15"},{"lineNumber":18,"author":{"gitId":"benaiahr"},"content":"    }","lastModifiedDate":"2022-02-15"},{"lineNumber":19,"author":{"gitId":"benaiahr"},"content":"","lastModifiedDate":"2022-02-15"},{"lineNumber":20,"author":{"gitId":"benaiahr"},"content":"}","lastModifiedDate":"2022-02-15"}],"authorContributionMap":{"benaiahr":20}}]
