[{"path":"src/main/java/Deadline.java","fileType":"java","lines":[{"lineNumber":1,"author":{"gitId":"benaiahr"},"content":"public class Deadline extends Task {","lastModifiedDate":"2022-03-19"},{"lineNumber":2,"author":{"gitId":"benaiahr"},"content":"","lastModifiedDate":"2022-03-19"},{"lineNumber":3,"author":{"gitId":"benaiahr"},"content":"    protected String by;","lastModifiedDate":"2022-03-19"},{"lineNumber":4,"author":{"gitId":"benaiahr"},"content":"","lastModifiedDate":"2022-03-19"},{"lineNumber":5,"author":{"gitId":"benaiahr"},"content":"    public Deadline(String description, String by) {","lastModifiedDate":"2022-03-19"},{"lineNumber":6,"author":{"gitId":"benaiahr"},"content":"        super(description);","lastModifiedDate":"2022-03-19"},{"lineNumber":7,"author":{"gitId":"benaiahr"},"content":"        this.by \u003d by;","lastModifiedDate":"2022-03-19"},{"lineNumber":8,"author":{"gitId":"benaiahr"},"content":"    }","lastModifiedDate":"2022-03-19"},{"lineNumber":9,"author":{"gitId":"benaiahr"},"content":"","lastModifiedDate":"2022-03-19"},{"lineNumber":10,"author":{"gitId":"benaiahr"},"content":"    @Override","lastModifiedDate":"2022-03-19"},{"lineNumber":11,"author":{"gitId":"benaiahr"},"content":"    public String toString() {","lastModifiedDate":"2022-03-19"},{"lineNumber":12,"author":{"gitId":"benaiahr"},"content":"        return \"[D]\" + super.toString() + \" (by: \" + by + \")\";","lastModifiedDate":"2022-03-19"},{"lineNumber":13,"author":{"gitId":"benaiahr"},"content":"    }","lastModifiedDate":"2022-03-19"},{"lineNumber":14,"author":{"gitId":"benaiahr"},"content":"}","lastModifiedDate":"2022-03-19"}],"authorContributionMap":{"benaiahr":14}},{"path":"src/main/java/Duke.java","fileType":"java","lines":[{"lineNumber":1,"author":{"gitId":"benaiahr"},"content":"import java.util.Scanner;","lastModifiedDate":"2022-02-13"},{"lineNumber":2,"author":{"gitId":"benaiahr"},"content":"import java.util.ArrayList;","lastModifiedDate":"2022-03-21"},{"lineNumber":3,"author":{"gitId":"benaiahr"},"content":"import exceptions.InvalidTaskException;","lastModifiedDate":"2022-03-21"},{"lineNumber":4,"author":{"gitId":"benaiahr"},"content":"import exceptions.UnknownCommandException;","lastModifiedDate":"2022-03-21"},{"lineNumber":5,"author":{"gitId":"benaiahr"},"content":"","lastModifiedDate":"2022-02-13"},{"lineNumber":6,"author":{"gitId":"-"},"content":"public class Duke {","lastModifiedDate":"2019-07-29"},{"lineNumber":7,"author":{"gitId":"benaiahr"},"content":"","lastModifiedDate":"2022-02-13"},{"lineNumber":8,"author":{"gitId":"benaiahr"},"content":"    private static Task[] taskList \u003d new Task[100];","lastModifiedDate":"2022-02-15"},{"lineNumber":9,"author":{"gitId":"benaiahr"},"content":"    private static int taskCount \u003d 0;","lastModifiedDate":"2022-02-15"},{"lineNumber":10,"author":{"gitId":"benaiahr"},"content":"","lastModifiedDate":"2022-02-13"},{"lineNumber":11,"author":{"gitId":"benaiahr"},"content":"    public static void bye() {","lastModifiedDate":"2022-02-15"},{"lineNumber":12,"author":{"gitId":"benaiahr"},"content":"        System.out.println(\"Bye bye!\");","lastModifiedDate":"2022-02-15"},{"lineNumber":13,"author":{"gitId":"benaiahr"},"content":"        System.exit(0);","lastModifiedDate":"2022-02-15"},{"lineNumber":14,"author":{"gitId":"benaiahr"},"content":"    }","lastModifiedDate":"2022-02-15"},{"lineNumber":15,"author":{"gitId":"benaiahr"},"content":"","lastModifiedDate":"2022-02-15"},{"lineNumber":16,"author":{"gitId":"benaiahr"},"content":"    private static void list(Task[] taskList, int taskCount) {","lastModifiedDate":"2022-02-15"},{"lineNumber":17,"author":{"gitId":"benaiahr"},"content":"        if (taskCount \u003e 0) {","lastModifiedDate":"2022-02-15"},{"lineNumber":18,"author":{"gitId":"benaiahr"},"content":"            System.out.println(\"Here are the tasks in your list: \");","lastModifiedDate":"2022-02-15"},{"lineNumber":19,"author":{"gitId":"benaiahr"},"content":"            for (int i \u003d 0; i \u003c taskCount; i++) {","lastModifiedDate":"2022-02-15"},{"lineNumber":20,"author":{"gitId":"benaiahr"},"content":"                System.out.println(i + 1 + \".\" + taskList[i]);","lastModifiedDate":"2022-03-19"},{"lineNumber":21,"author":{"gitId":"benaiahr"},"content":"            }","lastModifiedDate":"2022-02-15"},{"lineNumber":22,"author":{"gitId":"benaiahr"},"content":"        }","lastModifiedDate":"2022-02-15"},{"lineNumber":23,"author":{"gitId":"benaiahr"},"content":"        else {","lastModifiedDate":"2022-02-15"},{"lineNumber":24,"author":{"gitId":"benaiahr"},"content":"            System.out.println(\"No tasks in your list.\");","lastModifiedDate":"2022-02-15"},{"lineNumber":25,"author":{"gitId":"benaiahr"},"content":"        }","lastModifiedDate":"2022-02-15"},{"lineNumber":26,"author":{"gitId":"benaiahr"},"content":"    }","lastModifiedDate":"2022-02-15"},{"lineNumber":27,"author":{"gitId":"benaiahr"},"content":"","lastModifiedDate":"2022-02-15"},{"lineNumber":28,"author":{"gitId":"benaiahr"},"content":"    private static void mark(String input, int taskIndex){","lastModifiedDate":"2022-03-19"},{"lineNumber":29,"author":{"gitId":"benaiahr"},"content":"","lastModifiedDate":"2022-02-15"},{"lineNumber":30,"author":{"gitId":"benaiahr"},"content":"        String markTask \u003d input.substring(0, input.indexOf(\u0027 \u0027)).trim();","lastModifiedDate":"2022-02-15"},{"lineNumber":31,"author":{"gitId":"benaiahr"},"content":"        boolean success;","lastModifiedDate":"2022-03-21"},{"lineNumber":32,"author":{"gitId":"benaiahr"},"content":"        try {","lastModifiedDate":"2022-03-21"},{"lineNumber":33,"author":{"gitId":"benaiahr"},"content":"            if (taskIndex\u003c1) throw new UnknownCommandException(\"List is empty.\");","lastModifiedDate":"2022-03-21"},{"lineNumber":34,"author":{"gitId":"benaiahr"},"content":"            if (taskCount\u003ctaskIndex) throw new UnknownCommandException(\"Selected task to mark is invalid.\");","lastModifiedDate":"2022-03-21"},{"lineNumber":35,"author":{"gitId":"benaiahr"},"content":"            taskIndex \u003d taskIndex-1;","lastModifiedDate":"2022-03-21"},{"lineNumber":36,"author":{"gitId":"benaiahr"},"content":"            if (markTask.equals(\"mark\")) {","lastModifiedDate":"2022-02-15"},{"lineNumber":37,"author":{"gitId":"benaiahr"},"content":"                success \u003d taskList[taskIndex].markAsDone();","lastModifiedDate":"2022-03-21"},{"lineNumber":38,"author":{"gitId":"benaiahr"},"content":"                if (success) {","lastModifiedDate":"2022-03-21"},{"lineNumber":39,"author":{"gitId":"benaiahr"},"content":"                    System.out.println(\"Nice! I\u0027ve marked this task as done: \");","lastModifiedDate":"2022-02-15"},{"lineNumber":40,"author":{"gitId":"benaiahr"},"content":"                    System.out.println(taskList[taskIndex]);","lastModifiedDate":"2022-03-19"},{"lineNumber":41,"author":{"gitId":"benaiahr"},"content":"                }","lastModifiedDate":"2022-03-21"},{"lineNumber":42,"author":{"gitId":"benaiahr"},"content":"                else {","lastModifiedDate":"2022-03-21"},{"lineNumber":43,"author":{"gitId":"benaiahr"},"content":"                    System.out.println(\"Task is already marked as done: \");","lastModifiedDate":"2022-03-21"},{"lineNumber":44,"author":{"gitId":"benaiahr"},"content":"                    System.out.println(taskList[taskIndex]);","lastModifiedDate":"2022-03-21"},{"lineNumber":45,"author":{"gitId":"benaiahr"},"content":"                }","lastModifiedDate":"2022-03-21"},{"lineNumber":46,"author":{"gitId":"benaiahr"},"content":"            }","lastModifiedDate":"2022-02-15"},{"lineNumber":47,"author":{"gitId":"benaiahr"},"content":"            else if (markTask.equals(\"unmark\")) {","lastModifiedDate":"2022-02-15"},{"lineNumber":48,"author":{"gitId":"benaiahr"},"content":"                success \u003d taskList[taskIndex].markAsUndone();","lastModifiedDate":"2022-03-21"},{"lineNumber":49,"author":{"gitId":"benaiahr"},"content":"                if (success) {","lastModifiedDate":"2022-03-21"},{"lineNumber":50,"author":{"gitId":"benaiahr"},"content":"                    System.out.println(\"OK, I\u0027ve marked this task as not done yet: \");","lastModifiedDate":"2022-02-15"},{"lineNumber":51,"author":{"gitId":"benaiahr"},"content":"                    System.out.println(taskList[taskIndex]);","lastModifiedDate":"2022-03-19"},{"lineNumber":52,"author":{"gitId":"benaiahr"},"content":"                }","lastModifiedDate":"2022-03-19"},{"lineNumber":53,"author":{"gitId":"benaiahr"},"content":"                else {","lastModifiedDate":"2022-03-21"},{"lineNumber":54,"author":{"gitId":"benaiahr"},"content":"                    System.out.println(\"Task is already marked as not done: \");","lastModifiedDate":"2022-03-21"},{"lineNumber":55,"author":{"gitId":"benaiahr"},"content":"                    System.out.println(taskList[taskIndex]);","lastModifiedDate":"2022-03-21"},{"lineNumber":56,"author":{"gitId":"benaiahr"},"content":"                }","lastModifiedDate":"2022-03-21"},{"lineNumber":57,"author":{"gitId":"benaiahr"},"content":"            }","lastModifiedDate":"2022-03-21"},{"lineNumber":58,"author":{"gitId":"benaiahr"},"content":"        }","lastModifiedDate":"2022-03-21"},{"lineNumber":59,"author":{"gitId":"benaiahr"},"content":"        catch (UnknownCommandException e) {","lastModifiedDate":"2022-03-21"},{"lineNumber":60,"author":{"gitId":"benaiahr"},"content":"            System.out.println(e.getMessage());","lastModifiedDate":"2022-03-21"},{"lineNumber":61,"author":{"gitId":"benaiahr"},"content":"        }","lastModifiedDate":"2022-03-19"},{"lineNumber":62,"author":{"gitId":"benaiahr"},"content":"","lastModifiedDate":"2022-03-19"},{"lineNumber":63,"author":{"gitId":"benaiahr"},"content":"    }","lastModifiedDate":"2022-03-19"},{"lineNumber":64,"author":{"gitId":"benaiahr"},"content":"","lastModifiedDate":"2022-03-21"},{"lineNumber":65,"author":{"gitId":"benaiahr"},"content":"    public static void addItem(String type, String input){","lastModifiedDate":"2022-03-21"},{"lineNumber":66,"author":{"gitId":"benaiahr"},"content":"        try {","lastModifiedDate":"2022-03-21"},{"lineNumber":67,"author":{"gitId":"benaiahr"},"content":"            if (type.equals(\"todo\")) {","lastModifiedDate":"2022-03-21"},{"lineNumber":68,"author":{"gitId":"benaiahr"},"content":"                if (input.isEmpty()) throw new InvalidTaskException(\"Todo cannot be empty.\");","lastModifiedDate":"2022-03-21"},{"lineNumber":69,"author":{"gitId":"benaiahr"},"content":"                taskList[taskCount] \u003d new Todo(input);","lastModifiedDate":"2022-03-21"},{"lineNumber":70,"author":{"gitId":"benaiahr"},"content":"                taskCount++;","lastModifiedDate":"2022-03-21"},{"lineNumber":71,"author":{"gitId":"benaiahr"},"content":"            }","lastModifiedDate":"2022-03-19"},{"lineNumber":72,"author":{"gitId":"benaiahr"},"content":"            else if (type.equals(\"event\")){","lastModifiedDate":"2022-03-21"},{"lineNumber":73,"author":{"gitId":"benaiahr"},"content":"                if (!input.contains(\"/at\")) throw new InvalidTaskException(\"Use the correct command (event DESCRIPTION /at EVENT_DATE).\");","lastModifiedDate":"2022-03-21"},{"lineNumber":74,"author":{"gitId":"benaiahr"},"content":"                String[] task \u003d input.split(\"/at\");","lastModifiedDate":"2022-03-21"},{"lineNumber":75,"author":{"gitId":"benaiahr"},"content":"                if (task[0].isEmpty()) throw new InvalidTaskException(\"Include description (event DESCRIPTION /at EVENT_DATE).\");","lastModifiedDate":"2022-03-21"},{"lineNumber":76,"author":{"gitId":"benaiahr"},"content":"                if (task.length !\u003d 2) throw new InvalidTaskException(\"Include description and event date (event DESCRIPTION /at EVENT_DATE).\");","lastModifiedDate":"2022-03-21"},{"lineNumber":77,"author":{"gitId":"benaiahr"},"content":"                taskList[taskCount] \u003d new Event(task[0], task[1]);","lastModifiedDate":"2022-03-21"},{"lineNumber":78,"author":{"gitId":"benaiahr"},"content":"                taskCount++;","lastModifiedDate":"2022-03-21"},{"lineNumber":79,"author":{"gitId":"benaiahr"},"content":"            }","lastModifiedDate":"2022-03-19"},{"lineNumber":80,"author":{"gitId":"benaiahr"},"content":"            else if (type.equals(\"deadline\")){","lastModifiedDate":"2022-03-21"},{"lineNumber":81,"author":{"gitId":"benaiahr"},"content":"                if (!input.contains(\"/by\")) throw new InvalidTaskException(\"Use the correct command (deadline DESCRIPTION /by DEADLINE).\");","lastModifiedDate":"2022-03-21"},{"lineNumber":82,"author":{"gitId":"benaiahr"},"content":"                String[] task \u003d input.split(\"/by\");","lastModifiedDate":"2022-03-21"},{"lineNumber":83,"author":{"gitId":"benaiahr"},"content":"                if (task[0].isEmpty()) throw new InvalidTaskException(\"Include description (deadline DESCRIPTION /by DEADLINE).\");","lastModifiedDate":"2022-03-21"},{"lineNumber":84,"author":{"gitId":"benaiahr"},"content":"                if (task.length !\u003d 2) throw new InvalidTaskException(\"Include deadline (deadline DESCRIPTION /by DEADLINE).\");","lastModifiedDate":"2022-03-21"},{"lineNumber":85,"author":{"gitId":"benaiahr"},"content":"                taskList[taskCount] \u003d new Event(task[0], task[1]);","lastModifiedDate":"2022-03-21"},{"lineNumber":86,"author":{"gitId":"benaiahr"},"content":"                taskCount++;","lastModifiedDate":"2022-03-21"},{"lineNumber":87,"author":{"gitId":"benaiahr"},"content":"            }","lastModifiedDate":"2022-03-19"},{"lineNumber":88,"author":{"gitId":"benaiahr"},"content":"            System.out.println(\"added this task: \" + taskList[taskCount-1]);","lastModifiedDate":"2022-03-21"},{"lineNumber":89,"author":{"gitId":"benaiahr"},"content":"            System.out.println(\"you have \" + taskCount + \" tasks in your list.\");","lastModifiedDate":"2022-03-21"},{"lineNumber":90,"author":{"gitId":"benaiahr"},"content":"        }","lastModifiedDate":"2022-03-21"},{"lineNumber":91,"author":{"gitId":"benaiahr"},"content":"        catch (InvalidTaskException e) {","lastModifiedDate":"2022-03-21"},{"lineNumber":92,"author":{"gitId":"benaiahr"},"content":"            System.out.println(e.getMessage());","lastModifiedDate":"2022-03-21"},{"lineNumber":93,"author":{"gitId":"benaiahr"},"content":"        }","lastModifiedDate":"2022-03-19"},{"lineNumber":94,"author":{"gitId":"benaiahr"},"content":"    }","lastModifiedDate":"2022-02-15"},{"lineNumber":95,"author":{"gitId":"benaiahr"},"content":"","lastModifiedDate":"2022-02-15"},{"lineNumber":96,"author":{"gitId":"benaiahr"},"content":"    private static void processInput(String input) throws UnknownCommandException {","lastModifiedDate":"2022-03-21"},{"lineNumber":97,"author":{"gitId":"benaiahr"},"content":"","lastModifiedDate":"2022-03-19"},{"lineNumber":98,"author":{"gitId":"benaiahr"},"content":"        if (input.startsWith(\"bye\")) {","lastModifiedDate":"2022-03-21"},{"lineNumber":99,"author":{"gitId":"benaiahr"},"content":"            bye();","lastModifiedDate":"2022-03-21"},{"lineNumber":100,"author":{"gitId":"benaiahr"},"content":"        }","lastModifiedDate":"2022-03-21"},{"lineNumber":101,"author":{"gitId":"benaiahr"},"content":"        else if (input.startsWith(\"list\")) {","lastModifiedDate":"2022-03-21"},{"lineNumber":102,"author":{"gitId":"benaiahr"},"content":"            list(taskList, taskCount);","lastModifiedDate":"2022-03-21"},{"lineNumber":103,"author":{"gitId":"benaiahr"},"content":"        }","lastModifiedDate":"2022-03-21"},{"lineNumber":104,"author":{"gitId":"benaiahr"},"content":"        else if (input.startsWith(\"todo\")) {","lastModifiedDate":"2022-03-21"},{"lineNumber":105,"author":{"gitId":"benaiahr"},"content":"            addItem(\"todo\", input.replaceFirst(\"todo\", \"\").trim());","lastModifiedDate":"2022-03-21"},{"lineNumber":106,"author":{"gitId":"benaiahr"},"content":"        }","lastModifiedDate":"2022-03-21"},{"lineNumber":107,"author":{"gitId":"benaiahr"},"content":"        else if (input.startsWith(\"event\")) {","lastModifiedDate":"2022-03-21"},{"lineNumber":108,"author":{"gitId":"benaiahr"},"content":"            addItem(\"event\", input.replaceFirst(\"event\", \"\").trim());","lastModifiedDate":"2022-03-21"},{"lineNumber":109,"author":{"gitId":"benaiahr"},"content":"        }","lastModifiedDate":"2022-03-21"},{"lineNumber":110,"author":{"gitId":"benaiahr"},"content":"        else if (input.startsWith(\"deadline\")) {","lastModifiedDate":"2022-03-21"},{"lineNumber":111,"author":{"gitId":"benaiahr"},"content":"            addItem(\"deadline\", input.replaceFirst(\"deadline\", \"\").trim());","lastModifiedDate":"2022-03-21"},{"lineNumber":112,"author":{"gitId":"benaiahr"},"content":"        }","lastModifiedDate":"2022-03-21"},{"lineNumber":113,"author":{"gitId":"benaiahr"},"content":"        else if (input.startsWith(\"mark\") || input.startsWith(\"unmark\")) {","lastModifiedDate":"2022-03-21"},{"lineNumber":114,"author":{"gitId":"benaiahr"},"content":"            String index \u003d input.replaceAll(\"\\\\D+\",\"\");","lastModifiedDate":"2022-03-19"},{"lineNumber":115,"author":{"gitId":"benaiahr"},"content":"            mark(input, Integer.parseInt(index));","lastModifiedDate":"2022-03-21"},{"lineNumber":116,"author":{"gitId":"benaiahr"},"content":"        }","lastModifiedDate":"2022-03-21"},{"lineNumber":117,"author":{"gitId":"benaiahr"},"content":"        else {","lastModifiedDate":"2022-03-21"},{"lineNumber":118,"author":{"gitId":"benaiahr"},"content":"            throw new UnknownCommandException();","lastModifiedDate":"2022-03-21"},{"lineNumber":119,"author":{"gitId":"benaiahr"},"content":"        }","lastModifiedDate":"2022-03-21"},{"lineNumber":120,"author":{"gitId":"benaiahr"},"content":"    }","lastModifiedDate":"2022-02-13"},{"lineNumber":121,"author":{"gitId":"benaiahr"},"content":"","lastModifiedDate":"2022-02-13"},{"lineNumber":122,"author":{"gitId":"-"},"content":"    public static void main(String[] args) {","lastModifiedDate":"2019-07-29"},{"lineNumber":123,"author":{"gitId":"benaiahr"},"content":"","lastModifiedDate":"2022-02-13"},{"lineNumber":124,"author":{"gitId":"-"},"content":"        String logo \u003d \" ____        _        \\n\"","lastModifiedDate":"2019-07-29"},{"lineNumber":125,"author":{"gitId":"-"},"content":"                + \"|  _ \\\\ _   _| | _____ \\n\"","lastModifiedDate":"2019-07-29"},{"lineNumber":126,"author":{"gitId":"-"},"content":"                + \"| | | | | | | |/ / _ \\\\\\n\"","lastModifiedDate":"2019-07-29"},{"lineNumber":127,"author":{"gitId":"-"},"content":"                + \"| |_| | |_| |   \u003c  __/\\n\"","lastModifiedDate":"2019-07-29"},{"lineNumber":128,"author":{"gitId":"-"},"content":"                + \"|____/ \\\\__,_|_|\\\\_\\\\___|\\n\";","lastModifiedDate":"2019-07-29"},{"lineNumber":129,"author":{"gitId":"-"},"content":"        System.out.println(\"Hello from\\n\" + logo);","lastModifiedDate":"2019-07-29"},{"lineNumber":130,"author":{"gitId":"benaiahr"},"content":"        System.out.println(\"I\u0027m Duke\\n\" + \"What can I do for you?\");","lastModifiedDate":"2022-02-13"},{"lineNumber":131,"author":{"gitId":"benaiahr"},"content":"","lastModifiedDate":"2022-02-13"},{"lineNumber":132,"author":{"gitId":"benaiahr"},"content":"        String input;","lastModifiedDate":"2022-02-13"},{"lineNumber":133,"author":{"gitId":"benaiahr"},"content":"        Scanner in \u003d new Scanner(System.in);","lastModifiedDate":"2022-02-13"},{"lineNumber":134,"author":{"gitId":"benaiahr"},"content":"","lastModifiedDate":"2022-02-13"},{"lineNumber":135,"author":{"gitId":"benaiahr"},"content":"        while (true) {","lastModifiedDate":"2022-02-15"},{"lineNumber":136,"author":{"gitId":"benaiahr"},"content":"            input \u003d in.nextLine();","lastModifiedDate":"2022-02-13"},{"lineNumber":137,"author":{"gitId":"benaiahr"},"content":"","lastModifiedDate":"2022-02-15"},{"lineNumber":138,"author":{"gitId":"benaiahr"},"content":"            try {","lastModifiedDate":"2022-03-21"},{"lineNumber":139,"author":{"gitId":"benaiahr"},"content":"                processInput(input);","lastModifiedDate":"2022-03-21"},{"lineNumber":140,"author":{"gitId":"benaiahr"},"content":"            } catch (UnknownCommandException e) {","lastModifiedDate":"2022-03-21"},{"lineNumber":141,"author":{"gitId":"benaiahr"},"content":"                System.out.println(e.getMessage());","lastModifiedDate":"2022-03-21"},{"lineNumber":142,"author":{"gitId":"benaiahr"},"content":"            }","lastModifiedDate":"2022-02-13"},{"lineNumber":143,"author":{"gitId":"benaiahr"},"content":"        }","lastModifiedDate":"2022-02-13"},{"lineNumber":144,"author":{"gitId":"-"},"content":"    }","lastModifiedDate":"2019-07-29"},{"lineNumber":145,"author":{"gitId":"-"},"content":"}","lastModifiedDate":"2019-07-29"}],"authorContributionMap":{"benaiahr":135,"-":10}},{"path":"src/main/java/Event.java","fileType":"java","lines":[{"lineNumber":1,"author":{"gitId":"benaiahr"},"content":"public class Event extends Task {","lastModifiedDate":"2022-03-19"},{"lineNumber":2,"author":{"gitId":"benaiahr"},"content":"","lastModifiedDate":"2022-03-19"},{"lineNumber":3,"author":{"gitId":"benaiahr"},"content":"    protected String at;","lastModifiedDate":"2022-03-19"},{"lineNumber":4,"author":{"gitId":"benaiahr"},"content":"","lastModifiedDate":"2022-03-19"},{"lineNumber":5,"author":{"gitId":"benaiahr"},"content":"    public Event(String description, String at) {","lastModifiedDate":"2022-03-19"},{"lineNumber":6,"author":{"gitId":"benaiahr"},"content":"        super(description);","lastModifiedDate":"2022-03-19"},{"lineNumber":7,"author":{"gitId":"benaiahr"},"content":"        this.at \u003d at;","lastModifiedDate":"2022-03-19"},{"lineNumber":8,"author":{"gitId":"benaiahr"},"content":"    }","lastModifiedDate":"2022-03-19"},{"lineNumber":9,"author":{"gitId":"benaiahr"},"content":"","lastModifiedDate":"2022-03-19"},{"lineNumber":10,"author":{"gitId":"benaiahr"},"content":"    @Override","lastModifiedDate":"2022-03-19"},{"lineNumber":11,"author":{"gitId":"benaiahr"},"content":"    public String toString() {","lastModifiedDate":"2022-03-19"},{"lineNumber":12,"author":{"gitId":"benaiahr"},"content":"        return \"[E]\" + super.toString() + \" (at: \" + at + \")\";","lastModifiedDate":"2022-03-19"},{"lineNumber":13,"author":{"gitId":"benaiahr"},"content":"    }","lastModifiedDate":"2022-03-19"},{"lineNumber":14,"author":{"gitId":"benaiahr"},"content":"}","lastModifiedDate":"2022-03-19"}],"authorContributionMap":{"benaiahr":14}},{"path":"src/main/java/Task.java","fileType":"java","lines":[{"lineNumber":1,"author":{"gitId":"benaiahr"},"content":"public class Task {","lastModifiedDate":"2022-02-15"},{"lineNumber":2,"author":{"gitId":"benaiahr"},"content":"","lastModifiedDate":"2022-02-15"},{"lineNumber":3,"author":{"gitId":"benaiahr"},"content":"    protected String description;","lastModifiedDate":"2022-02-15"},{"lineNumber":4,"author":{"gitId":"benaiahr"},"content":"    protected boolean isDone;","lastModifiedDate":"2022-02-15"},{"lineNumber":5,"author":{"gitId":"benaiahr"},"content":"","lastModifiedDate":"2022-02-15"},{"lineNumber":6,"author":{"gitId":"benaiahr"},"content":"    public Task(String description) {","lastModifiedDate":"2022-02-15"},{"lineNumber":7,"author":{"gitId":"benaiahr"},"content":"        this.description \u003d description;","lastModifiedDate":"2022-02-15"},{"lineNumber":8,"author":{"gitId":"benaiahr"},"content":"        this.isDone \u003d false;","lastModifiedDate":"2022-02-15"},{"lineNumber":9,"author":{"gitId":"benaiahr"},"content":"    }","lastModifiedDate":"2022-02-15"},{"lineNumber":10,"author":{"gitId":"benaiahr"},"content":"","lastModifiedDate":"2022-02-15"},{"lineNumber":11,"author":{"gitId":"benaiahr"},"content":"    public Task() {","lastModifiedDate":"2022-03-19"},{"lineNumber":12,"author":{"gitId":"benaiahr"},"content":"        this.description \u003d \"\";","lastModifiedDate":"2022-03-19"},{"lineNumber":13,"author":{"gitId":"benaiahr"},"content":"        this.isDone \u003d false;","lastModifiedDate":"2022-03-19"},{"lineNumber":14,"author":{"gitId":"benaiahr"},"content":"    }","lastModifiedDate":"2022-03-19"},{"lineNumber":15,"author":{"gitId":"benaiahr"},"content":"","lastModifiedDate":"2022-03-19"},{"lineNumber":16,"author":{"gitId":"benaiahr"},"content":"    public String getStatusIcon() {","lastModifiedDate":"2022-02-15"},{"lineNumber":17,"author":{"gitId":"benaiahr"},"content":"        return (isDone ? \"X\" : \" \"); // mark done task with X","lastModifiedDate":"2022-02-15"},{"lineNumber":18,"author":{"gitId":"benaiahr"},"content":"    }","lastModifiedDate":"2022-02-15"},{"lineNumber":19,"author":{"gitId":"benaiahr"},"content":"","lastModifiedDate":"2022-02-15"},{"lineNumber":20,"author":{"gitId":"benaiahr"},"content":"    public boolean markAsDone() {","lastModifiedDate":"2022-03-21"},{"lineNumber":21,"author":{"gitId":"benaiahr"},"content":"        if (isDone \u003d\u003d false) {","lastModifiedDate":"2022-03-21"},{"lineNumber":22,"author":{"gitId":"benaiahr"},"content":"            isDone \u003d true;","lastModifiedDate":"2022-03-21"},{"lineNumber":23,"author":{"gitId":"benaiahr"},"content":"            return true;","lastModifiedDate":"2022-03-21"},{"lineNumber":24,"author":{"gitId":"benaiahr"},"content":"        }","lastModifiedDate":"2022-03-21"},{"lineNumber":25,"author":{"gitId":"benaiahr"},"content":"        return false;","lastModifiedDate":"2022-03-21"},{"lineNumber":26,"author":{"gitId":"benaiahr"},"content":"    }","lastModifiedDate":"2022-03-21"},{"lineNumber":27,"author":{"gitId":"benaiahr"},"content":"","lastModifiedDate":"2022-03-21"},{"lineNumber":28,"author":{"gitId":"benaiahr"},"content":"    public boolean markAsUndone() {","lastModifiedDate":"2022-03-21"},{"lineNumber":29,"author":{"gitId":"benaiahr"},"content":"        if (isDone \u003d\u003d true) {","lastModifiedDate":"2022-03-21"},{"lineNumber":30,"author":{"gitId":"benaiahr"},"content":"            isDone \u003d false;","lastModifiedDate":"2022-03-21"},{"lineNumber":31,"author":{"gitId":"benaiahr"},"content":"            return true;","lastModifiedDate":"2022-03-21"},{"lineNumber":32,"author":{"gitId":"benaiahr"},"content":"        }","lastModifiedDate":"2022-03-21"},{"lineNumber":33,"author":{"gitId":"benaiahr"},"content":"        return false;","lastModifiedDate":"2022-03-21"},{"lineNumber":34,"author":{"gitId":"benaiahr"},"content":"    }","lastModifiedDate":"2022-03-21"},{"lineNumber":35,"author":{"gitId":"benaiahr"},"content":"","lastModifiedDate":"2022-03-21"},{"lineNumber":36,"author":{"gitId":"benaiahr"},"content":"    @Override","lastModifiedDate":"2022-02-15"},{"lineNumber":37,"author":{"gitId":"benaiahr"},"content":"    public String toString() {","lastModifiedDate":"2022-02-15"},{"lineNumber":38,"author":{"gitId":"benaiahr"},"content":"        return \"[\" + getStatusIcon() + \"] \" + description;","lastModifiedDate":"2022-02-15"},{"lineNumber":39,"author":{"gitId":"benaiahr"},"content":"    }","lastModifiedDate":"2022-02-15"},{"lineNumber":40,"author":{"gitId":"benaiahr"},"content":"","lastModifiedDate":"2022-02-15"},{"lineNumber":41,"author":{"gitId":"benaiahr"},"content":"}","lastModifiedDate":"2022-02-15"}],"authorContributionMap":{"benaiahr":41}},{"path":"src/main/java/Todo.java","fileType":"java","lines":[{"lineNumber":1,"author":{"gitId":"benaiahr"},"content":"public class Todo extends Task {","lastModifiedDate":"2022-03-19"},{"lineNumber":2,"author":{"gitId":"benaiahr"},"content":"","lastModifiedDate":"2022-03-19"},{"lineNumber":3,"author":{"gitId":"benaiahr"},"content":"    public Todo(String description) {","lastModifiedDate":"2022-03-19"},{"lineNumber":4,"author":{"gitId":"benaiahr"},"content":"        super(description);","lastModifiedDate":"2022-03-19"},{"lineNumber":5,"author":{"gitId":"benaiahr"},"content":"    }","lastModifiedDate":"2022-03-19"},{"lineNumber":6,"author":{"gitId":"benaiahr"},"content":"","lastModifiedDate":"2022-03-19"},{"lineNumber":7,"author":{"gitId":"benaiahr"},"content":"    @Override","lastModifiedDate":"2022-03-19"},{"lineNumber":8,"author":{"gitId":"benaiahr"},"content":"    public String toString() {","lastModifiedDate":"2022-03-19"},{"lineNumber":9,"author":{"gitId":"benaiahr"},"content":"        return \"[T]\" + super.toString();","lastModifiedDate":"2022-03-19"},{"lineNumber":10,"author":{"gitId":"benaiahr"},"content":"    }","lastModifiedDate":"2022-03-19"},{"lineNumber":11,"author":{"gitId":"benaiahr"},"content":"","lastModifiedDate":"2022-03-19"},{"lineNumber":12,"author":{"gitId":"benaiahr"},"content":"}","lastModifiedDate":"2022-03-19"}],"authorContributionMap":{"benaiahr":12}},{"path":"src/main/java/exceptions/InvalidTaskException.java","fileType":"java","lines":[{"lineNumber":1,"author":{"gitId":"benaiahr"},"content":"package exceptions;","lastModifiedDate":"2022-03-21"},{"lineNumber":2,"author":{"gitId":"benaiahr"},"content":"","lastModifiedDate":"2022-03-21"},{"lineNumber":3,"author":{"gitId":"benaiahr"},"content":"public class InvalidTaskException extends Exception {","lastModifiedDate":"2022-03-21"},{"lineNumber":4,"author":{"gitId":"benaiahr"},"content":"","lastModifiedDate":"2022-03-21"},{"lineNumber":5,"author":{"gitId":"benaiahr"},"content":"    String error;","lastModifiedDate":"2022-03-21"},{"lineNumber":6,"author":{"gitId":"benaiahr"},"content":"","lastModifiedDate":"2022-03-21"},{"lineNumber":7,"author":{"gitId":"benaiahr"},"content":"    public InvalidTaskException(String errorMessage) {","lastModifiedDate":"2022-03-21"},{"lineNumber":8,"author":{"gitId":"benaiahr"},"content":"        super(errorMessage);","lastModifiedDate":"2022-03-21"},{"lineNumber":9,"author":{"gitId":"benaiahr"},"content":"        error \u003d errorMessage;","lastModifiedDate":"2022-03-21"},{"lineNumber":10,"author":{"gitId":"benaiahr"},"content":"    }","lastModifiedDate":"2022-03-21"},{"lineNumber":11,"author":{"gitId":"benaiahr"},"content":"","lastModifiedDate":"2022-03-21"},{"lineNumber":12,"author":{"gitId":"benaiahr"},"content":"    @Override","lastModifiedDate":"2022-03-21"},{"lineNumber":13,"author":{"gitId":"benaiahr"},"content":"    public String getMessage () {","lastModifiedDate":"2022-03-21"},{"lineNumber":14,"author":{"gitId":"benaiahr"},"content":"        return error;","lastModifiedDate":"2022-03-21"},{"lineNumber":15,"author":{"gitId":"benaiahr"},"content":"    }","lastModifiedDate":"2022-03-21"},{"lineNumber":16,"author":{"gitId":"benaiahr"},"content":"","lastModifiedDate":"2022-03-21"},{"lineNumber":17,"author":{"gitId":"benaiahr"},"content":"}","lastModifiedDate":"2022-03-21"}],"authorContributionMap":{"benaiahr":17}},{"path":"src/main/java/exceptions/UnknownCommandException.java","fileType":"java","lines":[{"lineNumber":1,"author":{"gitId":"benaiahr"},"content":"package exceptions;","lastModifiedDate":"2022-03-21"},{"lineNumber":2,"author":{"gitId":"benaiahr"},"content":"","lastModifiedDate":"2022-03-21"},{"lineNumber":3,"author":{"gitId":"benaiahr"},"content":"public class UnknownCommandException extends Exception {","lastModifiedDate":"2022-03-21"},{"lineNumber":4,"author":{"gitId":"benaiahr"},"content":"","lastModifiedDate":"2022-03-21"},{"lineNumber":5,"author":{"gitId":"benaiahr"},"content":"    String error \u003d \"You have entered an invalid command.\";","lastModifiedDate":"2022-03-21"},{"lineNumber":6,"author":{"gitId":"benaiahr"},"content":"","lastModifiedDate":"2022-03-21"},{"lineNumber":7,"author":{"gitId":"benaiahr"},"content":"    public UnknownCommandException() {","lastModifiedDate":"2022-03-21"},{"lineNumber":8,"author":{"gitId":"benaiahr"},"content":"        super();","lastModifiedDate":"2022-03-21"},{"lineNumber":9,"author":{"gitId":"benaiahr"},"content":"    }","lastModifiedDate":"2022-03-21"},{"lineNumber":10,"author":{"gitId":"benaiahr"},"content":"","lastModifiedDate":"2022-03-21"},{"lineNumber":11,"author":{"gitId":"benaiahr"},"content":"    public UnknownCommandException(String errorMessage) {","lastModifiedDate":"2022-03-21"},{"lineNumber":12,"author":{"gitId":"benaiahr"},"content":"        super(errorMessage);","lastModifiedDate":"2022-03-21"},{"lineNumber":13,"author":{"gitId":"benaiahr"},"content":"        error \u003d errorMessage;","lastModifiedDate":"2022-03-21"},{"lineNumber":14,"author":{"gitId":"benaiahr"},"content":"    }","lastModifiedDate":"2022-03-21"},{"lineNumber":15,"author":{"gitId":"benaiahr"},"content":"","lastModifiedDate":"2022-03-21"},{"lineNumber":16,"author":{"gitId":"benaiahr"},"content":"    @Override","lastModifiedDate":"2022-03-21"},{"lineNumber":17,"author":{"gitId":"benaiahr"},"content":"    public String getMessage () {","lastModifiedDate":"2022-03-21"},{"lineNumber":18,"author":{"gitId":"benaiahr"},"content":"        return error;","lastModifiedDate":"2022-03-21"},{"lineNumber":19,"author":{"gitId":"benaiahr"},"content":"    }","lastModifiedDate":"2022-03-21"},{"lineNumber":20,"author":{"gitId":"benaiahr"},"content":"","lastModifiedDate":"2022-03-21"},{"lineNumber":21,"author":{"gitId":"benaiahr"},"content":"}","lastModifiedDate":"2022-03-21"}],"authorContributionMap":{"benaiahr":21}}]
