[{"path":"src/main/java/Deadline.java","fileType":"java","lines":[{"lineNumber":1,"author":{"gitId":"benaiahr"},"content":"public class Deadline extends Task {","lastModifiedDate":"2022-03-19"},{"lineNumber":2,"author":{"gitId":"benaiahr"},"content":"","lastModifiedDate":"2022-03-19"},{"lineNumber":3,"author":{"gitId":"benaiahr"},"content":"    protected String by;","lastModifiedDate":"2022-03-19"},{"lineNumber":4,"author":{"gitId":"benaiahr"},"content":"","lastModifiedDate":"2022-03-19"},{"lineNumber":5,"author":{"gitId":"benaiahr"},"content":"    public Deadline(String description, String by) {","lastModifiedDate":"2022-03-19"},{"lineNumber":6,"author":{"gitId":"benaiahr"},"content":"        super(description);","lastModifiedDate":"2022-03-19"},{"lineNumber":7,"author":{"gitId":"benaiahr"},"content":"        this.by \u003d by;","lastModifiedDate":"2022-03-19"},{"lineNumber":8,"author":{"gitId":"benaiahr"},"content":"    }","lastModifiedDate":"2022-03-19"},{"lineNumber":9,"author":{"gitId":"benaiahr"},"content":"","lastModifiedDate":"2022-03-19"},{"lineNumber":10,"author":{"gitId":"benaiahr"},"content":"    public Deadline(String description, boolean isDone, String by) {","lastModifiedDate":"2022-03-27"},{"lineNumber":11,"author":{"gitId":"benaiahr"},"content":"        super(description, isDone);","lastModifiedDate":"2022-03-27"},{"lineNumber":12,"author":{"gitId":"benaiahr"},"content":"        this.by \u003d by;","lastModifiedDate":"2022-03-27"},{"lineNumber":13,"author":{"gitId":"benaiahr"},"content":"    }","lastModifiedDate":"2022-03-27"},{"lineNumber":14,"author":{"gitId":"benaiahr"},"content":"","lastModifiedDate":"2022-03-27"},{"lineNumber":15,"author":{"gitId":"benaiahr"},"content":"    @Override","lastModifiedDate":"2022-03-19"},{"lineNumber":16,"author":{"gitId":"benaiahr"},"content":"    public String toString() {","lastModifiedDate":"2022-03-19"},{"lineNumber":17,"author":{"gitId":"benaiahr"},"content":"        return \"[D]\" + super.toString() + \" (by: \" + by + \")\";","lastModifiedDate":"2022-03-19"},{"lineNumber":18,"author":{"gitId":"benaiahr"},"content":"    }","lastModifiedDate":"2022-03-19"},{"lineNumber":19,"author":{"gitId":"benaiahr"},"content":"","lastModifiedDate":"2022-03-27"},{"lineNumber":20,"author":{"gitId":"benaiahr"},"content":"    public String toFile() {","lastModifiedDate":"2022-03-27"},{"lineNumber":21,"author":{"gitId":"benaiahr"},"content":"        return \"D | \" + super.toFile() + \" | \" + by;","lastModifiedDate":"2022-03-27"},{"lineNumber":22,"author":{"gitId":"benaiahr"},"content":"    }","lastModifiedDate":"2022-03-27"},{"lineNumber":23,"author":{"gitId":"benaiahr"},"content":"}","lastModifiedDate":"2022-03-19"}],"authorContributionMap":{"benaiahr":23}},{"path":"src/main/java/Duke.java","fileType":"java","lines":[{"lineNumber":1,"author":{"gitId":"benaiahr"},"content":"import java.io.*;","lastModifiedDate":"2022-03-27"},{"lineNumber":2,"author":{"gitId":"benaiahr"},"content":"import java.util.Scanner;","lastModifiedDate":"2022-02-13"},{"lineNumber":3,"author":{"gitId":"benaiahr"},"content":"import java.util.ArrayList;","lastModifiedDate":"2022-03-21"},{"lineNumber":4,"author":{"gitId":"benaiahr"},"content":"import exceptions.InvalidTaskException;","lastModifiedDate":"2022-03-21"},{"lineNumber":5,"author":{"gitId":"benaiahr"},"content":"import exceptions.UnknownCommandException;","lastModifiedDate":"2022-03-21"},{"lineNumber":6,"author":{"gitId":"benaiahr"},"content":"","lastModifiedDate":"2022-02-13"},{"lineNumber":7,"author":{"gitId":"-"},"content":"public class Duke {","lastModifiedDate":"2019-07-29"},{"lineNumber":8,"author":{"gitId":"benaiahr"},"content":"","lastModifiedDate":"2022-02-13"},{"lineNumber":9,"author":{"gitId":"-"},"content":"    private static ArrayList\u003cTask\u003e taskList \u003d new ArrayList\u003c\u003e();","lastModifiedDate":"2022-03-21"},{"lineNumber":10,"author":{"gitId":"benaiahr"},"content":"","lastModifiedDate":"2022-02-13"},{"lineNumber":11,"author":{"gitId":"benaiahr"},"content":"    private static void bye() {","lastModifiedDate":"2022-03-27"},{"lineNumber":12,"author":{"gitId":"benaiahr"},"content":"        System.out.println(\"Bye bye!\");","lastModifiedDate":"2022-02-15"},{"lineNumber":13,"author":{"gitId":"benaiahr"},"content":"        System.exit(0);","lastModifiedDate":"2022-02-15"},{"lineNumber":14,"author":{"gitId":"benaiahr"},"content":"    }","lastModifiedDate":"2022-02-15"},{"lineNumber":15,"author":{"gitId":"benaiahr"},"content":"","lastModifiedDate":"2022-02-15"},{"lineNumber":16,"author":{"gitId":"-"},"content":"    private static void list() {","lastModifiedDate":"2022-03-21"},{"lineNumber":17,"author":{"gitId":"-"},"content":"        if (!taskList.isEmpty()) {","lastModifiedDate":"2022-03-21"},{"lineNumber":18,"author":{"gitId":"benaiahr"},"content":"            System.out.println(\"Here are the tasks in your list: \");","lastModifiedDate":"2022-02-15"},{"lineNumber":19,"author":{"gitId":"-"},"content":"            for (int i \u003d 0; i \u003c taskList.size(); i++) {","lastModifiedDate":"2022-03-21"},{"lineNumber":20,"author":{"gitId":"-"},"content":"                System.out.println(i + 1 + \".\" + taskList.get(i));","lastModifiedDate":"2022-03-21"},{"lineNumber":21,"author":{"gitId":"benaiahr"},"content":"            }","lastModifiedDate":"2022-02-15"},{"lineNumber":22,"author":{"gitId":"benaiahr"},"content":"        }","lastModifiedDate":"2022-02-15"},{"lineNumber":23,"author":{"gitId":"benaiahr"},"content":"        else {","lastModifiedDate":"2022-02-15"},{"lineNumber":24,"author":{"gitId":"benaiahr"},"content":"            System.out.println(\"No tasks in your list.\");","lastModifiedDate":"2022-02-15"},{"lineNumber":25,"author":{"gitId":"benaiahr"},"content":"        }","lastModifiedDate":"2022-02-15"},{"lineNumber":26,"author":{"gitId":"benaiahr"},"content":"    }","lastModifiedDate":"2022-02-15"},{"lineNumber":27,"author":{"gitId":"benaiahr"},"content":"","lastModifiedDate":"2022-02-15"},{"lineNumber":28,"author":{"gitId":"benaiahr"},"content":"    private static void mark(String input, int taskIndex){","lastModifiedDate":"2022-03-19"},{"lineNumber":29,"author":{"gitId":"benaiahr"},"content":"","lastModifiedDate":"2022-02-15"},{"lineNumber":30,"author":{"gitId":"benaiahr"},"content":"        String markTask \u003d input.substring(0, input.indexOf(\u0027 \u0027)).trim();","lastModifiedDate":"2022-02-15"},{"lineNumber":31,"author":{"gitId":"benaiahr"},"content":"        boolean success;","lastModifiedDate":"2022-03-21"},{"lineNumber":32,"author":{"gitId":"benaiahr"},"content":"        try {","lastModifiedDate":"2022-03-21"},{"lineNumber":33,"author":{"gitId":"-"},"content":"            if (taskIndex\u003c1 || taskList.size()\u003ctaskIndex) throw new UnknownCommandException(\"Selected task to mark is invalid.\");","lastModifiedDate":"2022-03-21"},{"lineNumber":34,"author":{"gitId":"-"},"content":"            taskIndex--;","lastModifiedDate":"2022-03-21"},{"lineNumber":35,"author":{"gitId":"benaiahr"},"content":"            if (markTask.equals(\"mark\")) {","lastModifiedDate":"2022-02-15"},{"lineNumber":36,"author":{"gitId":"-"},"content":"                success \u003d taskList.get(taskIndex).markAsDone();","lastModifiedDate":"2022-03-21"},{"lineNumber":37,"author":{"gitId":"benaiahr"},"content":"                if (success) {","lastModifiedDate":"2022-03-21"},{"lineNumber":38,"author":{"gitId":"benaiahr"},"content":"                    System.out.println(\"Nice! I\u0027ve marked this task as done: \");","lastModifiedDate":"2022-02-15"},{"lineNumber":39,"author":{"gitId":"-"},"content":"                    System.out.println(taskList.get(taskIndex));","lastModifiedDate":"2022-03-21"},{"lineNumber":40,"author":{"gitId":"benaiahr"},"content":"                }","lastModifiedDate":"2022-03-21"},{"lineNumber":41,"author":{"gitId":"benaiahr"},"content":"                else {","lastModifiedDate":"2022-03-21"},{"lineNumber":42,"author":{"gitId":"benaiahr"},"content":"                    System.out.println(\"Task is already marked as done: \");","lastModifiedDate":"2022-03-21"},{"lineNumber":43,"author":{"gitId":"-"},"content":"                    System.out.println(taskList.get(taskIndex));","lastModifiedDate":"2022-03-21"},{"lineNumber":44,"author":{"gitId":"benaiahr"},"content":"                }","lastModifiedDate":"2022-03-21"},{"lineNumber":45,"author":{"gitId":"benaiahr"},"content":"            }","lastModifiedDate":"2022-02-15"},{"lineNumber":46,"author":{"gitId":"benaiahr"},"content":"            else if (markTask.equals(\"unmark\")) {","lastModifiedDate":"2022-02-15"},{"lineNumber":47,"author":{"gitId":"-"},"content":"                success \u003d taskList.get(taskIndex).markAsUndone();","lastModifiedDate":"2022-03-21"},{"lineNumber":48,"author":{"gitId":"benaiahr"},"content":"                if (success) {","lastModifiedDate":"2022-03-21"},{"lineNumber":49,"author":{"gitId":"benaiahr"},"content":"                    System.out.println(\"OK, I\u0027ve marked this task as not done yet: \");","lastModifiedDate":"2022-02-15"},{"lineNumber":50,"author":{"gitId":"-"},"content":"                    System.out.println(taskList.get(taskIndex));","lastModifiedDate":"2022-03-21"},{"lineNumber":51,"author":{"gitId":"benaiahr"},"content":"                }","lastModifiedDate":"2022-03-19"},{"lineNumber":52,"author":{"gitId":"benaiahr"},"content":"                else {","lastModifiedDate":"2022-03-21"},{"lineNumber":53,"author":{"gitId":"benaiahr"},"content":"                    System.out.println(\"Task is already marked as not done: \");","lastModifiedDate":"2022-03-21"},{"lineNumber":54,"author":{"gitId":"-"},"content":"                    System.out.println(taskList.get(taskIndex));","lastModifiedDate":"2022-03-21"},{"lineNumber":55,"author":{"gitId":"benaiahr"},"content":"                }","lastModifiedDate":"2022-03-21"},{"lineNumber":56,"author":{"gitId":"benaiahr"},"content":"            }","lastModifiedDate":"2022-03-21"},{"lineNumber":57,"author":{"gitId":"benaiahr"},"content":"        }","lastModifiedDate":"2022-03-21"},{"lineNumber":58,"author":{"gitId":"benaiahr"},"content":"        catch (UnknownCommandException e) {","lastModifiedDate":"2022-03-21"},{"lineNumber":59,"author":{"gitId":"benaiahr"},"content":"            System.out.println(e.getMessage());","lastModifiedDate":"2022-03-21"},{"lineNumber":60,"author":{"gitId":"benaiahr"},"content":"        }","lastModifiedDate":"2022-03-19"},{"lineNumber":61,"author":{"gitId":"benaiahr"},"content":"","lastModifiedDate":"2022-03-19"},{"lineNumber":62,"author":{"gitId":"benaiahr"},"content":"    }","lastModifiedDate":"2022-03-19"},{"lineNumber":63,"author":{"gitId":"benaiahr"},"content":"","lastModifiedDate":"2022-03-21"},{"lineNumber":64,"author":{"gitId":"benaiahr"},"content":"    private static void addItem(String type, String input){","lastModifiedDate":"2022-03-27"},{"lineNumber":65,"author":{"gitId":"benaiahr"},"content":"        try {","lastModifiedDate":"2022-03-21"},{"lineNumber":66,"author":{"gitId":"benaiahr"},"content":"            if (type.equals(\"todo\")) {","lastModifiedDate":"2022-03-21"},{"lineNumber":67,"author":{"gitId":"benaiahr"},"content":"                if (input.isEmpty()) throw new InvalidTaskException(\"Todo cannot be empty.\");","lastModifiedDate":"2022-03-21"},{"lineNumber":68,"author":{"gitId":"-"},"content":"                taskList.add(new Todo(input));","lastModifiedDate":"2022-03-21"},{"lineNumber":69,"author":{"gitId":"benaiahr"},"content":"            }","lastModifiedDate":"2022-03-19"},{"lineNumber":70,"author":{"gitId":"benaiahr"},"content":"            else if (type.equals(\"event\")){","lastModifiedDate":"2022-03-21"},{"lineNumber":71,"author":{"gitId":"benaiahr"},"content":"                if (!input.contains(\"/at\")) throw new InvalidTaskException(\"Use the correct command (event DESCRIPTION /at EVENT_DATE).\");","lastModifiedDate":"2022-03-21"},{"lineNumber":72,"author":{"gitId":"benaiahr"},"content":"                String[] task \u003d input.split(\"/at\");","lastModifiedDate":"2022-03-21"},{"lineNumber":73,"author":{"gitId":"benaiahr"},"content":"                if (task[0].isEmpty()) throw new InvalidTaskException(\"Include description (event DESCRIPTION /at EVENT_DATE).\");","lastModifiedDate":"2022-03-21"},{"lineNumber":74,"author":{"gitId":"benaiahr"},"content":"                if (task.length !\u003d 2) throw new InvalidTaskException(\"Include description and event date (event DESCRIPTION /at EVENT_DATE).\");","lastModifiedDate":"2022-03-21"},{"lineNumber":75,"author":{"gitId":"-"},"content":"                taskList.add(new Event(task[0].trim(), task[1].trim()));","lastModifiedDate":"2022-03-21"},{"lineNumber":76,"author":{"gitId":"benaiahr"},"content":"            }","lastModifiedDate":"2022-03-19"},{"lineNumber":77,"author":{"gitId":"benaiahr"},"content":"            else if (type.equals(\"deadline\")){","lastModifiedDate":"2022-03-21"},{"lineNumber":78,"author":{"gitId":"benaiahr"},"content":"                if (!input.contains(\"/by\")) throw new InvalidTaskException(\"Use the correct command (deadline DESCRIPTION /by DEADLINE).\");","lastModifiedDate":"2022-03-21"},{"lineNumber":79,"author":{"gitId":"benaiahr"},"content":"                String[] task \u003d input.split(\"/by\");","lastModifiedDate":"2022-03-21"},{"lineNumber":80,"author":{"gitId":"benaiahr"},"content":"                if (task[0].isEmpty()) throw new InvalidTaskException(\"Include description (deadline DESCRIPTION /by DEADLINE).\");","lastModifiedDate":"2022-03-21"},{"lineNumber":81,"author":{"gitId":"benaiahr"},"content":"                if (task.length !\u003d 2) throw new InvalidTaskException(\"Include deadline (deadline DESCRIPTION /by DEADLINE).\");","lastModifiedDate":"2022-03-21"},{"lineNumber":82,"author":{"gitId":"-"},"content":"                taskList.add(new Deadline(task[0].trim(), task[1].trim()));","lastModifiedDate":"2022-03-21"},{"lineNumber":83,"author":{"gitId":"benaiahr"},"content":"            }","lastModifiedDate":"2022-03-19"},{"lineNumber":84,"author":{"gitId":"-"},"content":"            System.out.println(\"added this task: \" + taskList.get(taskList.size()-1));","lastModifiedDate":"2022-03-21"},{"lineNumber":85,"author":{"gitId":"-"},"content":"            System.out.println(\"you have \" + (taskList.size()) + \" tasks in your list.\");","lastModifiedDate":"2022-03-21"},{"lineNumber":86,"author":{"gitId":"benaiahr"},"content":"        }","lastModifiedDate":"2022-03-21"},{"lineNumber":87,"author":{"gitId":"benaiahr"},"content":"        catch (InvalidTaskException e) {","lastModifiedDate":"2022-03-21"},{"lineNumber":88,"author":{"gitId":"benaiahr"},"content":"            System.out.println(e.getMessage());","lastModifiedDate":"2022-03-21"},{"lineNumber":89,"author":{"gitId":"benaiahr"},"content":"        }","lastModifiedDate":"2022-03-19"},{"lineNumber":90,"author":{"gitId":"benaiahr"},"content":"    }","lastModifiedDate":"2022-02-15"},{"lineNumber":91,"author":{"gitId":"benaiahr"},"content":"","lastModifiedDate":"2022-02-15"},{"lineNumber":92,"author":{"gitId":"benaiahr"},"content":"    private static void deleteItem(int taskIndex){","lastModifiedDate":"2022-03-27"},{"lineNumber":93,"author":{"gitId":"-"},"content":"        try {","lastModifiedDate":"2022-03-21"},{"lineNumber":94,"author":{"gitId":"-"},"content":"            if (taskIndex\u003c1 || taskList.size()\u003ctaskIndex) throw new UnknownCommandException(\"Selected task to delete is invalid.\");","lastModifiedDate":"2022-03-21"},{"lineNumber":95,"author":{"gitId":"-"},"content":"            taskIndex--;","lastModifiedDate":"2022-03-21"},{"lineNumber":96,"author":{"gitId":"-"},"content":"","lastModifiedDate":"2022-03-21"},{"lineNumber":97,"author":{"gitId":"-"},"content":"            System.out.println(\"deleted this task: \" + taskList.get(taskIndex));","lastModifiedDate":"2022-03-21"},{"lineNumber":98,"author":{"gitId":"-"},"content":"            System.out.println(\"you have \" + (taskList.size()-1) + \" tasks in your list.\");","lastModifiedDate":"2022-03-21"},{"lineNumber":99,"author":{"gitId":"-"},"content":"            taskList.remove(taskIndex);","lastModifiedDate":"2022-03-21"},{"lineNumber":100,"author":{"gitId":"-"},"content":"        }","lastModifiedDate":"2022-03-21"},{"lineNumber":101,"author":{"gitId":"-"},"content":"        catch (UnknownCommandException e) {","lastModifiedDate":"2022-03-21"},{"lineNumber":102,"author":{"gitId":"-"},"content":"            System.out.println(e.getMessage());","lastModifiedDate":"2022-03-21"},{"lineNumber":103,"author":{"gitId":"-"},"content":"        }","lastModifiedDate":"2022-03-21"},{"lineNumber":104,"author":{"gitId":"-"},"content":"    }","lastModifiedDate":"2022-03-21"},{"lineNumber":105,"author":{"gitId":"-"},"content":"","lastModifiedDate":"2022-03-21"},{"lineNumber":106,"author":{"gitId":"benaiahr"},"content":"    private static void processInput(String input) throws UnknownCommandException {","lastModifiedDate":"2022-03-21"},{"lineNumber":107,"author":{"gitId":"benaiahr"},"content":"","lastModifiedDate":"2022-03-19"},{"lineNumber":108,"author":{"gitId":"benaiahr"},"content":"        if (input.startsWith(\"bye\")) {","lastModifiedDate":"2022-03-21"},{"lineNumber":109,"author":{"gitId":"benaiahr"},"content":"            bye();","lastModifiedDate":"2022-03-21"},{"lineNumber":110,"author":{"gitId":"benaiahr"},"content":"        }","lastModifiedDate":"2022-03-21"},{"lineNumber":111,"author":{"gitId":"benaiahr"},"content":"        else if (input.startsWith(\"list\")) {","lastModifiedDate":"2022-03-21"},{"lineNumber":112,"author":{"gitId":"-"},"content":"            list();","lastModifiedDate":"2022-03-21"},{"lineNumber":113,"author":{"gitId":"benaiahr"},"content":"        }","lastModifiedDate":"2022-03-21"},{"lineNumber":114,"author":{"gitId":"benaiahr"},"content":"        else if (input.startsWith(\"todo\")) {","lastModifiedDate":"2022-03-21"},{"lineNumber":115,"author":{"gitId":"benaiahr"},"content":"            addItem(\"todo\", input.replaceFirst(\"todo\", \"\").trim());","lastModifiedDate":"2022-03-21"},{"lineNumber":116,"author":{"gitId":"benaiahr"},"content":"            saveFile();","lastModifiedDate":"2022-03-27"},{"lineNumber":117,"author":{"gitId":"benaiahr"},"content":"        }","lastModifiedDate":"2022-03-21"},{"lineNumber":118,"author":{"gitId":"benaiahr"},"content":"        else if (input.startsWith(\"event\")) {","lastModifiedDate":"2022-03-21"},{"lineNumber":119,"author":{"gitId":"benaiahr"},"content":"            addItem(\"event\", input.replaceFirst(\"event\", \"\").trim());","lastModifiedDate":"2022-03-21"},{"lineNumber":120,"author":{"gitId":"benaiahr"},"content":"            saveFile();","lastModifiedDate":"2022-03-27"},{"lineNumber":121,"author":{"gitId":"benaiahr"},"content":"        }","lastModifiedDate":"2022-03-21"},{"lineNumber":122,"author":{"gitId":"benaiahr"},"content":"        else if (input.startsWith(\"deadline\")) {","lastModifiedDate":"2022-03-21"},{"lineNumber":123,"author":{"gitId":"benaiahr"},"content":"            addItem(\"deadline\", input.replaceFirst(\"deadline\", \"\").trim());","lastModifiedDate":"2022-03-21"},{"lineNumber":124,"author":{"gitId":"benaiahr"},"content":"            saveFile();","lastModifiedDate":"2022-03-27"},{"lineNumber":125,"author":{"gitId":"benaiahr"},"content":"        }","lastModifiedDate":"2022-03-21"},{"lineNumber":126,"author":{"gitId":"benaiahr"},"content":"        else if (input.startsWith(\"mark\") || input.startsWith(\"unmark\")) {","lastModifiedDate":"2022-03-21"},{"lineNumber":127,"author":{"gitId":"benaiahr"},"content":"            String index \u003d input.replaceAll(\"\\\\D+\",\"\");","lastModifiedDate":"2022-03-19"},{"lineNumber":128,"author":{"gitId":"-"},"content":"            if (index.isEmpty()) throw new UnknownCommandException(\"Invalid task input. Use an integer.\");","lastModifiedDate":"2022-03-21"},{"lineNumber":129,"author":{"gitId":"benaiahr"},"content":"            mark(input, Integer.parseInt(index));","lastModifiedDate":"2022-03-21"},{"lineNumber":130,"author":{"gitId":"benaiahr"},"content":"            saveFile();","lastModifiedDate":"2022-03-27"},{"lineNumber":131,"author":{"gitId":"benaiahr"},"content":"        }","lastModifiedDate":"2022-03-21"},{"lineNumber":132,"author":{"gitId":"-"},"content":"        else if (input.startsWith(\"delete\")) {","lastModifiedDate":"2022-03-21"},{"lineNumber":133,"author":{"gitId":"-"},"content":"            String index \u003d input.replaceAll(\"\\\\D+\",\"\");","lastModifiedDate":"2022-03-21"},{"lineNumber":134,"author":{"gitId":"-"},"content":"            if (index.isEmpty()) throw new UnknownCommandException(\"Invalid task input. Use an integer.\");","lastModifiedDate":"2022-03-21"},{"lineNumber":135,"author":{"gitId":"-"},"content":"            deleteItem(Integer.parseInt(index));","lastModifiedDate":"2022-03-21"},{"lineNumber":136,"author":{"gitId":"benaiahr"},"content":"            saveFile();","lastModifiedDate":"2022-03-27"},{"lineNumber":137,"author":{"gitId":"-"},"content":"        }","lastModifiedDate":"2022-03-21"},{"lineNumber":138,"author":{"gitId":"benaiahr"},"content":"        else {","lastModifiedDate":"2022-03-21"},{"lineNumber":139,"author":{"gitId":"benaiahr"},"content":"            throw new UnknownCommandException();","lastModifiedDate":"2022-03-21"},{"lineNumber":140,"author":{"gitId":"benaiahr"},"content":"        }","lastModifiedDate":"2022-03-21"},{"lineNumber":141,"author":{"gitId":"benaiahr"},"content":"    }","lastModifiedDate":"2022-02-13"},{"lineNumber":142,"author":{"gitId":"benaiahr"},"content":"","lastModifiedDate":"2022-02-13"},{"lineNumber":143,"author":{"gitId":"benaiahr"},"content":"    private static String createDirectory() {","lastModifiedDate":"2022-03-27"},{"lineNumber":144,"author":{"gitId":"benaiahr"},"content":"","lastModifiedDate":"2022-03-27"},{"lineNumber":145,"author":{"gitId":"benaiahr"},"content":"        String directoryName \u003d System.getProperty(\"user.dir\") + File.separator + \"data\";","lastModifiedDate":"2022-03-27"},{"lineNumber":146,"author":{"gitId":"benaiahr"},"content":"        File directory \u003d new File(directoryName);","lastModifiedDate":"2022-03-27"},{"lineNumber":147,"author":{"gitId":"benaiahr"},"content":"        if (! directory.exists()){","lastModifiedDate":"2022-03-27"},{"lineNumber":148,"author":{"gitId":"benaiahr"},"content":"            directory.mkdir();","lastModifiedDate":"2022-03-27"},{"lineNumber":149,"author":{"gitId":"benaiahr"},"content":"        }","lastModifiedDate":"2022-03-27"},{"lineNumber":150,"author":{"gitId":"benaiahr"},"content":"        return directoryName;","lastModifiedDate":"2022-03-27"},{"lineNumber":151,"author":{"gitId":"benaiahr"},"content":"    }","lastModifiedDate":"2022-03-27"},{"lineNumber":152,"author":{"gitId":"benaiahr"},"content":"","lastModifiedDate":"2022-03-27"},{"lineNumber":153,"author":{"gitId":"benaiahr"},"content":"    private static void saveFile() {","lastModifiedDate":"2022-03-27"},{"lineNumber":154,"author":{"gitId":"benaiahr"},"content":"","lastModifiedDate":"2022-03-27"},{"lineNumber":155,"author":{"gitId":"benaiahr"},"content":"        File fileName \u003d new File(createDirectory() + File.separator + \"list.txt\");","lastModifiedDate":"2022-03-27"},{"lineNumber":156,"author":{"gitId":"benaiahr"},"content":"","lastModifiedDate":"2022-03-27"},{"lineNumber":157,"author":{"gitId":"benaiahr"},"content":"        try {","lastModifiedDate":"2022-03-27"},{"lineNumber":158,"author":{"gitId":"benaiahr"},"content":"            FileWriter fw \u003d new FileWriter(fileName);","lastModifiedDate":"2022-03-27"},{"lineNumber":159,"author":{"gitId":"benaiahr"},"content":"            Writer output \u003d new BufferedWriter(fw);","lastModifiedDate":"2022-03-27"},{"lineNumber":160,"author":{"gitId":"benaiahr"},"content":"            int size \u003d taskList.size();","lastModifiedDate":"2022-03-27"},{"lineNumber":161,"author":{"gitId":"benaiahr"},"content":"            for (int i \u003d 0; i \u003c size; i++){","lastModifiedDate":"2022-03-27"},{"lineNumber":162,"author":{"gitId":"benaiahr"},"content":"                output.write(taskList.get(i).toFile() + \"\\n\");","lastModifiedDate":"2022-03-27"},{"lineNumber":163,"author":{"gitId":"benaiahr"},"content":"            }","lastModifiedDate":"2022-03-27"},{"lineNumber":164,"author":{"gitId":"benaiahr"},"content":"            output.close();","lastModifiedDate":"2022-03-27"},{"lineNumber":165,"author":{"gitId":"benaiahr"},"content":"        } catch (IOException e) {","lastModifiedDate":"2022-03-27"},{"lineNumber":166,"author":{"gitId":"benaiahr"},"content":"            System.out.println(e.getMessage());","lastModifiedDate":"2022-03-27"},{"lineNumber":167,"author":{"gitId":"benaiahr"},"content":"        }","lastModifiedDate":"2022-03-27"},{"lineNumber":168,"author":{"gitId":"benaiahr"},"content":"    }","lastModifiedDate":"2022-03-27"},{"lineNumber":169,"author":{"gitId":"benaiahr"},"content":"","lastModifiedDate":"2022-03-27"},{"lineNumber":170,"author":{"gitId":"benaiahr"},"content":"    private static void loadFile() {","lastModifiedDate":"2022-03-27"},{"lineNumber":171,"author":{"gitId":"benaiahr"},"content":"","lastModifiedDate":"2022-03-27"},{"lineNumber":172,"author":{"gitId":"benaiahr"},"content":"        File fileName \u003d new File(createDirectory() + File.separator + \"list.txt\");","lastModifiedDate":"2022-03-27"},{"lineNumber":173,"author":{"gitId":"benaiahr"},"content":"        String line;","lastModifiedDate":"2022-03-27"},{"lineNumber":174,"author":{"gitId":"benaiahr"},"content":"","lastModifiedDate":"2022-03-27"},{"lineNumber":175,"author":{"gitId":"benaiahr"},"content":"        try {","lastModifiedDate":"2022-03-27"},{"lineNumber":176,"author":{"gitId":"benaiahr"},"content":"            BufferedReader input \u003d new BufferedReader(new FileReader(fileName));","lastModifiedDate":"2022-03-27"},{"lineNumber":177,"author":{"gitId":"benaiahr"},"content":"            if (!input.ready()) {","lastModifiedDate":"2022-03-27"},{"lineNumber":178,"author":{"gitId":"benaiahr"},"content":"                throw new IOException();","lastModifiedDate":"2022-03-27"},{"lineNumber":179,"author":{"gitId":"benaiahr"},"content":"            }","lastModifiedDate":"2022-03-27"},{"lineNumber":180,"author":{"gitId":"benaiahr"},"content":"            while ((line \u003d input.readLine()) !\u003d null) {","lastModifiedDate":"2022-03-27"},{"lineNumber":181,"author":{"gitId":"benaiahr"},"content":"                loadItem(line);","lastModifiedDate":"2022-03-27"},{"lineNumber":182,"author":{"gitId":"benaiahr"},"content":"            }","lastModifiedDate":"2022-03-27"},{"lineNumber":183,"author":{"gitId":"benaiahr"},"content":"            input.close();","lastModifiedDate":"2022-03-27"},{"lineNumber":184,"author":{"gitId":"benaiahr"},"content":"        } catch (IOException e){","lastModifiedDate":"2022-03-27"},{"lineNumber":185,"author":{"gitId":"benaiahr"},"content":"            System.out.println(e.getMessage());","lastModifiedDate":"2022-03-27"},{"lineNumber":186,"author":{"gitId":"benaiahr"},"content":"        }","lastModifiedDate":"2022-03-27"},{"lineNumber":187,"author":{"gitId":"benaiahr"},"content":"    }","lastModifiedDate":"2022-03-27"},{"lineNumber":188,"author":{"gitId":"benaiahr"},"content":"","lastModifiedDate":"2022-03-27"},{"lineNumber":189,"author":{"gitId":"benaiahr"},"content":"    private static void loadItem(String input) {","lastModifiedDate":"2022-03-27"},{"lineNumber":190,"author":{"gitId":"benaiahr"},"content":"","lastModifiedDate":"2022-03-27"},{"lineNumber":191,"author":{"gitId":"benaiahr"},"content":"        //split takes a regular expression and | is a special character (means \u0027or\u0027).","lastModifiedDate":"2022-03-27"},{"lineNumber":192,"author":{"gitId":"benaiahr"},"content":"        // requires additional \\\\ in regex since \\ is Java\u0027s escape character in a string.","lastModifiedDate":"2022-03-27"},{"lineNumber":193,"author":{"gitId":"benaiahr"},"content":"        // Java understands the string like \"\\|\", and the regex then understands it like \"|\"","lastModifiedDate":"2022-03-27"},{"lineNumber":194,"author":{"gitId":"benaiahr"},"content":"        ","lastModifiedDate":"2022-03-27"},{"lineNumber":195,"author":{"gitId":"benaiahr"},"content":"        if (input.startsWith(\"T\")) {","lastModifiedDate":"2022-03-27"},{"lineNumber":196,"author":{"gitId":"benaiahr"},"content":"            String[] task \u003d input.split(\"\\\\|\");","lastModifiedDate":"2022-03-27"},{"lineNumber":197,"author":{"gitId":"benaiahr"},"content":"            taskList.add(new Todo(task[2].trim(), Boolean.parseBoolean((task[1].trim()))));","lastModifiedDate":"2022-03-27"},{"lineNumber":198,"author":{"gitId":"benaiahr"},"content":"        }","lastModifiedDate":"2022-03-27"},{"lineNumber":199,"author":{"gitId":"benaiahr"},"content":"        else if (input.startsWith(\"E\")) {","lastModifiedDate":"2022-03-27"},{"lineNumber":200,"author":{"gitId":"benaiahr"},"content":"            String[] task \u003d input.split(\"\\\\|\");","lastModifiedDate":"2022-03-27"},{"lineNumber":201,"author":{"gitId":"benaiahr"},"content":"            taskList.add(new Event(task[2].trim(), Boolean.parseBoolean((task[1].trim())), task[3].trim()));","lastModifiedDate":"2022-03-27"},{"lineNumber":202,"author":{"gitId":"benaiahr"},"content":"        }","lastModifiedDate":"2022-03-27"},{"lineNumber":203,"author":{"gitId":"benaiahr"},"content":"        else if (input.startsWith(\"D\")) {","lastModifiedDate":"2022-03-27"},{"lineNumber":204,"author":{"gitId":"benaiahr"},"content":"            String[] task \u003d input.split(\"\\\\|\");","lastModifiedDate":"2022-03-27"},{"lineNumber":205,"author":{"gitId":"benaiahr"},"content":"            taskList.add(new Deadline(task[2].trim(), Boolean.parseBoolean((task[1].trim())), task[3].trim()));","lastModifiedDate":"2022-03-27"},{"lineNumber":206,"author":{"gitId":"benaiahr"},"content":"        }","lastModifiedDate":"2022-03-27"},{"lineNumber":207,"author":{"gitId":"benaiahr"},"content":"    }","lastModifiedDate":"2022-03-27"},{"lineNumber":208,"author":{"gitId":"benaiahr"},"content":"","lastModifiedDate":"2022-03-27"},{"lineNumber":209,"author":{"gitId":"-"},"content":"    public static void main(String[] args) {","lastModifiedDate":"2019-07-29"},{"lineNumber":210,"author":{"gitId":"benaiahr"},"content":"","lastModifiedDate":"2022-02-13"},{"lineNumber":211,"author":{"gitId":"-"},"content":"        String logo \u003d \" ____        _        \\n\"","lastModifiedDate":"2019-07-29"},{"lineNumber":212,"author":{"gitId":"-"},"content":"                + \"|  _ \\\\ _   _| | _____ \\n\"","lastModifiedDate":"2019-07-29"},{"lineNumber":213,"author":{"gitId":"-"},"content":"                + \"| | | | | | | |/ / _ \\\\\\n\"","lastModifiedDate":"2019-07-29"},{"lineNumber":214,"author":{"gitId":"-"},"content":"                + \"| |_| | |_| |   \u003c  __/\\n\"","lastModifiedDate":"2019-07-29"},{"lineNumber":215,"author":{"gitId":"-"},"content":"                + \"|____/ \\\\__,_|_|\\\\_\\\\___|\\n\";","lastModifiedDate":"2019-07-29"},{"lineNumber":216,"author":{"gitId":"-"},"content":"        System.out.println(\"Hello from\\n\" + logo);","lastModifiedDate":"2019-07-29"},{"lineNumber":217,"author":{"gitId":"benaiahr"},"content":"        System.out.println(\"I\u0027m Duke\\n\" + \"What can I do for you?\");","lastModifiedDate":"2022-02-13"},{"lineNumber":218,"author":{"gitId":"benaiahr"},"content":"","lastModifiedDate":"2022-02-13"},{"lineNumber":219,"author":{"gitId":"benaiahr"},"content":"        loadFile();","lastModifiedDate":"2022-03-27"},{"lineNumber":220,"author":{"gitId":"benaiahr"},"content":"        String input;","lastModifiedDate":"2022-02-13"},{"lineNumber":221,"author":{"gitId":"benaiahr"},"content":"        Scanner in \u003d new Scanner(System.in);","lastModifiedDate":"2022-02-13"},{"lineNumber":222,"author":{"gitId":"benaiahr"},"content":"","lastModifiedDate":"2022-02-13"},{"lineNumber":223,"author":{"gitId":"benaiahr"},"content":"        while (true) {","lastModifiedDate":"2022-02-15"},{"lineNumber":224,"author":{"gitId":"benaiahr"},"content":"            input \u003d in.nextLine();","lastModifiedDate":"2022-02-13"},{"lineNumber":225,"author":{"gitId":"benaiahr"},"content":"","lastModifiedDate":"2022-02-15"},{"lineNumber":226,"author":{"gitId":"benaiahr"},"content":"            try {","lastModifiedDate":"2022-03-21"},{"lineNumber":227,"author":{"gitId":"benaiahr"},"content":"                processInput(input);","lastModifiedDate":"2022-03-21"},{"lineNumber":228,"author":{"gitId":"benaiahr"},"content":"            } catch (UnknownCommandException e) {","lastModifiedDate":"2022-03-21"},{"lineNumber":229,"author":{"gitId":"benaiahr"},"content":"                System.out.println(e.getMessage());","lastModifiedDate":"2022-03-21"},{"lineNumber":230,"author":{"gitId":"benaiahr"},"content":"            }","lastModifiedDate":"2022-02-13"},{"lineNumber":231,"author":{"gitId":"benaiahr"},"content":"        }","lastModifiedDate":"2022-02-13"},{"lineNumber":232,"author":{"gitId":"-"},"content":"    }","lastModifiedDate":"2019-07-29"},{"lineNumber":233,"author":{"gitId":"-"},"content":"}","lastModifiedDate":"2019-07-29"}],"authorContributionMap":{"benaiahr":185,"-":48}},{"path":"src/main/java/Event.java","fileType":"java","lines":[{"lineNumber":1,"author":{"gitId":"benaiahr"},"content":"public class Event extends Task {","lastModifiedDate":"2022-03-19"},{"lineNumber":2,"author":{"gitId":"benaiahr"},"content":"","lastModifiedDate":"2022-03-19"},{"lineNumber":3,"author":{"gitId":"benaiahr"},"content":"    protected String at;","lastModifiedDate":"2022-03-19"},{"lineNumber":4,"author":{"gitId":"benaiahr"},"content":"","lastModifiedDate":"2022-03-19"},{"lineNumber":5,"author":{"gitId":"benaiahr"},"content":"    public Event(String description, String at) {","lastModifiedDate":"2022-03-19"},{"lineNumber":6,"author":{"gitId":"benaiahr"},"content":"        super(description);","lastModifiedDate":"2022-03-19"},{"lineNumber":7,"author":{"gitId":"benaiahr"},"content":"        this.at \u003d at;","lastModifiedDate":"2022-03-19"},{"lineNumber":8,"author":{"gitId":"benaiahr"},"content":"    }","lastModifiedDate":"2022-03-19"},{"lineNumber":9,"author":{"gitId":"benaiahr"},"content":"","lastModifiedDate":"2022-03-19"},{"lineNumber":10,"author":{"gitId":"benaiahr"},"content":"    public Event(String description, boolean isDone, String at) {","lastModifiedDate":"2022-03-27"},{"lineNumber":11,"author":{"gitId":"benaiahr"},"content":"        super(description, isDone);","lastModifiedDate":"2022-03-27"},{"lineNumber":12,"author":{"gitId":"benaiahr"},"content":"        this.at \u003d at;","lastModifiedDate":"2022-03-27"},{"lineNumber":13,"author":{"gitId":"benaiahr"},"content":"    }","lastModifiedDate":"2022-03-27"},{"lineNumber":14,"author":{"gitId":"benaiahr"},"content":"","lastModifiedDate":"2022-03-27"},{"lineNumber":15,"author":{"gitId":"benaiahr"},"content":"    @Override","lastModifiedDate":"2022-03-19"},{"lineNumber":16,"author":{"gitId":"benaiahr"},"content":"    public String toString() {","lastModifiedDate":"2022-03-19"},{"lineNumber":17,"author":{"gitId":"benaiahr"},"content":"        return \"[E]\" + super.toString() + \" (at: \" + at + \")\";","lastModifiedDate":"2022-03-19"},{"lineNumber":18,"author":{"gitId":"benaiahr"},"content":"    }","lastModifiedDate":"2022-03-19"},{"lineNumber":19,"author":{"gitId":"benaiahr"},"content":"","lastModifiedDate":"2022-03-27"},{"lineNumber":20,"author":{"gitId":"benaiahr"},"content":"    public String toFile() {","lastModifiedDate":"2022-03-27"},{"lineNumber":21,"author":{"gitId":"benaiahr"},"content":"        return \"E | \" + super.toFile() + \" | \" + at;","lastModifiedDate":"2022-03-27"},{"lineNumber":22,"author":{"gitId":"benaiahr"},"content":"    }","lastModifiedDate":"2022-03-27"},{"lineNumber":23,"author":{"gitId":"benaiahr"},"content":"}","lastModifiedDate":"2022-03-19"}],"authorContributionMap":{"benaiahr":23}},{"path":"src/main/java/Task.java","fileType":"java","lines":[{"lineNumber":1,"author":{"gitId":"benaiahr"},"content":"public class Task {","lastModifiedDate":"2022-02-15"},{"lineNumber":2,"author":{"gitId":"benaiahr"},"content":"","lastModifiedDate":"2022-02-15"},{"lineNumber":3,"author":{"gitId":"benaiahr"},"content":"    protected String description;","lastModifiedDate":"2022-02-15"},{"lineNumber":4,"author":{"gitId":"benaiahr"},"content":"    protected boolean isDone;","lastModifiedDate":"2022-02-15"},{"lineNumber":5,"author":{"gitId":"benaiahr"},"content":"","lastModifiedDate":"2022-02-15"},{"lineNumber":6,"author":{"gitId":"benaiahr"},"content":"    public Task(String description) {","lastModifiedDate":"2022-02-15"},{"lineNumber":7,"author":{"gitId":"benaiahr"},"content":"        this.description \u003d description;","lastModifiedDate":"2022-02-15"},{"lineNumber":8,"author":{"gitId":"benaiahr"},"content":"        this.isDone \u003d false;","lastModifiedDate":"2022-02-15"},{"lineNumber":9,"author":{"gitId":"benaiahr"},"content":"    }","lastModifiedDate":"2022-02-15"},{"lineNumber":10,"author":{"gitId":"benaiahr"},"content":"","lastModifiedDate":"2022-02-15"},{"lineNumber":11,"author":{"gitId":"benaiahr"},"content":"    public Task(String description, boolean isDone) {","lastModifiedDate":"2022-03-27"},{"lineNumber":12,"author":{"gitId":"benaiahr"},"content":"        this.description \u003d description;","lastModifiedDate":"2022-03-27"},{"lineNumber":13,"author":{"gitId":"benaiahr"},"content":"        this.isDone \u003d isDone;","lastModifiedDate":"2022-03-27"},{"lineNumber":14,"author":{"gitId":"benaiahr"},"content":"    }","lastModifiedDate":"2022-03-19"},{"lineNumber":15,"author":{"gitId":"benaiahr"},"content":"","lastModifiedDate":"2022-03-19"},{"lineNumber":16,"author":{"gitId":"benaiahr"},"content":"    public String getStatusIcon() {","lastModifiedDate":"2022-02-15"},{"lineNumber":17,"author":{"gitId":"benaiahr"},"content":"        return (isDone ? \"X\" : \" \"); // mark done task with X","lastModifiedDate":"2022-02-15"},{"lineNumber":18,"author":{"gitId":"benaiahr"},"content":"    }","lastModifiedDate":"2022-02-15"},{"lineNumber":19,"author":{"gitId":"benaiahr"},"content":"","lastModifiedDate":"2022-02-15"},{"lineNumber":20,"author":{"gitId":"benaiahr"},"content":"    public boolean markAsDone() {","lastModifiedDate":"2022-03-21"},{"lineNumber":21,"author":{"gitId":"benaiahr"},"content":"        if (!isDone) {","lastModifiedDate":"2022-03-27"},{"lineNumber":22,"author":{"gitId":"benaiahr"},"content":"            isDone \u003d true;","lastModifiedDate":"2022-03-21"},{"lineNumber":23,"author":{"gitId":"benaiahr"},"content":"            return true;","lastModifiedDate":"2022-03-21"},{"lineNumber":24,"author":{"gitId":"benaiahr"},"content":"        }","lastModifiedDate":"2022-03-21"},{"lineNumber":25,"author":{"gitId":"benaiahr"},"content":"        return false;","lastModifiedDate":"2022-03-21"},{"lineNumber":26,"author":{"gitId":"benaiahr"},"content":"    }","lastModifiedDate":"2022-03-21"},{"lineNumber":27,"author":{"gitId":"benaiahr"},"content":"","lastModifiedDate":"2022-03-21"},{"lineNumber":28,"author":{"gitId":"benaiahr"},"content":"    public boolean markAsUndone() {","lastModifiedDate":"2022-03-21"},{"lineNumber":29,"author":{"gitId":"benaiahr"},"content":"        if (isDone) {","lastModifiedDate":"2022-03-27"},{"lineNumber":30,"author":{"gitId":"benaiahr"},"content":"            isDone \u003d false;","lastModifiedDate":"2022-03-21"},{"lineNumber":31,"author":{"gitId":"benaiahr"},"content":"            return true;","lastModifiedDate":"2022-03-21"},{"lineNumber":32,"author":{"gitId":"benaiahr"},"content":"        }","lastModifiedDate":"2022-03-21"},{"lineNumber":33,"author":{"gitId":"benaiahr"},"content":"        return false;","lastModifiedDate":"2022-03-21"},{"lineNumber":34,"author":{"gitId":"benaiahr"},"content":"    }","lastModifiedDate":"2022-03-21"},{"lineNumber":35,"author":{"gitId":"benaiahr"},"content":"","lastModifiedDate":"2022-03-21"},{"lineNumber":36,"author":{"gitId":"benaiahr"},"content":"    @Override","lastModifiedDate":"2022-02-15"},{"lineNumber":37,"author":{"gitId":"benaiahr"},"content":"    public String toString() {","lastModifiedDate":"2022-02-15"},{"lineNumber":38,"author":{"gitId":"benaiahr"},"content":"        return \"[\" + getStatusIcon() + \"] \" + description;","lastModifiedDate":"2022-02-15"},{"lineNumber":39,"author":{"gitId":"benaiahr"},"content":"    }","lastModifiedDate":"2022-02-15"},{"lineNumber":40,"author":{"gitId":"benaiahr"},"content":"","lastModifiedDate":"2022-02-15"},{"lineNumber":41,"author":{"gitId":"benaiahr"},"content":"    public String toFile() {","lastModifiedDate":"2022-03-27"},{"lineNumber":42,"author":{"gitId":"benaiahr"},"content":"        return isDone + \" | \" + description;","lastModifiedDate":"2022-03-27"},{"lineNumber":43,"author":{"gitId":"benaiahr"},"content":"    }","lastModifiedDate":"2022-03-27"},{"lineNumber":44,"author":{"gitId":"benaiahr"},"content":"","lastModifiedDate":"2022-03-27"},{"lineNumber":45,"author":{"gitId":"benaiahr"},"content":"}","lastModifiedDate":"2022-02-15"}],"authorContributionMap":{"benaiahr":45}},{"path":"src/main/java/Todo.java","fileType":"java","lines":[{"lineNumber":1,"author":{"gitId":"benaiahr"},"content":"public class Todo extends Task {","lastModifiedDate":"2022-03-19"},{"lineNumber":2,"author":{"gitId":"benaiahr"},"content":"","lastModifiedDate":"2022-03-19"},{"lineNumber":3,"author":{"gitId":"benaiahr"},"content":"    public Todo(String description) {","lastModifiedDate":"2022-03-19"},{"lineNumber":4,"author":{"gitId":"benaiahr"},"content":"        super(description);","lastModifiedDate":"2022-03-19"},{"lineNumber":5,"author":{"gitId":"benaiahr"},"content":"    }","lastModifiedDate":"2022-03-19"},{"lineNumber":6,"author":{"gitId":"benaiahr"},"content":"","lastModifiedDate":"2022-03-19"},{"lineNumber":7,"author":{"gitId":"benaiahr"},"content":"    public Todo(String description, boolean isDone) {","lastModifiedDate":"2022-03-27"},{"lineNumber":8,"author":{"gitId":"benaiahr"},"content":"        super(description, isDone);","lastModifiedDate":"2022-03-27"},{"lineNumber":9,"author":{"gitId":"benaiahr"},"content":"    }","lastModifiedDate":"2022-03-27"},{"lineNumber":10,"author":{"gitId":"benaiahr"},"content":"","lastModifiedDate":"2022-03-27"},{"lineNumber":11,"author":{"gitId":"benaiahr"},"content":"    @Override","lastModifiedDate":"2022-03-19"},{"lineNumber":12,"author":{"gitId":"benaiahr"},"content":"    public String toString() {","lastModifiedDate":"2022-03-19"},{"lineNumber":13,"author":{"gitId":"benaiahr"},"content":"        return \"[T]\" + super.toString();","lastModifiedDate":"2022-03-19"},{"lineNumber":14,"author":{"gitId":"benaiahr"},"content":"    }","lastModifiedDate":"2022-03-19"},{"lineNumber":15,"author":{"gitId":"benaiahr"},"content":"","lastModifiedDate":"2022-03-19"},{"lineNumber":16,"author":{"gitId":"benaiahr"},"content":"    public String toFile() {","lastModifiedDate":"2022-03-27"},{"lineNumber":17,"author":{"gitId":"benaiahr"},"content":"        return \"T | \" + super.toFile();","lastModifiedDate":"2022-03-27"},{"lineNumber":18,"author":{"gitId":"benaiahr"},"content":"    }","lastModifiedDate":"2022-03-27"},{"lineNumber":19,"author":{"gitId":"benaiahr"},"content":"}","lastModifiedDate":"2022-03-19"}],"authorContributionMap":{"benaiahr":19}},{"path":"src/main/java/exceptions/InvalidTaskException.java","fileType":"java","lines":[{"lineNumber":1,"author":{"gitId":"benaiahr"},"content":"package exceptions;","lastModifiedDate":"2022-03-21"},{"lineNumber":2,"author":{"gitId":"benaiahr"},"content":"","lastModifiedDate":"2022-03-21"},{"lineNumber":3,"author":{"gitId":"benaiahr"},"content":"public class InvalidTaskException extends Exception {","lastModifiedDate":"2022-03-21"},{"lineNumber":4,"author":{"gitId":"benaiahr"},"content":"","lastModifiedDate":"2022-03-21"},{"lineNumber":5,"author":{"gitId":"benaiahr"},"content":"    String error;","lastModifiedDate":"2022-03-21"},{"lineNumber":6,"author":{"gitId":"benaiahr"},"content":"","lastModifiedDate":"2022-03-21"},{"lineNumber":7,"author":{"gitId":"benaiahr"},"content":"    public InvalidTaskException(String errorMessage) {","lastModifiedDate":"2022-03-21"},{"lineNumber":8,"author":{"gitId":"benaiahr"},"content":"        super(errorMessage);","lastModifiedDate":"2022-03-21"},{"lineNumber":9,"author":{"gitId":"benaiahr"},"content":"        error \u003d errorMessage;","lastModifiedDate":"2022-03-21"},{"lineNumber":10,"author":{"gitId":"benaiahr"},"content":"    }","lastModifiedDate":"2022-03-21"},{"lineNumber":11,"author":{"gitId":"benaiahr"},"content":"","lastModifiedDate":"2022-03-21"},{"lineNumber":12,"author":{"gitId":"benaiahr"},"content":"    @Override","lastModifiedDate":"2022-03-21"},{"lineNumber":13,"author":{"gitId":"benaiahr"},"content":"    public String getMessage () {","lastModifiedDate":"2022-03-21"},{"lineNumber":14,"author":{"gitId":"benaiahr"},"content":"        return error;","lastModifiedDate":"2022-03-21"},{"lineNumber":15,"author":{"gitId":"benaiahr"},"content":"    }","lastModifiedDate":"2022-03-21"},{"lineNumber":16,"author":{"gitId":"benaiahr"},"content":"","lastModifiedDate":"2022-03-21"},{"lineNumber":17,"author":{"gitId":"benaiahr"},"content":"}","lastModifiedDate":"2022-03-21"}],"authorContributionMap":{"benaiahr":17}},{"path":"src/main/java/exceptions/UnknownCommandException.java","fileType":"java","lines":[{"lineNumber":1,"author":{"gitId":"benaiahr"},"content":"package exceptions;","lastModifiedDate":"2022-03-21"},{"lineNumber":2,"author":{"gitId":"benaiahr"},"content":"","lastModifiedDate":"2022-03-21"},{"lineNumber":3,"author":{"gitId":"benaiahr"},"content":"public class UnknownCommandException extends Exception {","lastModifiedDate":"2022-03-21"},{"lineNumber":4,"author":{"gitId":"benaiahr"},"content":"","lastModifiedDate":"2022-03-21"},{"lineNumber":5,"author":{"gitId":"benaiahr"},"content":"    String error \u003d \"You have entered an invalid command.\";","lastModifiedDate":"2022-03-21"},{"lineNumber":6,"author":{"gitId":"benaiahr"},"content":"","lastModifiedDate":"2022-03-21"},{"lineNumber":7,"author":{"gitId":"benaiahr"},"content":"    public UnknownCommandException() {","lastModifiedDate":"2022-03-21"},{"lineNumber":8,"author":{"gitId":"benaiahr"},"content":"        super();","lastModifiedDate":"2022-03-21"},{"lineNumber":9,"author":{"gitId":"benaiahr"},"content":"    }","lastModifiedDate":"2022-03-21"},{"lineNumber":10,"author":{"gitId":"benaiahr"},"content":"","lastModifiedDate":"2022-03-21"},{"lineNumber":11,"author":{"gitId":"benaiahr"},"content":"    public UnknownCommandException(String errorMessage) {","lastModifiedDate":"2022-03-21"},{"lineNumber":12,"author":{"gitId":"benaiahr"},"content":"        super(errorMessage);","lastModifiedDate":"2022-03-21"},{"lineNumber":13,"author":{"gitId":"benaiahr"},"content":"        error \u003d errorMessage;","lastModifiedDate":"2022-03-21"},{"lineNumber":14,"author":{"gitId":"benaiahr"},"content":"    }","lastModifiedDate":"2022-03-21"},{"lineNumber":15,"author":{"gitId":"benaiahr"},"content":"","lastModifiedDate":"2022-03-21"},{"lineNumber":16,"author":{"gitId":"benaiahr"},"content":"    @Override","lastModifiedDate":"2022-03-21"},{"lineNumber":17,"author":{"gitId":"benaiahr"},"content":"    public String getMessage () {","lastModifiedDate":"2022-03-21"},{"lineNumber":18,"author":{"gitId":"benaiahr"},"content":"        return error;","lastModifiedDate":"2022-03-21"},{"lineNumber":19,"author":{"gitId":"benaiahr"},"content":"    }","lastModifiedDate":"2022-03-21"},{"lineNumber":20,"author":{"gitId":"benaiahr"},"content":"","lastModifiedDate":"2022-03-21"},{"lineNumber":21,"author":{"gitId":"benaiahr"},"content":"}","lastModifiedDate":"2022-03-21"}],"authorContributionMap":{"benaiahr":21}}]
