{"authorDailyContributionsMap":{"benaiahr":[{"date":"2022-02-13","commitResults":[{"hash":"a3e16fe658e6dce345c14d6632bf067dc246a902","messageTitle":"level-1","messageBody":"","tags":["level-1"],"fileTypesAndContributionMap":{"java":{"insertions":24,"deletions":0}}},{"hash":"4ac81812b0f68c7b96e7789d993b0b70f2b224dc","messageTitle":"level-2","messageBody":"","tags":["level-2"],"fileTypesAndContributionMap":{"java":{"insertions":17,"deletions":6}}}]},{"date":"2022-02-15","commitResults":[{"hash":"e2829f3fe103a54d80f53c6f27b5dc343d37d5b8","messageTitle":"level-3","messageBody":"","tags":["level-3"],"fileTypesAndContributionMap":{"java":{"insertions":78,"deletions":15}}}]},{"date":"2022-03-19","commitResults":[{"hash":"a4fe4bb53a0075be666bc9381898f0cda0f8ea19","messageTitle":"level-4","messageBody":"","tags":["level-4"],"fileTypesAndContributionMap":{"java":{"insertions":106,"deletions":13}}}]}]},"authorFileTypeContributionMap":{"benaiahr":{"java":191,"md":0,"fxml":0,"sh":0,"bat":0,"gradle":0,"txt":0}},"authorContributionVariance":{"benaiahr":348.50458},"authorDisplayNameMap":{"benaiahr":"CHUA..XUAN"}}
