{"authorDailyContributionsMap":{"benaiahr":[{"date":"2022-02-13","commitResults":[{"hash":"a3e16fe658e6dce345c14d6632bf067dc246a902","messageTitle":"level-1","messageBody":"","tags":["level-1"],"fileTypesAndContributionMap":{"java":{"insertions":24,"deletions":0}}},{"hash":"4ac81812b0f68c7b96e7789d993b0b70f2b224dc","messageTitle":"level-2","messageBody":"","tags":["level-2"],"fileTypesAndContributionMap":{"java":{"insertions":17,"deletions":6}}}]},{"date":"2022-02-15","commitResults":[{"hash":"e2829f3fe103a54d80f53c6f27b5dc343d37d5b8","messageTitle":"level-3","messageBody":"","tags":["level-3"],"fileTypesAndContributionMap":{"java":{"insertions":78,"deletions":15}}}]},{"date":"2022-03-19","commitResults":[{"hash":"a4fe4bb53a0075be666bc9381898f0cda0f8ea19","messageTitle":"level-4","messageBody":"","tags":["level-4"],"fileTypesAndContributionMap":{"java":{"insertions":106,"deletions":13}}}]},{"date":"2022-03-21","commitResults":[{"hash":"1dcedab1cc7ad3bb2a4ec05b8febd1952818ae2a","messageTitle":"more refactoring error handling for task, mark, invalid input","messageBody":"","tags":["level-5"],"fileTypesAndContributionMap":{"java":{"insertions":140,"deletions":77}}},{"hash":"9bba2c7c23afffb34fce7893f1636164809338c3","messageTitle":"Revert \"more refactoring\"","messageBody":"This reverts commit 1dcedab1cc7ad3bb2a4ec05b8febd1952818ae2a.\n","fileTypesAndContributionMap":{"java":{"insertions":77,"deletions":140}}},{"hash":"2751ea81dab0113788b0a0bb3a789d1eca132a79","messageTitle":"Revert \"Revert \"more refactoring\"\"","messageBody":"This reverts commit 9bba2c7c23afffb34fce7893f1636164809338c3.\n","fileTypesAndContributionMap":{"java":{"insertions":140,"deletions":77}}}]},{"date":"2022-03-27","commitResults":[{"hash":"c423fc2419e7a033129a01eee4b08005d155d319","messageTitle":"level-7.1 - added save and load function","messageBody":"","tags":["level-7.1"],"fileTypesAndContributionMap":{"java":{"insertions":110,"deletions":8}}}]},{"date":"2022-04-08","commitResults":[{"hash":"2ffb52f1d038437982453fe9f52d12df0bae1025","messageTitle":"level-7.3 - more-oop","messageBody":"","fileTypesAndContributionMap":{"java":{"insertions":4,"deletions":8}}}]},{"date":"2022-04-11","commitResults":[{"hash":"060c040bf96d06b0631aaf2c30b52502c9e815d8","messageTitle":"level-7.4 - more oop","messageBody":"","fileTypesAndContributionMap":{"java":{"insertions":82,"deletions":44}}}]},{"date":"2022-04-17","commitResults":[{"hash":"9914706cab9cdfd0a92788b09318b07a4f4eeb9c","messageTitle":"level-7.5 - completed more oop","messageBody":"","fileTypesAndContributionMap":{"txt":{"insertions":1,"deletions":0},"java":{"insertions":511,"deletions":251}}}]},{"date":"2022-04-19","commitResults":[{"hash":"60569b4651a2a5a68b67fda368642faaceab6b2a","messageTitle":"Added find function to search for specified date Changed variables to reflect coding standard","messageBody":"","fileTypesAndContributionMap":{"txt":{"insertions":1,"deletions":0},"java":{"insertions":189,"deletions":50}}}]}]},"authorFileTypeContributionMap":{"benaiahr":{"java":803,"md":0,"fxml":0,"sh":0,"bat":0,"gradle":0,"txt":1}},"authorContributionVariance":{"benaiahr":10714.878},"authorDisplayNameMap":{"benaiahr":"CHUA..XUAN"}}
