[{"path":"CONTRIBUTORS.md","fileType":"md","lines":[{"lineNumber":1,"author":{"gitId":"-"},"content":"# Contributors","lastModifiedDate":"2019-07-29"},{"lineNumber":2,"author":{"gitId":"-"},"content":"","lastModifiedDate":"2019-07-29"},{"lineNumber":3,"author":{"gitId":"-"},"content":"Display | Name | Github Profile | Homepage","lastModifiedDate":"2019-07-29"},{"lineNumber":4,"author":{"gitId":"-"},"content":"---|:---:|:---:|:---:","lastModifiedDate":"2019-07-29"},{"lineNumber":5,"author":{"gitId":"-"},"content":"![](https://avatars0.githubusercontent.com/u/22460123?s\u003d100) | Jeffry Lum | [Github](https://github.com/j-lum/) | [Homepage](https://se.kasugano.moe)","lastModifiedDate":"2019-08-06"},{"lineNumber":6,"author":{"gitId":"-"},"content":"![](https://avatars0.githubusercontent.com/u/1673303?s\u003d100) | Damith C. Rajapakse | [Github](https://github.com/damithc/) | [Homepage](https://www.comp.nus.edu.sg/~damithch/)","lastModifiedDate":"2019-08-06"},{"lineNumber":7,"author":{"gitId":"kuanming3"},"content":"","lastModifiedDate":"2022-03-11"},{"lineNumber":8,"author":{"gitId":"-"},"content":"# I would like to join this list. How can I help the project","lastModifiedDate":"2019-07-29"},{"lineNumber":9,"author":{"gitId":"-"},"content":"","lastModifiedDate":"2019-07-29"},{"lineNumber":10,"author":{"gitId":"-"},"content":"For more information, please refer to our [contributor\u0027s guide](https://oss-generic.github.io/process/).","lastModifiedDate":"2019-07-29"}],"authorContributionMap":{"kuanming3":1,"-":9}},{"path":"README.md","fileType":"md","lines":[{"lineNumber":1,"author":{"gitId":"-"},"content":"# Duke project template","lastModifiedDate":"2020-05-25"},{"lineNumber":2,"author":{"gitId":"-"},"content":"","lastModifiedDate":"2020-05-25"},{"lineNumber":3,"author":{"gitId":"kuanming3"},"content":"This is a project template for a greenfield Java project. It\u0027s named after the Java mascot _Duke_. Given below are","lastModifiedDate":"2022-03-11"},{"lineNumber":4,"author":{"gitId":"kuanming3"},"content":"instructions on how to use it.","lastModifiedDate":"2022-03-11"},{"lineNumber":5,"author":{"gitId":"-"},"content":"","lastModifiedDate":"2020-05-25"},{"lineNumber":6,"author":{"gitId":"-"},"content":"## Setting up in Intellij","lastModifiedDate":"2020-05-25"},{"lineNumber":7,"author":{"gitId":"-"},"content":"","lastModifiedDate":"2020-05-25"},{"lineNumber":8,"author":{"gitId":"-"},"content":"Prerequisites: JDK 11, update Intellij to the most recent version.","lastModifiedDate":"2020-05-25"},{"lineNumber":9,"author":{"gitId":"-"},"content":"","lastModifiedDate":"2020-05-25"},{"lineNumber":10,"author":{"gitId":"kuanming3"},"content":"1. Open Intellij (if you are not in the welcome screen, click `File` \u003e `Close Project` to close the existing project","lastModifiedDate":"2022-03-11"},{"lineNumber":11,"author":{"gitId":"kuanming3"},"content":"   first)","lastModifiedDate":"2022-03-11"},{"lineNumber":12,"author":{"gitId":"-"},"content":"1. Open the project into Intellij as follows:","lastModifiedDate":"2021-01-17"},{"lineNumber":13,"author":{"gitId":"-"},"content":"    1. Click `Open`.","lastModifiedDate":"2021-01-17"},{"lineNumber":14,"author":{"gitId":"-"},"content":"    1. Select the project directory, and click `OK`.","lastModifiedDate":"2021-01-17"},{"lineNumber":15,"author":{"gitId":"-"},"content":"    1. If there are any further prompts, accept the defaults.","lastModifiedDate":"2020-05-25"},{"lineNumber":16,"author":{"gitId":"kuanming3"},"content":"1. Configure the project to use **JDK 11** (not other versions) as explained","lastModifiedDate":"2022-03-11"},{"lineNumber":17,"author":{"gitId":"kuanming3"},"content":"   in [here](https://www.jetbrains.com/help/idea/sdk.html#set-up-jdk).\u003cbr\u003e","lastModifiedDate":"2022-03-11"},{"lineNumber":18,"author":{"gitId":"-"},"content":"   In the same dialog, set the **Project language level** field to the `SDK default` option.","lastModifiedDate":"2021-07-29"},{"lineNumber":19,"author":{"gitId":"kuanming3"},"content":"3. After that, locate the `src/main/java/Duke.java` file, right-click it, and choose `Run Duke.main()` (if the code","lastModifiedDate":"2022-03-11"},{"lineNumber":20,"author":{"gitId":"kuanming3"},"content":"   editor is showing compile errors, try restarting the IDE). If the setup is correct, you should see something like the","lastModifiedDate":"2022-03-11"},{"lineNumber":21,"author":{"gitId":"kuanming3"},"content":"   below as the output:","lastModifiedDate":"2022-03-11"},{"lineNumber":22,"author":{"gitId":"-"},"content":"   ```","lastModifiedDate":"2020-05-25"},{"lineNumber":23,"author":{"gitId":"-"},"content":"   Hello from","lastModifiedDate":"2020-05-25"},{"lineNumber":24,"author":{"gitId":"-"},"content":"    ____        _        ","lastModifiedDate":"2020-05-25"},{"lineNumber":25,"author":{"gitId":"-"},"content":"   |  _ \\ _   _| | _____ ","lastModifiedDate":"2020-05-25"},{"lineNumber":26,"author":{"gitId":"-"},"content":"   | | | | | | | |/ / _ \\","lastModifiedDate":"2020-05-25"},{"lineNumber":27,"author":{"gitId":"-"},"content":"   | |_| | |_| |   \u003c  __/","lastModifiedDate":"2020-05-25"},{"lineNumber":28,"author":{"gitId":"-"},"content":"   |____/ \\__,_|_|\\_\\___|","lastModifiedDate":"2020-05-25"},{"lineNumber":29,"author":{"gitId":"-"},"content":"   ```","lastModifiedDate":"2020-05-25"}],"authorContributionMap":{"kuanming3":9,"-":20}},{"path":"src/main/java/Deadline.java","fileType":"java","lines":[{"lineNumber":1,"author":{"gitId":"kuanming3"},"content":"public class Deadline extends Task {","lastModifiedDate":"2022-03-11"},{"lineNumber":2,"author":{"gitId":"kuanming3"},"content":"    protected String date;","lastModifiedDate":"2022-03-11"},{"lineNumber":3,"author":{"gitId":"kuanming3"},"content":"","lastModifiedDate":"2022-03-11"},{"lineNumber":4,"author":{"gitId":"kuanming3"},"content":"    public Deadline(String description, String by) {","lastModifiedDate":"2022-03-11"},{"lineNumber":5,"author":{"gitId":"kuanming3"},"content":"        super(description);","lastModifiedDate":"2022-03-11"},{"lineNumber":6,"author":{"gitId":"kuanming3"},"content":"        this.date \u003d by;","lastModifiedDate":"2022-03-11"},{"lineNumber":7,"author":{"gitId":"kuanming3"},"content":"    }","lastModifiedDate":"2022-03-11"},{"lineNumber":8,"author":{"gitId":"kuanming3"},"content":"","lastModifiedDate":"2022-03-11"},{"lineNumber":9,"author":{"gitId":"kuanming3"},"content":"    @Override","lastModifiedDate":"2022-03-11"},{"lineNumber":10,"author":{"gitId":"kuanming3"},"content":"    public String toString() {","lastModifiedDate":"2022-03-11"},{"lineNumber":11,"author":{"gitId":"kuanming3"},"content":"        return \"[D]\" + super.toString() + \" (by: \" + date + \")\";","lastModifiedDate":"2022-03-11"},{"lineNumber":12,"author":{"gitId":"kuanming3"},"content":"    }","lastModifiedDate":"2022-03-11"},{"lineNumber":13,"author":{"gitId":"kuanming3"},"content":"}","lastModifiedDate":"2022-03-11"}],"authorContributionMap":{"kuanming3":13}},{"path":"src/main/java/Duke.java","fileType":"java","lines":[{"lineNumber":1,"author":{"gitId":"kuanming3"},"content":"import Exceptions.InputException;","lastModifiedDate":"2022-03-11"},{"lineNumber":2,"author":{"gitId":"kuanming3"},"content":"","lastModifiedDate":"2022-03-11"},{"lineNumber":3,"author":{"gitId":"kuanming3"},"content":"import java.util.ArrayList;","lastModifiedDate":"2022-03-11"},{"lineNumber":4,"author":{"gitId":"kuanming3"},"content":"import java.util.Arrays;","lastModifiedDate":"2022-03-11"},{"lineNumber":5,"author":{"gitId":"kuanming3"},"content":"import java.util.Scanner;","lastModifiedDate":"2022-03-11"},{"lineNumber":6,"author":{"gitId":"kuanming3"},"content":"","lastModifiedDate":"2022-03-11"},{"lineNumber":7,"author":{"gitId":"-"},"content":"public class Duke {","lastModifiedDate":"2019-07-29"},{"lineNumber":8,"author":{"gitId":"kuanming3"},"content":"    static ArrayList\u003cTask\u003e storages \u003d new ArrayList\u003c\u003e();","lastModifiedDate":"2022-03-11"},{"lineNumber":9,"author":{"gitId":"kuanming3"},"content":"    static Scanner in \u003d new Scanner(System.in);","lastModifiedDate":"2022-03-11"},{"lineNumber":10,"author":{"gitId":"kuanming3"},"content":"    static UserInput input;","lastModifiedDate":"2022-03-11"},{"lineNumber":11,"author":{"gitId":"kuanming3"},"content":"","lastModifiedDate":"2022-03-11"},{"lineNumber":12,"author":{"gitId":"kuanming3"},"content":"    private static String repeat(char ch, int count) {","lastModifiedDate":"2022-03-11"},{"lineNumber":13,"author":{"gitId":"kuanming3"},"content":"        char[] buf \u003d new char[count];","lastModifiedDate":"2022-03-11"},{"lineNumber":14,"author":{"gitId":"kuanming3"},"content":"        Arrays.fill(buf, ch);","lastModifiedDate":"2022-03-11"},{"lineNumber":15,"author":{"gitId":"kuanming3"},"content":"        return new String(buf);","lastModifiedDate":"2022-03-11"},{"lineNumber":16,"author":{"gitId":"kuanming3"},"content":"    }","lastModifiedDate":"2022-03-11"},{"lineNumber":17,"author":{"gitId":"kuanming3"},"content":"","lastModifiedDate":"2022-03-11"},{"lineNumber":18,"author":{"gitId":"kuanming3"},"content":"    private static void printList() {","lastModifiedDate":"2022-03-11"},{"lineNumber":19,"author":{"gitId":"kuanming3"},"content":"        for (int i \u003d 0; i \u003c storages.size(); i++) {","lastModifiedDate":"2022-03-11"},{"lineNumber":20,"author":{"gitId":"kuanming3"},"content":"            System.out.println((i + 1) + \": \" + storages.get(i).toString());","lastModifiedDate":"2022-03-11"},{"lineNumber":21,"author":{"gitId":"kuanming3"},"content":"        }","lastModifiedDate":"2022-03-11"},{"lineNumber":22,"author":{"gitId":"kuanming3"},"content":"    }","lastModifiedDate":"2022-03-11"},{"lineNumber":23,"author":{"gitId":"kuanming3"},"content":"","lastModifiedDate":"2022-03-11"},{"lineNumber":24,"author":{"gitId":"kuanming3"},"content":"    private static void actOn(UserInput input) {","lastModifiedDate":"2022-03-12"},{"lineNumber":25,"author":{"gitId":"kuanming3"},"content":"        int index \u003d Integer.parseInt(input.item.toString()) - 1;","lastModifiedDate":"2022-03-12"},{"lineNumber":26,"author":{"gitId":"kuanming3"},"content":"","lastModifiedDate":"2022-03-12"},{"lineNumber":27,"author":{"gitId":"kuanming3"},"content":"        if (index \u003c storages.size() \u0026\u0026 index \u003e\u003d 0) {","lastModifiedDate":"2022-03-12"},{"lineNumber":28,"author":{"gitId":"kuanming3"},"content":"            Task item \u003d storages.get(index);","lastModifiedDate":"2022-03-12"},{"lineNumber":29,"author":{"gitId":"kuanming3"},"content":"            if (input.command \u003d\u003d UserInput.Command.MARK) {","lastModifiedDate":"2022-03-12"},{"lineNumber":30,"author":{"gitId":"kuanming3"},"content":"                item.markAsDone();","lastModifiedDate":"2022-03-11"},{"lineNumber":31,"author":{"gitId":"kuanming3"},"content":"            } else if (input.command \u003d\u003d UserInput.Command.UNMARK) {","lastModifiedDate":"2022-03-12"},{"lineNumber":32,"author":{"gitId":"kuanming3"},"content":"                item.markAsUnDone();","lastModifiedDate":"2022-03-11"},{"lineNumber":33,"author":{"gitId":"kuanming3"},"content":"            } else {","lastModifiedDate":"2022-03-12"},{"lineNumber":34,"author":{"gitId":"kuanming3"},"content":"                storages.remove(index);","lastModifiedDate":"2022-03-12"},{"lineNumber":35,"author":{"gitId":"kuanming3"},"content":"            }","lastModifiedDate":"2022-03-11"},{"lineNumber":36,"author":{"gitId":"kuanming3"},"content":"            printList();","lastModifiedDate":"2022-03-11"},{"lineNumber":37,"author":{"gitId":"kuanming3"},"content":"        } else {","lastModifiedDate":"2022-03-11"},{"lineNumber":38,"author":{"gitId":"kuanming3"},"content":"            System.out.println(\"Invalid index, try again\");","lastModifiedDate":"2022-03-11"},{"lineNumber":39,"author":{"gitId":"kuanming3"},"content":"        }","lastModifiedDate":"2022-03-11"},{"lineNumber":40,"author":{"gitId":"kuanming3"},"content":"    }","lastModifiedDate":"2022-03-11"},{"lineNumber":41,"author":{"gitId":"kuanming3"},"content":"","lastModifiedDate":"2022-03-11"},{"lineNumber":42,"author":{"gitId":"kuanming3"},"content":"    private static void insertTask(UserInput.Category cat, String item) {","lastModifiedDate":"2022-03-12"},{"lineNumber":43,"author":{"gitId":"kuanming3"},"content":"        if (cat \u003d\u003d UserInput.Category.DEADLINE) {","lastModifiedDate":"2022-03-12"},{"lineNumber":44,"author":{"gitId":"kuanming3"},"content":"            storages.add(new Deadline(item, input.day));","lastModifiedDate":"2022-03-12"},{"lineNumber":45,"author":{"gitId":"kuanming3"},"content":"        } else if (cat \u003d\u003d UserInput.Category.EVENT) {","lastModifiedDate":"2022-03-12"},{"lineNumber":46,"author":{"gitId":"kuanming3"},"content":"            storages.add(new Events(item, input.day, input.time));","lastModifiedDate":"2022-03-12"},{"lineNumber":47,"author":{"gitId":"kuanming3"},"content":"        } else if (cat \u003d\u003d UserInput.Category.TODO) {","lastModifiedDate":"2022-03-12"},{"lineNumber":48,"author":{"gitId":"kuanming3"},"content":"            storages.add(new Todo(item));","lastModifiedDate":"2022-03-12"},{"lineNumber":49,"author":{"gitId":"kuanming3"},"content":"        }","lastModifiedDate":"2022-03-11"},{"lineNumber":50,"author":{"gitId":"kuanming3"},"content":"        System.out.println(\"---\u003e + Inserted Task: \" + input.item);","lastModifiedDate":"2022-03-11"},{"lineNumber":51,"author":{"gitId":"kuanming3"},"content":"        printList();","lastModifiedDate":"2022-03-11"},{"lineNumber":52,"author":{"gitId":"kuanming3"},"content":"    }","lastModifiedDate":"2022-03-11"},{"lineNumber":53,"author":{"gitId":"kuanming3"},"content":"","lastModifiedDate":"2022-03-11"},{"lineNumber":54,"author":{"gitId":"-"},"content":"    public static void main(String[] args) {","lastModifiedDate":"2019-07-29"},{"lineNumber":55,"author":{"gitId":"kuanming3"},"content":"        String[] tokens;","lastModifiedDate":"2022-03-11"},{"lineNumber":56,"author":{"gitId":"kuanming3"},"content":"        System.out.println(\"I\u0027m Knot YU\");","lastModifiedDate":"2022-03-11"},{"lineNumber":57,"author":{"gitId":"kuanming3"},"content":"        var lineWidth \u003d 12;","lastModifiedDate":"2022-03-11"},{"lineNumber":58,"author":{"gitId":"kuanming3"},"content":"","lastModifiedDate":"2022-03-11"},{"lineNumber":59,"author":{"gitId":"kuanming3"},"content":"        while (true) {","lastModifiedDate":"2022-03-11"},{"lineNumber":60,"author":{"gitId":"kuanming3"},"content":"            String command;","lastModifiedDate":"2022-03-11"},{"lineNumber":61,"author":{"gitId":"kuanming3"},"content":"            System.out.print(\"\\nCan I help you?\\n\");","lastModifiedDate":"2022-03-11"},{"lineNumber":62,"author":{"gitId":"kuanming3"},"content":"            command \u003d in.nextLine();","lastModifiedDate":"2022-03-11"},{"lineNumber":63,"author":{"gitId":"kuanming3"},"content":"            input \u003d new UserInput();","lastModifiedDate":"2022-03-11"},{"lineNumber":64,"author":{"gitId":"kuanming3"},"content":"            tokens \u003d command.split(\" \");","lastModifiedDate":"2022-03-11"},{"lineNumber":65,"author":{"gitId":"kuanming3"},"content":"","lastModifiedDate":"2022-03-11"},{"lineNumber":66,"author":{"gitId":"kuanming3"},"content":"            try {","lastModifiedDate":"2022-03-11"},{"lineNumber":67,"author":{"gitId":"kuanming3"},"content":"                input \u003d input.parseInput(tokens);","lastModifiedDate":"2022-03-12"},{"lineNumber":68,"author":{"gitId":"kuanming3"},"content":"                // Got category with no item","lastModifiedDate":"2022-03-11"},{"lineNumber":69,"author":{"gitId":"kuanming3"},"content":"                if (input.category !\u003d null \u0026\u0026 input.item.toString().equals(\"\")) {","lastModifiedDate":"2022-03-12"},{"lineNumber":70,"author":{"gitId":"kuanming3"},"content":"                    throw new InputException(\"MissingItem\");","lastModifiedDate":"2022-03-11"},{"lineNumber":71,"author":{"gitId":"kuanming3"},"content":"                }","lastModifiedDate":"2022-03-11"},{"lineNumber":72,"author":{"gitId":"kuanming3"},"content":"                // No category, no command","lastModifiedDate":"2022-03-11"},{"lineNumber":73,"author":{"gitId":"kuanming3"},"content":"                if (input.category \u003d\u003d null \u0026\u0026 input.command \u003d\u003d null) {","lastModifiedDate":"2022-03-12"},{"lineNumber":74,"author":{"gitId":"kuanming3"},"content":"                    throw new InputException(\"NoCommand\");","lastModifiedDate":"2022-03-11"},{"lineNumber":75,"author":{"gitId":"kuanming3"},"content":"                }","lastModifiedDate":"2022-03-11"},{"lineNumber":76,"author":{"gitId":"kuanming3"},"content":"            } catch (InputException e) {","lastModifiedDate":"2022-03-11"},{"lineNumber":77,"author":{"gitId":"kuanming3"},"content":"                e.printError();","lastModifiedDate":"2022-03-11"},{"lineNumber":78,"author":{"gitId":"kuanming3"},"content":"                continue;","lastModifiedDate":"2022-03-11"},{"lineNumber":79,"author":{"gitId":"kuanming3"},"content":"            }","lastModifiedDate":"2022-03-11"},{"lineNumber":80,"author":{"gitId":"kuanming3"},"content":"","lastModifiedDate":"2022-03-11"},{"lineNumber":81,"author":{"gitId":"kuanming3"},"content":"            if (input.command \u003d\u003d UserInput.Command.NO) {","lastModifiedDate":"2022-03-12"},{"lineNumber":82,"author":{"gitId":"kuanming3"},"content":"                break;","lastModifiedDate":"2022-03-11"},{"lineNumber":83,"author":{"gitId":"kuanming3"},"content":"            }","lastModifiedDate":"2022-03-11"},{"lineNumber":84,"author":{"gitId":"kuanming3"},"content":"            if (input.command !\u003d null) {","lastModifiedDate":"2022-03-12"},{"lineNumber":85,"author":{"gitId":"kuanming3"},"content":"                switch (input.command) {","lastModifiedDate":"2022-03-11"},{"lineNumber":86,"author":{"gitId":"kuanming3"},"content":"                    case LIST:","lastModifiedDate":"2022-03-12"},{"lineNumber":87,"author":{"gitId":"kuanming3"},"content":"                        printList();","lastModifiedDate":"2022-03-11"},{"lineNumber":88,"author":{"gitId":"kuanming3"},"content":"                        break;","lastModifiedDate":"2022-03-11"},{"lineNumber":89,"author":{"gitId":"kuanming3"},"content":"                    case MARK:","lastModifiedDate":"2022-03-12"},{"lineNumber":90,"author":{"gitId":"kuanming3"},"content":"                    case UNMARK:","lastModifiedDate":"2022-03-12"},{"lineNumber":91,"author":{"gitId":"kuanming3"},"content":"                    case DELETE:","lastModifiedDate":"2022-03-12"},{"lineNumber":92,"author":{"gitId":"kuanming3"},"content":"                        actOn(input);","lastModifiedDate":"2022-03-12"},{"lineNumber":93,"author":{"gitId":"kuanming3"},"content":"                        break;","lastModifiedDate":"2022-03-11"},{"lineNumber":94,"author":{"gitId":"kuanming3"},"content":"                }","lastModifiedDate":"2022-03-12"},{"lineNumber":95,"author":{"gitId":"kuanming3"},"content":"            } else {","lastModifiedDate":"2022-03-12"},{"lineNumber":96,"author":{"gitId":"kuanming3"},"content":"                insertTask(input.category, input.item.toString());","lastModifiedDate":"2022-03-11"},{"lineNumber":97,"author":{"gitId":"kuanming3"},"content":"            }","lastModifiedDate":"2022-03-11"},{"lineNumber":98,"author":{"gitId":"kuanming3"},"content":"        }","lastModifiedDate":"2022-03-11"},{"lineNumber":99,"author":{"gitId":"kuanming3"},"content":"        System.out.println(repeat(\u0027*\u0027, lineWidth));","lastModifiedDate":"2022-03-11"},{"lineNumber":100,"author":{"gitId":"kuanming3"},"content":"        System.out.println(\"See YU never\");","lastModifiedDate":"2022-03-11"},{"lineNumber":101,"author":{"gitId":"kuanming3"},"content":"        System.out.println(repeat(\u0027*\u0027, lineWidth));","lastModifiedDate":"2022-03-11"},{"lineNumber":102,"author":{"gitId":"-"},"content":"    }","lastModifiedDate":"2019-07-29"},{"lineNumber":103,"author":{"gitId":"-"},"content":"}","lastModifiedDate":"2019-07-29"}],"authorContributionMap":{"kuanming3":99,"-":4}},{"path":"src/main/java/Events.java","fileType":"java","lines":[{"lineNumber":1,"author":{"gitId":"kuanming3"},"content":"public class Events extends Task {","lastModifiedDate":"2022-03-11"},{"lineNumber":2,"author":{"gitId":"kuanming3"},"content":"    protected String date;","lastModifiedDate":"2022-03-11"},{"lineNumber":3,"author":{"gitId":"kuanming3"},"content":"    protected String time;","lastModifiedDate":"2022-03-11"},{"lineNumber":4,"author":{"gitId":"kuanming3"},"content":"","lastModifiedDate":"2022-03-11"},{"lineNumber":5,"author":{"gitId":"kuanming3"},"content":"    public Events(String description, String by, String at) {","lastModifiedDate":"2022-03-11"},{"lineNumber":6,"author":{"gitId":"kuanming3"},"content":"        super(description);","lastModifiedDate":"2022-03-11"},{"lineNumber":7,"author":{"gitId":"kuanming3"},"content":"        this.date \u003d by;","lastModifiedDate":"2022-03-11"},{"lineNumber":8,"author":{"gitId":"kuanming3"},"content":"        this.time \u003d at;","lastModifiedDate":"2022-03-11"},{"lineNumber":9,"author":{"gitId":"kuanming3"},"content":"    }","lastModifiedDate":"2022-03-11"},{"lineNumber":10,"author":{"gitId":"kuanming3"},"content":"","lastModifiedDate":"2022-03-11"},{"lineNumber":11,"author":{"gitId":"kuanming3"},"content":"    @Override","lastModifiedDate":"2022-03-11"},{"lineNumber":12,"author":{"gitId":"kuanming3"},"content":"    public String toString() {","lastModifiedDate":"2022-03-11"},{"lineNumber":13,"author":{"gitId":"kuanming3"},"content":"        String datetime \u003d this.date + \" \" + this.time;","lastModifiedDate":"2022-03-11"},{"lineNumber":14,"author":{"gitId":"kuanming3"},"content":"        return \"[E]\" + super.toString() + \" (at: \" + datetime + \")\";","lastModifiedDate":"2022-03-11"},{"lineNumber":15,"author":{"gitId":"kuanming3"},"content":"    }","lastModifiedDate":"2022-03-11"},{"lineNumber":16,"author":{"gitId":"kuanming3"},"content":"}","lastModifiedDate":"2022-03-11"}],"authorContributionMap":{"kuanming3":16}},{"path":"src/main/java/Exceptions/InputException.java","fileType":"java","lines":[{"lineNumber":1,"author":{"gitId":"kuanming3"},"content":"package Exceptions;","lastModifiedDate":"2022-03-11"},{"lineNumber":2,"author":{"gitId":"kuanming3"},"content":"","lastModifiedDate":"2022-03-11"},{"lineNumber":3,"author":{"gitId":"kuanming3"},"content":"public class InputException extends Exception {","lastModifiedDate":"2022-03-11"},{"lineNumber":4,"author":{"gitId":"kuanming3"},"content":"    String error;","lastModifiedDate":"2022-03-11"},{"lineNumber":5,"author":{"gitId":"kuanming3"},"content":"","lastModifiedDate":"2022-03-11"},{"lineNumber":6,"author":{"gitId":"kuanming3"},"content":"    public InputException(String err) {","lastModifiedDate":"2022-03-11"},{"lineNumber":7,"author":{"gitId":"kuanming3"},"content":"        this.error \u003d err;","lastModifiedDate":"2022-03-11"},{"lineNumber":8,"author":{"gitId":"kuanming3"},"content":"    }","lastModifiedDate":"2022-03-11"},{"lineNumber":9,"author":{"gitId":"kuanming3"},"content":"","lastModifiedDate":"2022-03-11"},{"lineNumber":10,"author":{"gitId":"kuanming3"},"content":"    public void printError() {","lastModifiedDate":"2022-03-11"},{"lineNumber":11,"author":{"gitId":"kuanming3"},"content":"        switch (this.error) {","lastModifiedDate":"2022-03-11"},{"lineNumber":12,"author":{"gitId":"kuanming3"},"content":"            case \"MissingItem\":","lastModifiedDate":"2022-03-11"},{"lineNumber":13,"author":{"gitId":"kuanming3"},"content":"                System.out.println(\"A task has to follow with an item\");","lastModifiedDate":"2022-03-11"},{"lineNumber":14,"author":{"gitId":"kuanming3"},"content":"            case \"NoCommand\":","lastModifiedDate":"2022-03-11"},{"lineNumber":15,"author":{"gitId":"kuanming3"},"content":"                System.out.println(\"Invalid command, try again\");","lastModifiedDate":"2022-03-11"},{"lineNumber":16,"author":{"gitId":"kuanming3"},"content":"        }","lastModifiedDate":"2022-03-11"},{"lineNumber":17,"author":{"gitId":"kuanming3"},"content":"    }","lastModifiedDate":"2022-03-11"},{"lineNumber":18,"author":{"gitId":"kuanming3"},"content":"}","lastModifiedDate":"2022-03-11"}],"authorContributionMap":{"kuanming3":18}},{"path":"src/main/java/Task.java","fileType":"java","lines":[{"lineNumber":1,"author":{"gitId":"kuanming3"},"content":"public class Task {","lastModifiedDate":"2022-03-11"},{"lineNumber":2,"author":{"gitId":"kuanming3"},"content":"    protected String description;","lastModifiedDate":"2022-03-11"},{"lineNumber":3,"author":{"gitId":"kuanming3"},"content":"    protected boolean isDone;","lastModifiedDate":"2022-03-11"},{"lineNumber":4,"author":{"gitId":"kuanming3"},"content":"","lastModifiedDate":"2022-03-11"},{"lineNumber":5,"author":{"gitId":"kuanming3"},"content":"    public Task() {","lastModifiedDate":"2022-03-11"},{"lineNumber":6,"author":{"gitId":"kuanming3"},"content":"        this.description \u003d \"\";","lastModifiedDate":"2022-03-11"},{"lineNumber":7,"author":{"gitId":"kuanming3"},"content":"        this.isDone \u003d false;","lastModifiedDate":"2022-03-11"},{"lineNumber":8,"author":{"gitId":"kuanming3"},"content":"    }","lastModifiedDate":"2022-03-11"},{"lineNumber":9,"author":{"gitId":"kuanming3"},"content":"","lastModifiedDate":"2022-03-11"},{"lineNumber":10,"author":{"gitId":"kuanming3"},"content":"    public Task(String description) {","lastModifiedDate":"2022-03-11"},{"lineNumber":11,"author":{"gitId":"kuanming3"},"content":"        this.description \u003d description;","lastModifiedDate":"2022-03-11"},{"lineNumber":12,"author":{"gitId":"kuanming3"},"content":"        this.isDone \u003d false;","lastModifiedDate":"2022-03-11"},{"lineNumber":13,"author":{"gitId":"kuanming3"},"content":"    }","lastModifiedDate":"2022-03-11"},{"lineNumber":14,"author":{"gitId":"kuanming3"},"content":"","lastModifiedDate":"2022-03-11"},{"lineNumber":15,"author":{"gitId":"kuanming3"},"content":"    @Override","lastModifiedDate":"2022-03-11"},{"lineNumber":16,"author":{"gitId":"kuanming3"},"content":"    public String toString() {","lastModifiedDate":"2022-03-11"},{"lineNumber":17,"author":{"gitId":"kuanming3"},"content":"        return (\"[\" + getStatusIcon() + \"] \" + description.split(\" /\")[0]);","lastModifiedDate":"2022-03-11"},{"lineNumber":18,"author":{"gitId":"kuanming3"},"content":"    }","lastModifiedDate":"2022-03-11"},{"lineNumber":19,"author":{"gitId":"kuanming3"},"content":"","lastModifiedDate":"2022-03-11"},{"lineNumber":20,"author":{"gitId":"kuanming3"},"content":"    public String getStatusIcon() {","lastModifiedDate":"2022-03-11"},{"lineNumber":21,"author":{"gitId":"kuanming3"},"content":"        return (isDone ? \"X\" : \" \");","lastModifiedDate":"2022-03-11"},{"lineNumber":22,"author":{"gitId":"kuanming3"},"content":"    }","lastModifiedDate":"2022-03-11"},{"lineNumber":23,"author":{"gitId":"kuanming3"},"content":"","lastModifiedDate":"2022-03-11"},{"lineNumber":24,"author":{"gitId":"kuanming3"},"content":"    public void markAsDone() {","lastModifiedDate":"2022-03-11"},{"lineNumber":25,"author":{"gitId":"kuanming3"},"content":"        isDone \u003d true;","lastModifiedDate":"2022-03-11"},{"lineNumber":26,"author":{"gitId":"kuanming3"},"content":"    }","lastModifiedDate":"2022-03-11"},{"lineNumber":27,"author":{"gitId":"kuanming3"},"content":"","lastModifiedDate":"2022-03-11"},{"lineNumber":28,"author":{"gitId":"kuanming3"},"content":"    public void markAsUnDone() {","lastModifiedDate":"2022-03-11"},{"lineNumber":29,"author":{"gitId":"kuanming3"},"content":"        isDone \u003d false;","lastModifiedDate":"2022-03-11"},{"lineNumber":30,"author":{"gitId":"kuanming3"},"content":"    }","lastModifiedDate":"2022-03-11"},{"lineNumber":31,"author":{"gitId":"kuanming3"},"content":"}","lastModifiedDate":"2022-03-11"}],"authorContributionMap":{"kuanming3":31}},{"path":"src/main/java/Todo.java","fileType":"java","lines":[{"lineNumber":1,"author":{"gitId":"kuanming3"},"content":"public class Todo extends Task {","lastModifiedDate":"2022-03-11"},{"lineNumber":2,"author":{"gitId":"kuanming3"},"content":"    public Todo(String description) {","lastModifiedDate":"2022-03-11"},{"lineNumber":3,"author":{"gitId":"kuanming3"},"content":"        super(description);","lastModifiedDate":"2022-03-11"},{"lineNumber":4,"author":{"gitId":"kuanming3"},"content":"    }","lastModifiedDate":"2022-03-11"},{"lineNumber":5,"author":{"gitId":"kuanming3"},"content":"","lastModifiedDate":"2022-03-11"},{"lineNumber":6,"author":{"gitId":"kuanming3"},"content":"    @Override","lastModifiedDate":"2022-03-11"},{"lineNumber":7,"author":{"gitId":"kuanming3"},"content":"    public String toString() {","lastModifiedDate":"2022-03-11"},{"lineNumber":8,"author":{"gitId":"kuanming3"},"content":"        return \"[T]\" + super.toString();","lastModifiedDate":"2022-03-11"},{"lineNumber":9,"author":{"gitId":"kuanming3"},"content":"    }","lastModifiedDate":"2022-03-11"},{"lineNumber":10,"author":{"gitId":"kuanming3"},"content":"}","lastModifiedDate":"2022-03-11"}],"authorContributionMap":{"kuanming3":10}},{"path":"src/main/java/UserInput.java","fileType":"java","lines":[{"lineNumber":1,"author":{"gitId":"kuanming3"},"content":"import Exceptions.InputException;","lastModifiedDate":"2022-03-11"},{"lineNumber":2,"author":{"gitId":"kuanming3"},"content":"","lastModifiedDate":"2022-03-11"},{"lineNumber":3,"author":{"gitId":"kuanming3"},"content":"public class UserInput {","lastModifiedDate":"2022-03-11"},{"lineNumber":4,"author":{"gitId":"kuanming3"},"content":"    protected Command command;","lastModifiedDate":"2022-03-12"},{"lineNumber":5,"author":{"gitId":"kuanming3"},"content":"    protected Category category;","lastModifiedDate":"2022-03-12"},{"lineNumber":6,"author":{"gitId":"kuanming3"},"content":"    protected String day;","lastModifiedDate":"2022-03-11"},{"lineNumber":7,"author":{"gitId":"kuanming3"},"content":"    protected String time;","lastModifiedDate":"2022-03-11"},{"lineNumber":8,"author":{"gitId":"kuanming3"},"content":"    protected StringBuilder item;","lastModifiedDate":"2022-03-11"},{"lineNumber":9,"author":{"gitId":"kuanming3"},"content":"    public UserInput() {","lastModifiedDate":"2022-03-11"},{"lineNumber":10,"author":{"gitId":"kuanming3"},"content":"        this.day \u003d \"\";","lastModifiedDate":"2022-03-11"},{"lineNumber":11,"author":{"gitId":"kuanming3"},"content":"        this.time \u003d \"\";","lastModifiedDate":"2022-03-11"},{"lineNumber":12,"author":{"gitId":"kuanming3"},"content":"        this.item \u003d new StringBuilder();","lastModifiedDate":"2022-03-11"},{"lineNumber":13,"author":{"gitId":"kuanming3"},"content":"    }","lastModifiedDate":"2022-03-11"},{"lineNumber":14,"author":{"gitId":"kuanming3"},"content":"","lastModifiedDate":"2022-03-11"},{"lineNumber":15,"author":{"gitId":"kuanming3"},"content":"    public UserInput parseInput(String[] tokens) throws InputException {","lastModifiedDate":"2022-03-11"},{"lineNumber":16,"author":{"gitId":"kuanming3"},"content":"        for (int i \u003d 0; i \u003c tokens.length; i++) {","lastModifiedDate":"2022-03-11"},{"lineNumber":17,"author":{"gitId":"kuanming3"},"content":"            switch (tokens[i]) {","lastModifiedDate":"2022-03-12"},{"lineNumber":18,"author":{"gitId":"kuanming3"},"content":"                case \"todo\":","lastModifiedDate":"2022-03-12"},{"lineNumber":19,"author":{"gitId":"kuanming3"},"content":"                case \"deadline\":","lastModifiedDate":"2022-03-12"},{"lineNumber":20,"author":{"gitId":"kuanming3"},"content":"                case \"event\":","lastModifiedDate":"2022-03-12"},{"lineNumber":21,"author":{"gitId":"kuanming3"},"content":"                    this.category \u003d Category.valueOf(tokens[i].toUpperCase());","lastModifiedDate":"2022-03-12"},{"lineNumber":22,"author":{"gitId":"kuanming3"},"content":"                    break;","lastModifiedDate":"2022-03-11"},{"lineNumber":23,"author":{"gitId":"kuanming3"},"content":"                case \"/at\":","lastModifiedDate":"2022-03-12"},{"lineNumber":24,"author":{"gitId":"kuanming3"},"content":"                    this.time \u003d tokens[i + 2];","lastModifiedDate":"2022-03-11"},{"lineNumber":25,"author":{"gitId":"kuanming3"},"content":"                case \"/by\":","lastModifiedDate":"2022-03-12"},{"lineNumber":26,"author":{"gitId":"kuanming3"},"content":"                    this.day \u003d tokens[i + 1];","lastModifiedDate":"2022-03-12"},{"lineNumber":27,"author":{"gitId":"kuanming3"},"content":"                    break;","lastModifiedDate":"2022-03-11"},{"lineNumber":28,"author":{"gitId":"kuanming3"},"content":"                case \"no\":","lastModifiedDate":"2022-03-12"},{"lineNumber":29,"author":{"gitId":"kuanming3"},"content":"                case \"list\":","lastModifiedDate":"2022-03-12"},{"lineNumber":30,"author":{"gitId":"kuanming3"},"content":"                    this.command \u003d Command.valueOf(tokens[i].toUpperCase());","lastModifiedDate":"2022-03-12"},{"lineNumber":31,"author":{"gitId":"kuanming3"},"content":"                    return this;","lastModifiedDate":"2022-03-11"},{"lineNumber":32,"author":{"gitId":"kuanming3"},"content":"                case \"mark\":","lastModifiedDate":"2022-03-12"},{"lineNumber":33,"author":{"gitId":"kuanming3"},"content":"                case \"unmark\":","lastModifiedDate":"2022-03-12"},{"lineNumber":34,"author":{"gitId":"kuanming3"},"content":"                case \"delete\":","lastModifiedDate":"2022-03-12"},{"lineNumber":35,"author":{"gitId":"kuanming3"},"content":"                    this.command \u003d Command.valueOf(tokens[i].toUpperCase());","lastModifiedDate":"2022-03-12"},{"lineNumber":36,"author":{"gitId":"kuanming3"},"content":"                    this.item.append(tokens[i + 1]);","lastModifiedDate":"2022-03-11"},{"lineNumber":37,"author":{"gitId":"kuanming3"},"content":"                    return this;","lastModifiedDate":"2022-03-11"},{"lineNumber":38,"author":{"gitId":"kuanming3"},"content":"                default:","lastModifiedDate":"2022-03-12"},{"lineNumber":39,"author":{"gitId":"kuanming3"},"content":"                    this.item.append(tokens[i]).append(\" \");","lastModifiedDate":"2022-03-11"},{"lineNumber":40,"author":{"gitId":"kuanming3"},"content":"            }","lastModifiedDate":"2022-03-11"},{"lineNumber":41,"author":{"gitId":"kuanming3"},"content":"        }","lastModifiedDate":"2022-03-11"},{"lineNumber":42,"author":{"gitId":"kuanming3"},"content":"        return this;","lastModifiedDate":"2022-03-11"},{"lineNumber":43,"author":{"gitId":"kuanming3"},"content":"    }","lastModifiedDate":"2022-03-11"},{"lineNumber":44,"author":{"gitId":"kuanming3"},"content":"","lastModifiedDate":"2022-03-12"},{"lineNumber":45,"author":{"gitId":"kuanming3"},"content":"    protected enum Command {","lastModifiedDate":"2022-03-12"},{"lineNumber":46,"author":{"gitId":"kuanming3"},"content":"        LIST, MARK, UNMARK, NO, DELETE","lastModifiedDate":"2022-03-12"},{"lineNumber":47,"author":{"gitId":"kuanming3"},"content":"    }","lastModifiedDate":"2022-03-12"},{"lineNumber":48,"author":{"gitId":"kuanming3"},"content":"","lastModifiedDate":"2022-03-12"},{"lineNumber":49,"author":{"gitId":"kuanming3"},"content":"    protected enum Category {","lastModifiedDate":"2022-03-12"},{"lineNumber":50,"author":{"gitId":"kuanming3"},"content":"        TODO, DEADLINE, EVENT","lastModifiedDate":"2022-03-12"},{"lineNumber":51,"author":{"gitId":"kuanming3"},"content":"    }","lastModifiedDate":"2022-03-12"},{"lineNumber":52,"author":{"gitId":"kuanming3"},"content":"}","lastModifiedDate":"2022-03-11"}],"authorContributionMap":{"kuanming3":52}}]
