[{"path":"src/main/java/Duke.java","fileType":"java","lines":[{"lineNumber":1,"author":{"gitId":"kuanming3"},"content":"import java.util.Scanner;","lastModifiedDate":"2022-01-30"},{"lineNumber":2,"author":{"gitId":"kuanming3"},"content":"import java.util.Arrays;","lastModifiedDate":"2022-01-30"},{"lineNumber":3,"author":{"gitId":"kuanming3"},"content":"import java.util.ArrayList;","lastModifiedDate":"2022-01-30"},{"lineNumber":4,"author":{"gitId":"kuanming3"},"content":"","lastModifiedDate":"2022-01-30"},{"lineNumber":5,"author":{"gitId":"-"},"content":"public class Duke {","lastModifiedDate":"2019-07-29"},{"lineNumber":6,"author":{"gitId":"kuanming3"},"content":"    static ArrayList\u003cString\u003e storages \u003d new ArrayList\u003c\u003e();","lastModifiedDate":"2022-01-30"},{"lineNumber":7,"author":{"gitId":"kuanming3"},"content":"    private static String repeat(char ch, int count) {","lastModifiedDate":"2022-01-30"},{"lineNumber":8,"author":{"gitId":"kuanming3"},"content":"        char[] buf \u003d new char[count];","lastModifiedDate":"2022-01-30"},{"lineNumber":9,"author":{"gitId":"kuanming3"},"content":"        Arrays.fill(buf, ch);","lastModifiedDate":"2022-01-30"},{"lineNumber":10,"author":{"gitId":"kuanming3"},"content":"        return new String(buf);","lastModifiedDate":"2022-01-30"},{"lineNumber":11,"author":{"gitId":"kuanming3"},"content":"    }","lastModifiedDate":"2022-01-30"},{"lineNumber":12,"author":{"gitId":"kuanming3"},"content":"","lastModifiedDate":"2022-01-30"},{"lineNumber":13,"author":{"gitId":"-"},"content":"    public static void main(String[] args) {","lastModifiedDate":"2019-07-29"},{"lineNumber":14,"author":{"gitId":"kuanming3"},"content":"        System.out.println(\"I\u0027m Knot YU\");","lastModifiedDate":"2022-01-30"},{"lineNumber":15,"author":{"gitId":"kuanming3"},"content":"        while (true) {","lastModifiedDate":"2022-01-30"},{"lineNumber":16,"author":{"gitId":"kuanming3"},"content":"            String line;","lastModifiedDate":"2022-01-30"},{"lineNumber":17,"author":{"gitId":"kuanming3"},"content":"            Scanner in \u003d new Scanner(System.in);","lastModifiedDate":"2022-01-30"},{"lineNumber":18,"author":{"gitId":"kuanming3"},"content":"            System.out.print(\"\\nCan I help you?\\n\");","lastModifiedDate":"2022-01-30"},{"lineNumber":19,"author":{"gitId":"kuanming3"},"content":"","lastModifiedDate":"2022-01-30"},{"lineNumber":20,"author":{"gitId":"kuanming3"},"content":"            line \u003d in.nextLine();","lastModifiedDate":"2022-01-30"},{"lineNumber":21,"author":{"gitId":"kuanming3"},"content":"            if (line.equals(\"no\")) {","lastModifiedDate":"2022-01-30"},{"lineNumber":22,"author":{"gitId":"kuanming3"},"content":"                break;","lastModifiedDate":"2022-01-30"},{"lineNumber":23,"author":{"gitId":"kuanming3"},"content":"            }","lastModifiedDate":"2022-01-30"},{"lineNumber":24,"author":{"gitId":"kuanming3"},"content":"","lastModifiedDate":"2022-01-30"},{"lineNumber":25,"author":{"gitId":"kuanming3"},"content":"            if (line.equals(\"list\")) {","lastModifiedDate":"2022-01-30"},{"lineNumber":26,"author":{"gitId":"kuanming3"},"content":"                for (int i \u003d 0; i \u003c storages.size(); i++)","lastModifiedDate":"2022-01-30"},{"lineNumber":27,"author":{"gitId":"kuanming3"},"content":"                    System.out.println(i+1 + \": \" + storages.get(i));","lastModifiedDate":"2022-01-30"},{"lineNumber":28,"author":{"gitId":"kuanming3"},"content":"            } else {","lastModifiedDate":"2022-01-30"},{"lineNumber":29,"author":{"gitId":"kuanming3"},"content":"                storages.add(line);","lastModifiedDate":"2022-01-30"},{"lineNumber":30,"author":{"gitId":"kuanming3"},"content":"                System.out.println(\"-\u003e\\t\\t+ \" + line + \"\");","lastModifiedDate":"2022-01-30"},{"lineNumber":31,"author":{"gitId":"kuanming3"},"content":"            }","lastModifiedDate":"2022-01-30"},{"lineNumber":32,"author":{"gitId":"kuanming3"},"content":"        }","lastModifiedDate":"2022-01-30"},{"lineNumber":33,"author":{"gitId":"kuanming3"},"content":"        var width \u003d 12;","lastModifiedDate":"2022-01-30"},{"lineNumber":34,"author":{"gitId":"kuanming3"},"content":"        System.out.println(repeat(\u0027*\u0027, width));","lastModifiedDate":"2022-01-30"},{"lineNumber":35,"author":{"gitId":"kuanming3"},"content":"        System.out.println(\"See YU never\");","lastModifiedDate":"2022-01-30"},{"lineNumber":36,"author":{"gitId":"kuanming3"},"content":"        System.out.println(repeat(\u0027*\u0027, width));","lastModifiedDate":"2022-01-30"},{"lineNumber":37,"author":{"gitId":"-"},"content":"    }","lastModifiedDate":"2019-07-29"},{"lineNumber":38,"author":{"gitId":"-"},"content":"}","lastModifiedDate":"2019-07-29"}],"authorContributionMap":{"kuanming3":34,"-":4}}]
