{"authorDailyContributionsMap":{"kuanming3":[{"date":"2022-03-11","commitResults":[{"hash":"734d121aab4fba041658b51e297f7f4efbac71b3","messageTitle":"Reforked, done till level-4","messageBody":"","tags":["level-4"],"fileTypesAndContributionMap":{"java":{"insertions":199,"deletions":6}}},{"hash":"7f1ff3d86002163194a7c9fb0a81fe0757975a32","messageTitle":"Removed error line","messageBody":"","fileTypesAndContributionMap":{"java":{"insertions":0,"deletions":1}}},{"hash":"7d980fd82d95dba63aac8b842c9d7e44a5cd3a56","messageTitle":"Handled exception for incorrect input","messageBody":"","tags":["level-5"],"fileTypesAndContributionMap":{"java":{"insertions":69,"deletions":30},"md":{"insertions":15,"deletions":9}}}]},{"date":"2022-03-12","commitResults":[{"hash":"e23f3721e5f15ca6ad28c13b9da65a0673e06899","messageTitle":"Added delete function to delete task","messageBody":"","tags":["level-6"],"fileTypesAndContributionMap":{"java":{"insertions":13,"deletions":11}}},{"hash":"2f3cd66d71f5eee64266a34cf2eca6aab424d5df","messageTitle":"Added enum to manage category and commands","messageBody":"","fileTypesAndContributionMap":{"java":{"insertions":56,"deletions":56}}}]},{"date":"2022-04-03","commitResults":[{"hash":"3306f59877debb163c29ef1f0d6d0be68e228ddf","messageTitle":"Extracted storage class, extracted pakages, Added save to file feature","messageBody":"","fileTypesAndContributionMap":{"java":{"insertions":421,"deletions":145},"bat":{"insertions":1,"deletions":1},"md":{"insertions":4,"deletions":4}}},{"hash":"8232cee881ef444df304af4f2b462f5abdfa3048","messageTitle":"Added feature to accept proper date format","messageBody":"","fileTypesAndContributionMap":{"java":{"insertions":62,"deletions":46}}},{"hash":"e059142cb9731a7302a3dea27517bb514a9d20db","messageTitle":"Added JavaDoc for all functions","messageBody":"","fileTypesAndContributionMap":{"java":{"insertions":100,"deletions":13}}},{"hash":"3f2c0a39cd15b02977168fe5c73ee4b0cc69f358","messageTitle":"Added javadocs for task package","messageBody":"","fileTypesAndContributionMap":{"java":{"insertions":79,"deletions":3}}},{"hash":"e4d5f9a9342722453782888d91185b22d074e113","messageTitle":"Added support for Gradle and JUnit","messageBody":"","fileTypesAndContributionMap":{"gradle":{"insertions":1,"deletions":1},"java":{"insertions":12,"deletions":0}}},{"hash":"8c293edb042b46d207cf5b3563f71535700f7154","messageTitle":"Add C-MassOps, delete many with x,y,z","messageBody":"","fileTypesAndContributionMap":{"gradle":{"insertions":1,"deletions":1},"java":{"insertions":22,"deletions":9}}},{"hash":"d644c5f84e560ab6d4d3127e4a9a9d198d761ee0","messageTitle":"Added find function, added assert error checking","messageBody":"","fileTypesAndContributionMap":{"java":{"insertions":37,"deletions":10}}}]}]},"authorFileTypeContributionMap":{"kuanming3":{"java":750,"md":11,"fxml":0,"sh":0,"bat":1,"gradle":1,"txt":0}},"authorContributionVariance":{"kuanming3":12486.296},"authorDisplayNameMap":{"kuanming3":"LOH ..MING"}}
