[{"path":"src/main/java/AllException.java","fileType":"java","lines":[{"lineNumber":1,"author":{"gitId":"yong362"},"content":"","lastModifiedDate":"2022-03-26"},{"lineNumber":2,"author":{"gitId":"yong362"},"content":"public class AllException extends Exception{","lastModifiedDate":"2022-03-26"},{"lineNumber":3,"author":{"gitId":"yong362"},"content":"","lastModifiedDate":"2022-03-26"},{"lineNumber":4,"author":{"gitId":"yong362"},"content":"    final static String UnknownCommand\u003d\"What you saying bruh? I don\u0027t get what you mean, mind typing in details:\";","lastModifiedDate":"2022-03-26"},{"lineNumber":5,"author":{"gitId":"yong362"},"content":"    final static String invalidInputCommand\u003d\"Sorry, your command is missing of things.\";","lastModifiedDate":"2022-03-26"},{"lineNumber":6,"author":{"gitId":"yong362"},"content":"","lastModifiedDate":"2022-03-26"},{"lineNumber":7,"author":{"gitId":"yong362"},"content":"    public AllException(String message) {","lastModifiedDate":"2022-03-26"},{"lineNumber":8,"author":{"gitId":"yong362"},"content":"        super(message);","lastModifiedDate":"2022-03-26"},{"lineNumber":9,"author":{"gitId":"yong362"},"content":"    }","lastModifiedDate":"2022-03-26"},{"lineNumber":10,"author":{"gitId":"yong362"},"content":"}","lastModifiedDate":"2022-03-26"}],"authorContributionMap":{"yong362":10}},{"path":"src/main/java/Deadline.java","fileType":"java","lines":[{"lineNumber":1,"author":{"gitId":"yong362"},"content":"public class Deadline extends Task {","lastModifiedDate":"2022-02-20"},{"lineNumber":2,"author":{"gitId":"yong362"},"content":"","lastModifiedDate":"2022-02-20"},{"lineNumber":3,"author":{"gitId":"yong362"},"content":"    protected String by;","lastModifiedDate":"2022-02-20"},{"lineNumber":4,"author":{"gitId":"yong362"},"content":"","lastModifiedDate":"2022-02-20"},{"lineNumber":5,"author":{"gitId":"yong362"},"content":"    public Deadline(String description, String by) {","lastModifiedDate":"2022-02-20"},{"lineNumber":6,"author":{"gitId":"yong362"},"content":"        super(description);","lastModifiedDate":"2022-02-20"},{"lineNumber":7,"author":{"gitId":"yong362"},"content":"        this.by \u003d by;","lastModifiedDate":"2022-02-20"},{"lineNumber":8,"author":{"gitId":"yong362"},"content":"    }","lastModifiedDate":"2022-02-20"},{"lineNumber":9,"author":{"gitId":"yong362"},"content":"","lastModifiedDate":"2022-02-20"},{"lineNumber":10,"author":{"gitId":"yong362"},"content":"    @Override","lastModifiedDate":"2022-02-20"},{"lineNumber":11,"author":{"gitId":"yong362"},"content":"    public String toString() {","lastModifiedDate":"2022-02-20"},{"lineNumber":12,"author":{"gitId":"yong362"},"content":"        return \"[D]\" + super.toString() + \" (by: \" + by + \")\";","lastModifiedDate":"2022-02-20"},{"lineNumber":13,"author":{"gitId":"yong362"},"content":"    }","lastModifiedDate":"2022-02-20"},{"lineNumber":14,"author":{"gitId":"yong362"},"content":"}","lastModifiedDate":"2022-02-20"}],"authorContributionMap":{"yong362":14}},{"path":"src/main/java/Duke.java","fileType":"java","lines":[{"lineNumber":1,"author":{"gitId":"yong362"},"content":"import java.util.ArrayList;","lastModifiedDate":"2022-02-12"},{"lineNumber":2,"author":{"gitId":"yong362"},"content":"import java.util.List;","lastModifiedDate":"2022-02-12"},{"lineNumber":3,"author":{"gitId":"yong362"},"content":"import java.util.Scanner;","lastModifiedDate":"2022-02-03"},{"lineNumber":4,"author":{"gitId":"yong362"},"content":"","lastModifiedDate":"2022-03-26"},{"lineNumber":5,"author":{"gitId":"-"},"content":"public class Duke {","lastModifiedDate":"2019-07-29"},{"lineNumber":6,"author":{"gitId":"yong362"},"content":"    public static void main(String[] args) throws AllException {","lastModifiedDate":"2022-03-26"},{"lineNumber":7,"author":{"gitId":"-"},"content":"        String logo \u003d \" ____        _        \\n\"","lastModifiedDate":"2022-02-20"},{"lineNumber":8,"author":{"gitId":"-"},"content":"                + \"|  _ \\\\ _   _| | _____ \\n\"","lastModifiedDate":"2019-07-29"},{"lineNumber":9,"author":{"gitId":"-"},"content":"                + \"| | | | | | | |/ / _ \\\\\\n\"","lastModifiedDate":"2019-07-29"},{"lineNumber":10,"author":{"gitId":"-"},"content":"                + \"| |_| | |_| |   \u003c  __/\\n\"","lastModifiedDate":"2019-07-29"},{"lineNumber":11,"author":{"gitId":"-"},"content":"                + \"|____/ \\\\__,_|_|\\\\_\\\\___|\\n\";","lastModifiedDate":"2019-07-29"},{"lineNumber":12,"author":{"gitId":"-"},"content":"        System.out.println(\"Hello from\\n\" + logo);","lastModifiedDate":"2022-02-20"},{"lineNumber":13,"author":{"gitId":"yong362"},"content":"        String divider \u003d \"\u003d\u003d\u003d\u003d\u003d\u003d\u003d\u003d\u003d\u003d\u003d\u003d\u003d\u003d\u003d\u003d\u003d\u003d\u003d\u003d\u003d\u003d\u003d\u003d\u003d\u003d\u003d\u003d\u003d\u003d\u003d\u003d\u003d\u003d\u003d\u003d\u003d\u003d\u003d\u003d\u003d\u003d\";","lastModifiedDate":"2022-02-12"},{"lineNumber":14,"author":{"gitId":"yong362"},"content":"        List\u003cTask\u003e TL \u003d new ArrayList\u003c\u003e();","lastModifiedDate":"2022-02-12"},{"lineNumber":15,"author":{"gitId":"yong362"},"content":"        Scanner in \u003d new Scanner(System.in);","lastModifiedDate":"2022-02-03"},{"lineNumber":16,"author":{"gitId":"yong362"},"content":"        String[] words;","lastModifiedDate":"2022-02-20"},{"lineNumber":17,"author":{"gitId":"yong362"},"content":"        String command;","lastModifiedDate":"2022-02-20"},{"lineNumber":18,"author":{"gitId":"yong362"},"content":"        System.out.println(\"\u003d\u003d\u003d\u003d\u003d\u003d\u003d\u003d\u003d\u003d\u003d\u003d\u003d\u003d\u003d\u003d\u003d\u003d\u003d\u003d\u003d\u003d\");","lastModifiedDate":"2022-02-03"},{"lineNumber":19,"author":{"gitId":"yong362"},"content":"        System.out.println(\"Hello! I\u0027m Duke\\nWhat can I do for you?\");","lastModifiedDate":"2022-02-03"},{"lineNumber":20,"author":{"gitId":"yong362"},"content":"        System.out.println(\"\u003d\u003d\u003d\u003d\u003d\u003d\u003d\u003d\u003d\u003d\u003d\u003d\u003d\u003d\u003d\u003d\u003d\u003d\u003d\u003d\u003d\u003d\");","lastModifiedDate":"2022-02-03"},{"lineNumber":21,"author":{"gitId":"yong362"},"content":"        while (in.hasNext()) {","lastModifiedDate":"2022-02-03"},{"lineNumber":22,"author":{"gitId":"yong362"},"content":"            String reply \u003d in.nextLine();","lastModifiedDate":"2022-02-03"},{"lineNumber":23,"author":{"gitId":"yong362"},"content":"            words \u003d reply.split(\" \");","lastModifiedDate":"2022-02-20"},{"lineNumber":24,"author":{"gitId":"yong362"},"content":"            command \u003d words[0];","lastModifiedDate":"2022-02-20"},{"lineNumber":25,"author":{"gitId":"yong362"},"content":"            int option \u003d 0;","lastModifiedDate":"2022-03-26"},{"lineNumber":26,"author":{"gitId":"yong362"},"content":"            if (command.equalsIgnoreCase(\"bye\")) {","lastModifiedDate":"2022-02-20"},{"lineNumber":27,"author":{"gitId":"yong362"},"content":"                new Print(reply);","lastModifiedDate":"2022-02-06"},{"lineNumber":28,"author":{"gitId":"yong362"},"content":"                break;","lastModifiedDate":"2022-02-03"},{"lineNumber":29,"author":{"gitId":"yong362"},"content":"            } else if (command.equalsIgnoreCase(\"list\")) {","lastModifiedDate":"2022-03-26"},{"lineNumber":30,"author":{"gitId":"yong362"},"content":"                new Print((ArrayList\u003cTask\u003e) TL, command);","lastModifiedDate":"2022-03-26"},{"lineNumber":31,"author":{"gitId":"yong362"},"content":"            } else {","lastModifiedDate":"2022-03-26"},{"lineNumber":32,"author":{"gitId":"yong362"},"content":"                if (words.length \u003c 2) {","lastModifiedDate":"2022-03-26"},{"lineNumber":33,"author":{"gitId":"yong362"},"content":"                    System.out.println(DukeException.UnknownCommand);","lastModifiedDate":"2022-03-26"},{"lineNumber":34,"author":{"gitId":"yong362"},"content":"                } else if (command.toLowerCase().contains(\"mark\") || command.toLowerCase().contains(\"unmark\")) {","lastModifiedDate":"2022-02-20"},{"lineNumber":35,"author":{"gitId":"yong362"},"content":"                    try {","lastModifiedDate":"2022-03-26"},{"lineNumber":36,"author":{"gitId":"yong362"},"content":"                        option \u003d Integer.parseInt(words[1]);","lastModifiedDate":"2022-03-26"},{"lineNumber":37,"author":{"gitId":"yong362"},"content":"                    } catch (NumberFormatException ex) {","lastModifiedDate":"2022-03-26"},{"lineNumber":38,"author":{"gitId":"yong362"},"content":"                        System.out.println(\"2nd param has to be number\");","lastModifiedDate":"2022-03-26"},{"lineNumber":39,"author":{"gitId":"yong362"},"content":"                    }","lastModifiedDate":"2022-03-26"},{"lineNumber":40,"author":{"gitId":"yong362"},"content":"                    if (command.toLowerCase().contains(\"unmark\") \u0026\u0026 !TL.isEmpty()) {","lastModifiedDate":"2022-02-20"},{"lineNumber":41,"author":{"gitId":"yong362"},"content":"                        TL.get(option - 1).isDone \u003d false;","lastModifiedDate":"2022-02-12"},{"lineNumber":42,"author":{"gitId":"yong362"},"content":"                        System.out.println(divider);","lastModifiedDate":"2022-02-12"},{"lineNumber":43,"author":{"gitId":"yong362"},"content":"                        System.out.println(\"\\tOK, I\u0027ve marked this task as not done yet:\\n\\t[\" + TL.get(option - 1).getType() + \"] [\" + TL.get(option - 1).getStatusIcon() + \"]\" + TL.get(option - 1).description);","lastModifiedDate":"2022-02-20"},{"lineNumber":44,"author":{"gitId":"yong362"},"content":"                        System.out.println(divider);","lastModifiedDate":"2022-02-12"},{"lineNumber":45,"author":{"gitId":"yong362"},"content":"                    } else if (command.toLowerCase().contains(\"mark\") \u0026\u0026 !TL.isEmpty()) {","lastModifiedDate":"2022-03-26"},{"lineNumber":46,"author":{"gitId":"yong362"},"content":"                        TL.get(option - 1).isDone \u003d true;","lastModifiedDate":"2022-02-12"},{"lineNumber":47,"author":{"gitId":"yong362"},"content":"                        System.out.println(divider);","lastModifiedDate":"2022-02-12"},{"lineNumber":48,"author":{"gitId":"yong362"},"content":"                        System.out.println(\"\\tNice! I\u0027ve marked this task as done:\\n\\t[\" + TL.get(option - 1).getType() + \"] [\" + TL.get(option - 1).getStatusIcon() + \"]\" + TL.get(option - 1).description);","lastModifiedDate":"2022-02-20"},{"lineNumber":49,"author":{"gitId":"yong362"},"content":"                        System.out.println(divider);","lastModifiedDate":"2022-02-12"},{"lineNumber":50,"author":{"gitId":"yong362"},"content":"                    } else {","lastModifiedDate":"2022-02-12"},{"lineNumber":51,"author":{"gitId":"yong362"},"content":"                        System.out.println(\"There is no Task Currently, wanna add some? :P\");","lastModifiedDate":"2022-02-12"},{"lineNumber":52,"author":{"gitId":"yong362"},"content":"                    }","lastModifiedDate":"2022-02-12"},{"lineNumber":53,"author":{"gitId":"yong362"},"content":"                } else if (command.equalsIgnoreCase(\"deadline\")) {","lastModifiedDate":"2022-02-20"},{"lineNumber":54,"author":{"gitId":"yong362"},"content":"                    TL.add(new Todo(reply));","lastModifiedDate":"2022-02-20"},{"lineNumber":55,"author":{"gitId":"yong362"},"content":"                    new Print((ArrayList\u003cTask\u003e) TL, command);","lastModifiedDate":"2022-02-20"},{"lineNumber":56,"author":{"gitId":"yong362"},"content":"                } else if (command.equalsIgnoreCase(\"event\")) {","lastModifiedDate":"2022-02-20"},{"lineNumber":57,"author":{"gitId":"yong362"},"content":"                    TL.add(new Todo(reply));","lastModifiedDate":"2022-02-12"},{"lineNumber":58,"author":{"gitId":"yong362"},"content":"                    new Print((ArrayList\u003cTask\u003e) TL, command);","lastModifiedDate":"2022-02-20"},{"lineNumber":59,"author":{"gitId":"yong362"},"content":"                } else if (command.equalsIgnoreCase(\"todo\")) {","lastModifiedDate":"2022-02-20"},{"lineNumber":60,"author":{"gitId":"yong362"},"content":"                    TL.add(new Todo(reply));","lastModifiedDate":"2022-02-20"},{"lineNumber":61,"author":{"gitId":"yong362"},"content":"                    new Print((ArrayList\u003cTask\u003e) TL, command);","lastModifiedDate":"2022-02-20"},{"lineNumber":62,"author":{"gitId":"yong362"},"content":"                } else if (command.equalsIgnoreCase(\"delete\")) {","lastModifiedDate":"2022-03-26"},{"lineNumber":63,"author":{"gitId":"yong362"},"content":"                    option \u003d Integer.parseInt(words[1]);","lastModifiedDate":"2022-03-26"},{"lineNumber":64,"author":{"gitId":"yong362"},"content":"                    new Print((ArrayList\u003cTask\u003e) TL, command,(option-1));","lastModifiedDate":"2022-03-26"},{"lineNumber":65,"author":{"gitId":"yong362"},"content":"                    TL.remove(option - 1);","lastModifiedDate":"2022-03-26"},{"lineNumber":66,"author":{"gitId":"yong362"},"content":"                } else {","lastModifiedDate":"2022-02-20"},{"lineNumber":67,"author":{"gitId":"yong362"},"content":"                    System.out.println(DukeException.invalidInputCommand);","lastModifiedDate":"2022-03-26"},{"lineNumber":68,"author":{"gitId":"yong362"},"content":"                }","lastModifiedDate":"2022-03-26"},{"lineNumber":69,"author":{"gitId":"yong362"},"content":"            }","lastModifiedDate":"2022-02-12"},{"lineNumber":70,"author":{"gitId":"yong362"},"content":"        }","lastModifiedDate":"2022-02-03"},{"lineNumber":71,"author":{"gitId":"-"},"content":"    }","lastModifiedDate":"2022-02-03"},{"lineNumber":72,"author":{"gitId":"yong362"},"content":"","lastModifiedDate":"2022-02-06"},{"lineNumber":73,"author":{"gitId":"yong362"},"content":"","lastModifiedDate":"2022-02-12"},{"lineNumber":74,"author":{"gitId":"-"},"content":"}","lastModifiedDate":"2022-02-12"},{"lineNumber":75,"author":{"gitId":"yong362"},"content":"","lastModifiedDate":"2022-02-12"}],"authorContributionMap":{"yong362":66,"-":9}},{"path":"src/main/java/DukeException.java","fileType":"java","lines":[{"lineNumber":1,"author":{"gitId":"yong362"},"content":"public class DukeException extends Exception {","lastModifiedDate":"2022-03-26"},{"lineNumber":2,"author":{"gitId":"yong362"},"content":"","lastModifiedDate":"2022-03-26"},{"lineNumber":3,"author":{"gitId":"yong362"},"content":"    final static String UnknownCommand\u003d\"What you saying bruh? I don\u0027t get what you mean, mind typing in details:\";","lastModifiedDate":"2022-03-26"},{"lineNumber":4,"author":{"gitId":"yong362"},"content":"    final static String invalidInputCommand\u003d\"Sorry, your command is missing of things.\";","lastModifiedDate":"2022-03-26"},{"lineNumber":5,"author":{"gitId":"yong362"},"content":"","lastModifiedDate":"2022-03-26"},{"lineNumber":6,"author":{"gitId":"yong362"},"content":"    public DukeException(String message) {","lastModifiedDate":"2022-03-26"},{"lineNumber":7,"author":{"gitId":"yong362"},"content":"        super(message);","lastModifiedDate":"2022-03-26"},{"lineNumber":8,"author":{"gitId":"yong362"},"content":"    }","lastModifiedDate":"2022-03-26"},{"lineNumber":9,"author":{"gitId":"yong362"},"content":"}","lastModifiedDate":"2022-03-26"}],"authorContributionMap":{"yong362":9}},{"path":"src/main/java/Print.java","fileType":"java","lines":[{"lineNumber":1,"author":{"gitId":"yong362"},"content":"import java.util.ArrayList;","lastModifiedDate":"2022-02-12"},{"lineNumber":2,"author":{"gitId":"yong362"},"content":"import java.util.List;","lastModifiedDate":"2022-02-12"},{"lineNumber":3,"author":{"gitId":"yong362"},"content":"","lastModifiedDate":"2022-02-12"},{"lineNumber":4,"author":{"gitId":"yong362"},"content":"public class Print {","lastModifiedDate":"2022-02-06"},{"lineNumber":5,"author":{"gitId":"yong362"},"content":"    String divider \u003d \"\u003d\u003d\u003d\u003d\u003d\u003d\u003d\u003d\u003d\u003d\u003d\u003d\u003d\u003d\u003d\u003d\u003d\u003d\u003d\u003d\u003d\u003d\u003d\u003d\u003d\u003d\u003d\u003d\u003d\u003d\u003d\u003d\u003d\u003d\u003d\u003d\u003d\u003d\u003d\u003d\u003d\u003d\";","lastModifiedDate":"2022-02-12"},{"lineNumber":6,"author":{"gitId":"yong362"},"content":"","lastModifiedDate":"2022-03-26"},{"lineNumber":7,"author":{"gitId":"yong362"},"content":"    public Print() {","lastModifiedDate":"2022-02-06"},{"lineNumber":8,"author":{"gitId":"yong362"},"content":"","lastModifiedDate":"2022-02-06"},{"lineNumber":9,"author":{"gitId":"yong362"},"content":"    }","lastModifiedDate":"2022-02-06"},{"lineNumber":10,"author":{"gitId":"yong362"},"content":"","lastModifiedDate":"2022-02-12"},{"lineNumber":11,"author":{"gitId":"yong362"},"content":"    public Print(String msg) {","lastModifiedDate":"2022-02-06"},{"lineNumber":12,"author":{"gitId":"yong362"},"content":"","lastModifiedDate":"2022-02-12"},{"lineNumber":13,"author":{"gitId":"yong362"},"content":"","lastModifiedDate":"2022-02-12"},{"lineNumber":14,"author":{"gitId":"yong362"},"content":"        if (msg.equalsIgnoreCase(\"bye\")) {","lastModifiedDate":"2022-02-06"},{"lineNumber":15,"author":{"gitId":"yong362"},"content":"            System.out.println(\"\\t\u003d\u003d\u003d\u003d\u003d\u003d\u003d\u003d\u003d\u003d\u003d\u003d\u003d\u003d\u003d\u003d\u003d\u003d\u003d\u003d\u003d\u003d\u003d\u003d\u003d\u003d\u003d\u003d\u003d\u003d\u003d\u003d\");","lastModifiedDate":"2022-02-06"},{"lineNumber":16,"author":{"gitId":"yong362"},"content":"            System.out.println(\"\\tBye. Hope to see you again soon!\");","lastModifiedDate":"2022-02-06"},{"lineNumber":17,"author":{"gitId":"yong362"},"content":"            System.out.println(\"\\t\u003d\u003d\u003d\u003d\u003d\u003d\u003d\u003d\u003d\u003d\u003d\u003d\u003d\u003d\u003d\u003d\u003d\u003d\u003d\u003d\u003d\u003d\u003d\u003d\u003d\u003d\u003d\u003d\u003d\u003d\u003d\u003d\");","lastModifiedDate":"2022-02-06"},{"lineNumber":18,"author":{"gitId":"yong362"},"content":"        } else {","lastModifiedDate":"2022-02-06"},{"lineNumber":19,"author":{"gitId":"yong362"},"content":"            System.out.println(\"\\t\" + divider);","lastModifiedDate":"2022-02-12"},{"lineNumber":20,"author":{"gitId":"yong362"},"content":"            System.out.println(\"\\tadded:\" + msg);","lastModifiedDate":"2022-02-12"},{"lineNumber":21,"author":{"gitId":"yong362"},"content":"            System.out.println(\"\\t\" + divider);","lastModifiedDate":"2022-02-12"},{"lineNumber":22,"author":{"gitId":"yong362"},"content":"        }","lastModifiedDate":"2022-02-06"},{"lineNumber":23,"author":{"gitId":"yong362"},"content":"    }","lastModifiedDate":"2022-02-06"},{"lineNumber":24,"author":{"gitId":"yong362"},"content":"","lastModifiedDate":"2022-03-26"},{"lineNumber":25,"author":{"gitId":"yong362"},"content":"    public Print(ArrayList\u003cTask\u003e TL, String command) {","lastModifiedDate":"2022-02-20"},{"lineNumber":26,"author":{"gitId":"yong362"},"content":"        int latest \u003d TL.size() - 1;","lastModifiedDate":"2022-02-20"},{"lineNumber":27,"author":{"gitId":"yong362"},"content":"        if (TL.size() \u003d\u003d 0) {","lastModifiedDate":"2022-02-12"},{"lineNumber":28,"author":{"gitId":"yong362"},"content":"            System.out.println(\"There is no Task Currently, wanna add some? :P\");","lastModifiedDate":"2022-02-12"},{"lineNumber":29,"author":{"gitId":"yong362"},"content":"        } else if (command.equalsIgnoreCase(\"todo\")) {","lastModifiedDate":"2022-02-20"},{"lineNumber":30,"author":{"gitId":"yong362"},"content":"            System.out.println(divider + \"\\n Got it. I\u0027ve added this task:\");","lastModifiedDate":"2022-02-20"},{"lineNumber":31,"author":{"gitId":"yong362"},"content":"            System.out.println(\"[\" + TL.get(latest).getType() + \"] [\" + TL.get(latest).getStatusIcon() + \"]\" + TL.get(latest).description);","lastModifiedDate":"2022-02-20"},{"lineNumber":32,"author":{"gitId":"yong362"},"content":"            System.out.println(\"Now you have \" + TL.size() + \" tasks in the list.\");","lastModifiedDate":"2022-02-20"},{"lineNumber":33,"author":{"gitId":"yong362"},"content":"            System.out.println(divider);","lastModifiedDate":"2022-02-20"},{"lineNumber":34,"author":{"gitId":"yong362"},"content":"        } else if (command.equalsIgnoreCase(\"deadline\")) {","lastModifiedDate":"2022-03-26"},{"lineNumber":35,"author":{"gitId":"yong362"},"content":"            System.out.println(divider + \"\\n Got it. I\u0027ve added this task:\");","lastModifiedDate":"2022-02-20"},{"lineNumber":36,"author":{"gitId":"yong362"},"content":"            System.out.println(\"[\" + TL.get(latest).getType() + \"] [\" + TL.get(latest).getStatusIcon() + \"]\" + TL.get(latest).description);","lastModifiedDate":"2022-02-20"},{"lineNumber":37,"author":{"gitId":"yong362"},"content":"            System.out.println(\"Now you have \" + TL.size() + \" tasks in the list.\");","lastModifiedDate":"2022-02-20"},{"lineNumber":38,"author":{"gitId":"yong362"},"content":"            System.out.println(divider);","lastModifiedDate":"2022-02-20"},{"lineNumber":39,"author":{"gitId":"yong362"},"content":"        } else if (command.equalsIgnoreCase(\"event\")) {","lastModifiedDate":"2022-03-26"},{"lineNumber":40,"author":{"gitId":"yong362"},"content":"            System.out.println(divider + \"\\n Got it. I\u0027ve added this task:\");","lastModifiedDate":"2022-02-20"},{"lineNumber":41,"author":{"gitId":"yong362"},"content":"            System.out.println(\"[\" + TL.get(latest).getType() + \"] [\" + TL.get(latest).getStatusIcon() + \"]\" + TL.get(latest).description);","lastModifiedDate":"2022-02-20"},{"lineNumber":42,"author":{"gitId":"yong362"},"content":"            System.out.println(\"Now you have \" + TL.size() + \" tasks in the list.\");","lastModifiedDate":"2022-02-20"},{"lineNumber":43,"author":{"gitId":"yong362"},"content":"            System.out.println(divider);","lastModifiedDate":"2022-02-20"},{"lineNumber":44,"author":{"gitId":"yong362"},"content":"        } else if (command.equalsIgnoreCase(\"list\")) {","lastModifiedDate":"2022-02-20"},{"lineNumber":45,"author":{"gitId":"yong362"},"content":"            System.out.println(divider + \"\\n Here are the tasks in your list:\");","lastModifiedDate":"2022-02-12"},{"lineNumber":46,"author":{"gitId":"yong362"},"content":"            for (int i \u003d 0; i \u003c TL.size(); i++) {","lastModifiedDate":"2022-02-12"},{"lineNumber":47,"author":{"gitId":"yong362"},"content":"                System.out.println((i + 1) + \". [\" + TL.get(i).getType() + \"] [\" + TL.get(i).getStatusIcon() + \"]\" + TL.get(i).description);","lastModifiedDate":"2022-02-20"},{"lineNumber":48,"author":{"gitId":"yong362"},"content":"            }","lastModifiedDate":"2022-02-12"},{"lineNumber":49,"author":{"gitId":"yong362"},"content":"            System.out.println(divider);","lastModifiedDate":"2022-02-12"},{"lineNumber":50,"author":{"gitId":"yong362"},"content":"        }","lastModifiedDate":"2022-02-06"},{"lineNumber":51,"author":{"gitId":"yong362"},"content":"","lastModifiedDate":"2022-02-12"},{"lineNumber":52,"author":{"gitId":"yong362"},"content":"    }","lastModifiedDate":"2022-02-20"},{"lineNumber":53,"author":{"gitId":"yong362"},"content":"","lastModifiedDate":"2022-02-20"},{"lineNumber":54,"author":{"gitId":"yong362"},"content":"    public Print(ArrayList\u003cTask\u003e TL, String command, int position) {","lastModifiedDate":"2022-03-26"},{"lineNumber":55,"author":{"gitId":"yong362"},"content":"        if (command.equalsIgnoreCase(\"Delete\")) {","lastModifiedDate":"2022-03-26"},{"lineNumber":56,"author":{"gitId":"yong362"},"content":"            System.out.println(divider + \"\\n Noted. I\u0027ve removed this task:\");","lastModifiedDate":"2022-03-26"},{"lineNumber":57,"author":{"gitId":"yong362"},"content":"            System.out.println(\"[\" + TL.get(position).getType() + \"] [\" + TL.get(position).getStatusIcon() + \"]\" + TL.get(position).description);","lastModifiedDate":"2022-03-26"},{"lineNumber":58,"author":{"gitId":"yong362"},"content":"            System.out.println(\"Now you have \" + (TL.size()-1) + \" tasks in the list.\");","lastModifiedDate":"2022-03-26"},{"lineNumber":59,"author":{"gitId":"yong362"},"content":"            System.out.println(divider);","lastModifiedDate":"2022-03-26"},{"lineNumber":60,"author":{"gitId":"yong362"},"content":"        }","lastModifiedDate":"2022-03-26"},{"lineNumber":61,"author":{"gitId":"yong362"},"content":"    }","lastModifiedDate":"2022-03-26"},{"lineNumber":62,"author":{"gitId":"yong362"},"content":"}","lastModifiedDate":"2022-02-06"},{"lineNumber":63,"author":{"gitId":"yong362"},"content":"","lastModifiedDate":"2022-02-12"}],"authorContributionMap":{"yong362":63}},{"path":"src/main/java/Task.java","fileType":"java","lines":[{"lineNumber":1,"author":{"gitId":"yong362"},"content":"public class Task {","lastModifiedDate":"2022-02-12"},{"lineNumber":2,"author":{"gitId":"yong362"},"content":"    protected String description;","lastModifiedDate":"2022-02-12"},{"lineNumber":3,"author":{"gitId":"yong362"},"content":"    protected boolean isDone;","lastModifiedDate":"2022-02-12"},{"lineNumber":4,"author":{"gitId":"yong362"},"content":"    protected char type;","lastModifiedDate":"2022-02-20"},{"lineNumber":5,"author":{"gitId":"yong362"},"content":"","lastModifiedDate":"2022-02-12"},{"lineNumber":6,"author":{"gitId":"yong362"},"content":"    public Task(String description) {","lastModifiedDate":"2022-02-12"},{"lineNumber":7,"author":{"gitId":"yong362"},"content":"        String [] reply\u003ddescription.split(\" \");","lastModifiedDate":"2022-02-20"},{"lineNumber":8,"author":{"gitId":"yong362"},"content":"       if(reply[0].equalsIgnoreCase(\"todo\")){","lastModifiedDate":"2022-02-20"},{"lineNumber":9,"author":{"gitId":"yong362"},"content":"          this.type\u003d\u0027T\u0027;","lastModifiedDate":"2022-02-20"},{"lineNumber":10,"author":{"gitId":"yong362"},"content":"       }else if(reply[0].equalsIgnoreCase(\"event\")){","lastModifiedDate":"2022-02-20"},{"lineNumber":11,"author":{"gitId":"yong362"},"content":"           this.type\u003d\u0027E\u0027;","lastModifiedDate":"2022-02-20"},{"lineNumber":12,"author":{"gitId":"yong362"},"content":"       }else if(reply[0].equalsIgnoreCase(\"deadline\")){","lastModifiedDate":"2022-02-20"},{"lineNumber":13,"author":{"gitId":"yong362"},"content":"           this.type\u003d\u0027D\u0027;","lastModifiedDate":"2022-02-20"},{"lineNumber":14,"author":{"gitId":"yong362"},"content":"       }","lastModifiedDate":"2022-02-20"},{"lineNumber":15,"author":{"gitId":"yong362"},"content":"        this.description \u003d description;","lastModifiedDate":"2022-02-12"},{"lineNumber":16,"author":{"gitId":"yong362"},"content":"        this.isDone \u003d false;","lastModifiedDate":"2022-02-12"},{"lineNumber":17,"author":{"gitId":"yong362"},"content":"    }","lastModifiedDate":"2022-02-12"},{"lineNumber":18,"author":{"gitId":"yong362"},"content":"   public char getType(){","lastModifiedDate":"2022-02-20"},{"lineNumber":19,"author":{"gitId":"yong362"},"content":"        return type;","lastModifiedDate":"2022-02-20"},{"lineNumber":20,"author":{"gitId":"yong362"},"content":"   }","lastModifiedDate":"2022-02-20"},{"lineNumber":21,"author":{"gitId":"yong362"},"content":"    public String getDescription() {","lastModifiedDate":"2022-02-12"},{"lineNumber":22,"author":{"gitId":"yong362"},"content":"        return description;","lastModifiedDate":"2022-02-12"},{"lineNumber":23,"author":{"gitId":"yong362"},"content":"    }","lastModifiedDate":"2022-02-12"},{"lineNumber":24,"author":{"gitId":"yong362"},"content":"    public String getStatusIcon() {","lastModifiedDate":"2022-02-12"},{"lineNumber":25,"author":{"gitId":"yong362"},"content":"        return (isDone ? \"X\" : \" \"); // mark done task with X","lastModifiedDate":"2022-02-12"},{"lineNumber":26,"author":{"gitId":"yong362"},"content":"    }","lastModifiedDate":"2022-02-12"},{"lineNumber":27,"author":{"gitId":"yong362"},"content":"    @Override","lastModifiedDate":"2022-02-12"},{"lineNumber":28,"author":{"gitId":"yong362"},"content":"    public String toString() {","lastModifiedDate":"2022-02-12"},{"lineNumber":29,"author":{"gitId":"yong362"},"content":"        return \"description: \" + description;","lastModifiedDate":"2022-02-12"},{"lineNumber":30,"author":{"gitId":"yong362"},"content":"    }","lastModifiedDate":"2022-02-12"},{"lineNumber":31,"author":{"gitId":"yong362"},"content":"}","lastModifiedDate":"2022-02-12"}],"authorContributionMap":{"yong362":31}},{"path":"src/main/java/Todo.java","fileType":"java","lines":[{"lineNumber":1,"author":{"gitId":"yong362"},"content":"public class Todo extends Task{","lastModifiedDate":"2022-02-12"},{"lineNumber":2,"author":{"gitId":"yong362"},"content":"","lastModifiedDate":"2022-02-12"},{"lineNumber":3,"author":{"gitId":"yong362"},"content":"    protected boolean isDone;","lastModifiedDate":"2022-02-12"},{"lineNumber":4,"author":{"gitId":"yong362"},"content":"    public boolean isDone(){","lastModifiedDate":"2022-02-12"},{"lineNumber":5,"author":{"gitId":"yong362"},"content":"        return isDone;","lastModifiedDate":"2022-02-12"},{"lineNumber":6,"author":{"gitId":"yong362"},"content":"    }","lastModifiedDate":"2022-02-12"},{"lineNumber":7,"author":{"gitId":"yong362"},"content":"    public void setDone(boolean newValue){","lastModifiedDate":"2022-02-12"},{"lineNumber":8,"author":{"gitId":"yong362"},"content":"        isDone\u003dnewValue;","lastModifiedDate":"2022-02-12"},{"lineNumber":9,"author":{"gitId":"yong362"},"content":"    }","lastModifiedDate":"2022-02-12"},{"lineNumber":10,"author":{"gitId":"yong362"},"content":"","lastModifiedDate":"2022-02-12"},{"lineNumber":11,"author":{"gitId":"yong362"},"content":"    public Todo(String description) {","lastModifiedDate":"2022-02-12"},{"lineNumber":12,"author":{"gitId":"yong362"},"content":"        super(description);","lastModifiedDate":"2022-02-12"},{"lineNumber":13,"author":{"gitId":"yong362"},"content":"    }","lastModifiedDate":"2022-02-12"},{"lineNumber":14,"author":{"gitId":"yong362"},"content":"","lastModifiedDate":"2022-02-12"},{"lineNumber":15,"author":{"gitId":"yong362"},"content":"    @Override","lastModifiedDate":"2022-02-12"},{"lineNumber":16,"author":{"gitId":"yong362"},"content":"    public String toString() {","lastModifiedDate":"2022-02-12"},{"lineNumber":17,"author":{"gitId":"yong362"},"content":"        String status \u003d null;","lastModifiedDate":"2022-02-12"},{"lineNumber":18,"author":{"gitId":"yong362"},"content":"        if (isDone){","lastModifiedDate":"2022-02-12"},{"lineNumber":19,"author":{"gitId":"yong362"},"content":"            status \u003d \"Yes\";","lastModifiedDate":"2022-02-12"},{"lineNumber":20,"author":{"gitId":"yong362"},"content":"        } else {","lastModifiedDate":"2022-02-12"},{"lineNumber":21,"author":{"gitId":"yong362"},"content":"            status \u003d \"No\";","lastModifiedDate":"2022-02-12"},{"lineNumber":22,"author":{"gitId":"yong362"},"content":"        }","lastModifiedDate":"2022-02-12"},{"lineNumber":23,"author":{"gitId":"yong362"},"content":"        return super.toString() + System.lineSeparator() + \"is done? \" + status;","lastModifiedDate":"2022-02-12"},{"lineNumber":24,"author":{"gitId":"yong362"},"content":"    }","lastModifiedDate":"2022-02-12"},{"lineNumber":25,"author":{"gitId":"yong362"},"content":"","lastModifiedDate":"2022-02-12"},{"lineNumber":26,"author":{"gitId":"yong362"},"content":"}","lastModifiedDate":"2022-02-12"}],"authorContributionMap":{"yong362":26}},{"path":"text-ui-test/input.txt","fileType":"txt","lines":[{"lineNumber":1,"author":{"gitId":"yong362"},"content":"todo borrow book","lastModifiedDate":"2022-03-26"},{"lineNumber":2,"author":{"gitId":"yong362"},"content":"todo play games","lastModifiedDate":"2022-03-26"},{"lineNumber":3,"author":{"gitId":"yong362"},"content":"deadline return book","lastModifiedDate":"2022-03-26"},{"lineNumber":4,"author":{"gitId":"yong362"},"content":"deadline return book /by Sunday","lastModifiedDate":"2022-03-26"},{"lineNumber":5,"author":{"gitId":"yong362"},"content":"event project meeting","lastModifiedDate":"2022-03-26"},{"lineNumber":6,"author":{"gitId":"yong362"},"content":"event project meeting /at Mon 2-4pm","lastModifiedDate":"2022-03-26"},{"lineNumber":7,"author":{"gitId":"yong362"},"content":"list","lastModifiedDate":"2022-03-26"},{"lineNumber":8,"author":{"gitId":"yong362"},"content":"mark 3","lastModifiedDate":"2022-03-26"},{"lineNumber":9,"author":{"gitId":"yong362"},"content":"mark 4","lastModifiedDate":"2022-03-26"},{"lineNumber":10,"author":{"gitId":"yong362"},"content":"unmark 3","lastModifiedDate":"2022-03-26"},{"lineNumber":11,"author":{"gitId":"yong362"},"content":"list","lastModifiedDate":"2022-03-26"},{"lineNumber":12,"author":{"gitId":"yong362"},"content":"delete 3","lastModifiedDate":"2022-03-26"},{"lineNumber":13,"author":{"gitId":"yong362"},"content":"list ","lastModifiedDate":"2022-03-26"},{"lineNumber":14,"author":{"gitId":"yong362"},"content":"bye","lastModifiedDate":"2022-03-26"}],"authorContributionMap":{"yong362":14}}]
