[{"path":"build.gradle","fileType":"gradle","lines":[{"lineNumber":1,"author":{"gitId":"-"},"content":"plugins {","lastModifiedDate":"2020-05-25"},{"lineNumber":2,"author":{"gitId":"-"},"content":"    id \u0027java\u0027","lastModifiedDate":"2020-05-25"},{"lineNumber":3,"author":{"gitId":"-"},"content":"    id \u0027application\u0027","lastModifiedDate":"2020-05-25"},{"lineNumber":4,"author":{"gitId":"-"},"content":"    id \u0027checkstyle\u0027","lastModifiedDate":"2020-05-25"},{"lineNumber":5,"author":{"gitId":"-"},"content":"    id \u0027com.github.johnrengelman.shadow\u0027 version \u00275.1.0\u0027","lastModifiedDate":"2020-05-25"},{"lineNumber":6,"author":{"gitId":"-"},"content":"}","lastModifiedDate":"2020-05-25"},{"lineNumber":7,"author":{"gitId":"-"},"content":"","lastModifiedDate":"2020-05-25"},{"lineNumber":8,"author":{"gitId":"-"},"content":"repositories {","lastModifiedDate":"2020-05-25"},{"lineNumber":9,"author":{"gitId":"-"},"content":"    mavenCentral()","lastModifiedDate":"2020-05-25"},{"lineNumber":10,"author":{"gitId":"-"},"content":"}","lastModifiedDate":"2020-05-25"},{"lineNumber":11,"author":{"gitId":"-"},"content":"","lastModifiedDate":"2020-05-25"},{"lineNumber":12,"author":{"gitId":"-"},"content":"dependencies {","lastModifiedDate":"2020-05-25"},{"lineNumber":13,"author":{"gitId":"-"},"content":"    testImplementation group: \u0027org.junit.jupiter\u0027, name: \u0027junit-jupiter-api\u0027, version: \u00275.5.0\u0027","lastModifiedDate":"2020-05-25"},{"lineNumber":14,"author":{"gitId":"-"},"content":"    testRuntimeOnly group: \u0027org.junit.jupiter\u0027, name: \u0027junit-jupiter-engine\u0027, version: \u00275.5.0\u0027","lastModifiedDate":"2020-05-25"},{"lineNumber":15,"author":{"gitId":"-"},"content":"}","lastModifiedDate":"2020-05-25"},{"lineNumber":16,"author":{"gitId":"-"},"content":"","lastModifiedDate":"2020-05-25"},{"lineNumber":17,"author":{"gitId":"-"},"content":"test {","lastModifiedDate":"2020-05-25"},{"lineNumber":18,"author":{"gitId":"-"},"content":"    useJUnitPlatform()","lastModifiedDate":"2020-05-25"},{"lineNumber":19,"author":{"gitId":"-"},"content":"","lastModifiedDate":"2020-05-25"},{"lineNumber":20,"author":{"gitId":"-"},"content":"    testLogging {","lastModifiedDate":"2020-05-25"},{"lineNumber":21,"author":{"gitId":"-"},"content":"        events \"passed\", \"skipped\", \"failed\"","lastModifiedDate":"2020-05-25"},{"lineNumber":22,"author":{"gitId":"-"},"content":"","lastModifiedDate":"2020-05-25"},{"lineNumber":23,"author":{"gitId":"-"},"content":"        showExceptions true","lastModifiedDate":"2020-05-25"},{"lineNumber":24,"author":{"gitId":"-"},"content":"        exceptionFormat \"full\"","lastModifiedDate":"2020-05-25"},{"lineNumber":25,"author":{"gitId":"-"},"content":"        showCauses true","lastModifiedDate":"2020-05-25"},{"lineNumber":26,"author":{"gitId":"-"},"content":"        showStackTraces true","lastModifiedDate":"2020-05-25"},{"lineNumber":27,"author":{"gitId":"-"},"content":"        showStandardStreams \u003d false","lastModifiedDate":"2020-05-25"},{"lineNumber":28,"author":{"gitId":"-"},"content":"    }","lastModifiedDate":"2020-05-25"},{"lineNumber":29,"author":{"gitId":"-"},"content":"}","lastModifiedDate":"2020-05-25"},{"lineNumber":30,"author":{"gitId":"-"},"content":"","lastModifiedDate":"2020-05-25"},{"lineNumber":31,"author":{"gitId":"-"},"content":"application {","lastModifiedDate":"2020-05-25"},{"lineNumber":32,"author":{"gitId":"yong362"},"content":"    mainClassName \u003d \"Duke\"","lastModifiedDate":"2022-04-15"},{"lineNumber":33,"author":{"gitId":"-"},"content":"}","lastModifiedDate":"2020-05-25"},{"lineNumber":34,"author":{"gitId":"-"},"content":"","lastModifiedDate":"2020-05-25"},{"lineNumber":35,"author":{"gitId":"-"},"content":"shadowJar {","lastModifiedDate":"2020-05-25"},{"lineNumber":36,"author":{"gitId":"-"},"content":"    archiveBaseName \u003d \"duke\"","lastModifiedDate":"2020-05-25"},{"lineNumber":37,"author":{"gitId":"-"},"content":"    archiveClassifier \u003d null","lastModifiedDate":"2020-05-25"},{"lineNumber":38,"author":{"gitId":"-"},"content":"}","lastModifiedDate":"2020-05-25"},{"lineNumber":39,"author":{"gitId":"-"},"content":"","lastModifiedDate":"2020-05-25"},{"lineNumber":40,"author":{"gitId":"-"},"content":"checkstyle {","lastModifiedDate":"2020-05-25"},{"lineNumber":41,"author":{"gitId":"-"},"content":"    toolVersion \u003d \u00278.29\u0027","lastModifiedDate":"2020-05-25"},{"lineNumber":42,"author":{"gitId":"-"},"content":"}","lastModifiedDate":"2020-05-25"},{"lineNumber":43,"author":{"gitId":"-"},"content":"","lastModifiedDate":"2020-05-25"},{"lineNumber":44,"author":{"gitId":"-"},"content":"run{","lastModifiedDate":"2020-05-25"},{"lineNumber":45,"author":{"gitId":"-"},"content":"    standardInput \u003d System.in","lastModifiedDate":"2020-05-25"},{"lineNumber":46,"author":{"gitId":"-"},"content":"}","lastModifiedDate":"2020-05-25"}],"authorContributionMap":{"yong362":1,"-":45}},{"path":"data/duke.txt","fileType":"txt","lines":[{"lineNumber":1,"author":{"gitId":"yong362"},"content":"E | 0 |  project meeting ","lastModifiedDate":"2022-04-15"}],"authorContributionMap":{"yong362":1}},{"path":"src/main/java/AllException.java","fileType":"java","lines":[{"lineNumber":1,"author":{"gitId":"yong362"},"content":"//","lastModifiedDate":"2022-04-14"},{"lineNumber":2,"author":{"gitId":"yong362"},"content":"//public class AllException extends Exception {","lastModifiedDate":"2022-04-14"},{"lineNumber":3,"author":{"gitId":"yong362"},"content":"//","lastModifiedDate":"2022-04-14"},{"lineNumber":4,"author":{"gitId":"yong362"},"content":"//    final static String UnknownCommand \u003d \"What you saying bruh? I don\u0027t get what you mean, mind typing in details:\";","lastModifiedDate":"2022-04-14"},{"lineNumber":5,"author":{"gitId":"yong362"},"content":"//    final static String invalidInputCommand \u003d \"Sorry, your command is missing of things.\";","lastModifiedDate":"2022-04-14"},{"lineNumber":6,"author":{"gitId":"yong362"},"content":"//","lastModifiedDate":"2022-04-14"},{"lineNumber":7,"author":{"gitId":"yong362"},"content":"//    public AllException(String message) {","lastModifiedDate":"2022-04-14"},{"lineNumber":8,"author":{"gitId":"yong362"},"content":"//        super(message);","lastModifiedDate":"2022-04-14"},{"lineNumber":9,"author":{"gitId":"yong362"},"content":"//    }","lastModifiedDate":"2022-04-14"},{"lineNumber":10,"author":{"gitId":"yong362"},"content":"//}","lastModifiedDate":"2022-04-14"}],"authorContributionMap":{"yong362":10}},{"path":"src/main/java/Duke.java","fileType":"java","lines":[{"lineNumber":1,"author":{"gitId":"yong362"},"content":"import java.io.FileNotFoundException;","lastModifiedDate":"2022-04-05"},{"lineNumber":2,"author":{"gitId":"yong362"},"content":"import java.io.IOException;","lastModifiedDate":"2022-04-05"},{"lineNumber":3,"author":{"gitId":"yong362"},"content":"import java.util.ArrayList;","lastModifiedDate":"2022-02-12"},{"lineNumber":4,"author":{"gitId":"yong362"},"content":"import java.util.List;","lastModifiedDate":"2022-02-12"},{"lineNumber":5,"author":{"gitId":"yong362"},"content":"import java.util.Scanner;","lastModifiedDate":"2022-02-03"},{"lineNumber":6,"author":{"gitId":"yong362"},"content":"import duke.exception.DukeException;","lastModifiedDate":"2022-04-14"},{"lineNumber":7,"author":{"gitId":"yong362"},"content":"import duke.storage.storage;","lastModifiedDate":"2022-04-14"},{"lineNumber":8,"author":{"gitId":"yong362"},"content":"import duke.tasklist.*;","lastModifiedDate":"2022-04-15"},{"lineNumber":9,"author":{"gitId":"yong362"},"content":"import duke.ui.Ui;","lastModifiedDate":"2022-04-14"},{"lineNumber":10,"author":{"gitId":"yong362"},"content":"","lastModifiedDate":"2022-03-26"},{"lineNumber":11,"author":{"gitId":"-"},"content":"public class Duke {","lastModifiedDate":"2019-07-29"},{"lineNumber":12,"author":{"gitId":"yong362"},"content":"","lastModifiedDate":"2022-04-14"},{"lineNumber":13,"author":{"gitId":"yong362"},"content":"    private static storage storage;","lastModifiedDate":"2022-04-14"},{"lineNumber":14,"author":{"gitId":"yong362"},"content":"","lastModifiedDate":"2022-04-14"},{"lineNumber":15,"author":{"gitId":"yong362"},"content":"    static {","lastModifiedDate":"2022-04-14"},{"lineNumber":16,"author":{"gitId":"yong362"},"content":"        try {","lastModifiedDate":"2022-04-14"},{"lineNumber":17,"author":{"gitId":"yong362"},"content":"            storage \u003d new storage(duke.storage.storage.DEFAULT_STORAGE_FILEPATH);","lastModifiedDate":"2022-04-14"},{"lineNumber":18,"author":{"gitId":"yong362"},"content":"        } catch (duke.storage.storage.InvalidStorageFilePathException e) {","lastModifiedDate":"2022-04-14"},{"lineNumber":19,"author":{"gitId":"yong362"},"content":"            e.printStackTrace();","lastModifiedDate":"2022-04-14"},{"lineNumber":20,"author":{"gitId":"yong362"},"content":"        }","lastModifiedDate":"2022-04-14"},{"lineNumber":21,"author":{"gitId":"-"},"content":"    }","lastModifiedDate":"2022-04-14"},{"lineNumber":22,"author":{"gitId":"yong362"},"content":"","lastModifiedDate":"2022-04-14"},{"lineNumber":23,"author":{"gitId":"yong362"},"content":"    private static tasklist TL\u003d new tasklist();","lastModifiedDate":"2022-04-15"},{"lineNumber":24,"author":{"gitId":"yong362"},"content":"    private static Ui ui \u003d new Ui();","lastModifiedDate":"2022-04-14"},{"lineNumber":25,"author":{"gitId":"yong362"},"content":"","lastModifiedDate":"2022-04-14"},{"lineNumber":26,"author":{"gitId":"yong362"},"content":"","lastModifiedDate":"2022-04-14"},{"lineNumber":27,"author":{"gitId":"yong362"},"content":"    public static void main(String[] args) throws IOException {","lastModifiedDate":"2022-04-14"},{"lineNumber":28,"author":{"gitId":"yong362"},"content":"        String divider \u003d \"\u003d\u003d\u003d\u003d\u003d\u003d\u003d\u003d\u003d\u003d\u003d\u003d\u003d\u003d\u003d\u003d\u003d\u003d\u003d\u003d\u003d\u003d\u003d\u003d\u003d\u003d\u003d\u003d\u003d\u003d\u003d\u003d\u003d\u003d\u003d\u003d\u003d\u003d\u003d\u003d\u003d\u003d\";","lastModifiedDate":"2022-02-12"},{"lineNumber":29,"author":{"gitId":"yong362"},"content":"        //ArrayList\u003cTask\u003e TL \u003d new ArrayList\u003c\u003e();","lastModifiedDate":"2022-04-15"},{"lineNumber":30,"author":{"gitId":"yong362"},"content":"        Scanner in \u003d new Scanner(System.in);","lastModifiedDate":"2022-02-03"},{"lineNumber":31,"author":{"gitId":"yong362"},"content":"        String[] words;","lastModifiedDate":"2022-02-20"},{"lineNumber":32,"author":{"gitId":"yong362"},"content":"        String command,date \u003d \"\",time\u003d\"\",description\u003d\"\";","lastModifiedDate":"2022-04-15"},{"lineNumber":33,"author":{"gitId":"yong362"},"content":"        String filePath \u003d \"data/duke.txt\";","lastModifiedDate":"2022-04-05"},{"lineNumber":34,"author":{"gitId":"yong362"},"content":"         ui.printWelcomeMessage();","lastModifiedDate":"2022-04-14"},{"lineNumber":35,"author":{"gitId":"yong362"},"content":"//        new Print();","lastModifiedDate":"2022-04-14"},{"lineNumber":36,"author":{"gitId":"yong362"},"content":"        while (in.hasNext()) {","lastModifiedDate":"2022-02-03"},{"lineNumber":37,"author":{"gitId":"yong362"},"content":"            String reply \u003d in.nextLine();","lastModifiedDate":"2022-02-03"},{"lineNumber":38,"author":{"gitId":"yong362"},"content":"            words \u003d reply.split(\" \");","lastModifiedDate":"2022-02-20"},{"lineNumber":39,"author":{"gitId":"yong362"},"content":"            command \u003d words[0];","lastModifiedDate":"2022-02-20"},{"lineNumber":40,"author":{"gitId":"yong362"},"content":"            for (int i\u003d1; i\u003c words.length;i++){","lastModifiedDate":"2022-04-15"},{"lineNumber":41,"author":{"gitId":"yong362"},"content":"                    description+\u003d\" \"+words[i];","lastModifiedDate":"2022-04-15"},{"lineNumber":42,"author":{"gitId":"yong362"},"content":"                if (words[i].startsWith(\"/\")){","lastModifiedDate":"2022-04-15"},{"lineNumber":43,"author":{"gitId":"yong362"},"content":"                    date\u003dwords[i+1];","lastModifiedDate":"2022-04-15"},{"lineNumber":44,"author":{"gitId":"yong362"},"content":"                    time\u003dwords[i+2];","lastModifiedDate":"2022-04-15"},{"lineNumber":45,"author":{"gitId":"yong362"},"content":"                }","lastModifiedDate":"2022-04-15"},{"lineNumber":46,"author":{"gitId":"yong362"},"content":"            }","lastModifiedDate":"2022-04-15"},{"lineNumber":47,"author":{"gitId":"yong362"},"content":"            description\u003ddescription.split(\"/\")[0];","lastModifiedDate":"2022-04-15"},{"lineNumber":48,"author":{"gitId":"yong362"},"content":"            int option \u003d 0;","lastModifiedDate":"2022-03-26"},{"lineNumber":49,"author":{"gitId":"yong362"},"content":"            if (command.equalsIgnoreCase(\"bye\")) {","lastModifiedDate":"2022-02-20"},{"lineNumber":50,"author":{"gitId":"yong362"},"content":"                ui.printByeMsg(reply);","lastModifiedDate":"2022-04-14"},{"lineNumber":51,"author":{"gitId":"yong362"},"content":"                break;","lastModifiedDate":"2022-02-03"},{"lineNumber":52,"author":{"gitId":"yong362"},"content":"            } else if (command.equalsIgnoreCase(\"list\")) {","lastModifiedDate":"2022-03-26"},{"lineNumber":53,"author":{"gitId":"yong362"},"content":"               ui.printCmdMsg(TL, command);","lastModifiedDate":"2022-04-14"},{"lineNumber":54,"author":{"gitId":"yong362"},"content":"            } else {","lastModifiedDate":"2022-03-26"},{"lineNumber":55,"author":{"gitId":"yong362"},"content":"                if (words.length \u003c 2) {","lastModifiedDate":"2022-03-26"},{"lineNumber":56,"author":{"gitId":"yong362"},"content":"                    System.out.println(DukeException.UnknownCommand);","lastModifiedDate":"2022-03-26"},{"lineNumber":57,"author":{"gitId":"yong362"},"content":"                } else if (command.toLowerCase().contains(\"mark\") || command.toLowerCase().contains(\"unmark\")) {","lastModifiedDate":"2022-02-20"},{"lineNumber":58,"author":{"gitId":"yong362"},"content":"                    try {","lastModifiedDate":"2022-03-26"},{"lineNumber":59,"author":{"gitId":"yong362"},"content":"                        option \u003d Integer.parseInt(words[1]);","lastModifiedDate":"2022-03-26"},{"lineNumber":60,"author":{"gitId":"yong362"},"content":"                    } catch (NumberFormatException ex) {","lastModifiedDate":"2022-03-26"},{"lineNumber":61,"author":{"gitId":"yong362"},"content":"                        System.out.println(\"2nd param has to be number\");","lastModifiedDate":"2022-03-26"},{"lineNumber":62,"author":{"gitId":"yong362"},"content":"                    }","lastModifiedDate":"2022-03-26"},{"lineNumber":63,"author":{"gitId":"yong362"},"content":"                    if (command.toLowerCase().contains(\"unmark\") \u0026\u0026 !TL.isEmpty()) {","lastModifiedDate":"2022-02-20"},{"lineNumber":64,"author":{"gitId":"yong362"},"content":"                        TL.getTask(option - 1).isDone \u003d false;","lastModifiedDate":"2022-04-15"},{"lineNumber":65,"author":{"gitId":"yong362"},"content":"                        System.out.println(divider);","lastModifiedDate":"2022-02-12"},{"lineNumber":66,"author":{"gitId":"yong362"},"content":"                        System.out.println(\"\\tOK, I\u0027ve marked this task as not done yet:\\n\\t[\" + TL.getTask(option - 1).getType() + \"] [\" + TL.getTask(option - 1).getStatusIcon() + \"]\" + TL.getTask(option - 1).getDescription());","lastModifiedDate":"2022-04-15"},{"lineNumber":67,"author":{"gitId":"yong362"},"content":"                        System.out.println(divider);","lastModifiedDate":"2022-02-12"},{"lineNumber":68,"author":{"gitId":"yong362"},"content":"                    } else if (command.toLowerCase().contains(\"mark\") \u0026\u0026 !TL.isEmpty()) {","lastModifiedDate":"2022-03-26"},{"lineNumber":69,"author":{"gitId":"yong362"},"content":"                        TL.getTask(option - 1).isDone \u003d true;","lastModifiedDate":"2022-04-15"},{"lineNumber":70,"author":{"gitId":"yong362"},"content":"                        System.out.println(divider);","lastModifiedDate":"2022-02-12"},{"lineNumber":71,"author":{"gitId":"yong362"},"content":"                        System.out.println(\"\\tNice! I\u0027ve marked this task as done:\\n\\t[\" + TL.getTask(option - 1).getType() + \"] [\" + TL.getTask(option - 1).getStatusIcon() + \"]\" + TL.getTask(option - 1).getDescription());","lastModifiedDate":"2022-04-15"},{"lineNumber":72,"author":{"gitId":"yong362"},"content":"                        System.out.println(divider);","lastModifiedDate":"2022-02-12"},{"lineNumber":73,"author":{"gitId":"yong362"},"content":"                    } else {","lastModifiedDate":"2022-02-12"},{"lineNumber":74,"author":{"gitId":"yong362"},"content":"                        System.out.println(\"There is no Task Currently, wanna add some? :P\");","lastModifiedDate":"2022-02-12"},{"lineNumber":75,"author":{"gitId":"yong362"},"content":"                    }","lastModifiedDate":"2022-02-12"},{"lineNumber":76,"author":{"gitId":"yong362"},"content":"                } else if (command.equalsIgnoreCase(\"deadline\")) {","lastModifiedDate":"2022-04-15"},{"lineNumber":77,"author":{"gitId":"yong362"},"content":"                    if(date\u003d\u003d\"\"){","lastModifiedDate":"2022-04-15"},{"lineNumber":78,"author":{"gitId":"yong362"},"content":"                        System.out.println(DukeException.invalidDateCommand);","lastModifiedDate":"2022-04-15"},{"lineNumber":79,"author":{"gitId":"yong362"},"content":"                    }else {","lastModifiedDate":"2022-04-15"},{"lineNumber":80,"author":{"gitId":"yong362"},"content":"                        TL.addTask(new Deadline(description, date,time));","lastModifiedDate":"2022-04-15"},{"lineNumber":81,"author":{"gitId":"yong362"},"content":"                        ui.printCmdMsg(TL, command);","lastModifiedDate":"2022-04-15"},{"lineNumber":82,"author":{"gitId":"yong362"},"content":"                        storage.save(filePath, TL);","lastModifiedDate":"2022-04-15"},{"lineNumber":83,"author":{"gitId":"yong362"},"content":"                    }","lastModifiedDate":"2022-04-15"},{"lineNumber":84,"author":{"gitId":"yong362"},"content":"                } else if (command.equalsIgnoreCase(\"event\")) {","lastModifiedDate":"2022-02-20"},{"lineNumber":85,"author":{"gitId":"yong362"},"content":"                    TL.addTask(new Event(description,date,time));","lastModifiedDate":"2022-04-15"},{"lineNumber":86,"author":{"gitId":"yong362"},"content":"                    ui.printCmdMsg( TL, command);","lastModifiedDate":"2022-04-15"},{"lineNumber":87,"author":{"gitId":"yong362"},"content":"                  storage.save(filePath, TL);","lastModifiedDate":"2022-04-15"},{"lineNumber":88,"author":{"gitId":"yong362"},"content":"","lastModifiedDate":"2022-04-15"},{"lineNumber":89,"author":{"gitId":"yong362"},"content":"               } else if (command.equalsIgnoreCase(\"todo\")) {","lastModifiedDate":"2022-02-20"},{"lineNumber":90,"author":{"gitId":"yong362"},"content":"                    TL.addTask(new Todo(description));","lastModifiedDate":"2022-04-15"},{"lineNumber":91,"author":{"gitId":"yong362"},"content":"                    ui.printCmdMsg(TL, command);","lastModifiedDate":"2022-04-15"},{"lineNumber":92,"author":{"gitId":"yong362"},"content":"                    storage.save(filePath, TL);","lastModifiedDate":"2022-04-15"},{"lineNumber":93,"author":{"gitId":"yong362"},"content":"                } else if (command.equalsIgnoreCase(\"delete\")) {","lastModifiedDate":"2022-03-26"},{"lineNumber":94,"author":{"gitId":"yong362"},"content":"                    option \u003d Integer.parseInt(words[1]);","lastModifiedDate":"2022-03-26"},{"lineNumber":95,"author":{"gitId":"yong362"},"content":"                    ui.printDeleteMsg( TL, command, (option - 1));","lastModifiedDate":"2022-04-15"},{"lineNumber":96,"author":{"gitId":"yong362"},"content":"                    TL.deleteTask((option - 1));","lastModifiedDate":"2022-04-15"},{"lineNumber":97,"author":{"gitId":"yong362"},"content":"                    storage.save(filePath, TL);","lastModifiedDate":"2022-04-14"},{"lineNumber":98,"author":{"gitId":"yong362"},"content":"                } else {","lastModifiedDate":"2022-02-20"},{"lineNumber":99,"author":{"gitId":"yong362"},"content":"                    System.out.println(DukeException.invalidInputCommand);","lastModifiedDate":"2022-03-26"},{"lineNumber":100,"author":{"gitId":"yong362"},"content":"                }","lastModifiedDate":"2022-03-26"},{"lineNumber":101,"author":{"gitId":"yong362"},"content":"                description\u003d\"\";","lastModifiedDate":"2022-04-15"},{"lineNumber":102,"author":{"gitId":"yong362"},"content":"            }","lastModifiedDate":"2022-02-12"},{"lineNumber":103,"author":{"gitId":"yong362"},"content":"        }","lastModifiedDate":"2022-02-03"},{"lineNumber":104,"author":{"gitId":"yong362"},"content":"    }","lastModifiedDate":"2022-02-03"},{"lineNumber":105,"author":{"gitId":"yong362"},"content":"","lastModifiedDate":"2022-02-06"},{"lineNumber":106,"author":{"gitId":"yong362"},"content":"","lastModifiedDate":"2022-02-12"},{"lineNumber":107,"author":{"gitId":"yong362"},"content":"","lastModifiedDate":"2022-04-14"},{"lineNumber":108,"author":{"gitId":"yong362"},"content":"","lastModifiedDate":"2022-04-14"},{"lineNumber":109,"author":{"gitId":"-"},"content":"}","lastModifiedDate":"2022-02-12"},{"lineNumber":110,"author":{"gitId":"yong362"},"content":"","lastModifiedDate":"2022-02-12"}],"authorContributionMap":{"yong362":107,"-":3}},{"path":"src/main/java/IllegalValueException.java","fileType":"java","lines":[{"lineNumber":1,"author":{"gitId":"yong362"},"content":"//public class IllegalValueException extends Exception  {","lastModifiedDate":"2022-04-14"},{"lineNumber":2,"author":{"gitId":"yong362"},"content":"//    final static String UnknownCommand \u003d \"What you saying bruh? I don\u0027t get what you mean, mind typing in details:\";","lastModifiedDate":"2022-04-14"},{"lineNumber":3,"author":{"gitId":"yong362"},"content":"//    final static String invalidInputCommand \u003d \"Sorry, your command is missing of things.\";","lastModifiedDate":"2022-04-14"},{"lineNumber":4,"author":{"gitId":"yong362"},"content":"//","lastModifiedDate":"2022-04-14"},{"lineNumber":5,"author":{"gitId":"yong362"},"content":"//    public IllegalValueException(String message) {","lastModifiedDate":"2022-04-14"},{"lineNumber":6,"author":{"gitId":"yong362"},"content":"//        super(message);","lastModifiedDate":"2022-04-14"},{"lineNumber":7,"author":{"gitId":"yong362"},"content":"//    }","lastModifiedDate":"2022-04-14"},{"lineNumber":8,"author":{"gitId":"yong362"},"content":"//}","lastModifiedDate":"2022-04-14"}],"authorContributionMap":{"yong362":8}},{"path":"src/main/java/duke/exception/DukeException.java","fileType":"java","lines":[{"lineNumber":1,"author":{"gitId":"yong362"},"content":"package duke.exception;","lastModifiedDate":"2022-04-14"},{"lineNumber":2,"author":{"gitId":"yong362"},"content":"","lastModifiedDate":"2022-04-14"},{"lineNumber":3,"author":{"gitId":"yong362"},"content":"public class DukeException extends Exception {","lastModifiedDate":"2022-04-14"},{"lineNumber":4,"author":{"gitId":"yong362"},"content":"","lastModifiedDate":"2022-04-14"},{"lineNumber":5,"author":{"gitId":"yong362"},"content":"    public final static String UnknownCommand \u003d \"What you saying bruh? I don\u0027t get what you mean, mind typing in details:\";","lastModifiedDate":"2022-04-14"},{"lineNumber":6,"author":{"gitId":"yong362"},"content":"    public final static String invalidInputCommand \u003d \"Sorry, your command is missing of things.\";","lastModifiedDate":"2022-04-14"},{"lineNumber":7,"author":{"gitId":"yong362"},"content":"    public final static String invalidDateCommand \u003d \"Sorry, please follow the following Deadline [Description] /by [dd/mm/yyyy] HHHH\";","lastModifiedDate":"2022-04-15"},{"lineNumber":8,"author":{"gitId":"yong362"},"content":"    public DukeException(String message) {","lastModifiedDate":"2022-04-14"},{"lineNumber":9,"author":{"gitId":"yong362"},"content":"        super(message);","lastModifiedDate":"2022-04-14"},{"lineNumber":10,"author":{"gitId":"yong362"},"content":"    }","lastModifiedDate":"2022-04-14"},{"lineNumber":11,"author":{"gitId":"yong362"},"content":"","lastModifiedDate":"2022-04-14"},{"lineNumber":12,"author":{"gitId":"yong362"},"content":"}","lastModifiedDate":"2022-04-14"}],"authorContributionMap":{"yong362":12}},{"path":"src/main/java/duke/exception/IllegalValueException.java","fileType":"java","lines":[{"lineNumber":1,"author":{"gitId":"yong362"},"content":"package duke.exception;","lastModifiedDate":"2022-04-15"},{"lineNumber":2,"author":{"gitId":"yong362"},"content":"public class IllegalValueException extends Exception  {","lastModifiedDate":"2022-04-15"},{"lineNumber":3,"author":{"gitId":"yong362"},"content":"    final static String UnknownCommand \u003d \"What you saying bruh? I don\u0027t get what you mean, mind typing in details:\";","lastModifiedDate":"2022-04-15"},{"lineNumber":4,"author":{"gitId":"yong362"},"content":"    final static String invalidInputCommand \u003d \"Sorry, your command is missing of things.\";","lastModifiedDate":"2022-04-15"},{"lineNumber":5,"author":{"gitId":"yong362"},"content":"","lastModifiedDate":"2022-04-15"},{"lineNumber":6,"author":{"gitId":"yong362"},"content":"    public IllegalValueException(String message) {","lastModifiedDate":"2022-04-15"},{"lineNumber":7,"author":{"gitId":"yong362"},"content":"        super(message);","lastModifiedDate":"2022-04-15"},{"lineNumber":8,"author":{"gitId":"yong362"},"content":"    }","lastModifiedDate":"2022-04-15"},{"lineNumber":9,"author":{"gitId":"yong362"},"content":"}","lastModifiedDate":"2022-04-15"}],"authorContributionMap":{"yong362":9}},{"path":"src/main/java/duke/storage/storage.java","fileType":"java","lines":[{"lineNumber":1,"author":{"gitId":"yong362"},"content":"package duke.storage;","lastModifiedDate":"2022-04-14"},{"lineNumber":2,"author":{"gitId":"yong362"},"content":"","lastModifiedDate":"2022-04-14"},{"lineNumber":3,"author":{"gitId":"yong362"},"content":"import duke.exception.IllegalValueException;","lastModifiedDate":"2022-04-14"},{"lineNumber":4,"author":{"gitId":"yong362"},"content":"import duke.tasklist.Task;","lastModifiedDate":"2022-04-14"},{"lineNumber":5,"author":{"gitId":"yong362"},"content":"import duke.tasklist.tasklist;","lastModifiedDate":"2022-04-14"},{"lineNumber":6,"author":{"gitId":"yong362"},"content":"import java.util.ArrayList;","lastModifiedDate":"2022-04-14"},{"lineNumber":7,"author":{"gitId":"yong362"},"content":"import java.io.File;","lastModifiedDate":"2022-04-14"},{"lineNumber":8,"author":{"gitId":"yong362"},"content":"import java.io.FileOutputStream;","lastModifiedDate":"2022-04-14"},{"lineNumber":9,"author":{"gitId":"yong362"},"content":"import java.io.IOException;","lastModifiedDate":"2022-04-14"},{"lineNumber":10,"author":{"gitId":"yong362"},"content":"import java.io.PrintWriter;","lastModifiedDate":"2022-04-14"},{"lineNumber":11,"author":{"gitId":"yong362"},"content":"import java.nio.file.Path;","lastModifiedDate":"2022-04-14"},{"lineNumber":12,"author":{"gitId":"yong362"},"content":"import java.nio.file.Paths;","lastModifiedDate":"2022-04-14"},{"lineNumber":13,"author":{"gitId":"yong362"},"content":"import java.util.Scanner;","lastModifiedDate":"2022-04-14"},{"lineNumber":14,"author":{"gitId":"yong362"},"content":"","lastModifiedDate":"2022-04-14"},{"lineNumber":15,"author":{"gitId":"yong362"},"content":"public class storage {","lastModifiedDate":"2022-04-14"},{"lineNumber":16,"author":{"gitId":"yong362"},"content":"    /** Default file path used if the user doesn\u0027t provide the file name. */","lastModifiedDate":"2022-04-14"},{"lineNumber":17,"author":{"gitId":"yong362"},"content":"    public static final String DEFAULT_STORAGE_FILEPATH \u003d \"data/duke.txt\";","lastModifiedDate":"2022-04-14"},{"lineNumber":18,"author":{"gitId":"yong362"},"content":"","lastModifiedDate":"2022-04-14"},{"lineNumber":19,"author":{"gitId":"yong362"},"content":"","lastModifiedDate":"2022-04-14"},{"lineNumber":20,"author":{"gitId":"yong362"},"content":"    public final Path path;","lastModifiedDate":"2022-04-14"},{"lineNumber":21,"author":{"gitId":"yong362"},"content":"","lastModifiedDate":"2022-04-14"},{"lineNumber":22,"author":{"gitId":"yong362"},"content":"    /**","lastModifiedDate":"2022-04-14"},{"lineNumber":23,"author":{"gitId":"yong362"},"content":"     * @throws InvalidStorageFilePathException if the default path is invalid","lastModifiedDate":"2022-04-14"},{"lineNumber":24,"author":{"gitId":"yong362"},"content":"     */","lastModifiedDate":"2022-04-14"},{"lineNumber":25,"author":{"gitId":"yong362"},"content":"    public storage() throws InvalidStorageFilePathException {","lastModifiedDate":"2022-04-14"},{"lineNumber":26,"author":{"gitId":"yong362"},"content":"        this(DEFAULT_STORAGE_FILEPATH);","lastModifiedDate":"2022-04-14"},{"lineNumber":27,"author":{"gitId":"yong362"},"content":"    }","lastModifiedDate":"2022-04-14"},{"lineNumber":28,"author":{"gitId":"yong362"},"content":"","lastModifiedDate":"2022-04-14"},{"lineNumber":29,"author":{"gitId":"yong362"},"content":"","lastModifiedDate":"2022-04-15"},{"lineNumber":30,"author":{"gitId":"yong362"},"content":"    public storage(String filePath) throws InvalidStorageFilePathException {","lastModifiedDate":"2022-04-14"},{"lineNumber":31,"author":{"gitId":"yong362"},"content":"        path \u003d Paths.get(filePath);","lastModifiedDate":"2022-04-14"},{"lineNumber":32,"author":{"gitId":"yong362"},"content":"        if (!isValidPath(path)) {","lastModifiedDate":"2022-04-14"},{"lineNumber":33,"author":{"gitId":"yong362"},"content":"            throw new InvalidStorageFilePathException(\"Storage file should end with \u0027.txt\u0027\");","lastModifiedDate":"2022-04-14"},{"lineNumber":34,"author":{"gitId":"yong362"},"content":"        }","lastModifiedDate":"2022-04-14"},{"lineNumber":35,"author":{"gitId":"yong362"},"content":"    }","lastModifiedDate":"2022-04-14"},{"lineNumber":36,"author":{"gitId":"yong362"},"content":"","lastModifiedDate":"2022-04-14"},{"lineNumber":37,"author":{"gitId":"yong362"},"content":"    /**","lastModifiedDate":"2022-04-14"},{"lineNumber":38,"author":{"gitId":"yong362"},"content":"     * Returns true if the given path is acceptable as a storage file.","lastModifiedDate":"2022-04-14"},{"lineNumber":39,"author":{"gitId":"yong362"},"content":"     * The file path is considered acceptable if it ends with \u0027.txt\u0027","lastModifiedDate":"2022-04-14"},{"lineNumber":40,"author":{"gitId":"yong362"},"content":"     */","lastModifiedDate":"2022-04-14"},{"lineNumber":41,"author":{"gitId":"yong362"},"content":"    private static boolean isValidPath(Path filePath) {","lastModifiedDate":"2022-04-14"},{"lineNumber":42,"author":{"gitId":"yong362"},"content":"        return filePath.toString().endsWith(\".txt\");","lastModifiedDate":"2022-04-14"},{"lineNumber":43,"author":{"gitId":"yong362"},"content":"    }","lastModifiedDate":"2022-04-14"},{"lineNumber":44,"author":{"gitId":"yong362"},"content":"","lastModifiedDate":"2022-04-14"},{"lineNumber":45,"author":{"gitId":"yong362"},"content":"    public void save(String fileName, tasklist TL) throws IOException {","lastModifiedDate":"2022-04-15"},{"lineNumber":46,"author":{"gitId":"yong362"},"content":"        File filename \u003d new File(DEFAULT_STORAGE_FILEPATH);","lastModifiedDate":"2022-04-14"},{"lineNumber":47,"author":{"gitId":"yong362"},"content":"        boolean newFile \u003d filename.createNewFile();","lastModifiedDate":"2022-04-14"},{"lineNumber":48,"author":{"gitId":"yong362"},"content":"        FileOutputStream oFile \u003d new FileOutputStream(fileName, false);","lastModifiedDate":"2022-04-14"},{"lineNumber":49,"author":{"gitId":"yong362"},"content":"        PrintWriter pw \u003d new PrintWriter(new FileOutputStream(fileName));","lastModifiedDate":"2022-04-14"},{"lineNumber":50,"author":{"gitId":"yong362"},"content":"        for (int i \u003d 0; i \u003c TL.getSize(); i++) {","lastModifiedDate":"2022-04-15"},{"lineNumber":51,"author":{"gitId":"yong362"},"content":"            pw.println(TL.getTask(i).getType() + \" | \" + TL.getTask(i).getStatusIconS() + \" | \" + TL.getTask(i).getDescription());","lastModifiedDate":"2022-04-15"},{"lineNumber":52,"author":{"gitId":"yong362"},"content":"        }","lastModifiedDate":"2022-04-14"},{"lineNumber":53,"author":{"gitId":"yong362"},"content":"        pw.close();","lastModifiedDate":"2022-04-14"},{"lineNumber":54,"author":{"gitId":"yong362"},"content":"    }","lastModifiedDate":"2022-04-14"},{"lineNumber":55,"author":{"gitId":"yong362"},"content":"","lastModifiedDate":"2022-04-14"},{"lineNumber":56,"author":{"gitId":"yong362"},"content":"","lastModifiedDate":"2022-04-14"},{"lineNumber":57,"author":{"gitId":"yong362"},"content":"    /**","lastModifiedDate":"2022-04-14"},{"lineNumber":58,"author":{"gitId":"yong362"},"content":"     * Signals that the given file path does not fulfill the storage filepath constraints.","lastModifiedDate":"2022-04-14"},{"lineNumber":59,"author":{"gitId":"yong362"},"content":"     */","lastModifiedDate":"2022-04-14"},{"lineNumber":60,"author":{"gitId":"yong362"},"content":"    public static class InvalidStorageFilePathException extends IllegalValueException {","lastModifiedDate":"2022-04-14"},{"lineNumber":61,"author":{"gitId":"yong362"},"content":"        public InvalidStorageFilePathException(String message) {","lastModifiedDate":"2022-04-14"},{"lineNumber":62,"author":{"gitId":"yong362"},"content":"            super(message);","lastModifiedDate":"2022-04-14"},{"lineNumber":63,"author":{"gitId":"yong362"},"content":"        }","lastModifiedDate":"2022-04-14"},{"lineNumber":64,"author":{"gitId":"yong362"},"content":"    }","lastModifiedDate":"2022-04-14"},{"lineNumber":65,"author":{"gitId":"yong362"},"content":"","lastModifiedDate":"2022-04-14"},{"lineNumber":66,"author":{"gitId":"yong362"},"content":"    /**","lastModifiedDate":"2022-04-14"},{"lineNumber":67,"author":{"gitId":"yong362"},"content":"     * Signals that some error has occured while trying to convert and read/write data between the application","lastModifiedDate":"2022-04-14"},{"lineNumber":68,"author":{"gitId":"yong362"},"content":"     * and the storage file.","lastModifiedDate":"2022-04-14"},{"lineNumber":69,"author":{"gitId":"yong362"},"content":"     */","lastModifiedDate":"2022-04-14"},{"lineNumber":70,"author":{"gitId":"yong362"},"content":"    public static class StorageOperationException extends Exception {","lastModifiedDate":"2022-04-14"},{"lineNumber":71,"author":{"gitId":"yong362"},"content":"        public StorageOperationException(String message) {","lastModifiedDate":"2022-04-14"},{"lineNumber":72,"author":{"gitId":"yong362"},"content":"            super(message);","lastModifiedDate":"2022-04-14"},{"lineNumber":73,"author":{"gitId":"yong362"},"content":"        }","lastModifiedDate":"2022-04-14"},{"lineNumber":74,"author":{"gitId":"yong362"},"content":"    }","lastModifiedDate":"2022-04-14"},{"lineNumber":75,"author":{"gitId":"yong362"},"content":"","lastModifiedDate":"2022-04-14"},{"lineNumber":76,"author":{"gitId":"yong362"},"content":"}","lastModifiedDate":"2022-04-14"},{"lineNumber":77,"author":{"gitId":"yong362"},"content":"","lastModifiedDate":"2022-04-14"}],"authorContributionMap":{"yong362":77}},{"path":"src/main/java/duke/tasklist/Deadline.java","fileType":"java","lines":[{"lineNumber":1,"author":{"gitId":"yong362"},"content":"package duke.tasklist;","lastModifiedDate":"2022-04-15"},{"lineNumber":2,"author":{"gitId":"yong362"},"content":"import java.time.LocalDate;","lastModifiedDate":"2022-04-15"},{"lineNumber":3,"author":{"gitId":"yong362"},"content":"import java.time.format.DateTimeFormatter;","lastModifiedDate":"2022-04-15"},{"lineNumber":4,"author":{"gitId":"yong362"},"content":"import java.time.temporal.ChronoUnit;","lastModifiedDate":"2022-04-15"},{"lineNumber":5,"author":{"gitId":"yong362"},"content":"","lastModifiedDate":"2022-04-15"},{"lineNumber":6,"author":{"gitId":"yong362"},"content":"import duke.tasklist.Task;","lastModifiedDate":"2022-04-15"},{"lineNumber":7,"author":{"gitId":"yong362"},"content":"","lastModifiedDate":"2022-04-15"},{"lineNumber":8,"author":{"gitId":"yong362"},"content":"","lastModifiedDate":"2022-04-15"},{"lineNumber":9,"author":{"gitId":"yong362"},"content":"public class Deadline extends Task {","lastModifiedDate":"2022-04-15"},{"lineNumber":10,"author":{"gitId":"yong362"},"content":"","lastModifiedDate":"2022-04-15"},{"lineNumber":11,"author":{"gitId":"yong362"},"content":"    protected LocalDate by;","lastModifiedDate":"2022-04-15"},{"lineNumber":12,"author":{"gitId":"yong362"},"content":"","lastModifiedDate":"2022-04-15"},{"lineNumber":13,"author":{"gitId":"yong362"},"content":"    public Deadline(String description, String by,String time) {","lastModifiedDate":"2022-04-15"},{"lineNumber":14,"author":{"gitId":"yong362"},"content":"        super(description);","lastModifiedDate":"2022-04-15"},{"lineNumber":15,"author":{"gitId":"yong362"},"content":"        String [] words \u003d by.split(\"/\");","lastModifiedDate":"2022-04-15"},{"lineNumber":16,"author":{"gitId":"yong362"},"content":"        String date \u003d String.format(\"%02d\", Integer.valueOf(words[0]));","lastModifiedDate":"2022-04-15"},{"lineNumber":17,"author":{"gitId":"yong362"},"content":"        String month\u003dwords[1];","lastModifiedDate":"2022-04-15"},{"lineNumber":18,"author":{"gitId":"yong362"},"content":"        String year\u003dwords[2];","lastModifiedDate":"2022-04-15"},{"lineNumber":19,"author":{"gitId":"yong362"},"content":"        String fullDate\u003d(year+\"-\"+month+\"-\"+date);","lastModifiedDate":"2022-04-15"},{"lineNumber":20,"author":{"gitId":"yong362"},"content":"        this.by \u003d LocalDate.parse(fullDate);","lastModifiedDate":"2022-04-15"},{"lineNumber":21,"author":{"gitId":"yong362"},"content":"        type\u003d\u0027D\u0027;","lastModifiedDate":"2022-04-15"},{"lineNumber":22,"author":{"gitId":"yong362"},"content":"","lastModifiedDate":"2022-04-15"},{"lineNumber":23,"author":{"gitId":"yong362"},"content":"    }","lastModifiedDate":"2022-04-15"},{"lineNumber":24,"author":{"gitId":"yong362"},"content":"    public void updateDate(LocalDate newDate) {","lastModifiedDate":"2022-04-15"},{"lineNumber":25,"author":{"gitId":"yong362"},"content":"        this.by \u003d newDate;","lastModifiedDate":"2022-04-15"},{"lineNumber":26,"author":{"gitId":"yong362"},"content":"    }","lastModifiedDate":"2022-04-15"},{"lineNumber":27,"author":{"gitId":"yong362"},"content":"    public LocalDate  getDate() {","lastModifiedDate":"2022-04-15"},{"lineNumber":28,"author":{"gitId":"yong362"},"content":"        return this.by;","lastModifiedDate":"2022-04-15"},{"lineNumber":29,"author":{"gitId":"yong362"},"content":"    }","lastModifiedDate":"2022-04-15"},{"lineNumber":30,"author":{"gitId":"yong362"},"content":"","lastModifiedDate":"2022-04-15"},{"lineNumber":31,"author":{"gitId":"yong362"},"content":"    @Override","lastModifiedDate":"2022-04-15"},{"lineNumber":32,"author":{"gitId":"yong362"},"content":"    public String toString() {","lastModifiedDate":"2022-04-15"},{"lineNumber":33,"author":{"gitId":"yong362"},"content":"        return \"[\"+getType()+\"]\" + getDescription() + \" (by: \" + by.format(DateTimeFormatter.ofPattern(\"MMM d yyyy\")) + \")\";","lastModifiedDate":"2022-04-15"},{"lineNumber":34,"author":{"gitId":"yong362"},"content":"    }","lastModifiedDate":"2022-04-15"},{"lineNumber":35,"author":{"gitId":"yong362"},"content":"}","lastModifiedDate":"2022-04-15"}],"authorContributionMap":{"yong362":35}},{"path":"src/main/java/duke/tasklist/Event.java","fileType":"java","lines":[{"lineNumber":1,"author":{"gitId":"yong362"},"content":"package duke.tasklist;","lastModifiedDate":"2022-04-15"},{"lineNumber":2,"author":{"gitId":"yong362"},"content":"","lastModifiedDate":"2022-04-15"},{"lineNumber":3,"author":{"gitId":"yong362"},"content":"import java.time.LocalDate;","lastModifiedDate":"2022-04-15"},{"lineNumber":4,"author":{"gitId":"yong362"},"content":"import java.time.format.DateTimeFormatter;","lastModifiedDate":"2022-04-15"},{"lineNumber":5,"author":{"gitId":"yong362"},"content":"","lastModifiedDate":"2022-04-15"},{"lineNumber":6,"author":{"gitId":"yong362"},"content":"public class Event extends Task{","lastModifiedDate":"2022-04-15"},{"lineNumber":7,"author":{"gitId":"yong362"},"content":"    protected LocalDate by;","lastModifiedDate":"2022-04-15"},{"lineNumber":8,"author":{"gitId":"yong362"},"content":"    public Event(String description,String by , String time) {","lastModifiedDate":"2022-04-15"},{"lineNumber":9,"author":{"gitId":"yong362"},"content":"        super(description);","lastModifiedDate":"2022-04-15"},{"lineNumber":10,"author":{"gitId":"yong362"},"content":"        String [] words \u003d by.split(\"/\");","lastModifiedDate":"2022-04-15"},{"lineNumber":11,"author":{"gitId":"yong362"},"content":"        String date \u003d String.format(\"%02d\", Integer.valueOf(words[0]));","lastModifiedDate":"2022-04-15"},{"lineNumber":12,"author":{"gitId":"yong362"},"content":"        String month\u003dwords[1];","lastModifiedDate":"2022-04-15"},{"lineNumber":13,"author":{"gitId":"yong362"},"content":"        String year\u003dwords[2];","lastModifiedDate":"2022-04-15"},{"lineNumber":14,"author":{"gitId":"yong362"},"content":"        String fullDate\u003d(year+\"-\"+month+\"-\"+date);","lastModifiedDate":"2022-04-15"},{"lineNumber":15,"author":{"gitId":"yong362"},"content":"        this.by \u003d LocalDate.parse(fullDate);","lastModifiedDate":"2022-04-15"},{"lineNumber":16,"author":{"gitId":"yong362"},"content":"      //  this.by\u003dby+\" \"+time;","lastModifiedDate":"2022-04-15"},{"lineNumber":17,"author":{"gitId":"yong362"},"content":"        type\u003d\u0027E\u0027;","lastModifiedDate":"2022-04-15"},{"lineNumber":18,"author":{"gitId":"yong362"},"content":"","lastModifiedDate":"2022-04-15"},{"lineNumber":19,"author":{"gitId":"yong362"},"content":"    }","lastModifiedDate":"2022-04-15"},{"lineNumber":20,"author":{"gitId":"yong362"},"content":"    public void updateDate(LocalDate newDate) {","lastModifiedDate":"2022-04-15"},{"lineNumber":21,"author":{"gitId":"yong362"},"content":"        this.by \u003d newDate;","lastModifiedDate":"2022-04-15"},{"lineNumber":22,"author":{"gitId":"yong362"},"content":"    }","lastModifiedDate":"2022-04-15"},{"lineNumber":23,"author":{"gitId":"yong362"},"content":"    public LocalDate  getDate() {","lastModifiedDate":"2022-04-15"},{"lineNumber":24,"author":{"gitId":"yong362"},"content":"        return this.by;","lastModifiedDate":"2022-04-15"},{"lineNumber":25,"author":{"gitId":"yong362"},"content":"    }","lastModifiedDate":"2022-04-15"},{"lineNumber":26,"author":{"gitId":"yong362"},"content":"","lastModifiedDate":"2022-04-15"},{"lineNumber":27,"author":{"gitId":"yong362"},"content":"    @Override","lastModifiedDate":"2022-04-15"},{"lineNumber":28,"author":{"gitId":"yong362"},"content":"    public String toString() {","lastModifiedDate":"2022-04-15"},{"lineNumber":29,"author":{"gitId":"yong362"},"content":"        return \"[\"+getType()+\"]\" + getDescription() + \" (by: \" + by.format(DateTimeFormatter.ofPattern(\"MMM d yyyy\")) + \")\";","lastModifiedDate":"2022-04-15"},{"lineNumber":30,"author":{"gitId":"yong362"},"content":"    }","lastModifiedDate":"2022-04-15"},{"lineNumber":31,"author":{"gitId":"yong362"},"content":"}","lastModifiedDate":"2022-04-15"}],"authorContributionMap":{"yong362":31}},{"path":"src/main/java/duke/tasklist/Task.java","fileType":"java","lines":[{"lineNumber":1,"author":{"gitId":"yong362"},"content":"package duke.tasklist;","lastModifiedDate":"2022-04-15"},{"lineNumber":2,"author":{"gitId":"yong362"},"content":"","lastModifiedDate":"2022-04-15"},{"lineNumber":3,"author":{"gitId":"yong362"},"content":"public class Task {","lastModifiedDate":"2022-04-15"},{"lineNumber":4,"author":{"gitId":"yong362"},"content":"    protected String description;","lastModifiedDate":"2022-04-15"},{"lineNumber":5,"author":{"gitId":"yong362"},"content":"    public boolean isDone;","lastModifiedDate":"2022-04-15"},{"lineNumber":6,"author":{"gitId":"yong362"},"content":"    protected char type;","lastModifiedDate":"2022-04-15"},{"lineNumber":7,"author":{"gitId":"yong362"},"content":"","lastModifiedDate":"2022-04-15"},{"lineNumber":8,"author":{"gitId":"yong362"},"content":"    public Task(String description) {","lastModifiedDate":"2022-04-15"},{"lineNumber":9,"author":{"gitId":"yong362"},"content":"        this.description \u003d description;","lastModifiedDate":"2022-04-15"},{"lineNumber":10,"author":{"gitId":"yong362"},"content":"        this.isDone \u003d false;","lastModifiedDate":"2022-04-15"},{"lineNumber":11,"author":{"gitId":"yong362"},"content":"    }","lastModifiedDate":"2022-04-15"},{"lineNumber":12,"author":{"gitId":"yong362"},"content":"","lastModifiedDate":"2022-04-15"},{"lineNumber":13,"author":{"gitId":"yong362"},"content":"    public char getType() {","lastModifiedDate":"2022-04-15"},{"lineNumber":14,"author":{"gitId":"yong362"},"content":"        return type;","lastModifiedDate":"2022-04-15"},{"lineNumber":15,"author":{"gitId":"yong362"},"content":"    }","lastModifiedDate":"2022-04-15"},{"lineNumber":16,"author":{"gitId":"yong362"},"content":"","lastModifiedDate":"2022-04-15"},{"lineNumber":17,"author":{"gitId":"yong362"},"content":"    public String getDescription() {","lastModifiedDate":"2022-04-15"},{"lineNumber":18,"author":{"gitId":"yong362"},"content":"        return description;","lastModifiedDate":"2022-04-15"},{"lineNumber":19,"author":{"gitId":"yong362"},"content":"    }","lastModifiedDate":"2022-04-15"},{"lineNumber":20,"author":{"gitId":"yong362"},"content":"","lastModifiedDate":"2022-04-15"},{"lineNumber":21,"author":{"gitId":"yong362"},"content":"    public String getStatusIcon() {","lastModifiedDate":"2022-04-15"},{"lineNumber":22,"author":{"gitId":"yong362"},"content":"        return (isDone ? \"X\" : \" \"); // mark done task with X","lastModifiedDate":"2022-04-15"},{"lineNumber":23,"author":{"gitId":"yong362"},"content":"    }","lastModifiedDate":"2022-04-15"},{"lineNumber":24,"author":{"gitId":"yong362"},"content":"","lastModifiedDate":"2022-04-15"},{"lineNumber":25,"author":{"gitId":"yong362"},"content":"    public String getStatusIconS() {","lastModifiedDate":"2022-04-15"},{"lineNumber":26,"author":{"gitId":"yong362"},"content":"        return (isDone ? \"1\" : \"0\"); // mark done task with X","lastModifiedDate":"2022-04-15"},{"lineNumber":27,"author":{"gitId":"yong362"},"content":"    }","lastModifiedDate":"2022-04-15"},{"lineNumber":28,"author":{"gitId":"yong362"},"content":"","lastModifiedDate":"2022-04-15"},{"lineNumber":29,"author":{"gitId":"yong362"},"content":"    @Override","lastModifiedDate":"2022-04-15"},{"lineNumber":30,"author":{"gitId":"yong362"},"content":"    public String toString() {","lastModifiedDate":"2022-04-15"},{"lineNumber":31,"author":{"gitId":"yong362"},"content":"        return \"description: \" + description;","lastModifiedDate":"2022-04-15"},{"lineNumber":32,"author":{"gitId":"yong362"},"content":"    }","lastModifiedDate":"2022-04-15"},{"lineNumber":33,"author":{"gitId":"yong362"},"content":"}","lastModifiedDate":"2022-04-15"}],"authorContributionMap":{"yong362":33}},{"path":"src/main/java/duke/tasklist/Todo.java","fileType":"java","lines":[{"lineNumber":1,"author":{"gitId":"yong362"},"content":"package duke.tasklist;","lastModifiedDate":"2022-04-15"},{"lineNumber":2,"author":{"gitId":"yong362"},"content":"","lastModifiedDate":"2022-04-15"},{"lineNumber":3,"author":{"gitId":"yong362"},"content":"import java.time.format.DateTimeFormatter;","lastModifiedDate":"2022-04-15"},{"lineNumber":4,"author":{"gitId":"yong362"},"content":"","lastModifiedDate":"2022-04-15"},{"lineNumber":5,"author":{"gitId":"yong362"},"content":"public class Todo extends Task {","lastModifiedDate":"2022-04-15"},{"lineNumber":6,"author":{"gitId":"yong362"},"content":"","lastModifiedDate":"2022-04-15"},{"lineNumber":7,"author":{"gitId":"yong362"},"content":"    protected boolean isDone;","lastModifiedDate":"2022-04-15"},{"lineNumber":8,"author":{"gitId":"yong362"},"content":"    public boolean isDone() {","lastModifiedDate":"2022-04-15"},{"lineNumber":9,"author":{"gitId":"yong362"},"content":"        return isDone;","lastModifiedDate":"2022-04-15"},{"lineNumber":10,"author":{"gitId":"yong362"},"content":"    }","lastModifiedDate":"2022-04-15"},{"lineNumber":11,"author":{"gitId":"yong362"},"content":"    public void setDone(boolean newValue) {","lastModifiedDate":"2022-04-15"},{"lineNumber":12,"author":{"gitId":"yong362"},"content":"        isDone \u003d newValue;","lastModifiedDate":"2022-04-15"},{"lineNumber":13,"author":{"gitId":"yong362"},"content":"    }","lastModifiedDate":"2022-04-15"},{"lineNumber":14,"author":{"gitId":"yong362"},"content":"    public Todo(String description) {","lastModifiedDate":"2022-04-15"},{"lineNumber":15,"author":{"gitId":"yong362"},"content":"        super(description);","lastModifiedDate":"2022-04-15"},{"lineNumber":16,"author":{"gitId":"yong362"},"content":"        type\u003d\u0027T\u0027;","lastModifiedDate":"2022-04-15"},{"lineNumber":17,"author":{"gitId":"yong362"},"content":"    }","lastModifiedDate":"2022-04-15"},{"lineNumber":18,"author":{"gitId":"yong362"},"content":"","lastModifiedDate":"2022-04-15"},{"lineNumber":19,"author":{"gitId":"yong362"},"content":" //   @Override","lastModifiedDate":"2022-04-15"},{"lineNumber":20,"author":{"gitId":"yong362"},"content":"//    public String toString() {","lastModifiedDate":"2022-04-15"},{"lineNumber":21,"author":{"gitId":"yong362"},"content":"//        String status \u003d null;","lastModifiedDate":"2022-04-15"},{"lineNumber":22,"author":{"gitId":"yong362"},"content":"//        if (isDone) {","lastModifiedDate":"2022-04-15"},{"lineNumber":23,"author":{"gitId":"yong362"},"content":"//            status \u003d \"Yes\";","lastModifiedDate":"2022-04-15"},{"lineNumber":24,"author":{"gitId":"yong362"},"content":"//        } else {","lastModifiedDate":"2022-04-15"},{"lineNumber":25,"author":{"gitId":"yong362"},"content":"//            status \u003d \"No\";","lastModifiedDate":"2022-04-15"},{"lineNumber":26,"author":{"gitId":"yong362"},"content":"//        }","lastModifiedDate":"2022-04-15"},{"lineNumber":27,"author":{"gitId":"yong362"},"content":"//        return super.toString() + System.lineSeparator() + \"is done? \" + status;","lastModifiedDate":"2022-04-15"},{"lineNumber":28,"author":{"gitId":"yong362"},"content":"//    }","lastModifiedDate":"2022-04-15"},{"lineNumber":29,"author":{"gitId":"yong362"},"content":"    @Override","lastModifiedDate":"2022-04-15"},{"lineNumber":30,"author":{"gitId":"yong362"},"content":"    public String toString() {","lastModifiedDate":"2022-04-15"},{"lineNumber":31,"author":{"gitId":"yong362"},"content":"        return \"[\"+getType()+\"]\" + getDescription();","lastModifiedDate":"2022-04-15"},{"lineNumber":32,"author":{"gitId":"yong362"},"content":"    }","lastModifiedDate":"2022-04-15"},{"lineNumber":33,"author":{"gitId":"yong362"},"content":"}","lastModifiedDate":"2022-04-15"}],"authorContributionMap":{"yong362":33}},{"path":"src/main/java/duke/tasklist/tasklist.java","fileType":"java","lines":[{"lineNumber":1,"author":{"gitId":"yong362"},"content":"package duke.tasklist;","lastModifiedDate":"2022-04-15"},{"lineNumber":2,"author":{"gitId":"yong362"},"content":"","lastModifiedDate":"2022-04-15"},{"lineNumber":3,"author":{"gitId":"yong362"},"content":"import java.util.ArrayList;","lastModifiedDate":"2022-04-15"},{"lineNumber":4,"author":{"gitId":"yong362"},"content":"","lastModifiedDate":"2022-04-15"},{"lineNumber":5,"author":{"gitId":"yong362"},"content":"public class tasklist {","lastModifiedDate":"2022-04-15"},{"lineNumber":6,"author":{"gitId":"yong362"},"content":"    private final ArrayList\u003cTask\u003e TL;","lastModifiedDate":"2022-04-15"},{"lineNumber":7,"author":{"gitId":"yong362"},"content":"","lastModifiedDate":"2022-04-15"},{"lineNumber":8,"author":{"gitId":"yong362"},"content":"    public tasklist() {","lastModifiedDate":"2022-04-15"},{"lineNumber":9,"author":{"gitId":"yong362"},"content":"        TL \u003d new ArrayList\u003c\u003e();","lastModifiedDate":"2022-04-15"},{"lineNumber":10,"author":{"gitId":"yong362"},"content":"    }","lastModifiedDate":"2022-04-15"},{"lineNumber":11,"author":{"gitId":"yong362"},"content":"    public tasklist(tasklist loadedTaskList) {","lastModifiedDate":"2022-04-15"},{"lineNumber":12,"author":{"gitId":"yong362"},"content":"        this.TL \u003d loadedTaskList.TL;","lastModifiedDate":"2022-04-15"},{"lineNumber":13,"author":{"gitId":"yong362"},"content":"","lastModifiedDate":"2022-04-15"},{"lineNumber":14,"author":{"gitId":"yong362"},"content":"    }","lastModifiedDate":"2022-04-15"},{"lineNumber":15,"author":{"gitId":"yong362"},"content":"","lastModifiedDate":"2022-04-15"},{"lineNumber":16,"author":{"gitId":"yong362"},"content":"    public void addTask(Task task) {","lastModifiedDate":"2022-04-15"},{"lineNumber":17,"author":{"gitId":"yong362"},"content":"        TL.add(task);","lastModifiedDate":"2022-04-15"},{"lineNumber":18,"author":{"gitId":"yong362"},"content":"    }","lastModifiedDate":"2022-04-15"},{"lineNumber":19,"author":{"gitId":"yong362"},"content":"","lastModifiedDate":"2022-04-15"},{"lineNumber":20,"author":{"gitId":"yong362"},"content":"","lastModifiedDate":"2022-04-15"},{"lineNumber":21,"author":{"gitId":"yong362"},"content":"    public void deleteTask(int index) throws IndexOutOfBoundsException {","lastModifiedDate":"2022-04-15"},{"lineNumber":22,"author":{"gitId":"yong362"},"content":"        TL.remove(index);","lastModifiedDate":"2022-04-15"},{"lineNumber":23,"author":{"gitId":"yong362"},"content":"    }","lastModifiedDate":"2022-04-15"},{"lineNumber":24,"author":{"gitId":"yong362"},"content":"    public ArrayList\u003cTask\u003e getAllTask() {","lastModifiedDate":"2022-04-15"},{"lineNumber":25,"author":{"gitId":"yong362"},"content":"        return TL;","lastModifiedDate":"2022-04-15"},{"lineNumber":26,"author":{"gitId":"yong362"},"content":"    }","lastModifiedDate":"2022-04-15"},{"lineNumber":27,"author":{"gitId":"yong362"},"content":"","lastModifiedDate":"2022-04-15"},{"lineNumber":28,"author":{"gitId":"yong362"},"content":"    public int getSize(){return TL.size();}","lastModifiedDate":"2022-04-15"},{"lineNumber":29,"author":{"gitId":"yong362"},"content":"    public boolean isEmpty() {","lastModifiedDate":"2022-04-15"},{"lineNumber":30,"author":{"gitId":"yong362"},"content":"        return TL.isEmpty();","lastModifiedDate":"2022-04-15"},{"lineNumber":31,"author":{"gitId":"yong362"},"content":"    }","lastModifiedDate":"2022-04-15"},{"lineNumber":32,"author":{"gitId":"yong362"},"content":"","lastModifiedDate":"2022-04-15"},{"lineNumber":33,"author":{"gitId":"yong362"},"content":"    public Task getTask(int index){","lastModifiedDate":"2022-04-15"},{"lineNumber":34,"author":{"gitId":"yong362"},"content":"        return TL.get(index);","lastModifiedDate":"2022-04-15"},{"lineNumber":35,"author":{"gitId":"yong362"},"content":"    }","lastModifiedDate":"2022-04-15"},{"lineNumber":36,"author":{"gitId":"yong362"},"content":"}","lastModifiedDate":"2022-04-15"}],"authorContributionMap":{"yong362":36}},{"path":"src/main/java/duke/ui/Print.java","fileType":"java","lines":[{"lineNumber":1,"author":{"gitId":"yong362"},"content":"//package duke.ui;","lastModifiedDate":"2022-04-15"},{"lineNumber":2,"author":{"gitId":"yong362"},"content":"//","lastModifiedDate":"2022-04-15"},{"lineNumber":3,"author":{"gitId":"yong362"},"content":"//import duke.tasklist.Task;","lastModifiedDate":"2022-04-15"},{"lineNumber":4,"author":{"gitId":"yong362"},"content":"//","lastModifiedDate":"2022-04-15"},{"lineNumber":5,"author":{"gitId":"yong362"},"content":"//import java.util.ArrayList;","lastModifiedDate":"2022-04-15"},{"lineNumber":6,"author":{"gitId":"yong362"},"content":"//import java.util.List;","lastModifiedDate":"2022-04-15"},{"lineNumber":7,"author":{"gitId":"yong362"},"content":"//","lastModifiedDate":"2022-04-15"},{"lineNumber":8,"author":{"gitId":"yong362"},"content":"//public class Print {","lastModifiedDate":"2022-04-15"},{"lineNumber":9,"author":{"gitId":"yong362"},"content":"//    String divider \u003d \"\u003d\u003d\u003d\u003d\u003d\u003d\u003d\u003d\u003d\u003d\u003d\u003d\u003d\u003d\u003d\u003d\u003d\u003d\u003d\u003d\u003d\u003d\u003d\u003d\u003d\u003d\u003d\u003d\u003d\u003d\u003d\u003d\u003d\u003d\u003d\u003d\u003d\u003d\u003d\u003d\u003d\u003d\";","lastModifiedDate":"2022-04-15"},{"lineNumber":10,"author":{"gitId":"yong362"},"content":"//","lastModifiedDate":"2022-04-15"},{"lineNumber":11,"author":{"gitId":"yong362"},"content":"//    public Print() {","lastModifiedDate":"2022-04-15"},{"lineNumber":12,"author":{"gitId":"yong362"},"content":"//        String logo \u003d \" ____        _        \\n\"","lastModifiedDate":"2022-04-15"},{"lineNumber":13,"author":{"gitId":"yong362"},"content":"//                    + \"|  _ \\\\ _   _| | _____ \\n\"","lastModifiedDate":"2022-04-15"},{"lineNumber":14,"author":{"gitId":"yong362"},"content":"//                    + \"| | | | | | | |/ / _ \\\\\\n\"","lastModifiedDate":"2022-04-15"},{"lineNumber":15,"author":{"gitId":"yong362"},"content":"//                    + \"| |_| | |_| |   \u003c  __/\\n\"","lastModifiedDate":"2022-04-15"},{"lineNumber":16,"author":{"gitId":"yong362"},"content":"//                    + \"|____/ \\\\__,_|_|\\\\_\\\\___|\\n\";","lastModifiedDate":"2022-04-15"},{"lineNumber":17,"author":{"gitId":"yong362"},"content":"//        System.out.println(\"Hello from\\n\" + logo);","lastModifiedDate":"2022-04-15"},{"lineNumber":18,"author":{"gitId":"yong362"},"content":"//        String divider \u003d \"\u003d\u003d\u003d\u003d\u003d\u003d\u003d\u003d\u003d\u003d\u003d\u003d\u003d\u003d\u003d\u003d\u003d\u003d\u003d\u003d\u003d\u003d\u003d\u003d\u003d\u003d\u003d\u003d\u003d\u003d\u003d\u003d\u003d\u003d\u003d\u003d\u003d\u003d\u003d\u003d\u003d\u003d\";","lastModifiedDate":"2022-04-15"},{"lineNumber":19,"author":{"gitId":"yong362"},"content":"//        System.out.println(\"\u003d\u003d\u003d\u003d\u003d\u003d\u003d\u003d\u003d\u003d\u003d\u003d\u003d\u003d\u003d\u003d\u003d\u003d\u003d\u003d\u003d\u003d\");","lastModifiedDate":"2022-04-15"},{"lineNumber":20,"author":{"gitId":"yong362"},"content":"//        System.out.println(\"Hello! I\u0027m Duke\\nWhat can I do for you?\");","lastModifiedDate":"2022-04-15"},{"lineNumber":21,"author":{"gitId":"yong362"},"content":"//        System.out.println(\"\u003d\u003d\u003d\u003d\u003d\u003d\u003d\u003d\u003d\u003d\u003d\u003d\u003d\u003d\u003d\u003d\u003d\u003d\u003d\u003d\u003d\u003d\");","lastModifiedDate":"2022-04-15"},{"lineNumber":22,"author":{"gitId":"yong362"},"content":"//    }","lastModifiedDate":"2022-04-15"},{"lineNumber":23,"author":{"gitId":"yong362"},"content":"//","lastModifiedDate":"2022-04-15"},{"lineNumber":24,"author":{"gitId":"yong362"},"content":"//    public Print(String msg) {","lastModifiedDate":"2022-04-15"},{"lineNumber":25,"author":{"gitId":"yong362"},"content":"//        if (msg.equalsIgnoreCase(\"bye\")) {","lastModifiedDate":"2022-04-15"},{"lineNumber":26,"author":{"gitId":"yong362"},"content":"//            System.out.println(\"\\t\u003d\u003d\u003d\u003d\u003d\u003d\u003d\u003d\u003d\u003d\u003d\u003d\u003d\u003d\u003d\u003d\u003d\u003d\u003d\u003d\u003d\u003d\u003d\u003d\u003d\u003d\u003d\u003d\u003d\u003d\u003d\u003d\");","lastModifiedDate":"2022-04-15"},{"lineNumber":27,"author":{"gitId":"yong362"},"content":"//            System.out.println(\"\\tBye. Hope to see you again soon!\");","lastModifiedDate":"2022-04-15"},{"lineNumber":28,"author":{"gitId":"yong362"},"content":"//            System.out.println(\"\\t\u003d\u003d\u003d\u003d\u003d\u003d\u003d\u003d\u003d\u003d\u003d\u003d\u003d\u003d\u003d\u003d\u003d\u003d\u003d\u003d\u003d\u003d\u003d\u003d\u003d\u003d\u003d\u003d\u003d\u003d\u003d\u003d\");","lastModifiedDate":"2022-04-15"},{"lineNumber":29,"author":{"gitId":"yong362"},"content":"//        } else {","lastModifiedDate":"2022-04-15"},{"lineNumber":30,"author":{"gitId":"yong362"},"content":"//            System.out.println(\"\\t\" + divider);","lastModifiedDate":"2022-04-15"},{"lineNumber":31,"author":{"gitId":"yong362"},"content":"//            System.out.println(\"\\tadded:\" + msg);","lastModifiedDate":"2022-04-15"},{"lineNumber":32,"author":{"gitId":"yong362"},"content":"//            System.out.println(\"\\t\" + divider);","lastModifiedDate":"2022-04-15"},{"lineNumber":33,"author":{"gitId":"yong362"},"content":"//        }","lastModifiedDate":"2022-04-15"},{"lineNumber":34,"author":{"gitId":"yong362"},"content":"//    }","lastModifiedDate":"2022-04-15"},{"lineNumber":35,"author":{"gitId":"yong362"},"content":"//","lastModifiedDate":"2022-04-15"},{"lineNumber":36,"author":{"gitId":"yong362"},"content":"//    public Print(ArrayList\u003cTask\u003e TL, String command) {","lastModifiedDate":"2022-04-15"},{"lineNumber":37,"author":{"gitId":"yong362"},"content":"//        int latest \u003d TL.size() - 1;","lastModifiedDate":"2022-04-15"},{"lineNumber":38,"author":{"gitId":"yong362"},"content":"//        if (TL.size() \u003d\u003d 0) {","lastModifiedDate":"2022-04-15"},{"lineNumber":39,"author":{"gitId":"yong362"},"content":"//            System.out.println(\"There is no Task Currently, wanna add some? :P\");","lastModifiedDate":"2022-04-15"},{"lineNumber":40,"author":{"gitId":"yong362"},"content":"//        } else if (command.equalsIgnoreCase(\"todo\")) {","lastModifiedDate":"2022-04-15"},{"lineNumber":41,"author":{"gitId":"yong362"},"content":"//            System.out.println(divider + \"\\n Got it. I\u0027ve added this task:\");","lastModifiedDate":"2022-04-15"},{"lineNumber":42,"author":{"gitId":"yong362"},"content":"//            System.out.println(\"[\" + TL.get(latest).getType() + \"] [\" + TL.get(latest).getStatusIcon() + \"]\" + TL.get(latest).getDescription());","lastModifiedDate":"2022-04-15"},{"lineNumber":43,"author":{"gitId":"yong362"},"content":"//            System.out.println(\"Now you have \" + TL.size() + \" tasks in the list.\");","lastModifiedDate":"2022-04-15"},{"lineNumber":44,"author":{"gitId":"yong362"},"content":"//            System.out.println(divider);","lastModifiedDate":"2022-04-15"},{"lineNumber":45,"author":{"gitId":"yong362"},"content":"//        } else if (command.equalsIgnoreCase(\"deadline\")) {","lastModifiedDate":"2022-04-15"},{"lineNumber":46,"author":{"gitId":"yong362"},"content":"//            System.out.println(divider + \"\\n Got it. I\u0027ve added this task:\");","lastModifiedDate":"2022-04-15"},{"lineNumber":47,"author":{"gitId":"yong362"},"content":"//            System.out.println(\"[\" + TL.get(latest).getType() + \"] [\" + TL.get(latest).getStatusIcon() + \"]\" + TL.get(latest).getDescription());","lastModifiedDate":"2022-04-15"},{"lineNumber":48,"author":{"gitId":"yong362"},"content":"//            System.out.println(\"Now you have \" + TL.size() + \" tasks in the list.\");","lastModifiedDate":"2022-04-15"},{"lineNumber":49,"author":{"gitId":"yong362"},"content":"//            System.out.println(divider);","lastModifiedDate":"2022-04-15"},{"lineNumber":50,"author":{"gitId":"yong362"},"content":"//        } else if (command.equalsIgnoreCase(\"event\")) {","lastModifiedDate":"2022-04-15"},{"lineNumber":51,"author":{"gitId":"yong362"},"content":"//            System.out.println(divider + \"\\n Got it. I\u0027ve added this task:\");","lastModifiedDate":"2022-04-15"},{"lineNumber":52,"author":{"gitId":"yong362"},"content":"//            System.out.println(\"[\" + TL.get(latest).getType() + \"] [\" + TL.get(latest).getStatusIcon() + \"]\" + TL.get(latest).getDescription());","lastModifiedDate":"2022-04-15"},{"lineNumber":53,"author":{"gitId":"yong362"},"content":"//            System.out.println(\"Now you have \" + TL.size() + \" tasks in the list.\");","lastModifiedDate":"2022-04-15"},{"lineNumber":54,"author":{"gitId":"yong362"},"content":"//            System.out.println(divider);","lastModifiedDate":"2022-04-15"},{"lineNumber":55,"author":{"gitId":"yong362"},"content":"//        } else if (command.equalsIgnoreCase(\"list\")) {","lastModifiedDate":"2022-04-15"},{"lineNumber":56,"author":{"gitId":"yong362"},"content":"//            System.out.println(divider + \"\\n Here are the tasks in your list:\");","lastModifiedDate":"2022-04-15"},{"lineNumber":57,"author":{"gitId":"yong362"},"content":"//            for (int i \u003d 0; i \u003c TL.size(); i++) {","lastModifiedDate":"2022-04-15"},{"lineNumber":58,"author":{"gitId":"yong362"},"content":"//                System.out.println((i + 1) + \". [\" + TL.get(i).getType() + \"] [\" + TL.get(i).getStatusIcon() + \"]\" + TL.get(i).getDescription());","lastModifiedDate":"2022-04-15"},{"lineNumber":59,"author":{"gitId":"yong362"},"content":"//            }","lastModifiedDate":"2022-04-15"},{"lineNumber":60,"author":{"gitId":"yong362"},"content":"//            System.out.println(divider);","lastModifiedDate":"2022-04-15"},{"lineNumber":61,"author":{"gitId":"yong362"},"content":"//        }","lastModifiedDate":"2022-04-15"},{"lineNumber":62,"author":{"gitId":"yong362"},"content":"//","lastModifiedDate":"2022-04-15"},{"lineNumber":63,"author":{"gitId":"yong362"},"content":"//    }","lastModifiedDate":"2022-04-15"},{"lineNumber":64,"author":{"gitId":"yong362"},"content":"//","lastModifiedDate":"2022-04-15"},{"lineNumber":65,"author":{"gitId":"yong362"},"content":"//    public Print(ArrayList\u003cTask\u003e TL, String command, int position) {","lastModifiedDate":"2022-04-15"},{"lineNumber":66,"author":{"gitId":"yong362"},"content":"//        if (command.equalsIgnoreCase(\"Delete\")) {","lastModifiedDate":"2022-04-15"},{"lineNumber":67,"author":{"gitId":"yong362"},"content":"//            System.out.println(divider + \"\\n Noted. I\u0027ve removed this task:\");","lastModifiedDate":"2022-04-15"},{"lineNumber":68,"author":{"gitId":"yong362"},"content":"//            System.out.println(\"[\" + TL.get(position).getType() + \"] [\" + TL.get(position).getStatusIcon() + \"]\" + TL.get(position).getDescription());","lastModifiedDate":"2022-04-15"},{"lineNumber":69,"author":{"gitId":"yong362"},"content":"//            System.out.println(\"Now you have \" + (TL.size() - 1) + \" tasks in the list.\");","lastModifiedDate":"2022-04-15"},{"lineNumber":70,"author":{"gitId":"yong362"},"content":"//            System.out.println(divider);","lastModifiedDate":"2022-04-15"},{"lineNumber":71,"author":{"gitId":"yong362"},"content":"//        }","lastModifiedDate":"2022-04-15"},{"lineNumber":72,"author":{"gitId":"yong362"},"content":"//    }","lastModifiedDate":"2022-04-15"},{"lineNumber":73,"author":{"gitId":"yong362"},"content":"//}","lastModifiedDate":"2022-04-15"},{"lineNumber":74,"author":{"gitId":"yong362"},"content":"//","lastModifiedDate":"2022-04-15"}],"authorContributionMap":{"yong362":74}},{"path":"src/main/java/duke/ui/Ui.java","fileType":"java","lines":[{"lineNumber":1,"author":{"gitId":"yong362"},"content":"package duke.ui;","lastModifiedDate":"2022-04-15"},{"lineNumber":2,"author":{"gitId":"yong362"},"content":"import duke.tasklist.Deadline;","lastModifiedDate":"2022-04-15"},{"lineNumber":3,"author":{"gitId":"yong362"},"content":"import duke.tasklist.Task;","lastModifiedDate":"2022-04-15"},{"lineNumber":4,"author":{"gitId":"yong362"},"content":"import duke.tasklist.tasklist;","lastModifiedDate":"2022-04-15"},{"lineNumber":5,"author":{"gitId":"yong362"},"content":"","lastModifiedDate":"2022-04-15"},{"lineNumber":6,"author":{"gitId":"yong362"},"content":"import java.util.ArrayList;","lastModifiedDate":"2022-04-15"},{"lineNumber":7,"author":{"gitId":"yong362"},"content":"","lastModifiedDate":"2022-04-15"},{"lineNumber":8,"author":{"gitId":"yong362"},"content":"","lastModifiedDate":"2022-04-15"},{"lineNumber":9,"author":{"gitId":"yong362"},"content":"public class Ui {","lastModifiedDate":"2022-04-15"},{"lineNumber":10,"author":{"gitId":"yong362"},"content":"    private String divider \u003d \"\u003d\u003d\u003d\u003d\u003d\u003d\u003d\u003d\u003d\u003d\u003d\u003d\u003d\u003d\u003d\u003d\u003d\u003d\u003d\u003d\u003d\u003d\u003d\u003d\u003d\u003d\u003d\u003d\u003d\u003d\u003d\u003d\u003d\u003d\u003d\u003d\u003d\u003d\u003d\u003d\u003d\u003d\";","lastModifiedDate":"2022-04-15"},{"lineNumber":11,"author":{"gitId":"yong362"},"content":"    public void printWelcomeMessage(){","lastModifiedDate":"2022-04-15"},{"lineNumber":12,"author":{"gitId":"yong362"},"content":"        String logo \u003d \" ____        _        \\n\"","lastModifiedDate":"2022-04-15"},{"lineNumber":13,"author":{"gitId":"yong362"},"content":"                + \"|  _ \\\\ _   _| | _____ \\n\"","lastModifiedDate":"2022-04-15"},{"lineNumber":14,"author":{"gitId":"yong362"},"content":"                + \"| | | | | | | |/ / _ \\\\\\n\"","lastModifiedDate":"2022-04-15"},{"lineNumber":15,"author":{"gitId":"yong362"},"content":"                + \"| |_| | |_| |   \u003c  __/\\n\"","lastModifiedDate":"2022-04-15"},{"lineNumber":16,"author":{"gitId":"yong362"},"content":"                + \"|____/ \\\\__,_|_|\\\\_\\\\___|\\n\";","lastModifiedDate":"2022-04-15"},{"lineNumber":17,"author":{"gitId":"yong362"},"content":"        System.out.println(\"Hello from\\n\" + logo);","lastModifiedDate":"2022-04-15"},{"lineNumber":18,"author":{"gitId":"yong362"},"content":"        String divider \u003d \"\u003d\u003d\u003d\u003d\u003d\u003d\u003d\u003d\u003d\u003d\u003d\u003d\u003d\u003d\u003d\u003d\u003d\u003d\u003d\u003d\u003d\u003d\u003d\u003d\u003d\u003d\u003d\u003d\u003d\u003d\u003d\u003d\u003d\u003d\u003d\u003d\u003d\u003d\u003d\u003d\u003d\u003d\";","lastModifiedDate":"2022-04-15"},{"lineNumber":19,"author":{"gitId":"yong362"},"content":"        System.out.println(\"\u003d\u003d\u003d\u003d\u003d\u003d\u003d\u003d\u003d\u003d\u003d\u003d\u003d\u003d\u003d\u003d\u003d\u003d\u003d\u003d\u003d\u003d\");","lastModifiedDate":"2022-04-15"},{"lineNumber":20,"author":{"gitId":"yong362"},"content":"        System.out.println(\"Hello! I\u0027m Duke\\nWhat can I do for you?\");","lastModifiedDate":"2022-04-15"},{"lineNumber":21,"author":{"gitId":"yong362"},"content":"        System.out.println(\"\u003d\u003d\u003d\u003d\u003d\u003d\u003d\u003d\u003d\u003d\u003d\u003d\u003d\u003d\u003d\u003d\u003d\u003d\u003d\u003d\u003d\u003d\");","lastModifiedDate":"2022-04-15"},{"lineNumber":22,"author":{"gitId":"yong362"},"content":"    }","lastModifiedDate":"2022-04-15"},{"lineNumber":23,"author":{"gitId":"yong362"},"content":"    public void printByeMsg(String msg){","lastModifiedDate":"2022-04-15"},{"lineNumber":24,"author":{"gitId":"yong362"},"content":"        if (msg.equalsIgnoreCase(\"bye\")) {","lastModifiedDate":"2022-04-15"},{"lineNumber":25,"author":{"gitId":"yong362"},"content":"            System.out.println(\"\\t\u003d\u003d\u003d\u003d\u003d\u003d\u003d\u003d\u003d\u003d\u003d\u003d\u003d\u003d\u003d\u003d\u003d\u003d\u003d\u003d\u003d\u003d\u003d\u003d\u003d\u003d\u003d\u003d\u003d\u003d\u003d\u003d\");","lastModifiedDate":"2022-04-15"},{"lineNumber":26,"author":{"gitId":"yong362"},"content":"            System.out.println(\"\\tBye. Hope to see you again soon!\");","lastModifiedDate":"2022-04-15"},{"lineNumber":27,"author":{"gitId":"yong362"},"content":"            System.out.println(\"\\t\u003d\u003d\u003d\u003d\u003d\u003d\u003d\u003d\u003d\u003d\u003d\u003d\u003d\u003d\u003d\u003d\u003d\u003d\u003d\u003d\u003d\u003d\u003d\u003d\u003d\u003d\u003d\u003d\u003d\u003d\u003d\u003d\");","lastModifiedDate":"2022-04-15"},{"lineNumber":28,"author":{"gitId":"yong362"},"content":"        } else {","lastModifiedDate":"2022-04-15"},{"lineNumber":29,"author":{"gitId":"yong362"},"content":"            System.out.println(\"\\t\" + divider);","lastModifiedDate":"2022-04-15"},{"lineNumber":30,"author":{"gitId":"yong362"},"content":"            System.out.println(\"\\tadded:\" + msg);","lastModifiedDate":"2022-04-15"},{"lineNumber":31,"author":{"gitId":"yong362"},"content":"            System.out.println(\"\\t\" + divider);","lastModifiedDate":"2022-04-15"},{"lineNumber":32,"author":{"gitId":"yong362"},"content":"        }","lastModifiedDate":"2022-04-15"},{"lineNumber":33,"author":{"gitId":"yong362"},"content":"    }","lastModifiedDate":"2022-04-15"},{"lineNumber":34,"author":{"gitId":"yong362"},"content":"","lastModifiedDate":"2022-04-15"},{"lineNumber":35,"author":{"gitId":"yong362"},"content":"    public void printCmdMsg(tasklist TL, String command){","lastModifiedDate":"2022-04-15"},{"lineNumber":36,"author":{"gitId":"yong362"},"content":"        int latest \u003d TL.getSize() - 1;","lastModifiedDate":"2022-04-15"},{"lineNumber":37,"author":{"gitId":"yong362"},"content":"        if (TL.getSize() \u003d\u003d 0) {","lastModifiedDate":"2022-04-15"},{"lineNumber":38,"author":{"gitId":"yong362"},"content":"            System.out.println(\"There is no Task Currently, wanna add some? :P\");","lastModifiedDate":"2022-04-15"},{"lineNumber":39,"author":{"gitId":"yong362"},"content":"        } else if (command.equalsIgnoreCase(\"todo\")  ) {","lastModifiedDate":"2022-04-15"},{"lineNumber":40,"author":{"gitId":"yong362"},"content":"            System.out.println(divider + \"\\n Got it. I\u0027ve added this task:\");","lastModifiedDate":"2022-04-15"},{"lineNumber":41,"author":{"gitId":"yong362"},"content":"            System.out.println(TL.getTask(latest).toString());","lastModifiedDate":"2022-04-15"},{"lineNumber":42,"author":{"gitId":"yong362"},"content":"//            System.out.println(\"[\" + TL.getTask(latest).getType() + \"] [\" + TL.getTask(latest).getStatusIcon() + \"]\" + TL.getTask(latest).getDescription());","lastModifiedDate":"2022-04-15"},{"lineNumber":43,"author":{"gitId":"yong362"},"content":"            System.out.println(\"Now you have \" + TL.getSize() + \" tasks in the list.\");","lastModifiedDate":"2022-04-15"},{"lineNumber":44,"author":{"gitId":"yong362"},"content":"            System.out.println(divider);","lastModifiedDate":"2022-04-15"},{"lineNumber":45,"author":{"gitId":"yong362"},"content":"        } else if (command.equalsIgnoreCase(\"deadline\")) {","lastModifiedDate":"2022-04-15"},{"lineNumber":46,"author":{"gitId":"yong362"},"content":"            System.out.println(divider + \"\\n Got it. I\u0027ve added this task:\");","lastModifiedDate":"2022-04-15"},{"lineNumber":47,"author":{"gitId":"yong362"},"content":"            System.out.println(TL.getTask(latest).toString());","lastModifiedDate":"2022-04-15"},{"lineNumber":48,"author":{"gitId":"yong362"},"content":"            //System.out.println(\"[\" + TL.getTask(latest).getType() + \"] [\" + TL.getTask(latest).getStatusIcon() + \"]\" + TL.getTask(latest).getDescription());","lastModifiedDate":"2022-04-15"},{"lineNumber":49,"author":{"gitId":"yong362"},"content":"            System.out.println(\"Now you have \" + TL.getSize() + \" tasks in the list.\");","lastModifiedDate":"2022-04-15"},{"lineNumber":50,"author":{"gitId":"yong362"},"content":"            System.out.println(divider);","lastModifiedDate":"2022-04-15"},{"lineNumber":51,"author":{"gitId":"yong362"},"content":"       } else if (command.equalsIgnoreCase(\"event\")) {","lastModifiedDate":"2022-04-15"},{"lineNumber":52,"author":{"gitId":"yong362"},"content":"            System.out.println(divider + \"\\n Got it. I\u0027ve added this task:\");","lastModifiedDate":"2022-04-15"},{"lineNumber":53,"author":{"gitId":"yong362"},"content":"            System.out.println(TL.getTask(latest).toString());","lastModifiedDate":"2022-04-15"},{"lineNumber":54,"author":{"gitId":"yong362"},"content":"            //System.out.println(\"[\" + TL.get(latest).getType() + \"] [\" + TL.get(latest).getStatusIcon() + \"]\" + TL.get(latest).description);","lastModifiedDate":"2022-04-15"},{"lineNumber":55,"author":{"gitId":"yong362"},"content":"            System.out.println(\"Now you have \" + TL.getSize() + \" tasks in the list.\");","lastModifiedDate":"2022-04-15"},{"lineNumber":56,"author":{"gitId":"yong362"},"content":"            System.out.println(divider);","lastModifiedDate":"2022-04-15"},{"lineNumber":57,"author":{"gitId":"yong362"},"content":"        } else if (command.equalsIgnoreCase(\"list\")) {","lastModifiedDate":"2022-04-15"},{"lineNumber":58,"author":{"gitId":"yong362"},"content":"            System.out.println(divider + \"\\n Here are the tasks in your list:\");","lastModifiedDate":"2022-04-15"},{"lineNumber":59,"author":{"gitId":"yong362"},"content":"            for (int i \u003d 0; i \u003c TL.getSize(); i++) {","lastModifiedDate":"2022-04-15"},{"lineNumber":60,"author":{"gitId":"yong362"},"content":"                System.out.println((i + 1) + \". [\" + TL.getTask(i).getType() + \"] [\" + TL.getTask(i).getStatusIcon() + \"]\" + TL.getTask(i).getDescription());","lastModifiedDate":"2022-04-15"},{"lineNumber":61,"author":{"gitId":"yong362"},"content":"            }","lastModifiedDate":"2022-04-15"},{"lineNumber":62,"author":{"gitId":"yong362"},"content":"            System.out.println(divider);","lastModifiedDate":"2022-04-15"},{"lineNumber":63,"author":{"gitId":"yong362"},"content":"        }","lastModifiedDate":"2022-04-15"},{"lineNumber":64,"author":{"gitId":"yong362"},"content":"    }","lastModifiedDate":"2022-04-15"},{"lineNumber":65,"author":{"gitId":"yong362"},"content":"","lastModifiedDate":"2022-04-15"},{"lineNumber":66,"author":{"gitId":"yong362"},"content":"    public void printDeleteMsg(tasklist TL, String command, int position) {","lastModifiedDate":"2022-04-15"},{"lineNumber":67,"author":{"gitId":"yong362"},"content":"        if (command.equalsIgnoreCase(\"Delete\")) {","lastModifiedDate":"2022-04-15"},{"lineNumber":68,"author":{"gitId":"yong362"},"content":"            System.out.println(divider + \"\\n Noted. I\u0027ve removed this task:\");","lastModifiedDate":"2022-04-15"},{"lineNumber":69,"author":{"gitId":"yong362"},"content":"            System.out.println(\"[\" + TL.getTask(position).getType() + \"] [\" + TL.getTask(position).getStatusIcon() + \"]\" + TL.getTask(position).getDescription());","lastModifiedDate":"2022-04-15"},{"lineNumber":70,"author":{"gitId":"yong362"},"content":"            System.out.println(\"Now you have \" + (TL.getSize() - 1) + \" tasks in the list.\");","lastModifiedDate":"2022-04-15"},{"lineNumber":71,"author":{"gitId":"yong362"},"content":"            System.out.println(divider);","lastModifiedDate":"2022-04-15"},{"lineNumber":72,"author":{"gitId":"yong362"},"content":"        }","lastModifiedDate":"2022-04-15"},{"lineNumber":73,"author":{"gitId":"yong362"},"content":"    }","lastModifiedDate":"2022-04-15"},{"lineNumber":74,"author":{"gitId":"yong362"},"content":"}","lastModifiedDate":"2022-04-15"}],"authorContributionMap":{"yong362":74}},{"path":"src/main/java/save.java","fileType":"java","lines":[{"lineNumber":1,"author":{"gitId":"yong362"},"content":"//import java.io.*;","lastModifiedDate":"2022-04-14"},{"lineNumber":2,"author":{"gitId":"yong362"},"content":"//import java.util.ArrayList;","lastModifiedDate":"2022-04-14"},{"lineNumber":3,"author":{"gitId":"yong362"},"content":"//import duke.tasklist.Task;","lastModifiedDate":"2022-04-14"},{"lineNumber":4,"author":{"gitId":"yong362"},"content":"//","lastModifiedDate":"2022-04-14"},{"lineNumber":5,"author":{"gitId":"yong362"},"content":"//","lastModifiedDate":"2022-04-14"},{"lineNumber":6,"author":{"gitId":"yong362"},"content":"//public class save {","lastModifiedDate":"2022-04-14"},{"lineNumber":7,"author":{"gitId":"yong362"},"content":"//","lastModifiedDate":"2022-04-14"},{"lineNumber":8,"author":{"gitId":"yong362"},"content":"//    public save(String fileName, ArrayList\u003cTask\u003e TL) throws IOException {","lastModifiedDate":"2022-04-14"},{"lineNumber":9,"author":{"gitId":"yong362"},"content":"//        File filename \u003d new File(fileName);","lastModifiedDate":"2022-04-14"},{"lineNumber":10,"author":{"gitId":"yong362"},"content":"//        boolean newFile \u003d filename.createNewFile();","lastModifiedDate":"2022-04-14"},{"lineNumber":11,"author":{"gitId":"yong362"},"content":"//        FileOutputStream oFile \u003d new FileOutputStream(fileName, false);","lastModifiedDate":"2022-04-14"},{"lineNumber":12,"author":{"gitId":"yong362"},"content":"//        PrintWriter pw \u003d new PrintWriter(new FileOutputStream(fileName));","lastModifiedDate":"2022-04-14"},{"lineNumber":13,"author":{"gitId":"yong362"},"content":"//        for (int i \u003d 0; i \u003c TL.size(); i++) {","lastModifiedDate":"2022-04-14"},{"lineNumber":14,"author":{"gitId":"yong362"},"content":"//            pw.println(TL.get(i).getType() + \" | \" + TL.get(i).getStatusIconS() + \" | \" + TL.get(i).getDescription());","lastModifiedDate":"2022-04-14"},{"lineNumber":15,"author":{"gitId":"yong362"},"content":"//        }","lastModifiedDate":"2022-04-14"},{"lineNumber":16,"author":{"gitId":"yong362"},"content":"//        pw.close();","lastModifiedDate":"2022-04-14"},{"lineNumber":17,"author":{"gitId":"yong362"},"content":"//    }","lastModifiedDate":"2022-04-14"},{"lineNumber":18,"author":{"gitId":"yong362"},"content":"//}","lastModifiedDate":"2022-04-14"}],"authorContributionMap":{"yong362":18}},{"path":"text-ui-test/input.txt","fileType":"txt","lines":[{"lineNumber":1,"author":{"gitId":"yong362"},"content":"todo borrow book","lastModifiedDate":"2022-03-26"},{"lineNumber":2,"author":{"gitId":"yong362"},"content":"todo play games","lastModifiedDate":"2022-03-26"},{"lineNumber":3,"author":{"gitId":"yong362"},"content":"deadline return book","lastModifiedDate":"2022-03-26"},{"lineNumber":4,"author":{"gitId":"yong362"},"content":"deadline return book /by 2/12/2019 1800","lastModifiedDate":"2022-04-15"},{"lineNumber":5,"author":{"gitId":"yong362"},"content":"event project meeting","lastModifiedDate":"2022-03-26"},{"lineNumber":6,"author":{"gitId":"yong362"},"content":"event project meeting /at 2/12/2019 1800","lastModifiedDate":"2022-04-15"},{"lineNumber":7,"author":{"gitId":"yong362"},"content":"list","lastModifiedDate":"2022-03-26"},{"lineNumber":8,"author":{"gitId":"yong362"},"content":"mark 3","lastModifiedDate":"2022-03-26"},{"lineNumber":9,"author":{"gitId":"yong362"},"content":"mark 4","lastModifiedDate":"2022-03-26"},{"lineNumber":10,"author":{"gitId":"yong362"},"content":"unmark 3","lastModifiedDate":"2022-03-26"},{"lineNumber":11,"author":{"gitId":"yong362"},"content":"list","lastModifiedDate":"2022-03-26"},{"lineNumber":12,"author":{"gitId":"yong362"},"content":"delete 5","lastModifiedDate":"2022-04-15"},{"lineNumber":13,"author":{"gitId":"yong362"},"content":"list ","lastModifiedDate":"2022-03-26"},{"lineNumber":14,"author":{"gitId":"yong362"},"content":"bye","lastModifiedDate":"2022-03-26"}],"authorContributionMap":{"yong362":14}}]
