{"authorDailyContributionsMap":{"yong362":[{"date":"2022-02-03","commitResults":[{"hash":"684651b22bafa624087c33f0ea7ca41d59cf0d01","messageTitle":"Created sample Level-1 task","messageBody":"","tags":["Level-1(V1.0)"],"fileTypesAndContributionMap":{"java":{"insertions":22,"deletions":2}}}]},{"date":"2022-02-06","commitResults":[{"hash":"2c3bf67dd5fc7a1ff72d205f021d2be616045b80","messageTitle":"Updated version( Header based on length count) - Created Print Class","messageBody":"","tags":["Level-1(V1.1)"],"fileTypesAndContributionMap":{"java":{"insertions":2,"deletions":0}}},{"hash":"fa006e616cfc2c7f0bb6b7282a0a7fd249708328","messageTitle":"Version Updated - Created Print class    able to print header based on msg count - Decluter of Duke","messageBody":"","tags":["Level-1(V1.2)"],"fileTypesAndContributionMap":{"java":{"insertions":25,"deletions":9}}},{"hash":"1194df709564150b4476dac7a0f95f9818a4cc0e","messageTitle":"Refactor","messageBody":"","tags":["Level-1(V1.3)"],"fileTypesAndContributionMap":{"java":{"insertions":4,"deletions":8}}}]},{"date":"2022-02-12","commitResults":[{"hash":"04d6cc9952b5294e7241a44ca1575fe82085d804","messageTitle":"Level 2 - Add and List Function","messageBody":"","tags":["Level-2(V2.1)"],"fileTypesAndContributionMap":{"java":{"insertions":89,"deletions":26}}},{"hash":"32ea47735da5590762068521b621875a4e848907","messageTitle":"Level 3 - Mark as Done function","messageBody":"","tags":["Lvl-3(V3.1)"],"fileTypesAndContributionMap":{"java":{"insertions":27,"deletions":2}}}]},{"date":"2022-02-20","commitResults":[{"hash":"50131c7da49d69aecce9f5a732f5e9017d9d1d5b","messageTitle":"Created ToDos, Events, Deadlines","messageBody":"","tags":["Level-4(V4.1)"],"fileTypesAndContributionMap":{"java":{"insertions":76,"deletions":18}}}]},{"date":"2022-03-26","commitResults":[{"hash":"52317cef7e1000d6c6759a2fe01db2b1f0489b3d","messageTitle":"Created DukeException with  two types of errors (UnknownCommand and invalidInputCommand)","messageBody":"","tags":["Level-5(V5.1)"],"fileTypesAndContributionMap":{"txt":{"insertions":15,"deletions":0},"java":{"insertions":79,"deletions":52}}},{"hash":"fc51a80bdf70f9316e6398a79f18b1956b3c6436","messageTitle":"Create Deleted function","messageBody":"","tags":["Level-6(V6.1)"],"fileTypesAndContributionMap":{"txt":{"insertions":2,"deletions":3},"java":{"insertions":38,"deletions":27}}}]},{"date":"2022-04-05","commitResults":[{"hash":"98254859d8e21fe995215aca038e6a2c07686945","messageTitle":"Created Save function","messageBody":"","tags":["Level-7(V7.1)"],"fileTypesAndContributionMap":{"java":{"insertions":27,"deletions":1}}}]},{"date":"2022-04-14","commitResults":[{"hash":"eb33eed8916c76db81060bc61f21c42a8796b9d6","messageTitle":"OOP","messageBody":"","tags":["Level-7(V7.2)"],"fileTypesAndContributionMap":{"java":{"insertions":171,"deletions":197}}}]},{"date":"2022-04-15","commitResults":[{"hash":"9c2ef19d81cb9234f89557ef88f3501b4a571d0c","messageTitle":"A-Gradle","messageBody":"","tags":["Level-8(A-Gradle)"],"fileTypesAndContributionMap":{"gradle":{"insertions":1,"deletions":1}}},{"hash":"2c429b83da96464c0322df8e8c441f5ab47fe10b","messageTitle":"Function for Level 8","messageBody":"","tags":["Level-8(V8.1)"],"fileTypesAndContributionMap":{"txt":{"insertions":3,"deletions":3},"java":{"insertions":71,"deletions":33}}},{"hash":"3912597492cb1aa2c9212d0f1a2155430d1b36e5","messageTitle":"Adding of missing files","messageBody":"","tags":["Level-8"],"fileTypesAndContributionMap":{"txt":{"insertions":1,"deletions":0},"java":{"insertions":294,"deletions":0}}}]},{"date":"2022-04-16","commitResults":[{"hash":"61e779f9b499e612ad0a0f6ab4f703564f0a2e2b","messageTitle":"Added undo function","messageBody":"","tags":["Level-9(V9.1)"],"fileTypesAndContributionMap":{"txt":{"insertions":0,"deletions":1},"java":{"insertions":35,"deletions":2}}},{"hash":"3bd48d6ba5dcd45794784390b73d9d128d18462c","messageTitle":"Added Find Function","messageBody":"","tags":["Level-9(V9.2)"],"fileTypesAndContributionMap":{"txt":{"insertions":3,"deletions":0},"java":{"insertions":24,"deletions":3}}}]}]},"authorFileTypeContributionMap":{"yong362":{"java":611,"md":0,"fxml":0,"sh":0,"bat":0,"gradle":1,"txt":17}},"authorContributionVariance":{"yong362":3767.7249},"authorDisplayNameMap":{"yong362":"PEH ..SOON"}}
