{"authorDailyContributionsMap":{"yong362":[{"date":"2022-02-03","commitResults":[{"hash":"684651b22bafa624087c33f0ea7ca41d59cf0d01","messageTitle":"Created sample Level-1 task","messageBody":"","tags":["Level-1(V1.0)"],"fileTypesAndContributionMap":{"java":{"insertions":22,"deletions":2}}}]},{"date":"2022-02-06","commitResults":[{"hash":"2c3bf67dd5fc7a1ff72d205f021d2be616045b80","messageTitle":"Updated version( Header based on length count) - Created Print Class","messageBody":"","tags":["Level-1(V1.1)"],"fileTypesAndContributionMap":{"java":{"insertions":2,"deletions":0}}},{"hash":"fa006e616cfc2c7f0bb6b7282a0a7fd249708328","messageTitle":"Version Updated - Created Print class    able to print header based on msg count - Decluter of Duke","messageBody":"","tags":["Level-1(V1.2)"],"fileTypesAndContributionMap":{"java":{"insertions":25,"deletions":9}}},{"hash":"1194df709564150b4476dac7a0f95f9818a4cc0e","messageTitle":"Refactor","messageBody":"","tags":["Level-1(V1.3)"],"fileTypesAndContributionMap":{"java":{"insertions":4,"deletions":8}}}]},{"date":"2022-02-12","commitResults":[{"hash":"04d6cc9952b5294e7241a44ca1575fe82085d804","messageTitle":"Level 2 - Add and List Function","messageBody":"","tags":["Level-2(V2.1)"],"fileTypesAndContributionMap":{"java":{"insertions":89,"deletions":26}}},{"hash":"32ea47735da5590762068521b621875a4e848907","messageTitle":"Level 3 - Mark as Done function","messageBody":"","tags":["Lvl-3(V3.1)"],"fileTypesAndContributionMap":{"java":{"insertions":27,"deletions":2}}}]},{"date":"2022-02-20","commitResults":[{"hash":"50131c7da49d69aecce9f5a732f5e9017d9d1d5b","messageTitle":"Created ToDos, Events, Deadlines","messageBody":"","tags":["Level-4(V4.1)"],"fileTypesAndContributionMap":{"java":{"insertions":76,"deletions":18}}}]},{"date":"2022-03-26","commitResults":[{"hash":"52317cef7e1000d6c6759a2fe01db2b1f0489b3d","messageTitle":"Created DukeException with  two types of errors (UnknownCommand and invalidInputCommand)","messageBody":"","tags":["Level-5(V5.1)"],"fileTypesAndContributionMap":{"txt":{"insertions":15,"deletions":0},"java":{"insertions":79,"deletions":52}}},{"hash":"fc51a80bdf70f9316e6398a79f18b1956b3c6436","messageTitle":"Create Deleted function","messageBody":"","tags":["Level-6(V6.1)"],"fileTypesAndContributionMap":{"txt":{"insertions":2,"deletions":3},"java":{"insertions":38,"deletions":27}}}]}]},"authorFileTypeContributionMap":{"yong362":{"java":219,"md":0,"fxml":0,"sh":0,"bat":0,"gradle":0,"txt":14}},"authorContributionVariance":{"yong362":992.9935},"authorDisplayNameMap":{"yong362":"PEH ..SOON"}}
