{"authorDailyContributionsMap":{"kevinxx88":[{"date":"2022-02-12","commitResults":[{"hash":"6cb5fe123872dfcbf71e062e28c5e1da51ce1646","messageTitle":"add fruits.txt","messageBody":"","tags":["fruits_v1"],"fileTypesAndContributionMap":{"txt":{"insertions":3,"deletions":0}}},{"hash":"1b41aebef37d897012672c00531d4d66c5467129","messageTitle":"amendment-adding fruits to txt file","messageBody":"","tags":["fruits_v2"],"fileTypesAndContributionMap":{"txt":{"insertions":4,"deletions":1}}},{"hash":"09adf41708a79c9d467db6756572c8899ae8f4c2","messageTitle":"add colors and shapes file","messageBody":"","tags":["color_shape_v1"],"fileTypesAndContributionMap":{"txt":{"insertions":6,"deletions":0}}},{"hash":"f8f1f17b04f993d4493fb2acea1cc873831f17a3","messageTitle":"Level-1 Completed","messageBody":"","tags":["Level-1"],"fileTypesAndContributionMap":{"java":{"insertions":40,"deletions":1}}},{"hash":"12fca8636163d8c69b3f4c48b5055c0590e96c4b","messageTitle":"Level-2 Completed","messageBody":"","tags":["Level-2"],"fileTypesAndContributionMap":{"java":{"insertions":47,"deletions":13}}}]},{"date":"2022-02-13","commitResults":[{"hash":"f463bbb230dd47d5d95cbe39f02853a813122619","messageTitle":"Level-3 Task Class Completed","messageBody":"","fileTypesAndContributionMap":{"java":{"insertions":66,"deletions":5}}},{"hash":"8d65d057f48a03cb3c365fd9abe62a06d9088870","messageTitle":"Level-3 Duke Class Completed","messageBody":"","fileTypesAndContributionMap":{"java":{"insertions":3,"deletions":2}}},{"hash":"92787d1013b1033324b6e4fd657a33f24e701a54","messageTitle":"Revert \"Level-3 Duke Class Completed\"","messageBody":"This reverts commit 8d65d057f48a03cb3c365fd9abe62a06d9088870.\n","fileTypesAndContributionMap":{"java":{"insertions":2,"deletions":3}}},{"hash":"a54b935d2037358738a7ae053b7f1d90d7c1e22f","messageTitle":"Revert \"Level-3 Task Class Completed\"","messageBody":"This reverts commit f463bbb230dd47d5d95cbe39f02853a813122619.\n","fileTypesAndContributionMap":{"java":{"insertions":5,"deletions":66}}},{"hash":"2a5c3016106934c5ceac840aee0d77003dabb72c","messageTitle":"Level-3 Both Task and Duke Class Completed","messageBody":"","tags":["Level-3"],"fileTypesAndContributionMap":{"java":{"insertions":68,"deletions":6}}}]},{"date":"2022-03-05","commitResults":[{"hash":"874ef77efb0f64aa1e0a53710b5c4a924affe4a6","messageTitle":"Level-4 All Completed","messageBody":"","tags":["Level-4"],"fileTypesAndContributionMap":{"java":{"insertions":100,"deletions":9}}}]},{"date":"2022-03-12","commitResults":[{"hash":"19dfb483e501da7146d78b754ec6edc194fc8857","messageTitle":"Level-5 All Completed","messageBody":"","tags":["Level-5"],"fileTypesAndContributionMap":{"java":{"insertions":208,"deletions":40}}}]},{"date":"2022-03-20","commitResults":[{"hash":"f329e97edc358fbac5f442b397f75f8eb59c6481","messageTitle":"Level-6 All Completed","messageBody":"","tags":["Level-6"],"fileTypesAndContributionMap":{"java":{"insertions":73,"deletions":39}}}]},{"date":"2022-04-13","commitResults":[{"hash":"abb3b0d219c48c59779ed4bdd1dace48c8f14fac","messageTitle":"Level-7 All Completed","messageBody":"","tags":["Level-7"],"fileTypesAndContributionMap":{"java":{"insertions":97,"deletions":31}}}]}]},"authorFileTypeContributionMap":{"kevinxx88":{"java":495,"md":0,"fxml":0,"sh":0,"bat":0,"gradle":0,"txt":12}},"authorContributionVariance":{"kevinxx88":1672.9154},"authorDisplayNameMap":{"kevinxx88":"XU X.. XIN"}}
