[{"path":"src/main/java/Duke.java","fileType":"java","lines":[{"lineNumber":1,"author":{"gitId":"sikowiz"},"content":"import project.gennie.Greeting;","lastModifiedDate":"2022-02-05"},{"lineNumber":2,"author":{"gitId":"sikowiz"},"content":"import project.gennie.addTasks;","lastModifiedDate":"2022-02-05"},{"lineNumber":3,"author":{"gitId":"sikowiz"},"content":"import project.gennie.markTasks;","lastModifiedDate":"2022-02-06"},{"lineNumber":4,"author":{"gitId":"sikowiz"},"content":"","lastModifiedDate":"2022-02-05"},{"lineNumber":5,"author":{"gitId":"sikowiz"},"content":"public class Duke","lastModifiedDate":"2022-02-05"},{"lineNumber":6,"author":{"gitId":"sikowiz"},"content":"{","lastModifiedDate":"2022-02-05"},{"lineNumber":7,"author":{"gitId":"sikowiz"},"content":"    public static void main(String[] args)","lastModifiedDate":"2022-02-05"},{"lineNumber":8,"author":{"gitId":"sikowiz"},"content":"    {","lastModifiedDate":"2022-02-05"},{"lineNumber":9,"author":{"gitId":"sikowiz"},"content":"        Greeting greetingObject \u003d new Greeting();","lastModifiedDate":"2022-02-05"},{"lineNumber":10,"author":{"gitId":"sikowiz"},"content":"        greetingObject.printGreeting();","lastModifiedDate":"2022-02-05"},{"lineNumber":11,"author":{"gitId":"sikowiz"},"content":"","lastModifiedDate":"2022-02-06"},{"lineNumber":12,"author":{"gitId":"sikowiz"},"content":"        addTasks addTasksObject \u003d new addTasks();","lastModifiedDate":"2022-02-05"},{"lineNumber":13,"author":{"gitId":"sikowiz"},"content":"        addTasksObject.addTasks();","lastModifiedDate":"2022-02-05"},{"lineNumber":14,"author":{"gitId":"sikowiz"},"content":"","lastModifiedDate":"2022-02-06"},{"lineNumber":15,"author":{"gitId":"sikowiz"},"content":"","lastModifiedDate":"2022-02-06"},{"lineNumber":16,"author":{"gitId":"-"},"content":"    }","lastModifiedDate":"2019-07-29"},{"lineNumber":17,"author":{"gitId":"-"},"content":"}","lastModifiedDate":"2019-07-29"}],"authorContributionMap":{"-":2,"sikowiz":15}},{"path":"src/main/java/project/gennie/Greeting.java","fileType":"java","lines":[{"lineNumber":1,"author":{"gitId":"sikowiz"},"content":"package project.gennie;","lastModifiedDate":"2022-02-05"},{"lineNumber":2,"author":{"gitId":"sikowiz"},"content":"","lastModifiedDate":"2022-02-05"},{"lineNumber":3,"author":{"gitId":"sikowiz"},"content":"public class Greeting","lastModifiedDate":"2022-02-05"},{"lineNumber":4,"author":{"gitId":"sikowiz"},"content":"{","lastModifiedDate":"2022-02-05"},{"lineNumber":5,"author":{"gitId":"sikowiz"},"content":"    public  void printGreeting () {","lastModifiedDate":"2022-02-05"},{"lineNumber":6,"author":{"gitId":"sikowiz"},"content":"        String logo \u003d \" ____        _        \\n\"","lastModifiedDate":"2022-02-05"},{"lineNumber":7,"author":{"gitId":"sikowiz"},"content":"                + \"|  _ \\\\ _   _| | _____ \\n\"","lastModifiedDate":"2022-02-05"},{"lineNumber":8,"author":{"gitId":"sikowiz"},"content":"                + \"| | | | | | | |/ / _ \\\\\\n\"","lastModifiedDate":"2022-02-05"},{"lineNumber":9,"author":{"gitId":"sikowiz"},"content":"                + \"| |_| | |_| |   \u003c  __/\\n\"","lastModifiedDate":"2022-02-05"},{"lineNumber":10,"author":{"gitId":"sikowiz"},"content":"                + \"|____/ \\\\__,_|_|\\\\_\\\\___|\\n\";","lastModifiedDate":"2022-02-05"},{"lineNumber":11,"author":{"gitId":"sikowiz"},"content":"        System.out.println(\"Hello from\\n\" + logo);","lastModifiedDate":"2022-02-05"},{"lineNumber":12,"author":{"gitId":"sikowiz"},"content":"        System.out.println(\"------------------------------------------\\n\");","lastModifiedDate":"2022-02-05"},{"lineNumber":13,"author":{"gitId":"sikowiz"},"content":"        System.out.println(\"Hello Mater! I\u0027m Gennie ^_^\\n\" +","lastModifiedDate":"2022-02-05"},{"lineNumber":14,"author":{"gitId":"sikowiz"},"content":"                \"     What can I do for you?\");","lastModifiedDate":"2022-02-05"},{"lineNumber":15,"author":{"gitId":"sikowiz"},"content":"        System.out.println(\"------------------------------------------\\n\");","lastModifiedDate":"2022-02-05"},{"lineNumber":16,"author":{"gitId":"sikowiz"},"content":"       // System.out.println(\"Please type to add tasks into your todo lists\\n\");","lastModifiedDate":"2022-02-06"},{"lineNumber":17,"author":{"gitId":"sikowiz"},"content":"        //System.out.println(\"------------------------------------------\\n\");","lastModifiedDate":"2022-02-06"},{"lineNumber":18,"author":{"gitId":"sikowiz"},"content":"        //System.out.println(\"Please simply type list to review your list\\n\");","lastModifiedDate":"2022-02-06"},{"lineNumber":19,"author":{"gitId":"sikowiz"},"content":"       // System.out.println(\"------------------------------------------\\n\");","lastModifiedDate":"2022-02-06"},{"lineNumber":20,"author":{"gitId":"sikowiz"},"content":"       // System.out.println(\"Please task ID to mark your tasks done\\n\");","lastModifiedDate":"2022-02-06"},{"lineNumber":21,"author":{"gitId":"sikowiz"},"content":"    }","lastModifiedDate":"2022-02-05"},{"lineNumber":22,"author":{"gitId":"sikowiz"},"content":"}","lastModifiedDate":"2022-02-05"}],"authorContributionMap":{"sikowiz":22}},{"path":"src/main/java/project/gennie/addTasks.java","fileType":"java","lines":[{"lineNumber":1,"author":{"gitId":"sikowiz"},"content":"package project.gennie;","lastModifiedDate":"2022-02-05"},{"lineNumber":2,"author":{"gitId":"sikowiz"},"content":"","lastModifiedDate":"2022-02-05"},{"lineNumber":3,"author":{"gitId":"sikowiz"},"content":"import java.util.Scanner;","lastModifiedDate":"2022-02-05"},{"lineNumber":4,"author":{"gitId":"sikowiz"},"content":"","lastModifiedDate":"2022-02-05"},{"lineNumber":5,"author":{"gitId":"sikowiz"},"content":"public class addTasks","lastModifiedDate":"2022-02-05"},{"lineNumber":6,"author":{"gitId":"sikowiz"},"content":"{","lastModifiedDate":"2022-02-05"},{"lineNumber":7,"author":{"gitId":"sikowiz"},"content":"    public void addTasks()","lastModifiedDate":"2022-02-05"},{"lineNumber":8,"author":{"gitId":"sikowiz"},"content":"    {","lastModifiedDate":"2022-02-05"},{"lineNumber":9,"author":{"gitId":"sikowiz"},"content":"        String line;","lastModifiedDate":"2022-02-05"},{"lineNumber":10,"author":{"gitId":"sikowiz"},"content":"        String[] store \u003d new String [100];","lastModifiedDate":"2022-02-05"},{"lineNumber":11,"author":{"gitId":"sikowiz"},"content":"        String readLetterMark \u003d \"\";","lastModifiedDate":"2022-02-06"},{"lineNumber":12,"author":{"gitId":"sikowiz"},"content":"        int storeWords \u003d 0;","lastModifiedDate":"2022-02-05"},{"lineNumber":13,"author":{"gitId":"sikowiz"},"content":"        int mark [] \u003d new int[2];","lastModifiedDate":"2022-02-06"},{"lineNumber":14,"author":{"gitId":"sikowiz"},"content":"        String test \u003d null;","lastModifiedDate":"2022-02-06"},{"lineNumber":15,"author":{"gitId":"sikowiz"},"content":"        Scanner in \u003d new Scanner(System.in);","lastModifiedDate":"2022-02-05"},{"lineNumber":16,"author":{"gitId":"sikowiz"},"content":"        while (true)","lastModifiedDate":"2022-02-05"},{"lineNumber":17,"author":{"gitId":"sikowiz"},"content":"        {","lastModifiedDate":"2022-02-05"},{"lineNumber":18,"author":{"gitId":"sikowiz"},"content":"            line \u003d in.nextLine();","lastModifiedDate":"2022-02-05"},{"lineNumber":19,"author":{"gitId":"sikowiz"},"content":"            //System.out.println(\"------------------------------------------\\n\");","lastModifiedDate":"2022-02-06"},{"lineNumber":20,"author":{"gitId":"sikowiz"},"content":"            if (line.equals(\"bye\") || line.equals(\"Bye\"))","lastModifiedDate":"2022-02-05"},{"lineNumber":21,"author":{"gitId":"sikowiz"},"content":"                System.out.println(\"Summon me anytime if you need me! Bye ~ \");","lastModifiedDate":"2022-02-05"},{"lineNumber":22,"author":{"gitId":"sikowiz"},"content":"            if (line.equals(\"bye\") || line.equals(\"Bye\"))","lastModifiedDate":"2022-02-05"},{"lineNumber":23,"author":{"gitId":"sikowiz"},"content":"                break;","lastModifiedDate":"2022-02-05"},{"lineNumber":24,"author":{"gitId":"sikowiz"},"content":"            if (line.equals(\"list\"))","lastModifiedDate":"2022-02-05"},{"lineNumber":25,"author":{"gitId":"sikowiz"},"content":"            {","lastModifiedDate":"2022-02-05"},{"lineNumber":26,"author":{"gitId":"sikowiz"},"content":"                System.out.println(\"Here are the tasks in your list:\");","lastModifiedDate":"2022-02-05"},{"lineNumber":27,"author":{"gitId":"sikowiz"},"content":"                for (int i \u003d 0; i \u003c store.length; i++)","lastModifiedDate":"2022-02-05"},{"lineNumber":28,"author":{"gitId":"sikowiz"},"content":"                {","lastModifiedDate":"2022-02-05"},{"lineNumber":29,"author":{"gitId":"sikowiz"},"content":"                    if (store[i] !\u003d null)","lastModifiedDate":"2022-02-05"},{"lineNumber":30,"author":{"gitId":"sikowiz"},"content":"                        System.out.println((i + 1) + \".\" + \" [ ] \" + store[i]);","lastModifiedDate":"2022-02-05"},{"lineNumber":31,"author":{"gitId":"sikowiz"},"content":"                }","lastModifiedDate":"2022-02-05"},{"lineNumber":32,"author":{"gitId":"sikowiz"},"content":"                System.out.println(\"------------------------------------------\\n\");","lastModifiedDate":"2022-02-05"},{"lineNumber":33,"author":{"gitId":"sikowiz"},"content":"                continue;","lastModifiedDate":"2022-02-05"},{"lineNumber":34,"author":{"gitId":"sikowiz"},"content":"            }","lastModifiedDate":"2022-02-05"},{"lineNumber":35,"author":{"gitId":"sikowiz"},"content":"            if(line.length()\u003e4)","lastModifiedDate":"2022-02-06"},{"lineNumber":36,"author":{"gitId":"sikowiz"},"content":"            {","lastModifiedDate":"2022-02-06"},{"lineNumber":37,"author":{"gitId":"sikowiz"},"content":"                readLetterMark \u003d line.substring(0,4);","lastModifiedDate":"2022-02-06"},{"lineNumber":38,"author":{"gitId":"sikowiz"},"content":"                if(readLetterMark.equals(\"mark\"))","lastModifiedDate":"2022-02-06"},{"lineNumber":39,"author":{"gitId":"sikowiz"},"content":"                {","lastModifiedDate":"2022-02-06"},{"lineNumber":40,"author":{"gitId":"sikowiz"},"content":"                    for(int i \u003d 0; i\u003cline.length(); i++)","lastModifiedDate":"2022-02-06"},{"lineNumber":41,"author":{"gitId":"sikowiz"},"content":"                    {","lastModifiedDate":"2022-02-06"},{"lineNumber":42,"author":{"gitId":"sikowiz"},"content":"                        if(Character.isDigit(line.charAt(i)))","lastModifiedDate":"2022-02-06"},{"lineNumber":43,"author":{"gitId":"sikowiz"},"content":"                        {","lastModifiedDate":"2022-02-06"},{"lineNumber":44,"author":{"gitId":"sikowiz"},"content":"                            System.out.println(\"\"+line.charAt(i));","lastModifiedDate":"2022-02-06"},{"lineNumber":45,"author":{"gitId":"sikowiz"},"content":"                        }","lastModifiedDate":"2022-02-06"},{"lineNumber":46,"author":{"gitId":"sikowiz"},"content":"                    }","lastModifiedDate":"2022-02-06"},{"lineNumber":47,"author":{"gitId":"sikowiz"},"content":"                }","lastModifiedDate":"2022-02-06"},{"lineNumber":48,"author":{"gitId":"sikowiz"},"content":"                else","lastModifiedDate":"2022-02-06"},{"lineNumber":49,"author":{"gitId":"sikowiz"},"content":"                {","lastModifiedDate":"2022-02-06"},{"lineNumber":50,"author":{"gitId":"sikowiz"},"content":"                    store[storeWords++] \u003d line;","lastModifiedDate":"2022-02-05"},{"lineNumber":51,"author":{"gitId":"sikowiz"},"content":"                    System.out.println(\"\\tAdded: \" + line);","lastModifiedDate":"2022-02-05"},{"lineNumber":52,"author":{"gitId":"sikowiz"},"content":"                    System.out.println(\"------------------------------------------\\n\");","lastModifiedDate":"2022-02-05"},{"lineNumber":53,"author":{"gitId":"sikowiz"},"content":"                }","lastModifiedDate":"2022-02-05"},{"lineNumber":54,"author":{"gitId":"sikowiz"},"content":"            }","lastModifiedDate":"2022-02-06"},{"lineNumber":55,"author":{"gitId":"sikowiz"},"content":"","lastModifiedDate":"2022-02-06"},{"lineNumber":56,"author":{"gitId":"sikowiz"},"content":"        }","lastModifiedDate":"2022-02-06"},{"lineNumber":57,"author":{"gitId":"sikowiz"},"content":"    }","lastModifiedDate":"2022-02-06"},{"lineNumber":58,"author":{"gitId":"sikowiz"},"content":"}","lastModifiedDate":"2022-02-06"}],"authorContributionMap":{"sikowiz":58}},{"path":"src/main/java/project/gennie/markTasks.java","fileType":"java","lines":[{"lineNumber":1,"author":{"gitId":"sikowiz"},"content":"package project.gennie;","lastModifiedDate":"2022-02-06"},{"lineNumber":2,"author":{"gitId":"sikowiz"},"content":"","lastModifiedDate":"2022-02-06"},{"lineNumber":3,"author":{"gitId":"sikowiz"},"content":"public class markTasks","lastModifiedDate":"2022-02-06"},{"lineNumber":4,"author":{"gitId":"sikowiz"},"content":"{","lastModifiedDate":"2022-02-06"},{"lineNumber":5,"author":{"gitId":"sikowiz"},"content":"    protected String description;","lastModifiedDate":"2022-02-06"},{"lineNumber":6,"author":{"gitId":"sikowiz"},"content":"    protected boolean isDone;","lastModifiedDate":"2022-02-06"},{"lineNumber":7,"author":{"gitId":"sikowiz"},"content":"","lastModifiedDate":"2022-02-06"},{"lineNumber":8,"author":{"gitId":"sikowiz"},"content":"    public void Tasks(String description)","lastModifiedDate":"2022-02-06"},{"lineNumber":9,"author":{"gitId":"sikowiz"},"content":"    {","lastModifiedDate":"2022-02-06"},{"lineNumber":10,"author":{"gitId":"sikowiz"},"content":"        this.description \u003d description;","lastModifiedDate":"2022-02-06"},{"lineNumber":11,"author":{"gitId":"sikowiz"},"content":"        this.isDone \u003d false;","lastModifiedDate":"2022-02-06"},{"lineNumber":12,"author":{"gitId":"sikowiz"},"content":"    }","lastModifiedDate":"2022-02-06"},{"lineNumber":13,"author":{"gitId":"sikowiz"},"content":"","lastModifiedDate":"2022-02-06"},{"lineNumber":14,"author":{"gitId":"sikowiz"},"content":"","lastModifiedDate":"2022-02-06"},{"lineNumber":15,"author":{"gitId":"sikowiz"},"content":"}","lastModifiedDate":"2022-02-06"},{"lineNumber":16,"author":{"gitId":"sikowiz"},"content":"","lastModifiedDate":"2022-02-06"},{"lineNumber":17,"author":{"gitId":"sikowiz"},"content":"","lastModifiedDate":"2022-02-06"},{"lineNumber":18,"author":{"gitId":"sikowiz"},"content":"","lastModifiedDate":"2022-02-06"},{"lineNumber":19,"author":{"gitId":"sikowiz"},"content":"","lastModifiedDate":"2022-02-06"},{"lineNumber":20,"author":{"gitId":"sikowiz"},"content":"","lastModifiedDate":"2022-02-06"},{"lineNumber":21,"author":{"gitId":"sikowiz"},"content":"","lastModifiedDate":"2022-02-06"},{"lineNumber":22,"author":{"gitId":"sikowiz"},"content":"","lastModifiedDate":"2022-02-06"}],"authorContributionMap":{"sikowiz":22}}]
