{"authorDailyContributionsMap":{"sikowiz":[{"date":"2022-02-05","commitResults":[{"hash":"991f1138d323c799af1439fa3e853832d326bd31","messageTitle":"Level 1","messageBody":"","fileTypesAndContributionMap":{"java":{"insertions":22,"deletions":2}}},{"hash":"2b9e781724bd514e105bc35ba52805da331fcf18","messageTitle":"Level 2","messageBody":"","fileTypesAndContributionMap":{"java":{"insertions":22,"deletions":3}}},{"hash":"4b8602a5708363b3cc7f2670d514d73b8b459cac","messageTitle":"Level 2","messageBody":"","fileTypesAndContributionMap":{"java":{"insertions":62,"deletions":40}}}]},{"date":"2022-02-06","commitResults":[{"hash":"f677a09b4b13f3f3abd79f7138bedd85556a6109","messageTitle":"Level 2","messageBody":"","fileTypesAndContributionMap":{"java":{"insertions":58,"deletions":10}}}]},{"date":"2022-02-18","commitResults":[{"hash":"941d9b78f4a035df19cf9cf66e78b3590e570a6d","messageTitle":"Level 2","messageBody":"","fileTypesAndContributionMap":{"java":{"insertions":43,"deletions":113}}},{"hash":"77206d43f7c01bb18f75b7794d970a2d75c864d9","messageTitle":"Level 2","messageBody":"","fileTypesAndContributionMap":{"java":{"insertions":6,"deletions":0}}},{"hash":"6c416562891698a824a842b70ade2a928a126d58","messageTitle":"Level 3","messageBody":"","fileTypesAndContributionMap":{"java":{"insertions":59,"deletions":6}}},{"hash":"a75a66e208807d9d34f040ea3e613ba4cb786de6","messageTitle":"Level 4","messageBody":"","fileTypesAndContributionMap":{"java":{"insertions":70,"deletions":0}}}]}]},"authorFileTypeContributionMap":{"sikowiz":{"java":175,"md":0,"fxml":0,"sh":0,"bat":0,"gradle":0,"txt":0}},"authorContributionVariance":{"sikowiz":2724.4402},"authorDisplayNameMap":{"sikowiz":"SU P..AUNG"}}
