{"authorDailyContributionsMap":{"sikowiz":[{"date":"2022-02-05","commitResults":[{"hash":"991f1138d323c799af1439fa3e853832d326bd31","messageTitle":"Level 1","messageBody":"","fileTypesAndContributionMap":{"java":{"insertions":22,"deletions":2}}},{"hash":"2b9e781724bd514e105bc35ba52805da331fcf18","messageTitle":"Level 2","messageBody":"","fileTypesAndContributionMap":{"java":{"insertions":22,"deletions":3}}},{"hash":"4b8602a5708363b3cc7f2670d514d73b8b459cac","messageTitle":"Level 2","messageBody":"","fileTypesAndContributionMap":{"java":{"insertions":62,"deletions":40}}}]},{"date":"2022-02-06","commitResults":[{"hash":"f677a09b4b13f3f3abd79f7138bedd85556a6109","messageTitle":"Level 2","messageBody":"","fileTypesAndContributionMap":{"java":{"insertions":58,"deletions":10}}}]},{"date":"2022-02-18","commitResults":[{"hash":"941d9b78f4a035df19cf9cf66e78b3590e570a6d","messageTitle":"Level 2","messageBody":"","fileTypesAndContributionMap":{"java":{"insertions":43,"deletions":113}}},{"hash":"77206d43f7c01bb18f75b7794d970a2d75c864d9","messageTitle":"Level 2","messageBody":"","fileTypesAndContributionMap":{"java":{"insertions":6,"deletions":0}}},{"hash":"6c416562891698a824a842b70ade2a928a126d58","messageTitle":"Level 3","messageBody":"","tags":["Level-3"],"fileTypesAndContributionMap":{"java":{"insertions":59,"deletions":6}}},{"hash":"a75a66e208807d9d34f040ea3e613ba4cb786de6","messageTitle":"Level 4","messageBody":"","tags":["Level-4"],"fileTypesAndContributionMap":{"java":{"insertions":70,"deletions":0}}}]},{"date":"2022-03-08","commitResults":[{"hash":"8e90be698dee3d6ac58b65540b693c80ef6a8b89","messageTitle":"Level 6 (added delete function)","messageBody":"","tags":["Level-5"],"fileTypesAndContributionMap":{"java":{"insertions":182,"deletions":89}}},{"hash":"ab1b817e28a2efbf68b42dafeda63387cba1b301","messageTitle":"Level 5 (pending to edit)","messageBody":"","tags":["Level-6"],"fileTypesAndContributionMap":{"java":{"insertions":5,"deletions":0}}}]},{"date":"2022-03-10","commitResults":[{"hash":"eeb1f6b17aa1ca06751dc3d3784d8951b44bdce3","messageTitle":"Level-5/V.2 + Level-6/V.2","messageBody":"","tags":["Level-5V.2andLevel-6V.2"],"fileTypesAndContributionMap":{"java":{"insertions":189,"deletions":105}}}]},{"date":"2022-03-31","commitResults":[{"hash":"88723b17214df3f5b8d09dcef768303fd670e529","messageTitle":"Level 7","messageBody":"","fileTypesAndContributionMap":{"java":{"insertions":123,"deletions":316},"bat":{"insertions":1,"deletions":1},"sh":{"insertions":1,"deletions":1}}},{"hash":"508895244f259113f794c9c3e4afba3b49778efe","messageTitle":"Level 7","messageBody":"","tags":["Level-7"],"fileTypesAndContributionMap":{"java":{"insertions":927,"deletions":0}}}]},{"date":"2022-04-01","commitResults":[{"hash":"d38696ad2cfad49007ff14057954ef44d8ca4db7","messageTitle":"Dates and Times + Individual feature","messageBody":"","fileTypesAndContributionMap":{"java":{"insertions":270,"deletions":487}}},{"hash":"d0ba4dec6660cc2fcf03bc8881954b1da9e53d06","messageTitle":"A-gradle","messageBody":"","fileTypesAndContributionMap":{"gradle":{"insertions":3,"deletions":3}}},{"hash":"84012c7dc5e7ae3958c54d0d0d3b47870a4a4afa","messageTitle":"A-JavaDoc","messageBody":"","tags":["A-JavaDoc"],"fileTypesAndContributionMap":{"gradle":{"insertions":1,"deletions":6},"java":{"insertions":197,"deletions":131}}},{"hash":"774707394ce3e0cd13aac764ac21f6c5b9a24aa4","messageTitle":"A-JUnit","messageBody":"","tags":["A-JUnit"],"fileTypesAndContributionMap":{"java":{"insertions":93,"deletions":54}}}]}]},"authorFileTypeContributionMap":{"sikowiz":{"java":982,"md":0,"fxml":0,"sh":1,"bat":1,"gradle":1,"txt":0}},"authorContributionVariance":{"sikowiz":43147.92},"authorDisplayNameMap":{"sikowiz":"SU P..AUNG"}}
