[{"path":"src/main/java/Deadline.java","fileType":"java","lines":[{"lineNumber":1,"author":{"gitId":"zhc9996"},"content":"public class Deadline extends Task{","lastModifiedDate":"2022-02-13"},{"lineNumber":2,"author":{"gitId":"zhc9996"},"content":"    public String time;","lastModifiedDate":"2022-02-13"},{"lineNumber":3,"author":{"gitId":"zhc9996"},"content":"    public Deadline(String description, String time) {","lastModifiedDate":"2022-02-13"},{"lineNumber":4,"author":{"gitId":"zhc9996"},"content":"        super(description);","lastModifiedDate":"2022-02-13"},{"lineNumber":5,"author":{"gitId":"zhc9996"},"content":"        this.time \u003d time;","lastModifiedDate":"2022-02-13"},{"lineNumber":6,"author":{"gitId":"zhc9996"},"content":"    }","lastModifiedDate":"2022-02-13"},{"lineNumber":7,"author":{"gitId":"zhc9996"},"content":"    @Override","lastModifiedDate":"2022-02-13"},{"lineNumber":8,"author":{"gitId":"zhc9996"},"content":"    public String toString(){","lastModifiedDate":"2022-02-13"},{"lineNumber":9,"author":{"gitId":"zhc9996"},"content":"        return String.format(\"[D]%s (by: %s)\", super.toString(), time);","lastModifiedDate":"2022-02-13"},{"lineNumber":10,"author":{"gitId":"zhc9996"},"content":"    }","lastModifiedDate":"2022-02-13"},{"lineNumber":11,"author":{"gitId":"zhc9996"},"content":"}","lastModifiedDate":"2022-02-13"}],"authorContributionMap":{"zhc9996":11}},{"path":"src/main/java/Duke.java","fileType":"java","lines":[{"lineNumber":1,"author":{"gitId":"zhc9996"},"content":"import java.util.Scanner;","lastModifiedDate":"2022-02-06"},{"lineNumber":2,"author":{"gitId":"zhc9996"},"content":"","lastModifiedDate":"2022-02-06"},{"lineNumber":3,"author":{"gitId":"-"},"content":"public class Duke {","lastModifiedDate":"2019-07-29"},{"lineNumber":4,"author":{"gitId":"zhc9996"},"content":"    private TaskHandler TaskHandler;","lastModifiedDate":"2022-02-07"},{"lineNumber":5,"author":{"gitId":"zhc9996"},"content":"    private TaskList taskList;","lastModifiedDate":"2022-02-07"},{"lineNumber":6,"author":{"gitId":"zhc9996"},"content":"    private Task task;","lastModifiedDate":"2022-02-07"},{"lineNumber":7,"author":{"gitId":"-"},"content":"    public static void main(String[] args) {","lastModifiedDate":"2019-07-29"},{"lineNumber":8,"author":{"gitId":"zhc9996"},"content":"        new Duke().start();","lastModifiedDate":"2022-02-07"},{"lineNumber":9,"author":{"gitId":"-"},"content":"    }","lastModifiedDate":"2022-02-07"},{"lineNumber":10,"author":{"gitId":"zhc9996"},"content":"","lastModifiedDate":"2022-02-07"},{"lineNumber":11,"author":{"gitId":"zhc9996"},"content":"    public void start() {","lastModifiedDate":"2022-02-07"},{"lineNumber":12,"author":{"gitId":"zhc9996"},"content":"        TaskHandler \u003d new TaskHandler();","lastModifiedDate":"2022-02-07"},{"lineNumber":13,"author":{"gitId":"zhc9996"},"content":"        taskList \u003d new TaskList();","lastModifiedDate":"2022-02-07"},{"lineNumber":14,"author":{"gitId":"zhc9996"},"content":"        System.out.println(TaskHandler.hello());","lastModifiedDate":"2022-02-07"},{"lineNumber":15,"author":{"gitId":"zhc9996"},"content":"        boolean isExit \u003d false;","lastModifiedDate":"2022-02-06"},{"lineNumber":16,"author":{"gitId":"zhc9996"},"content":"        while (!isExit) {","lastModifiedDate":"2022-02-06"},{"lineNumber":17,"author":{"gitId":"zhc9996"},"content":"            try {","lastModifiedDate":"2022-02-06"},{"lineNumber":18,"author":{"gitId":"zhc9996"},"content":"                String text \u003d TaskHandler.getCommand();","lastModifiedDate":"2022-02-07"},{"lineNumber":19,"author":{"gitId":"zhc9996"},"content":"                if (text.equals(\"bye\")) {","lastModifiedDate":"2022-02-07"},{"lineNumber":20,"author":{"gitId":"zhc9996"},"content":"                    System.out.println(TaskHandler.bye());","lastModifiedDate":"2022-02-07"},{"lineNumber":21,"author":{"gitId":"zhc9996"},"content":"                    isExit \u003d true;","lastModifiedDate":"2022-02-06"},{"lineNumber":22,"author":{"gitId":"zhc9996"},"content":"                } else if (text.equals(\"list\")) {","lastModifiedDate":"2022-02-07"},{"lineNumber":23,"author":{"gitId":"zhc9996"},"content":"                    System.out.println(TaskHandler.showList());","lastModifiedDate":"2022-02-07"},{"lineNumber":24,"author":{"gitId":"zhc9996"},"content":"                } else if(text.startsWith(\"mark\")){","lastModifiedDate":"2022-02-07"},{"lineNumber":25,"author":{"gitId":"zhc9996"},"content":"                    System.out.println(TaskHandler.mark(text));","lastModifiedDate":"2022-02-07"},{"lineNumber":26,"author":{"gitId":"zhc9996"},"content":"                } else if(text.startsWith(\"unmark\")){","lastModifiedDate":"2022-02-07"},{"lineNumber":27,"author":{"gitId":"zhc9996"},"content":"                    System.out.println(TaskHandler.unmark(text));","lastModifiedDate":"2022-02-07"},{"lineNumber":28,"author":{"gitId":"zhc9996"},"content":"                } else if(text.startsWith(\"todo\")){","lastModifiedDate":"2022-02-13"},{"lineNumber":29,"author":{"gitId":"zhc9996"},"content":"                    System.out.println(TaskHandler.todo(text));","lastModifiedDate":"2022-02-13"},{"lineNumber":30,"author":{"gitId":"zhc9996"},"content":"                } else if(text.startsWith(\"deadline\")){","lastModifiedDate":"2022-02-13"},{"lineNumber":31,"author":{"gitId":"zhc9996"},"content":"                    System.out.println(TaskHandler.deadline(text));","lastModifiedDate":"2022-02-13"},{"lineNumber":32,"author":{"gitId":"zhc9996"},"content":"                } else if(text.startsWith(\"event\")){","lastModifiedDate":"2022-02-13"},{"lineNumber":33,"author":{"gitId":"zhc9996"},"content":"                    System.out.println(TaskHandler.event(text));","lastModifiedDate":"2022-02-13"},{"lineNumber":34,"author":{"gitId":"zhc9996"},"content":"                } else{","lastModifiedDate":"2022-02-13"},{"lineNumber":35,"author":{"gitId":"zhc9996"},"content":"                    task \u003d new Task(text);","lastModifiedDate":"2022-02-07"},{"lineNumber":36,"author":{"gitId":"zhc9996"},"content":"                    taskList.add(task);","lastModifiedDate":"2022-02-07"},{"lineNumber":37,"author":{"gitId":"zhc9996"},"content":"                }","lastModifiedDate":"2022-02-06"},{"lineNumber":38,"author":{"gitId":"zhc9996"},"content":"            } catch (Exception e) {","lastModifiedDate":"2022-02-06"},{"lineNumber":39,"author":{"gitId":"zhc9996"},"content":"                System.out.println(e.toString());","lastModifiedDate":"2022-02-06"},{"lineNumber":40,"author":{"gitId":"zhc9996"},"content":"            }","lastModifiedDate":"2022-02-06"},{"lineNumber":41,"author":{"gitId":"zhc9996"},"content":"        }","lastModifiedDate":"2022-02-06"},{"lineNumber":42,"author":{"gitId":"-"},"content":"    }","lastModifiedDate":"2019-07-29"},{"lineNumber":43,"author":{"gitId":"-"},"content":"}","lastModifiedDate":"2019-07-29"}],"authorContributionMap":{"zhc9996":38,"-":5}},{"path":"src/main/java/Event.java","fileType":"java","lines":[{"lineNumber":1,"author":{"gitId":"zhc9996"},"content":"public class Event extends Task{","lastModifiedDate":"2022-02-13"},{"lineNumber":2,"author":{"gitId":"zhc9996"},"content":"    public String time;","lastModifiedDate":"2022-02-13"},{"lineNumber":3,"author":{"gitId":"zhc9996"},"content":"    public Event(String description, String time) {","lastModifiedDate":"2022-02-13"},{"lineNumber":4,"author":{"gitId":"zhc9996"},"content":"        super(description);","lastModifiedDate":"2022-02-13"},{"lineNumber":5,"author":{"gitId":"zhc9996"},"content":"        this.time \u003d time;","lastModifiedDate":"2022-02-13"},{"lineNumber":6,"author":{"gitId":"zhc9996"},"content":"    }","lastModifiedDate":"2022-02-13"},{"lineNumber":7,"author":{"gitId":"zhc9996"},"content":"    @Override","lastModifiedDate":"2022-02-13"},{"lineNumber":8,"author":{"gitId":"zhc9996"},"content":"    public String toString(){","lastModifiedDate":"2022-02-13"},{"lineNumber":9,"author":{"gitId":"zhc9996"},"content":"        return String.format(\"[E]%s (at: %s)\", super.toString(), time);","lastModifiedDate":"2022-02-13"},{"lineNumber":10,"author":{"gitId":"zhc9996"},"content":"    }","lastModifiedDate":"2022-02-13"},{"lineNumber":11,"author":{"gitId":"zhc9996"},"content":"}","lastModifiedDate":"2022-02-13"}],"authorContributionMap":{"zhc9996":11}},{"path":"src/main/java/Task.java","fileType":"java","lines":[{"lineNumber":1,"author":{"gitId":"zhc9996"},"content":"public class Task {","lastModifiedDate":"2022-02-07"},{"lineNumber":2,"author":{"gitId":"zhc9996"},"content":"    protected String description;","lastModifiedDate":"2022-02-07"},{"lineNumber":3,"author":{"gitId":"zhc9996"},"content":"    protected boolean isDone;","lastModifiedDate":"2022-02-07"},{"lineNumber":4,"author":{"gitId":"zhc9996"},"content":"","lastModifiedDate":"2022-02-07"},{"lineNumber":5,"author":{"gitId":"zhc9996"},"content":"    public Task(String description) {","lastModifiedDate":"2022-02-07"},{"lineNumber":6,"author":{"gitId":"zhc9996"},"content":"        this.description \u003d description;","lastModifiedDate":"2022-02-07"},{"lineNumber":7,"author":{"gitId":"zhc9996"},"content":"        this.isDone \u003d false;","lastModifiedDate":"2022-02-07"},{"lineNumber":8,"author":{"gitId":"zhc9996"},"content":"    }","lastModifiedDate":"2022-02-07"},{"lineNumber":9,"author":{"gitId":"zhc9996"},"content":"","lastModifiedDate":"2022-02-07"},{"lineNumber":10,"author":{"gitId":"zhc9996"},"content":"    public String getIsDone() {","lastModifiedDate":"2022-02-07"},{"lineNumber":11,"author":{"gitId":"zhc9996"},"content":"        return (isDone ? \"X\" : \" \");","lastModifiedDate":"2022-02-07"},{"lineNumber":12,"author":{"gitId":"zhc9996"},"content":"    }","lastModifiedDate":"2022-02-07"},{"lineNumber":13,"author":{"gitId":"zhc9996"},"content":"    public void markAsDone() {","lastModifiedDate":"2022-02-07"},{"lineNumber":14,"author":{"gitId":"zhc9996"},"content":"        this.isDone \u003d true;","lastModifiedDate":"2022-02-07"},{"lineNumber":15,"author":{"gitId":"zhc9996"},"content":"    }","lastModifiedDate":"2022-02-07"},{"lineNumber":16,"author":{"gitId":"zhc9996"},"content":"    public void unmarkAsDone() {","lastModifiedDate":"2022-02-07"},{"lineNumber":17,"author":{"gitId":"zhc9996"},"content":"        this.isDone \u003d false;","lastModifiedDate":"2022-02-07"},{"lineNumber":18,"author":{"gitId":"zhc9996"},"content":"    }","lastModifiedDate":"2022-02-07"},{"lineNumber":19,"author":{"gitId":"zhc9996"},"content":"    public String getDescription() {","lastModifiedDate":"2022-02-07"},{"lineNumber":20,"author":{"gitId":"zhc9996"},"content":"        return this.description;","lastModifiedDate":"2022-02-07"},{"lineNumber":21,"author":{"gitId":"zhc9996"},"content":"    }","lastModifiedDate":"2022-02-07"},{"lineNumber":22,"author":{"gitId":"zhc9996"},"content":"","lastModifiedDate":"2022-02-07"},{"lineNumber":23,"author":{"gitId":"zhc9996"},"content":"    @Override","lastModifiedDate":"2022-02-13"},{"lineNumber":24,"author":{"gitId":"zhc9996"},"content":"    public String toString() {","lastModifiedDate":"2022-02-13"},{"lineNumber":25,"author":{"gitId":"zhc9996"},"content":"        return \"[\" + getIsDone() + \"]\" + \" \" + this.description;","lastModifiedDate":"2022-02-13"},{"lineNumber":26,"author":{"gitId":"zhc9996"},"content":"    }","lastModifiedDate":"2022-02-13"},{"lineNumber":27,"author":{"gitId":"zhc9996"},"content":"}","lastModifiedDate":"2022-02-07"}],"authorContributionMap":{"zhc9996":27}},{"path":"src/main/java/TaskHandler.java","fileType":"java","lines":[{"lineNumber":1,"author":{"gitId":"zhc9996"},"content":"import java.util.Scanner;","lastModifiedDate":"2022-02-07"},{"lineNumber":2,"author":{"gitId":"zhc9996"},"content":"","lastModifiedDate":"2022-02-07"},{"lineNumber":3,"author":{"gitId":"zhc9996"},"content":"public class TaskHandler {","lastModifiedDate":"2022-02-07"},{"lineNumber":4,"author":{"gitId":"zhc9996"},"content":"    private static final String greeting \u003d \"Hello! I\u0027m Duke, What can I do for you?\";","lastModifiedDate":"2022-02-07"},{"lineNumber":5,"author":{"gitId":"zhc9996"},"content":"    private static final String bye \u003d \"Bye. Hope to see you again soon!\";","lastModifiedDate":"2022-02-07"},{"lineNumber":6,"author":{"gitId":"zhc9996"},"content":"    private static final String tasks \u003d \"Here are the tasks in your list:\";","lastModifiedDate":"2022-02-07"},{"lineNumber":7,"author":{"gitId":"zhc9996"},"content":"    private static final String mark \u003d \"Nice! I\u0027ve marked this task as done:\";","lastModifiedDate":"2022-02-07"},{"lineNumber":8,"author":{"gitId":"zhc9996"},"content":"    private static final String unmark \u003d \"OK, I\u0027ve marked this task as not done yet:\";","lastModifiedDate":"2022-02-07"},{"lineNumber":9,"author":{"gitId":"zhc9996"},"content":"    private Scanner sc;","lastModifiedDate":"2022-02-07"},{"lineNumber":10,"author":{"gitId":"zhc9996"},"content":"    String[] task \u003d new String[100];","lastModifiedDate":"2022-02-07"},{"lineNumber":11,"author":{"gitId":"zhc9996"},"content":"","lastModifiedDate":"2022-02-07"},{"lineNumber":12,"author":{"gitId":"zhc9996"},"content":"    public TaskHandler(){","lastModifiedDate":"2022-02-07"},{"lineNumber":13,"author":{"gitId":"zhc9996"},"content":"        this.sc \u003d new Scanner(System.in);","lastModifiedDate":"2022-02-07"},{"lineNumber":14,"author":{"gitId":"zhc9996"},"content":"    }","lastModifiedDate":"2022-02-07"},{"lineNumber":15,"author":{"gitId":"zhc9996"},"content":"    public String getCommand(){","lastModifiedDate":"2022-02-07"},{"lineNumber":16,"author":{"gitId":"zhc9996"},"content":"        return sc.nextLine();","lastModifiedDate":"2022-02-07"},{"lineNumber":17,"author":{"gitId":"zhc9996"},"content":"    }","lastModifiedDate":"2022-02-07"},{"lineNumber":18,"author":{"gitId":"zhc9996"},"content":"    public String hello(){","lastModifiedDate":"2022-02-07"},{"lineNumber":19,"author":{"gitId":"zhc9996"},"content":"        return greeting;","lastModifiedDate":"2022-02-07"},{"lineNumber":20,"author":{"gitId":"zhc9996"},"content":"    }","lastModifiedDate":"2022-02-07"},{"lineNumber":21,"author":{"gitId":"zhc9996"},"content":"    public String bye(){","lastModifiedDate":"2022-02-07"},{"lineNumber":22,"author":{"gitId":"zhc9996"},"content":"        return bye + \"\\n\";","lastModifiedDate":"2022-02-07"},{"lineNumber":23,"author":{"gitId":"zhc9996"},"content":"    }","lastModifiedDate":"2022-02-07"},{"lineNumber":24,"author":{"gitId":"zhc9996"},"content":"    public String showList() {","lastModifiedDate":"2022-02-07"},{"lineNumber":25,"author":{"gitId":"zhc9996"},"content":"        if (TaskList.getTaskLists().size() \u003d\u003d 0) {","lastModifiedDate":"2022-02-07"},{"lineNumber":26,"author":{"gitId":"zhc9996"},"content":"            return \"you do not have any task in the list.\";","lastModifiedDate":"2022-02-07"},{"lineNumber":27,"author":{"gitId":"zhc9996"},"content":"        }","lastModifiedDate":"2022-02-07"},{"lineNumber":28,"author":{"gitId":"zhc9996"},"content":"        String list \u003d \"\";","lastModifiedDate":"2022-02-07"},{"lineNumber":29,"author":{"gitId":"zhc9996"},"content":"        for (int i \u003d 0; i \u003c TaskList.getTaskLists().size(); i++) {","lastModifiedDate":"2022-02-07"},{"lineNumber":30,"author":{"gitId":"zhc9996"},"content":"            int number \u003d i + 1;","lastModifiedDate":"2022-02-07"},{"lineNumber":31,"author":{"gitId":"zhc9996"},"content":"            //list \u003d list + number + \".\" + \"[\" + TaskList.getTaskLists().get(i).getIsDone() + \"] \" + TaskList.getTaskLists().get(i).description + \"\\n\";","lastModifiedDate":"2022-02-13"},{"lineNumber":32,"author":{"gitId":"zhc9996"},"content":"            list \u003d list + number + TaskList.getTaskLists().get(i) + \"\\n\";","lastModifiedDate":"2022-02-13"},{"lineNumber":33,"author":{"gitId":"zhc9996"},"content":"        }","lastModifiedDate":"2022-02-07"},{"lineNumber":34,"author":{"gitId":"zhc9996"},"content":"        return tasks + \"\\n\" + list;","lastModifiedDate":"2022-02-07"},{"lineNumber":35,"author":{"gitId":"zhc9996"},"content":"    }","lastModifiedDate":"2022-02-07"},{"lineNumber":36,"author":{"gitId":"zhc9996"},"content":"    public String mark(String t) {","lastModifiedDate":"2022-02-07"},{"lineNumber":37,"author":{"gitId":"zhc9996"},"content":"        String[] v1 \u003d t.split(\" \");","lastModifiedDate":"2022-02-07"},{"lineNumber":38,"author":{"gitId":"zhc9996"},"content":"        TaskList.getTaskLists().get(Integer.parseInt(v1[1]) - 1).markAsDone();","lastModifiedDate":"2022-02-07"},{"lineNumber":39,"author":{"gitId":"zhc9996"},"content":"        return mark + \"\\n\" + TaskList.getTaskLists().get(Integer.parseInt(v1[1]) - 1).toString();","lastModifiedDate":"2022-02-13"},{"lineNumber":40,"author":{"gitId":"zhc9996"},"content":"        //return mark + \"\\n\" + \"[\" + TaskList.getTaskLists().get(Integer.parseInt(v1[1]) - 1).getIsDone()+ \"] \" + TaskList.getTaskLists().get(Integer.parseInt(v1[1]) - 1).description + \"\\n\";","lastModifiedDate":"2022-02-13"},{"lineNumber":41,"author":{"gitId":"zhc9996"},"content":"    }","lastModifiedDate":"2022-02-07"},{"lineNumber":42,"author":{"gitId":"zhc9996"},"content":"    public String unmark(String t) {","lastModifiedDate":"2022-02-07"},{"lineNumber":43,"author":{"gitId":"zhc9996"},"content":"        String[] v1 \u003d t.split(\" \");","lastModifiedDate":"2022-02-07"},{"lineNumber":44,"author":{"gitId":"zhc9996"},"content":"        TaskList.getTaskLists().get(Integer.parseInt(v1[1]) - 1).unmarkAsDone();","lastModifiedDate":"2022-02-07"},{"lineNumber":45,"author":{"gitId":"zhc9996"},"content":"        return unmark + \"\\n\" + TaskList.getTaskLists().get(Integer.parseInt(v1[1]) - 1).toString();","lastModifiedDate":"2022-02-13"},{"lineNumber":46,"author":{"gitId":"zhc9996"},"content":"        //return unmark + \"\\n\" + \"[\" + TaskList.getTaskLists().get(Integer.parseInt(v1[1]) - 1).getIsDone()+ \"] \" + TaskList.getTaskLists().get(Integer.parseInt(v1[1]) - 1).description + \"\\n\";","lastModifiedDate":"2022-02-13"},{"lineNumber":47,"author":{"gitId":"zhc9996"},"content":"    }","lastModifiedDate":"2022-02-13"},{"lineNumber":48,"author":{"gitId":"zhc9996"},"content":"    public String todo(String t) {","lastModifiedDate":"2022-02-13"},{"lineNumber":49,"author":{"gitId":"zhc9996"},"content":"        String[] v1 \u003d t.split(\" \",2);","lastModifiedDate":"2022-02-13"},{"lineNumber":50,"author":{"gitId":"zhc9996"},"content":"        if (v1[1].length() \u003d\u003d 0){","lastModifiedDate":"2022-02-13"},{"lineNumber":51,"author":{"gitId":"zhc9996"},"content":"            System.out.println(\"Empty Todo Task..\");","lastModifiedDate":"2022-02-13"},{"lineNumber":52,"author":{"gitId":"zhc9996"},"content":"        }","lastModifiedDate":"2022-02-13"},{"lineNumber":53,"author":{"gitId":"zhc9996"},"content":"        Todo todo \u003d new Todo(v1[1]);","lastModifiedDate":"2022-02-13"},{"lineNumber":54,"author":{"gitId":"zhc9996"},"content":"        TaskList.getTaskLists().add(todo);","lastModifiedDate":"2022-02-13"},{"lineNumber":55,"author":{"gitId":"zhc9996"},"content":"        return printTask(todo);","lastModifiedDate":"2022-02-13"},{"lineNumber":56,"author":{"gitId":"zhc9996"},"content":"    }","lastModifiedDate":"2022-02-13"},{"lineNumber":57,"author":{"gitId":"zhc9996"},"content":"    public String deadline(String t) {","lastModifiedDate":"2022-02-13"},{"lineNumber":58,"author":{"gitId":"zhc9996"},"content":"        String[] v1 \u003d t.split(\" \",2);","lastModifiedDate":"2022-02-13"},{"lineNumber":59,"author":{"gitId":"zhc9996"},"content":"        if (v1[1].length() \u003d\u003d 0){","lastModifiedDate":"2022-02-13"},{"lineNumber":60,"author":{"gitId":"zhc9996"},"content":"            System.out.println(\"Empty Deadline Task..\");","lastModifiedDate":"2022-02-13"},{"lineNumber":61,"author":{"gitId":"zhc9996"},"content":"        }","lastModifiedDate":"2022-02-13"},{"lineNumber":62,"author":{"gitId":"zhc9996"},"content":"        String[] strArr \u003d v1[1].split(\"/by\",2);","lastModifiedDate":"2022-02-13"},{"lineNumber":63,"author":{"gitId":"zhc9996"},"content":"        Deadline deadline \u003d new Deadline(strArr[0], strArr[1]);","lastModifiedDate":"2022-02-13"},{"lineNumber":64,"author":{"gitId":"zhc9996"},"content":"        TaskList.getTaskLists().add(deadline);","lastModifiedDate":"2022-02-13"},{"lineNumber":65,"author":{"gitId":"zhc9996"},"content":"        return printTask(deadline);","lastModifiedDate":"2022-02-13"},{"lineNumber":66,"author":{"gitId":"zhc9996"},"content":"    }","lastModifiedDate":"2022-02-13"},{"lineNumber":67,"author":{"gitId":"zhc9996"},"content":"    public String event(String t) {","lastModifiedDate":"2022-02-13"},{"lineNumber":68,"author":{"gitId":"zhc9996"},"content":"        String[] v1 \u003d t.split(\" \",2);","lastModifiedDate":"2022-02-13"},{"lineNumber":69,"author":{"gitId":"zhc9996"},"content":"        if (v1[1].length() \u003d\u003d 0){","lastModifiedDate":"2022-02-13"},{"lineNumber":70,"author":{"gitId":"zhc9996"},"content":"            System.out.println(\"Empty Event Task..\");","lastModifiedDate":"2022-02-13"},{"lineNumber":71,"author":{"gitId":"zhc9996"},"content":"        }","lastModifiedDate":"2022-02-13"},{"lineNumber":72,"author":{"gitId":"zhc9996"},"content":"        String[] strArr \u003d v1[1].split(\"/at\",2);","lastModifiedDate":"2022-02-13"},{"lineNumber":73,"author":{"gitId":"zhc9996"},"content":"        Event event \u003d new Event(strArr[0], strArr[1]);","lastModifiedDate":"2022-02-13"},{"lineNumber":74,"author":{"gitId":"zhc9996"},"content":"        TaskList.getTaskLists().add(event);","lastModifiedDate":"2022-02-13"},{"lineNumber":75,"author":{"gitId":"zhc9996"},"content":"        return printTask(event);","lastModifiedDate":"2022-02-13"},{"lineNumber":76,"author":{"gitId":"zhc9996"},"content":"    }","lastModifiedDate":"2022-02-13"},{"lineNumber":77,"author":{"gitId":"zhc9996"},"content":"    public String printTask(Task task){","lastModifiedDate":"2022-02-13"},{"lineNumber":78,"author":{"gitId":"zhc9996"},"content":"        return \"Got it, I\u0027ve added this task:\" + \"\\n\"","lastModifiedDate":"2022-02-13"},{"lineNumber":79,"author":{"gitId":"zhc9996"},"content":"                + \"  \" + task + \"\\n\"","lastModifiedDate":"2022-02-13"},{"lineNumber":80,"author":{"gitId":"zhc9996"},"content":"                + \"Now you have \" + TaskList.getTaskLists().size() + \" tasks in the list.\" + \"\\n\";","lastModifiedDate":"2022-02-13"},{"lineNumber":81,"author":{"gitId":"zhc9996"},"content":"    }","lastModifiedDate":"2022-02-07"},{"lineNumber":82,"author":{"gitId":"zhc9996"},"content":"}","lastModifiedDate":"2022-02-07"}],"authorContributionMap":{"zhc9996":82}},{"path":"src/main/java/TaskList.java","fileType":"java","lines":[{"lineNumber":1,"author":{"gitId":"zhc9996"},"content":"import java.util.ArrayList;","lastModifiedDate":"2022-02-07"},{"lineNumber":2,"author":{"gitId":"zhc9996"},"content":"import java.util.List;","lastModifiedDate":"2022-02-07"},{"lineNumber":3,"author":{"gitId":"zhc9996"},"content":"public class TaskList {","lastModifiedDate":"2022-02-07"},{"lineNumber":4,"author":{"gitId":"zhc9996"},"content":"    private static List\u003cTask\u003e taskLists;","lastModifiedDate":"2022-02-07"},{"lineNumber":5,"author":{"gitId":"zhc9996"},"content":"","lastModifiedDate":"2022-02-07"},{"lineNumber":6,"author":{"gitId":"zhc9996"},"content":"    public TaskList() {","lastModifiedDate":"2022-02-07"},{"lineNumber":7,"author":{"gitId":"zhc9996"},"content":"        taskLists \u003d new ArrayList\u003c\u003e();","lastModifiedDate":"2022-02-07"},{"lineNumber":8,"author":{"gitId":"zhc9996"},"content":"    }","lastModifiedDate":"2022-02-07"},{"lineNumber":9,"author":{"gitId":"zhc9996"},"content":"    public static List\u003cTask\u003e getTaskLists() {","lastModifiedDate":"2022-02-07"},{"lineNumber":10,"author":{"gitId":"zhc9996"},"content":"        return taskLists;","lastModifiedDate":"2022-02-07"},{"lineNumber":11,"author":{"gitId":"zhc9996"},"content":"    }","lastModifiedDate":"2022-02-07"},{"lineNumber":12,"author":{"gitId":"zhc9996"},"content":"    public void add(Task task) {","lastModifiedDate":"2022-02-07"},{"lineNumber":13,"author":{"gitId":"zhc9996"},"content":"        taskLists.add(task);","lastModifiedDate":"2022-02-07"},{"lineNumber":14,"author":{"gitId":"zhc9996"},"content":"    }","lastModifiedDate":"2022-02-07"},{"lineNumber":15,"author":{"gitId":"zhc9996"},"content":"}","lastModifiedDate":"2022-02-07"}],"authorContributionMap":{"zhc9996":15}},{"path":"src/main/java/Todo.java","fileType":"java","lines":[{"lineNumber":1,"author":{"gitId":"zhc9996"},"content":"public class Todo extends Task{","lastModifiedDate":"2022-02-13"},{"lineNumber":2,"author":{"gitId":"zhc9996"},"content":"    public Todo(String description) {","lastModifiedDate":"2022-02-13"},{"lineNumber":3,"author":{"gitId":"zhc9996"},"content":"        super(description);","lastModifiedDate":"2022-02-13"},{"lineNumber":4,"author":{"gitId":"zhc9996"},"content":"    }","lastModifiedDate":"2022-02-13"},{"lineNumber":5,"author":{"gitId":"zhc9996"},"content":"","lastModifiedDate":"2022-02-13"},{"lineNumber":6,"author":{"gitId":"zhc9996"},"content":"    @Override","lastModifiedDate":"2022-02-13"},{"lineNumber":7,"author":{"gitId":"zhc9996"},"content":"    public String toString(){","lastModifiedDate":"2022-02-13"},{"lineNumber":8,"author":{"gitId":"zhc9996"},"content":"        return \"[T]\" + super.toString();","lastModifiedDate":"2022-02-13"},{"lineNumber":9,"author":{"gitId":"zhc9996"},"content":"    }","lastModifiedDate":"2022-02-13"},{"lineNumber":10,"author":{"gitId":"zhc9996"},"content":"}","lastModifiedDate":"2022-02-13"}],"authorContributionMap":{"zhc9996":10}}]
