[{"path":"build.gradle","fileType":"gradle","lines":[{"lineNumber":1,"author":{"gitId":"zhc9996"},"content":"plugins {","lastModifiedDate":"2022-03-30"},{"lineNumber":2,"author":{"gitId":"zhc9996"},"content":"    id \u0027java\u0027","lastModifiedDate":"2022-03-30"},{"lineNumber":3,"author":{"gitId":"zhc9996"},"content":"}","lastModifiedDate":"2022-03-30"},{"lineNumber":4,"author":{"gitId":"zhc9996"},"content":"","lastModifiedDate":"2022-03-30"},{"lineNumber":5,"author":{"gitId":"zhc9996"},"content":"group \u0027org.example\u0027","lastModifiedDate":"2022-03-30"},{"lineNumber":6,"author":{"gitId":"zhc9996"},"content":"version \u00271.0-SNAPSHOT\u0027","lastModifiedDate":"2022-03-30"},{"lineNumber":7,"author":{"gitId":"zhc9996"},"content":"","lastModifiedDate":"2022-03-30"},{"lineNumber":8,"author":{"gitId":"zhc9996"},"content":"repositories {","lastModifiedDate":"2022-03-30"},{"lineNumber":9,"author":{"gitId":"zhc9996"},"content":"    mavenCentral()","lastModifiedDate":"2022-03-30"},{"lineNumber":10,"author":{"gitId":"zhc9996"},"content":"}","lastModifiedDate":"2022-03-30"},{"lineNumber":11,"author":{"gitId":"zhc9996"},"content":"","lastModifiedDate":"2022-03-30"},{"lineNumber":12,"author":{"gitId":"zhc9996"},"content":"dependencies {","lastModifiedDate":"2022-03-30"},{"lineNumber":13,"author":{"gitId":"zhc9996"},"content":"    testImplementation \u0027org.junit.jupiter:junit-jupiter-api:5.8.1\u0027","lastModifiedDate":"2022-03-30"},{"lineNumber":14,"author":{"gitId":"zhc9996"},"content":"    testRuntimeOnly \u0027org.junit.jupiter:junit-jupiter-engine:5.8.1\u0027","lastModifiedDate":"2022-03-30"},{"lineNumber":15,"author":{"gitId":"zhc9996"},"content":"}","lastModifiedDate":"2022-03-30"},{"lineNumber":16,"author":{"gitId":"zhc9996"},"content":"","lastModifiedDate":"2022-03-30"},{"lineNumber":17,"author":{"gitId":"zhc9996"},"content":"test {","lastModifiedDate":"2022-03-30"},{"lineNumber":18,"author":{"gitId":"zhc9996"},"content":"    useJUnitPlatform()","lastModifiedDate":"2022-03-30"},{"lineNumber":19,"author":{"gitId":"zhc9996"},"content":"}","lastModifiedDate":"2022-03-30"},{"lineNumber":20,"author":{"gitId":"zhc9996"},"content":"","lastModifiedDate":"2022-03-30"},{"lineNumber":21,"author":{"gitId":"zhc9996"},"content":"jar {","lastModifiedDate":"2022-03-30"},{"lineNumber":22,"author":{"gitId":"zhc9996"},"content":"    manifest {","lastModifiedDate":"2022-03-30"},{"lineNumber":23,"author":{"gitId":"zhc9996"},"content":"        attributes (","lastModifiedDate":"2022-03-30"},{"lineNumber":24,"author":{"gitId":"zhc9996"},"content":"                \u0027Main-Class\u0027: \u0027duke.Duke\u0027","lastModifiedDate":"2022-03-30"},{"lineNumber":25,"author":{"gitId":"zhc9996"},"content":"        )","lastModifiedDate":"2022-03-30"},{"lineNumber":26,"author":{"gitId":"zhc9996"},"content":"    }","lastModifiedDate":"2022-03-30"},{"lineNumber":27,"author":{"gitId":"zhc9996"},"content":"}","lastModifiedDate":"2022-03-30"}],"authorContributionMap":{"zhc9996":27}},{"path":"data/tasks.txt","fileType":"txt","lines":[{"lineNumber":1,"author":{"gitId":"zhc9996"},"content":"[T][ ] test","lastModifiedDate":"2022-03-30"}],"authorContributionMap":{"zhc9996":1}},{"path":"gradlew.bat","fileType":"bat","lines":[{"lineNumber":1,"author":{"gitId":"zhc9996"},"content":"@rem","lastModifiedDate":"2022-03-30"},{"lineNumber":2,"author":{"gitId":"zhc9996"},"content":"@rem Copyright 2015 the original author or authors.","lastModifiedDate":"2022-03-30"},{"lineNumber":3,"author":{"gitId":"zhc9996"},"content":"@rem","lastModifiedDate":"2022-03-30"},{"lineNumber":4,"author":{"gitId":"zhc9996"},"content":"@rem Licensed under the Apache License, Version 2.0 (the \"License\");","lastModifiedDate":"2022-03-30"},{"lineNumber":5,"author":{"gitId":"zhc9996"},"content":"@rem you may not use this file except in compliance with the License.","lastModifiedDate":"2022-03-30"},{"lineNumber":6,"author":{"gitId":"zhc9996"},"content":"@rem You may obtain a copy of the License at","lastModifiedDate":"2022-03-30"},{"lineNumber":7,"author":{"gitId":"zhc9996"},"content":"@rem","lastModifiedDate":"2022-03-30"},{"lineNumber":8,"author":{"gitId":"zhc9996"},"content":"@rem      https://www.apache.org/licenses/LICENSE-2.0","lastModifiedDate":"2022-03-30"},{"lineNumber":9,"author":{"gitId":"zhc9996"},"content":"@rem","lastModifiedDate":"2022-03-30"},{"lineNumber":10,"author":{"gitId":"zhc9996"},"content":"@rem Unless required by applicable law or agreed to in writing, software","lastModifiedDate":"2022-03-30"},{"lineNumber":11,"author":{"gitId":"zhc9996"},"content":"@rem distributed under the License is distributed on an \"AS IS\" BASIS,","lastModifiedDate":"2022-03-30"},{"lineNumber":12,"author":{"gitId":"zhc9996"},"content":"@rem WITHOUT WARRANTIES OR CONDITIONS OF ANY KIND, either express or implied.","lastModifiedDate":"2022-03-30"},{"lineNumber":13,"author":{"gitId":"zhc9996"},"content":"@rem See the License for the specific language governing permissions and","lastModifiedDate":"2022-03-30"},{"lineNumber":14,"author":{"gitId":"zhc9996"},"content":"@rem limitations under the License.","lastModifiedDate":"2022-03-30"},{"lineNumber":15,"author":{"gitId":"zhc9996"},"content":"@rem","lastModifiedDate":"2022-03-30"},{"lineNumber":16,"author":{"gitId":"zhc9996"},"content":"","lastModifiedDate":"2022-03-30"},{"lineNumber":17,"author":{"gitId":"zhc9996"},"content":"@if \"%DEBUG%\" \u003d\u003d \"\" @echo off","lastModifiedDate":"2022-03-30"},{"lineNumber":18,"author":{"gitId":"zhc9996"},"content":"@rem ##########################################################################","lastModifiedDate":"2022-03-30"},{"lineNumber":19,"author":{"gitId":"zhc9996"},"content":"@rem","lastModifiedDate":"2022-03-30"},{"lineNumber":20,"author":{"gitId":"zhc9996"},"content":"@rem  Gradle startup script for Windows","lastModifiedDate":"2022-03-30"},{"lineNumber":21,"author":{"gitId":"zhc9996"},"content":"@rem","lastModifiedDate":"2022-03-30"},{"lineNumber":22,"author":{"gitId":"zhc9996"},"content":"@rem ##########################################################################","lastModifiedDate":"2022-03-30"},{"lineNumber":23,"author":{"gitId":"zhc9996"},"content":"","lastModifiedDate":"2022-03-30"},{"lineNumber":24,"author":{"gitId":"zhc9996"},"content":"@rem Set local scope for the variables with windows NT shell","lastModifiedDate":"2022-03-30"},{"lineNumber":25,"author":{"gitId":"zhc9996"},"content":"if \"%OS%\"\u003d\u003d\"Windows_NT\" setlocal","lastModifiedDate":"2022-03-30"},{"lineNumber":26,"author":{"gitId":"zhc9996"},"content":"","lastModifiedDate":"2022-03-30"},{"lineNumber":27,"author":{"gitId":"zhc9996"},"content":"set DIRNAME\u003d%~dp0","lastModifiedDate":"2022-03-30"},{"lineNumber":28,"author":{"gitId":"zhc9996"},"content":"if \"%DIRNAME%\" \u003d\u003d \"\" set DIRNAME\u003d.","lastModifiedDate":"2022-03-30"},{"lineNumber":29,"author":{"gitId":"zhc9996"},"content":"set APP_BASE_NAME\u003d%~n0","lastModifiedDate":"2022-03-30"},{"lineNumber":30,"author":{"gitId":"zhc9996"},"content":"set APP_HOME\u003d%DIRNAME%","lastModifiedDate":"2022-03-30"},{"lineNumber":31,"author":{"gitId":"zhc9996"},"content":"","lastModifiedDate":"2022-03-30"},{"lineNumber":32,"author":{"gitId":"zhc9996"},"content":"@rem Resolve any \".\" and \"..\" in APP_HOME to make it shorter.","lastModifiedDate":"2022-03-30"},{"lineNumber":33,"author":{"gitId":"zhc9996"},"content":"for %%i in (\"%APP_HOME%\") do set APP_HOME\u003d%%~fi","lastModifiedDate":"2022-03-30"},{"lineNumber":34,"author":{"gitId":"zhc9996"},"content":"","lastModifiedDate":"2022-03-30"},{"lineNumber":35,"author":{"gitId":"zhc9996"},"content":"@rem Add default JVM options here. You can also use JAVA_OPTS and GRADLE_OPTS to pass JVM options to this script.","lastModifiedDate":"2022-03-30"},{"lineNumber":36,"author":{"gitId":"zhc9996"},"content":"set DEFAULT_JVM_OPTS\u003d\"-Xmx64m\" \"-Xms64m\"","lastModifiedDate":"2022-03-30"},{"lineNumber":37,"author":{"gitId":"zhc9996"},"content":"","lastModifiedDate":"2022-03-30"},{"lineNumber":38,"author":{"gitId":"zhc9996"},"content":"@rem Find java.exe","lastModifiedDate":"2022-03-30"},{"lineNumber":39,"author":{"gitId":"zhc9996"},"content":"if defined JAVA_HOME goto findJavaFromJavaHome","lastModifiedDate":"2022-03-30"},{"lineNumber":40,"author":{"gitId":"zhc9996"},"content":"","lastModifiedDate":"2022-03-30"},{"lineNumber":41,"author":{"gitId":"zhc9996"},"content":"set JAVA_EXE\u003djava.exe","lastModifiedDate":"2022-03-30"},{"lineNumber":42,"author":{"gitId":"zhc9996"},"content":"%JAVA_EXE% -version \u003eNUL 2\u003e\u00261","lastModifiedDate":"2022-03-30"},{"lineNumber":43,"author":{"gitId":"zhc9996"},"content":"if \"%ERRORLEVEL%\" \u003d\u003d \"0\" goto execute","lastModifiedDate":"2022-03-30"},{"lineNumber":44,"author":{"gitId":"zhc9996"},"content":"","lastModifiedDate":"2022-03-30"},{"lineNumber":45,"author":{"gitId":"zhc9996"},"content":"echo.","lastModifiedDate":"2022-03-30"},{"lineNumber":46,"author":{"gitId":"zhc9996"},"content":"echo ERROR: JAVA_HOME is not set and no \u0027java\u0027 command could be found in your PATH.","lastModifiedDate":"2022-03-30"},{"lineNumber":47,"author":{"gitId":"zhc9996"},"content":"echo.","lastModifiedDate":"2022-03-30"},{"lineNumber":48,"author":{"gitId":"zhc9996"},"content":"echo Please set the JAVA_HOME variable in your environment to match the","lastModifiedDate":"2022-03-30"},{"lineNumber":49,"author":{"gitId":"zhc9996"},"content":"echo location of your Java installation.","lastModifiedDate":"2022-03-30"},{"lineNumber":50,"author":{"gitId":"zhc9996"},"content":"","lastModifiedDate":"2022-03-30"},{"lineNumber":51,"author":{"gitId":"zhc9996"},"content":"goto fail","lastModifiedDate":"2022-03-30"},{"lineNumber":52,"author":{"gitId":"zhc9996"},"content":"","lastModifiedDate":"2022-03-30"},{"lineNumber":53,"author":{"gitId":"zhc9996"},"content":":findJavaFromJavaHome","lastModifiedDate":"2022-03-30"},{"lineNumber":54,"author":{"gitId":"zhc9996"},"content":"set JAVA_HOME\u003d%JAVA_HOME:\"\u003d%","lastModifiedDate":"2022-03-30"},{"lineNumber":55,"author":{"gitId":"zhc9996"},"content":"set JAVA_EXE\u003d%JAVA_HOME%/bin/java.exe","lastModifiedDate":"2022-03-30"},{"lineNumber":56,"author":{"gitId":"zhc9996"},"content":"","lastModifiedDate":"2022-03-30"},{"lineNumber":57,"author":{"gitId":"zhc9996"},"content":"if exist \"%JAVA_EXE%\" goto execute","lastModifiedDate":"2022-03-30"},{"lineNumber":58,"author":{"gitId":"zhc9996"},"content":"","lastModifiedDate":"2022-03-30"},{"lineNumber":59,"author":{"gitId":"zhc9996"},"content":"echo.","lastModifiedDate":"2022-03-30"},{"lineNumber":60,"author":{"gitId":"zhc9996"},"content":"echo ERROR: JAVA_HOME is set to an invalid directory: %JAVA_HOME%","lastModifiedDate":"2022-03-30"},{"lineNumber":61,"author":{"gitId":"zhc9996"},"content":"echo.","lastModifiedDate":"2022-03-30"},{"lineNumber":62,"author":{"gitId":"zhc9996"},"content":"echo Please set the JAVA_HOME variable in your environment to match the","lastModifiedDate":"2022-03-30"},{"lineNumber":63,"author":{"gitId":"zhc9996"},"content":"echo location of your Java installation.","lastModifiedDate":"2022-03-30"},{"lineNumber":64,"author":{"gitId":"zhc9996"},"content":"","lastModifiedDate":"2022-03-30"},{"lineNumber":65,"author":{"gitId":"zhc9996"},"content":"goto fail","lastModifiedDate":"2022-03-30"},{"lineNumber":66,"author":{"gitId":"zhc9996"},"content":"","lastModifiedDate":"2022-03-30"},{"lineNumber":67,"author":{"gitId":"zhc9996"},"content":":execute","lastModifiedDate":"2022-03-30"},{"lineNumber":68,"author":{"gitId":"zhc9996"},"content":"@rem Setup the command line","lastModifiedDate":"2022-03-30"},{"lineNumber":69,"author":{"gitId":"zhc9996"},"content":"","lastModifiedDate":"2022-03-30"},{"lineNumber":70,"author":{"gitId":"zhc9996"},"content":"set CLASSPATH\u003d%APP_HOME%\\gradle\\wrapper\\gradle-wrapper.jar","lastModifiedDate":"2022-03-30"},{"lineNumber":71,"author":{"gitId":"zhc9996"},"content":"","lastModifiedDate":"2022-03-30"},{"lineNumber":72,"author":{"gitId":"zhc9996"},"content":"","lastModifiedDate":"2022-03-30"},{"lineNumber":73,"author":{"gitId":"zhc9996"},"content":"@rem Execute Gradle","lastModifiedDate":"2022-03-30"},{"lineNumber":74,"author":{"gitId":"zhc9996"},"content":"\"%JAVA_EXE%\" %DEFAULT_JVM_OPTS% %JAVA_OPTS% %GRADLE_OPTS% \"-Dorg.gradle.appname\u003d%APP_BASE_NAME%\" -classpath \"%CLASSPATH%\" org.gradle.wrapper.GradleWrapperMain %*","lastModifiedDate":"2022-03-30"},{"lineNumber":75,"author":{"gitId":"zhc9996"},"content":"","lastModifiedDate":"2022-03-30"},{"lineNumber":76,"author":{"gitId":"zhc9996"},"content":":end","lastModifiedDate":"2022-03-30"},{"lineNumber":77,"author":{"gitId":"zhc9996"},"content":"@rem End local scope for the variables with windows NT shell","lastModifiedDate":"2022-03-30"},{"lineNumber":78,"author":{"gitId":"zhc9996"},"content":"if \"%ERRORLEVEL%\"\u003d\u003d\"0\" goto mainEnd","lastModifiedDate":"2022-03-30"},{"lineNumber":79,"author":{"gitId":"zhc9996"},"content":"","lastModifiedDate":"2022-03-30"},{"lineNumber":80,"author":{"gitId":"zhc9996"},"content":":fail","lastModifiedDate":"2022-03-30"},{"lineNumber":81,"author":{"gitId":"zhc9996"},"content":"rem Set variable GRADLE_EXIT_CONSOLE if you need the _script_ return code instead of","lastModifiedDate":"2022-03-30"},{"lineNumber":82,"author":{"gitId":"zhc9996"},"content":"rem the _cmd.exe /c_ return code!","lastModifiedDate":"2022-03-30"},{"lineNumber":83,"author":{"gitId":"zhc9996"},"content":"if  not \"\" \u003d\u003d \"%GRADLE_EXIT_CONSOLE%\" exit 1","lastModifiedDate":"2022-03-30"},{"lineNumber":84,"author":{"gitId":"zhc9996"},"content":"exit /b 1","lastModifiedDate":"2022-03-30"},{"lineNumber":85,"author":{"gitId":"zhc9996"},"content":"","lastModifiedDate":"2022-03-30"},{"lineNumber":86,"author":{"gitId":"zhc9996"},"content":":mainEnd","lastModifiedDate":"2022-03-30"},{"lineNumber":87,"author":{"gitId":"zhc9996"},"content":"if \"%OS%\"\u003d\u003d\"Windows_NT\" endlocal","lastModifiedDate":"2022-03-30"},{"lineNumber":88,"author":{"gitId":"zhc9996"},"content":"","lastModifiedDate":"2022-03-30"},{"lineNumber":89,"author":{"gitId":"zhc9996"},"content":":omega","lastModifiedDate":"2022-03-30"}],"authorContributionMap":{"zhc9996":89}},{"path":"settings.gradle","fileType":"gradle","lines":[{"lineNumber":1,"author":{"gitId":"zhc9996"},"content":"rootProject.name \u003d \u0027duke\u0027","lastModifiedDate":"2022-03-30"},{"lineNumber":2,"author":{"gitId":"zhc9996"},"content":"","lastModifiedDate":"2022-03-30"}],"authorContributionMap":{"zhc9996":2}},{"path":"src/main/java/duke/Deadline.java","fileType":"java","lines":[{"lineNumber":1,"author":{"gitId":"zhc9996"},"content":"package duke;","lastModifiedDate":"2022-03-30"},{"lineNumber":2,"author":{"gitId":"zhc9996"},"content":"public class Deadline extends Task{","lastModifiedDate":"2022-02-13"},{"lineNumber":3,"author":{"gitId":"zhc9996"},"content":"    public String time;","lastModifiedDate":"2022-02-13"},{"lineNumber":4,"author":{"gitId":"zhc9996"},"content":"    public Deadline(String description, String time) {","lastModifiedDate":"2022-02-13"},{"lineNumber":5,"author":{"gitId":"zhc9996"},"content":"        super(description);","lastModifiedDate":"2022-02-13"},{"lineNumber":6,"author":{"gitId":"zhc9996"},"content":"        this.time \u003d time;","lastModifiedDate":"2022-02-13"},{"lineNumber":7,"author":{"gitId":"zhc9996"},"content":"    }","lastModifiedDate":"2022-02-13"},{"lineNumber":8,"author":{"gitId":"zhc9996"},"content":"    @Override","lastModifiedDate":"2022-02-13"},{"lineNumber":9,"author":{"gitId":"zhc9996"},"content":"    public String toString(){","lastModifiedDate":"2022-02-13"},{"lineNumber":10,"author":{"gitId":"zhc9996"},"content":"        return String.format(\"[D]%s (by: %s)\", super.toString(), time);","lastModifiedDate":"2022-02-13"},{"lineNumber":11,"author":{"gitId":"zhc9996"},"content":"    }","lastModifiedDate":"2022-02-13"},{"lineNumber":12,"author":{"gitId":"zhc9996"},"content":"}","lastModifiedDate":"2022-02-13"}],"authorContributionMap":{"zhc9996":12}},{"path":"src/main/java/duke/Duke.java","fileType":"java","lines":[{"lineNumber":1,"author":{"gitId":"zhc9996"},"content":"package duke;","lastModifiedDate":"2022-03-30"},{"lineNumber":2,"author":{"gitId":"zhc9996"},"content":"import java.io.IOException;","lastModifiedDate":"2022-03-30"},{"lineNumber":3,"author":{"gitId":"zhc9996"},"content":"","lastModifiedDate":"2022-03-30"},{"lineNumber":4,"author":{"gitId":"zhc9996"},"content":"/**","lastModifiedDate":"2022-03-30"},{"lineNumber":5,"author":{"gitId":"zhc9996"},"content":" * author Me","lastModifiedDate":"2022-03-30"},{"lineNumber":6,"author":{"gitId":"zhc9996"},"content":" */","lastModifiedDate":"2022-03-30"},{"lineNumber":7,"author":{"gitId":"zhc9996"},"content":"public class Duke {","lastModifiedDate":"2022-03-30"},{"lineNumber":8,"author":{"gitId":"zhc9996"},"content":"    private TaskHandler TaskHandler; // similar like UI","lastModifiedDate":"2022-03-30"},{"lineNumber":9,"author":{"gitId":"zhc9996"},"content":"    private TaskList taskList;","lastModifiedDate":"2022-03-30"},{"lineNumber":10,"author":{"gitId":"zhc9996"},"content":"    private Task task;","lastModifiedDate":"2022-03-30"},{"lineNumber":11,"author":{"gitId":"zhc9996"},"content":"    private Storage storage;","lastModifiedDate":"2022-03-30"},{"lineNumber":12,"author":{"gitId":"zhc9996"},"content":"","lastModifiedDate":"2022-03-30"},{"lineNumber":13,"author":{"gitId":"zhc9996"},"content":"    /*public Duke(){","lastModifiedDate":"2022-03-30"},{"lineNumber":14,"author":{"gitId":"zhc9996"},"content":"        TaskHandler \u003d new TaskHandler();","lastModifiedDate":"2022-03-30"},{"lineNumber":15,"author":{"gitId":"zhc9996"},"content":"        storage \u003d new Storage(\"data/tasks.txt\");","lastModifiedDate":"2022-03-30"},{"lineNumber":16,"author":{"gitId":"zhc9996"},"content":"        try{","lastModifiedDate":"2022-03-30"},{"lineNumber":17,"author":{"gitId":"zhc9996"},"content":"            taskList \u003d new TaskList();","lastModifiedDate":"2022-03-30"},{"lineNumber":18,"author":{"gitId":"zhc9996"},"content":"            storage.ReadFile();","lastModifiedDate":"2022-03-30"},{"lineNumber":19,"author":{"gitId":"zhc9996"},"content":"        } catch(IOException e){","lastModifiedDate":"2022-03-30"},{"lineNumber":20,"author":{"gitId":"zhc9996"},"content":"            System.out.println(e.getMessage());","lastModifiedDate":"2022-03-30"},{"lineNumber":21,"author":{"gitId":"zhc9996"},"content":"        }","lastModifiedDate":"2022-03-30"},{"lineNumber":22,"author":{"gitId":"zhc9996"},"content":"    }*/","lastModifiedDate":"2022-03-30"},{"lineNumber":23,"author":{"gitId":"zhc9996"},"content":"    public Duke(String filePath) {","lastModifiedDate":"2022-03-30"},{"lineNumber":24,"author":{"gitId":"zhc9996"},"content":"        TaskHandler \u003d new TaskHandler();","lastModifiedDate":"2022-03-30"},{"lineNumber":25,"author":{"gitId":"zhc9996"},"content":"        storage \u003d new Storage(filePath);","lastModifiedDate":"2022-03-30"},{"lineNumber":26,"author":{"gitId":"zhc9996"},"content":"        try{","lastModifiedDate":"2022-03-30"},{"lineNumber":27,"author":{"gitId":"zhc9996"},"content":"            taskList \u003d new TaskList();","lastModifiedDate":"2022-03-30"},{"lineNumber":28,"author":{"gitId":"zhc9996"},"content":"            storage.ReadFile();","lastModifiedDate":"2022-03-30"},{"lineNumber":29,"author":{"gitId":"zhc9996"},"content":"        } catch(IOException e){","lastModifiedDate":"2022-03-30"},{"lineNumber":30,"author":{"gitId":"zhc9996"},"content":"            System.out.println(e.getMessage());","lastModifiedDate":"2022-03-30"},{"lineNumber":31,"author":{"gitId":"zhc9996"},"content":"        }","lastModifiedDate":"2022-03-30"},{"lineNumber":32,"author":{"gitId":"zhc9996"},"content":"","lastModifiedDate":"2022-03-30"},{"lineNumber":33,"author":{"gitId":"zhc9996"},"content":"    }","lastModifiedDate":"2022-03-30"},{"lineNumber":34,"author":{"gitId":"zhc9996"},"content":"","lastModifiedDate":"2022-03-30"},{"lineNumber":35,"author":{"gitId":"zhc9996"},"content":"    public Duke() {","lastModifiedDate":"2022-03-30"},{"lineNumber":36,"author":{"gitId":"zhc9996"},"content":"        TaskHandler \u003d new TaskHandler();","lastModifiedDate":"2022-03-30"},{"lineNumber":37,"author":{"gitId":"zhc9996"},"content":"        try{","lastModifiedDate":"2022-03-30"},{"lineNumber":38,"author":{"gitId":"zhc9996"},"content":"            taskList \u003d new TaskList();","lastModifiedDate":"2022-03-30"},{"lineNumber":39,"author":{"gitId":"zhc9996"},"content":"            storage.ReadFile();","lastModifiedDate":"2022-03-30"},{"lineNumber":40,"author":{"gitId":"zhc9996"},"content":"        } catch(IOException e){","lastModifiedDate":"2022-03-30"},{"lineNumber":41,"author":{"gitId":"zhc9996"},"content":"            System.out.println(e.getMessage());","lastModifiedDate":"2022-03-30"},{"lineNumber":42,"author":{"gitId":"zhc9996"},"content":"        }","lastModifiedDate":"2022-03-30"},{"lineNumber":43,"author":{"gitId":"zhc9996"},"content":"    }","lastModifiedDate":"2022-03-30"},{"lineNumber":44,"author":{"gitId":"zhc9996"},"content":"","lastModifiedDate":"2022-03-30"},{"lineNumber":45,"author":{"gitId":"zhc9996"},"content":"    /**","lastModifiedDate":"2022-03-30"},{"lineNumber":46,"author":{"gitId":"zhc9996"},"content":"     *","lastModifiedDate":"2022-03-30"},{"lineNumber":47,"author":{"gitId":"zhc9996"},"content":"     * @param args Main class start here","lastModifiedDate":"2022-03-30"},{"lineNumber":48,"author":{"gitId":"zhc9996"},"content":"     */","lastModifiedDate":"2022-03-30"},{"lineNumber":49,"author":{"gitId":"zhc9996"},"content":"    public static void main(String[] args) {","lastModifiedDate":"2022-03-30"},{"lineNumber":50,"author":{"gitId":"zhc9996"},"content":"        new Duke(\"data/tasks.txt\").start();","lastModifiedDate":"2022-03-30"},{"lineNumber":51,"author":{"gitId":"zhc9996"},"content":"    }","lastModifiedDate":"2022-03-30"},{"lineNumber":52,"author":{"gitId":"zhc9996"},"content":"","lastModifiedDate":"2022-03-30"},{"lineNumber":53,"author":{"gitId":"zhc9996"},"content":"    /**","lastModifiedDate":"2022-03-30"},{"lineNumber":54,"author":{"gitId":"zhc9996"},"content":"     * function navigation by input text","lastModifiedDate":"2022-03-30"},{"lineNumber":55,"author":{"gitId":"zhc9996"},"content":"     */","lastModifiedDate":"2022-03-30"},{"lineNumber":56,"author":{"gitId":"zhc9996"},"content":"    public void start() {","lastModifiedDate":"2022-03-30"},{"lineNumber":57,"author":{"gitId":"zhc9996"},"content":"        System.out.println(TaskHandler.hello());","lastModifiedDate":"2022-03-30"},{"lineNumber":58,"author":{"gitId":"zhc9996"},"content":"        boolean isExit \u003d false;","lastModifiedDate":"2022-03-30"},{"lineNumber":59,"author":{"gitId":"zhc9996"},"content":"        while (!isExit) {","lastModifiedDate":"2022-03-30"},{"lineNumber":60,"author":{"gitId":"zhc9996"},"content":"            try {","lastModifiedDate":"2022-03-30"},{"lineNumber":61,"author":{"gitId":"zhc9996"},"content":"                String text \u003d TaskHandler.getCommand();","lastModifiedDate":"2022-03-30"},{"lineNumber":62,"author":{"gitId":"zhc9996"},"content":"                /**","lastModifiedDate":"2022-03-30"},{"lineNumber":63,"author":{"gitId":"zhc9996"},"content":"                 * add assert","lastModifiedDate":"2022-03-30"},{"lineNumber":64,"author":{"gitId":"zhc9996"},"content":"                 */","lastModifiedDate":"2022-03-30"},{"lineNumber":65,"author":{"gitId":"zhc9996"},"content":"                assert text.length() \u003e 0;","lastModifiedDate":"2022-03-30"},{"lineNumber":66,"author":{"gitId":"zhc9996"},"content":"                if (text.equals(\"bye\")) {","lastModifiedDate":"2022-03-30"},{"lineNumber":67,"author":{"gitId":"zhc9996"},"content":"                    System.out.println(TaskHandler.bye());","lastModifiedDate":"2022-03-30"},{"lineNumber":68,"author":{"gitId":"zhc9996"},"content":"                    isExit \u003d true;","lastModifiedDate":"2022-03-30"},{"lineNumber":69,"author":{"gitId":"zhc9996"},"content":"                } else if (text.equals(\"list\")) {","lastModifiedDate":"2022-03-30"},{"lineNumber":70,"author":{"gitId":"zhc9996"},"content":"                    System.out.println(TaskHandler.showList());","lastModifiedDate":"2022-03-30"},{"lineNumber":71,"author":{"gitId":"zhc9996"},"content":"                } else if(text.startsWith(\"mark\")){","lastModifiedDate":"2022-03-30"},{"lineNumber":72,"author":{"gitId":"zhc9996"},"content":"                    System.out.println(TaskHandler.mark(text));","lastModifiedDate":"2022-03-30"},{"lineNumber":73,"author":{"gitId":"zhc9996"},"content":"                } else if(text.startsWith(\"unmark\")){","lastModifiedDate":"2022-03-30"},{"lineNumber":74,"author":{"gitId":"zhc9996"},"content":"                    System.out.println(TaskHandler.unmark(text));","lastModifiedDate":"2022-03-30"},{"lineNumber":75,"author":{"gitId":"zhc9996"},"content":"                } else if(text.startsWith(\"todo\")){","lastModifiedDate":"2022-03-30"},{"lineNumber":76,"author":{"gitId":"zhc9996"},"content":"                    if(text.contains(\"todo \") \u0026\u0026 text.length()\u003e5){","lastModifiedDate":"2022-03-30"},{"lineNumber":77,"author":{"gitId":"zhc9996"},"content":"                        System.out.println(TaskHandler.todo(text));","lastModifiedDate":"2022-03-30"},{"lineNumber":78,"author":{"gitId":"zhc9996"},"content":"                    }else {","lastModifiedDate":"2022-03-30"},{"lineNumber":79,"author":{"gitId":"zhc9996"},"content":"                        throw new ExceptionEmpty();","lastModifiedDate":"2022-03-30"},{"lineNumber":80,"author":{"gitId":"zhc9996"},"content":"                    }","lastModifiedDate":"2022-03-30"},{"lineNumber":81,"author":{"gitId":"zhc9996"},"content":"","lastModifiedDate":"2022-03-30"},{"lineNumber":82,"author":{"gitId":"zhc9996"},"content":"                } else if(text.startsWith(\"deadline\")){","lastModifiedDate":"2022-03-30"},{"lineNumber":83,"author":{"gitId":"zhc9996"},"content":"                    if(text.contains(\"deadline \") \u0026\u0026 text.length()\u003e9){","lastModifiedDate":"2022-03-30"},{"lineNumber":84,"author":{"gitId":"zhc9996"},"content":"                        System.out.println(TaskHandler.deadline(text));","lastModifiedDate":"2022-03-30"},{"lineNumber":85,"author":{"gitId":"zhc9996"},"content":"                    }else {","lastModifiedDate":"2022-03-30"},{"lineNumber":86,"author":{"gitId":"zhc9996"},"content":"                        throw new ExceptionEmpty();","lastModifiedDate":"2022-03-30"},{"lineNumber":87,"author":{"gitId":"zhc9996"},"content":"                    }","lastModifiedDate":"2022-03-30"},{"lineNumber":88,"author":{"gitId":"zhc9996"},"content":"                } else if(text.startsWith(\"event\")){","lastModifiedDate":"2022-03-30"},{"lineNumber":89,"author":{"gitId":"zhc9996"},"content":"                    if(text.contains(\"event \") \u0026\u0026 text.length()\u003e6){","lastModifiedDate":"2022-03-30"},{"lineNumber":90,"author":{"gitId":"zhc9996"},"content":"                        System.out.println(TaskHandler.event(text));","lastModifiedDate":"2022-03-30"},{"lineNumber":91,"author":{"gitId":"zhc9996"},"content":"                    }else {","lastModifiedDate":"2022-03-30"},{"lineNumber":92,"author":{"gitId":"zhc9996"},"content":"                        throw new ExceptionEmpty();","lastModifiedDate":"2022-03-30"},{"lineNumber":93,"author":{"gitId":"zhc9996"},"content":"                    }","lastModifiedDate":"2022-03-30"},{"lineNumber":94,"author":{"gitId":"zhc9996"},"content":"                } else if(text.startsWith(\"delete\")){","lastModifiedDate":"2022-03-30"},{"lineNumber":95,"author":{"gitId":"zhc9996"},"content":"                    if(text.contains(\"delete \") \u0026\u0026 text.length()\u003e7){","lastModifiedDate":"2022-03-30"},{"lineNumber":96,"author":{"gitId":"zhc9996"},"content":"                        System.out.println(TaskHandler.delete(text));","lastModifiedDate":"2022-03-30"},{"lineNumber":97,"author":{"gitId":"zhc9996"},"content":"                    }else {","lastModifiedDate":"2022-03-30"},{"lineNumber":98,"author":{"gitId":"zhc9996"},"content":"                        throw new ExceptionEmpty();","lastModifiedDate":"2022-03-30"},{"lineNumber":99,"author":{"gitId":"zhc9996"},"content":"                    }","lastModifiedDate":"2022-03-30"},{"lineNumber":100,"author":{"gitId":"zhc9996"},"content":"                }else if(text.startsWith(\"find\")){","lastModifiedDate":"2022-03-30"},{"lineNumber":101,"author":{"gitId":"zhc9996"},"content":"                    if(text.contains(\"find \") \u0026\u0026 text.length()\u003e5){","lastModifiedDate":"2022-03-30"},{"lineNumber":102,"author":{"gitId":"zhc9996"},"content":"                        System.out.println(TaskHandler.find(text));","lastModifiedDate":"2022-03-30"},{"lineNumber":103,"author":{"gitId":"zhc9996"},"content":"                    }else {","lastModifiedDate":"2022-03-30"},{"lineNumber":104,"author":{"gitId":"zhc9996"},"content":"                        throw new ExceptionEmpty();","lastModifiedDate":"2022-03-30"},{"lineNumber":105,"author":{"gitId":"zhc9996"},"content":"                    }","lastModifiedDate":"2022-03-30"},{"lineNumber":106,"author":{"gitId":"zhc9996"},"content":"                }else if(text.startsWith(\"show\")){","lastModifiedDate":"2022-03-30"},{"lineNumber":107,"author":{"gitId":"zhc9996"},"content":"                    if(text.contains(\"show\")){","lastModifiedDate":"2022-03-30"},{"lineNumber":108,"author":{"gitId":"zhc9996"},"content":"                        System.out.println(TaskHandler.show());","lastModifiedDate":"2022-03-30"},{"lineNumber":109,"author":{"gitId":"zhc9996"},"content":"                    }else {","lastModifiedDate":"2022-03-30"},{"lineNumber":110,"author":{"gitId":"zhc9996"},"content":"                        throw new ExceptionEmpty();","lastModifiedDate":"2022-03-30"},{"lineNumber":111,"author":{"gitId":"zhc9996"},"content":"                    }","lastModifiedDate":"2022-03-30"},{"lineNumber":112,"author":{"gitId":"zhc9996"},"content":"                }","lastModifiedDate":"2022-03-30"},{"lineNumber":113,"author":{"gitId":"zhc9996"},"content":"                else{","lastModifiedDate":"2022-03-30"},{"lineNumber":114,"author":{"gitId":"zhc9996"},"content":"                    if(!text.startsWith(\"todo\") ||!text.startsWith(\"delete\") ||!text.startsWith(\"deadline\")||!text.startsWith(\"event\")||!text.startsWith(\"mark\")||!text.startsWith(\"unmark\")||!text.startsWith(\"list\")) {","lastModifiedDate":"2022-03-30"},{"lineNumber":115,"author":{"gitId":"zhc9996"},"content":"                        throw new ExceptionErrorMessage();","lastModifiedDate":"2022-03-30"},{"lineNumber":116,"author":{"gitId":"zhc9996"},"content":"                    }else{","lastModifiedDate":"2022-03-30"},{"lineNumber":117,"author":{"gitId":"zhc9996"},"content":"                        task \u003d new Task(text);","lastModifiedDate":"2022-03-30"},{"lineNumber":118,"author":{"gitId":"zhc9996"},"content":"                        taskList.add(task);","lastModifiedDate":"2022-03-30"},{"lineNumber":119,"author":{"gitId":"zhc9996"},"content":"                    }","lastModifiedDate":"2022-03-30"},{"lineNumber":120,"author":{"gitId":"zhc9996"},"content":"                }","lastModifiedDate":"2022-03-30"},{"lineNumber":121,"author":{"gitId":"zhc9996"},"content":"                storage.saveTasks();","lastModifiedDate":"2022-03-30"},{"lineNumber":122,"author":{"gitId":"zhc9996"},"content":"            } catch (Exception e) {","lastModifiedDate":"2022-03-30"},{"lineNumber":123,"author":{"gitId":"zhc9996"},"content":"                System.out.println(e.toString());","lastModifiedDate":"2022-03-30"},{"lineNumber":124,"author":{"gitId":"zhc9996"},"content":"            }","lastModifiedDate":"2022-03-30"},{"lineNumber":125,"author":{"gitId":"zhc9996"},"content":"        }","lastModifiedDate":"2022-03-30"},{"lineNumber":126,"author":{"gitId":"zhc9996"},"content":"    }","lastModifiedDate":"2022-03-30"},{"lineNumber":127,"author":{"gitId":"zhc9996"},"content":"}","lastModifiedDate":"2022-03-30"}],"authorContributionMap":{"zhc9996":127}},{"path":"src/main/java/duke/DukeException.java","fileType":"java","lines":[{"lineNumber":1,"author":{"gitId":"zhc9996"},"content":"package duke;","lastModifiedDate":"2022-03-30"},{"lineNumber":2,"author":{"gitId":"zhc9996"},"content":"public class DukeException extends Exception {","lastModifiedDate":"2022-03-30"},{"lineNumber":3,"author":{"gitId":"zhc9996"},"content":"    public DukeException(String message){","lastModifiedDate":"2022-03-30"},{"lineNumber":4,"author":{"gitId":"zhc9996"},"content":"        super(message);","lastModifiedDate":"2022-03-30"},{"lineNumber":5,"author":{"gitId":"zhc9996"},"content":"    }","lastModifiedDate":"2022-03-30"},{"lineNumber":6,"author":{"gitId":"zhc9996"},"content":"}","lastModifiedDate":"2022-03-30"}],"authorContributionMap":{"zhc9996":6}},{"path":"src/main/java/duke/Event.java","fileType":"java","lines":[{"lineNumber":1,"author":{"gitId":"zhc9996"},"content":"package duke;","lastModifiedDate":"2022-03-30"},{"lineNumber":2,"author":{"gitId":"zhc9996"},"content":"public class Event extends Task{","lastModifiedDate":"2022-02-13"},{"lineNumber":3,"author":{"gitId":"zhc9996"},"content":"    public String time;","lastModifiedDate":"2022-02-13"},{"lineNumber":4,"author":{"gitId":"zhc9996"},"content":"    public Event(String description, String time) {","lastModifiedDate":"2022-02-13"},{"lineNumber":5,"author":{"gitId":"zhc9996"},"content":"        super(description);","lastModifiedDate":"2022-02-13"},{"lineNumber":6,"author":{"gitId":"zhc9996"},"content":"        this.time \u003d time;","lastModifiedDate":"2022-02-13"},{"lineNumber":7,"author":{"gitId":"zhc9996"},"content":"    }","lastModifiedDate":"2022-02-13"},{"lineNumber":8,"author":{"gitId":"zhc9996"},"content":"    @Override","lastModifiedDate":"2022-02-13"},{"lineNumber":9,"author":{"gitId":"zhc9996"},"content":"    public String toString(){","lastModifiedDate":"2022-02-13"},{"lineNumber":10,"author":{"gitId":"zhc9996"},"content":"        return String.format(\"[E]%s (at: %s)\", super.toString(), time);","lastModifiedDate":"2022-02-13"},{"lineNumber":11,"author":{"gitId":"zhc9996"},"content":"    }","lastModifiedDate":"2022-02-13"},{"lineNumber":12,"author":{"gitId":"zhc9996"},"content":"}","lastModifiedDate":"2022-02-13"}],"authorContributionMap":{"zhc9996":12}},{"path":"src/main/java/duke/ExceptionEmpty.java","fileType":"java","lines":[{"lineNumber":1,"author":{"gitId":"zhc9996"},"content":"package duke;","lastModifiedDate":"2022-03-30"},{"lineNumber":2,"author":{"gitId":"zhc9996"},"content":"public class ExceptionEmpty extends DukeException {","lastModifiedDate":"2022-02-25"},{"lineNumber":3,"author":{"gitId":"zhc9996"},"content":"    public ExceptionEmpty() {","lastModifiedDate":"2022-02-25"},{"lineNumber":4,"author":{"gitId":"zhc9996"},"content":"        super(\"OOPS!!! The description of a todo cannot be empty.\");","lastModifiedDate":"2022-02-25"},{"lineNumber":5,"author":{"gitId":"zhc9996"},"content":"    }","lastModifiedDate":"2022-02-25"},{"lineNumber":6,"author":{"gitId":"zhc9996"},"content":"}","lastModifiedDate":"2022-02-25"}],"authorContributionMap":{"zhc9996":6}},{"path":"src/main/java/duke/ExceptionErrorMessage.java","fileType":"java","lines":[{"lineNumber":1,"author":{"gitId":"zhc9996"},"content":"package duke;","lastModifiedDate":"2022-03-30"},{"lineNumber":2,"author":{"gitId":"zhc9996"},"content":"public class ExceptionErrorMessage extends DukeException {","lastModifiedDate":"2022-02-25"},{"lineNumber":3,"author":{"gitId":"zhc9996"},"content":"    public ExceptionErrorMessage() {","lastModifiedDate":"2022-02-25"},{"lineNumber":4,"author":{"gitId":"zhc9996"},"content":"        super(\"OOPS!!! I\u0027m sorry, but I don\u0027t know what that means :-(\");","lastModifiedDate":"2022-02-25"},{"lineNumber":5,"author":{"gitId":"zhc9996"},"content":"    }","lastModifiedDate":"2022-02-25"},{"lineNumber":6,"author":{"gitId":"zhc9996"},"content":"}","lastModifiedDate":"2022-02-25"}],"authorContributionMap":{"zhc9996":6}},{"path":"src/main/java/duke/Storage.java","fileType":"java","lines":[{"lineNumber":1,"author":{"gitId":"zhc9996"},"content":"package duke;","lastModifiedDate":"2022-03-30"},{"lineNumber":2,"author":{"gitId":"zhc9996"},"content":"","lastModifiedDate":"2022-03-30"},{"lineNumber":3,"author":{"gitId":"zhc9996"},"content":"import java.io.BufferedWriter;","lastModifiedDate":"2022-03-30"},{"lineNumber":4,"author":{"gitId":"zhc9996"},"content":"import java.io.File;","lastModifiedDate":"2022-03-30"},{"lineNumber":5,"author":{"gitId":"zhc9996"},"content":"import java.io.FileWriter;","lastModifiedDate":"2022-03-30"},{"lineNumber":6,"author":{"gitId":"zhc9996"},"content":"import java.io.IOException;","lastModifiedDate":"2022-03-30"},{"lineNumber":7,"author":{"gitId":"zhc9996"},"content":"import java.util.Scanner;","lastModifiedDate":"2022-03-30"},{"lineNumber":8,"author":{"gitId":"zhc9996"},"content":"","lastModifiedDate":"2022-03-30"},{"lineNumber":9,"author":{"gitId":"zhc9996"},"content":"public class Storage {","lastModifiedDate":"2022-03-30"},{"lineNumber":10,"author":{"gitId":"zhc9996"},"content":"    private TaskHandler TaskHandler;","lastModifiedDate":"2022-03-30"},{"lineNumber":11,"author":{"gitId":"zhc9996"},"content":"    private String path;","lastModifiedDate":"2022-03-30"},{"lineNumber":12,"author":{"gitId":"zhc9996"},"content":"    public Storage(String path){","lastModifiedDate":"2022-03-30"},{"lineNumber":13,"author":{"gitId":"zhc9996"},"content":"        this.path \u003d path;","lastModifiedDate":"2022-03-30"},{"lineNumber":14,"author":{"gitId":"zhc9996"},"content":"    }","lastModifiedDate":"2022-03-30"},{"lineNumber":15,"author":{"gitId":"zhc9996"},"content":"    public  void saveTasks(){","lastModifiedDate":"2022-03-30"},{"lineNumber":16,"author":{"gitId":"zhc9996"},"content":"        try{","lastModifiedDate":"2022-03-30"},{"lineNumber":17,"author":{"gitId":"zhc9996"},"content":"            BufferedWriter taskWriter \u003d new BufferedWriter(new FileWriter(path));","lastModifiedDate":"2022-03-30"},{"lineNumber":18,"author":{"gitId":"zhc9996"},"content":"            String tasks \u003d \"\";","lastModifiedDate":"2022-03-30"},{"lineNumber":19,"author":{"gitId":"zhc9996"},"content":"            for (Task task : TaskList.getTaskLists()){","lastModifiedDate":"2022-03-30"},{"lineNumber":20,"author":{"gitId":"zhc9996"},"content":"                tasks +\u003d task.toString() + \"\\n\";","lastModifiedDate":"2022-03-30"},{"lineNumber":21,"author":{"gitId":"zhc9996"},"content":"            }","lastModifiedDate":"2022-03-30"},{"lineNumber":22,"author":{"gitId":"zhc9996"},"content":"            taskWriter.write(tasks);","lastModifiedDate":"2022-03-30"},{"lineNumber":23,"author":{"gitId":"zhc9996"},"content":"            taskWriter.close();","lastModifiedDate":"2022-03-30"},{"lineNumber":24,"author":{"gitId":"zhc9996"},"content":"        } catch(IOException e){","lastModifiedDate":"2022-03-30"},{"lineNumber":25,"author":{"gitId":"zhc9996"},"content":"            System.out.println(\"Exception: \" + e.getMessage());","lastModifiedDate":"2022-03-30"},{"lineNumber":26,"author":{"gitId":"zhc9996"},"content":"        }","lastModifiedDate":"2022-03-30"},{"lineNumber":27,"author":{"gitId":"zhc9996"},"content":"    }","lastModifiedDate":"2022-03-30"},{"lineNumber":28,"author":{"gitId":"zhc9996"},"content":"    public void ReadFile() throws IOException{","lastModifiedDate":"2022-03-30"},{"lineNumber":29,"author":{"gitId":"zhc9996"},"content":"        File file \u003d new File(this.path);","lastModifiedDate":"2022-03-30"},{"lineNumber":30,"author":{"gitId":"zhc9996"},"content":"        file.getParentFile().mkdirs();","lastModifiedDate":"2022-03-30"},{"lineNumber":31,"author":{"gitId":"zhc9996"},"content":"        if(!file.exists()){","lastModifiedDate":"2022-03-30"},{"lineNumber":32,"author":{"gitId":"zhc9996"},"content":"            file.createNewFile();","lastModifiedDate":"2022-03-30"},{"lineNumber":33,"author":{"gitId":"zhc9996"},"content":"        }","lastModifiedDate":"2022-03-30"},{"lineNumber":34,"author":{"gitId":"zhc9996"},"content":"        Scanner sc \u003d new Scanner(file);","lastModifiedDate":"2022-03-30"},{"lineNumber":35,"author":{"gitId":"zhc9996"},"content":"        while (sc.hasNext()){","lastModifiedDate":"2022-03-30"},{"lineNumber":36,"author":{"gitId":"zhc9996"},"content":"            String texts \u003d sc.nextLine();","lastModifiedDate":"2022-03-30"},{"lineNumber":37,"author":{"gitId":"zhc9996"},"content":"            if(texts.startsWith(\"todo\")){","lastModifiedDate":"2022-03-30"},{"lineNumber":38,"author":{"gitId":"zhc9996"},"content":"                TaskHandler.todo(texts);","lastModifiedDate":"2022-03-30"},{"lineNumber":39,"author":{"gitId":"zhc9996"},"content":"            } else if(texts.startsWith(\"deadline\")){","lastModifiedDate":"2022-03-30"},{"lineNumber":40,"author":{"gitId":"zhc9996"},"content":"                TaskHandler.deadline(texts);","lastModifiedDate":"2022-03-30"},{"lineNumber":41,"author":{"gitId":"zhc9996"},"content":"            } else if(texts.startsWith(\"event\")){","lastModifiedDate":"2022-03-30"},{"lineNumber":42,"author":{"gitId":"zhc9996"},"content":"                TaskHandler.event(texts);","lastModifiedDate":"2022-03-30"},{"lineNumber":43,"author":{"gitId":"zhc9996"},"content":"            } else{","lastModifiedDate":"2022-03-30"},{"lineNumber":44,"author":{"gitId":"zhc9996"},"content":"                System.out.println(\"error input\");","lastModifiedDate":"2022-03-30"},{"lineNumber":45,"author":{"gitId":"zhc9996"},"content":"            }","lastModifiedDate":"2022-03-30"},{"lineNumber":46,"author":{"gitId":"zhc9996"},"content":"        }","lastModifiedDate":"2022-03-30"},{"lineNumber":47,"author":{"gitId":"zhc9996"},"content":"        sc.close();","lastModifiedDate":"2022-03-30"},{"lineNumber":48,"author":{"gitId":"zhc9996"},"content":"    }","lastModifiedDate":"2022-03-30"},{"lineNumber":49,"author":{"gitId":"zhc9996"},"content":"}","lastModifiedDate":"2022-03-30"}],"authorContributionMap":{"zhc9996":49}},{"path":"src/main/java/duke/Task.java","fileType":"java","lines":[{"lineNumber":1,"author":{"gitId":"zhc9996"},"content":"package duke;","lastModifiedDate":"2022-03-30"},{"lineNumber":2,"author":{"gitId":"zhc9996"},"content":"public class Task {","lastModifiedDate":"2022-02-07"},{"lineNumber":3,"author":{"gitId":"zhc9996"},"content":"    protected String description;","lastModifiedDate":"2022-02-07"},{"lineNumber":4,"author":{"gitId":"zhc9996"},"content":"    protected boolean isDone;","lastModifiedDate":"2022-02-07"},{"lineNumber":5,"author":{"gitId":"zhc9996"},"content":"","lastModifiedDate":"2022-02-07"},{"lineNumber":6,"author":{"gitId":"zhc9996"},"content":"    public Task(String description) {","lastModifiedDate":"2022-02-07"},{"lineNumber":7,"author":{"gitId":"zhc9996"},"content":"        this.description \u003d description;","lastModifiedDate":"2022-02-07"},{"lineNumber":8,"author":{"gitId":"zhc9996"},"content":"        this.isDone \u003d false;","lastModifiedDate":"2022-02-07"},{"lineNumber":9,"author":{"gitId":"zhc9996"},"content":"    }","lastModifiedDate":"2022-02-07"},{"lineNumber":10,"author":{"gitId":"zhc9996"},"content":"","lastModifiedDate":"2022-02-07"},{"lineNumber":11,"author":{"gitId":"zhc9996"},"content":"    public String getIsDone() {","lastModifiedDate":"2022-02-07"},{"lineNumber":12,"author":{"gitId":"zhc9996"},"content":"        return (isDone ? \"X\" : \" \");","lastModifiedDate":"2022-02-07"},{"lineNumber":13,"author":{"gitId":"zhc9996"},"content":"    }","lastModifiedDate":"2022-02-07"},{"lineNumber":14,"author":{"gitId":"zhc9996"},"content":"    public void markAsDone() {","lastModifiedDate":"2022-02-07"},{"lineNumber":15,"author":{"gitId":"zhc9996"},"content":"        this.isDone \u003d true;","lastModifiedDate":"2022-02-07"},{"lineNumber":16,"author":{"gitId":"zhc9996"},"content":"    }","lastModifiedDate":"2022-02-07"},{"lineNumber":17,"author":{"gitId":"zhc9996"},"content":"    public void unmarkAsDone() {","lastModifiedDate":"2022-02-07"},{"lineNumber":18,"author":{"gitId":"zhc9996"},"content":"        this.isDone \u003d false;","lastModifiedDate":"2022-02-07"},{"lineNumber":19,"author":{"gitId":"zhc9996"},"content":"    }","lastModifiedDate":"2022-02-07"},{"lineNumber":20,"author":{"gitId":"zhc9996"},"content":"    public String getDescription() {","lastModifiedDate":"2022-02-07"},{"lineNumber":21,"author":{"gitId":"zhc9996"},"content":"        return this.description;","lastModifiedDate":"2022-02-07"},{"lineNumber":22,"author":{"gitId":"zhc9996"},"content":"    }","lastModifiedDate":"2022-02-07"},{"lineNumber":23,"author":{"gitId":"zhc9996"},"content":"","lastModifiedDate":"2022-02-07"},{"lineNumber":24,"author":{"gitId":"zhc9996"},"content":"    @Override","lastModifiedDate":"2022-02-13"},{"lineNumber":25,"author":{"gitId":"zhc9996"},"content":"    public String toString() {","lastModifiedDate":"2022-02-13"},{"lineNumber":26,"author":{"gitId":"zhc9996"},"content":"        return \"[\" + getIsDone() + \"]\" + \" \" + this.description;","lastModifiedDate":"2022-02-13"},{"lineNumber":27,"author":{"gitId":"zhc9996"},"content":"    }","lastModifiedDate":"2022-02-13"},{"lineNumber":28,"author":{"gitId":"zhc9996"},"content":"}","lastModifiedDate":"2022-02-07"}],"authorContributionMap":{"zhc9996":28}},{"path":"src/main/java/duke/TaskHandler.java","fileType":"java","lines":[{"lineNumber":1,"author":{"gitId":"zhc9996"},"content":"package duke;","lastModifiedDate":"2022-03-30"},{"lineNumber":2,"author":{"gitId":"zhc9996"},"content":"import java.util.Scanner;","lastModifiedDate":"2022-02-07"},{"lineNumber":3,"author":{"gitId":"zhc9996"},"content":"import java.time.LocalDate;","lastModifiedDate":"2022-03-30"},{"lineNumber":4,"author":{"gitId":"zhc9996"},"content":"import java.time.format.DateTimeFormatter;","lastModifiedDate":"2022-03-30"},{"lineNumber":5,"author":{"gitId":"zhc9996"},"content":"import java.time.temporal.ChronoUnit;","lastModifiedDate":"2022-03-30"},{"lineNumber":6,"author":{"gitId":"zhc9996"},"content":"","lastModifiedDate":"2022-02-07"},{"lineNumber":7,"author":{"gitId":"zhc9996"},"content":"/**","lastModifiedDate":"2022-03-30"},{"lineNumber":8,"author":{"gitId":"zhc9996"},"content":" * Task handler to different tasks","lastModifiedDate":"2022-03-30"},{"lineNumber":9,"author":{"gitId":"zhc9996"},"content":" * added check function to avoid duplicate record insert (individual feature - 1)","lastModifiedDate":"2022-03-30"},{"lineNumber":10,"author":{"gitId":"zhc9996"},"content":" */","lastModifiedDate":"2022-03-30"},{"lineNumber":11,"author":{"gitId":"zhc9996"},"content":"public class TaskHandler {","lastModifiedDate":"2022-02-07"},{"lineNumber":12,"author":{"gitId":"zhc9996"},"content":"    private static final String greeting \u003d \"Hello! I\u0027m Duke, What can I do for you?\";","lastModifiedDate":"2022-02-07"},{"lineNumber":13,"author":{"gitId":"zhc9996"},"content":"    private static final String bye \u003d \"Bye. Hope to see you again soon!\";","lastModifiedDate":"2022-02-07"},{"lineNumber":14,"author":{"gitId":"zhc9996"},"content":"    private static final String tasks \u003d \"Here are the tasks in your list:\";","lastModifiedDate":"2022-02-07"},{"lineNumber":15,"author":{"gitId":"zhc9996"},"content":"    private static final String mark \u003d \"Nice! I\u0027ve marked this task as done:\";","lastModifiedDate":"2022-02-07"},{"lineNumber":16,"author":{"gitId":"zhc9996"},"content":"    private static final String unmark \u003d \"OK, I\u0027ve marked this task as not done yet:\";","lastModifiedDate":"2022-02-07"},{"lineNumber":17,"author":{"gitId":"zhc9996"},"content":"    private Scanner sc;","lastModifiedDate":"2022-02-07"},{"lineNumber":18,"author":{"gitId":"zhc9996"},"content":"    String[] task \u003d new String[100];","lastModifiedDate":"2022-02-07"},{"lineNumber":19,"author":{"gitId":"zhc9996"},"content":"","lastModifiedDate":"2022-02-07"},{"lineNumber":20,"author":{"gitId":"zhc9996"},"content":"    public TaskHandler(){","lastModifiedDate":"2022-02-07"},{"lineNumber":21,"author":{"gitId":"zhc9996"},"content":"        this.sc \u003d new Scanner(System.in);","lastModifiedDate":"2022-02-07"},{"lineNumber":22,"author":{"gitId":"zhc9996"},"content":"    }","lastModifiedDate":"2022-02-07"},{"lineNumber":23,"author":{"gitId":"zhc9996"},"content":"    public String getCommand(){","lastModifiedDate":"2022-02-07"},{"lineNumber":24,"author":{"gitId":"zhc9996"},"content":"        return sc.nextLine();","lastModifiedDate":"2022-02-07"},{"lineNumber":25,"author":{"gitId":"zhc9996"},"content":"    }","lastModifiedDate":"2022-02-07"},{"lineNumber":26,"author":{"gitId":"zhc9996"},"content":"    public String hello(){","lastModifiedDate":"2022-02-07"},{"lineNumber":27,"author":{"gitId":"zhc9996"},"content":"        return greeting;","lastModifiedDate":"2022-02-07"},{"lineNumber":28,"author":{"gitId":"zhc9996"},"content":"    }","lastModifiedDate":"2022-02-07"},{"lineNumber":29,"author":{"gitId":"zhc9996"},"content":"    public String bye(){","lastModifiedDate":"2022-02-07"},{"lineNumber":30,"author":{"gitId":"zhc9996"},"content":"        return bye + \"\\n\";","lastModifiedDate":"2022-02-07"},{"lineNumber":31,"author":{"gitId":"zhc9996"},"content":"    }","lastModifiedDate":"2022-02-07"},{"lineNumber":32,"author":{"gitId":"zhc9996"},"content":"    public String showList() {","lastModifiedDate":"2022-02-07"},{"lineNumber":33,"author":{"gitId":"zhc9996"},"content":"        if (TaskList.getTaskLists().size() \u003d\u003d 0) {","lastModifiedDate":"2022-02-07"},{"lineNumber":34,"author":{"gitId":"zhc9996"},"content":"            return \"you do not have any task in the list.\";","lastModifiedDate":"2022-02-07"},{"lineNumber":35,"author":{"gitId":"zhc9996"},"content":"        }","lastModifiedDate":"2022-02-07"},{"lineNumber":36,"author":{"gitId":"zhc9996"},"content":"        String list \u003d \"\";","lastModifiedDate":"2022-02-07"},{"lineNumber":37,"author":{"gitId":"zhc9996"},"content":"        for (int i \u003d 0; i \u003c TaskList.getTaskLists().size(); i++) {","lastModifiedDate":"2022-02-07"},{"lineNumber":38,"author":{"gitId":"zhc9996"},"content":"            int number \u003d i + 1;","lastModifiedDate":"2022-02-07"},{"lineNumber":39,"author":{"gitId":"zhc9996"},"content":"            list \u003d list + number + TaskList.getTaskLists().get(i) + \"\\n\";","lastModifiedDate":"2022-02-13"},{"lineNumber":40,"author":{"gitId":"zhc9996"},"content":"        }","lastModifiedDate":"2022-02-07"},{"lineNumber":41,"author":{"gitId":"zhc9996"},"content":"        return tasks + \"\\n\" + list;","lastModifiedDate":"2022-02-07"},{"lineNumber":42,"author":{"gitId":"zhc9996"},"content":"    }","lastModifiedDate":"2022-02-07"},{"lineNumber":43,"author":{"gitId":"zhc9996"},"content":"    public String mark(String t) {","lastModifiedDate":"2022-02-07"},{"lineNumber":44,"author":{"gitId":"zhc9996"},"content":"        String[] v1 \u003d t.split(\" \");","lastModifiedDate":"2022-02-07"},{"lineNumber":45,"author":{"gitId":"zhc9996"},"content":"        TaskList.getTaskLists().get(Integer.parseInt(v1[1]) - 1).markAsDone();","lastModifiedDate":"2022-02-07"},{"lineNumber":46,"author":{"gitId":"zhc9996"},"content":"        return mark + \"\\n\" + TaskList.getTaskLists().get(Integer.parseInt(v1[1]) - 1).toString();","lastModifiedDate":"2022-02-13"},{"lineNumber":47,"author":{"gitId":"zhc9996"},"content":"    }","lastModifiedDate":"2022-02-07"},{"lineNumber":48,"author":{"gitId":"zhc9996"},"content":"    public String unmark(String t) {","lastModifiedDate":"2022-02-07"},{"lineNumber":49,"author":{"gitId":"zhc9996"},"content":"        String[] v1 \u003d t.split(\" \");","lastModifiedDate":"2022-02-07"},{"lineNumber":50,"author":{"gitId":"zhc9996"},"content":"        TaskList.getTaskLists().get(Integer.parseInt(v1[1]) - 1).unmarkAsDone();","lastModifiedDate":"2022-02-07"},{"lineNumber":51,"author":{"gitId":"zhc9996"},"content":"        return unmark + \"\\n\" + TaskList.getTaskLists().get(Integer.parseInt(v1[1]) - 1).toString();","lastModifiedDate":"2022-02-13"},{"lineNumber":52,"author":{"gitId":"zhc9996"},"content":"    }","lastModifiedDate":"2022-02-13"},{"lineNumber":53,"author":{"gitId":"zhc9996"},"content":"    public String todo(String t) {","lastModifiedDate":"2022-02-13"},{"lineNumber":54,"author":{"gitId":"zhc9996"},"content":"        String[] v1 \u003d t.split(\" \",2);","lastModifiedDate":"2022-02-13"},{"lineNumber":55,"author":{"gitId":"zhc9996"},"content":"        if (v1[1].length() \u003d\u003d 0){","lastModifiedDate":"2022-02-13"},{"lineNumber":56,"author":{"gitId":"zhc9996"},"content":"            System.out.println(\"Empty Todo Task..\");","lastModifiedDate":"2022-02-13"},{"lineNumber":57,"author":{"gitId":"zhc9996"},"content":"        }","lastModifiedDate":"2022-02-13"},{"lineNumber":58,"author":{"gitId":"zhc9996"},"content":"        if(!checkExist(v1[1])){","lastModifiedDate":"2022-03-30"},{"lineNumber":59,"author":{"gitId":"zhc9996"},"content":"            Todo todo \u003d new Todo(v1[1]);","lastModifiedDate":"2022-02-13"},{"lineNumber":60,"author":{"gitId":"zhc9996"},"content":"            TaskList.getTaskLists().add(todo);","lastModifiedDate":"2022-02-13"},{"lineNumber":61,"author":{"gitId":"zhc9996"},"content":"            return printTask(todo);","lastModifiedDate":"2022-02-13"},{"lineNumber":62,"author":{"gitId":"zhc9996"},"content":"        }","lastModifiedDate":"2022-02-13"},{"lineNumber":63,"author":{"gitId":"zhc9996"},"content":"        return \"Task already added\";","lastModifiedDate":"2022-03-30"},{"lineNumber":64,"author":{"gitId":"zhc9996"},"content":"    }","lastModifiedDate":"2022-03-30"},{"lineNumber":65,"author":{"gitId":"zhc9996"},"content":"    public String deadline(String t) {","lastModifiedDate":"2022-02-13"},{"lineNumber":66,"author":{"gitId":"zhc9996"},"content":"        String[] v1 \u003d t.split(\" \",2);","lastModifiedDate":"2022-02-13"},{"lineNumber":67,"author":{"gitId":"zhc9996"},"content":"        if (v1[1].length() \u003d\u003d 0){","lastModifiedDate":"2022-02-13"},{"lineNumber":68,"author":{"gitId":"zhc9996"},"content":"            System.out.println(\"Empty Deadline Task..\");","lastModifiedDate":"2022-02-13"},{"lineNumber":69,"author":{"gitId":"zhc9996"},"content":"        }","lastModifiedDate":"2022-02-13"},{"lineNumber":70,"author":{"gitId":"zhc9996"},"content":"        String[] strArr \u003d v1[1].split(\"/by\",2);","lastModifiedDate":"2022-02-13"},{"lineNumber":71,"author":{"gitId":"zhc9996"},"content":"        if(!checkExist(strArr[0])) {","lastModifiedDate":"2022-03-30"},{"lineNumber":72,"author":{"gitId":"zhc9996"},"content":"            LocalDate d1 \u003d LocalDate.parse(strArr[1].trim());","lastModifiedDate":"2022-03-30"},{"lineNumber":73,"author":{"gitId":"zhc9996"},"content":"            Deadline deadline \u003d new Deadline(strArr[0], d1.format(DateTimeFormatter.ofPattern(\"MMM d yyyy\")));","lastModifiedDate":"2022-03-30"},{"lineNumber":74,"author":{"gitId":"zhc9996"},"content":"            TaskList.getTaskLists().add(deadline);","lastModifiedDate":"2022-02-13"},{"lineNumber":75,"author":{"gitId":"zhc9996"},"content":"            return printTask(deadline);","lastModifiedDate":"2022-02-13"},{"lineNumber":76,"author":{"gitId":"zhc9996"},"content":"        }","lastModifiedDate":"2022-02-13"},{"lineNumber":77,"author":{"gitId":"zhc9996"},"content":"        return \"Task already added\";","lastModifiedDate":"2022-03-30"},{"lineNumber":78,"author":{"gitId":"zhc9996"},"content":"    }","lastModifiedDate":"2022-03-30"},{"lineNumber":79,"author":{"gitId":"zhc9996"},"content":"    public String event(String t) {","lastModifiedDate":"2022-02-13"},{"lineNumber":80,"author":{"gitId":"zhc9996"},"content":"        String[] v1 \u003d t.split(\" \",2);","lastModifiedDate":"2022-02-13"},{"lineNumber":81,"author":{"gitId":"zhc9996"},"content":"        if (v1[1].length() \u003d\u003d 0){","lastModifiedDate":"2022-02-13"},{"lineNumber":82,"author":{"gitId":"zhc9996"},"content":"            System.out.println(\"Empty Event Task..\");","lastModifiedDate":"2022-02-13"},{"lineNumber":83,"author":{"gitId":"zhc9996"},"content":"        }","lastModifiedDate":"2022-02-13"},{"lineNumber":84,"author":{"gitId":"zhc9996"},"content":"        String[] strArr \u003d v1[1].split(\"/at\",2);","lastModifiedDate":"2022-02-13"},{"lineNumber":85,"author":{"gitId":"zhc9996"},"content":"        if(!checkExist(strArr[0])) {","lastModifiedDate":"2022-03-30"},{"lineNumber":86,"author":{"gitId":"zhc9996"},"content":"            Event event \u003d new Event(strArr[0], strArr[1]);","lastModifiedDate":"2022-02-13"},{"lineNumber":87,"author":{"gitId":"zhc9996"},"content":"            TaskList.getTaskLists().add(event);","lastModifiedDate":"2022-02-13"},{"lineNumber":88,"author":{"gitId":"zhc9996"},"content":"            return printTask(event);","lastModifiedDate":"2022-02-13"},{"lineNumber":89,"author":{"gitId":"zhc9996"},"content":"        }","lastModifiedDate":"2022-02-13"},{"lineNumber":90,"author":{"gitId":"zhc9996"},"content":"        return \"Task already added\";","lastModifiedDate":"2022-03-30"},{"lineNumber":91,"author":{"gitId":"zhc9996"},"content":"    }","lastModifiedDate":"2022-03-30"},{"lineNumber":92,"author":{"gitId":"zhc9996"},"content":"    public String delete(String t) {","lastModifiedDate":"2022-02-25"},{"lineNumber":93,"author":{"gitId":"zhc9996"},"content":"        String[] v1 \u003d t.split(\" \");","lastModifiedDate":"2022-02-25"},{"lineNumber":94,"author":{"gitId":"zhc9996"},"content":"        if (v1[1].length() \u003d\u003d 0){","lastModifiedDate":"2022-02-25"},{"lineNumber":95,"author":{"gitId":"zhc9996"},"content":"            System.out.println(\"Unknown input..\");","lastModifiedDate":"2022-02-25"},{"lineNumber":96,"author":{"gitId":"zhc9996"},"content":"        }","lastModifiedDate":"2022-02-25"},{"lineNumber":97,"author":{"gitId":"zhc9996"},"content":"        int v \u003dInteger.valueOf(v1[1]);","lastModifiedDate":"2022-02-25"},{"lineNumber":98,"author":{"gitId":"zhc9996"},"content":"        String task \u003d  TaskList.getTaskLists().get(v) + \"\\n\";","lastModifiedDate":"2022-02-25"},{"lineNumber":99,"author":{"gitId":"zhc9996"},"content":"        TaskList.getTaskLists().remove(v);","lastModifiedDate":"2022-02-25"},{"lineNumber":100,"author":{"gitId":"zhc9996"},"content":"        return \"Noted. I\u0027ve removed this task:\" + \"\\n\" +task + \"Now you have \" + TaskList.getTaskLists().size() + \" tasks in the list.\";","lastModifiedDate":"2022-02-25"},{"lineNumber":101,"author":{"gitId":"zhc9996"},"content":"    }","lastModifiedDate":"2022-02-25"},{"lineNumber":102,"author":{"gitId":"zhc9996"},"content":"    public String find(String t) {","lastModifiedDate":"2022-03-30"},{"lineNumber":103,"author":{"gitId":"zhc9996"},"content":"        String[] v1 \u003d t.split(\" \");","lastModifiedDate":"2022-03-30"},{"lineNumber":104,"author":{"gitId":"zhc9996"},"content":"        if (v1[1].length() \u003d\u003d 0) {","lastModifiedDate":"2022-03-30"},{"lineNumber":105,"author":{"gitId":"zhc9996"},"content":"            System.out.println(\"Unknown input..\");","lastModifiedDate":"2022-03-30"},{"lineNumber":106,"author":{"gitId":"zhc9996"},"content":"        }","lastModifiedDate":"2022-03-30"},{"lineNumber":107,"author":{"gitId":"zhc9996"},"content":"        String list \u003d \"\";","lastModifiedDate":"2022-03-30"},{"lineNumber":108,"author":{"gitId":"zhc9996"},"content":"        for (int i \u003d 0; i \u003c TaskList.getTaskLists().size(); i++) {","lastModifiedDate":"2022-03-30"},{"lineNumber":109,"author":{"gitId":"zhc9996"},"content":"            if (TaskList.getTaskLists().get(i).description.toString().contains(v1[1])) {","lastModifiedDate":"2022-03-30"},{"lineNumber":110,"author":{"gitId":"zhc9996"},"content":"                int number \u003d i + 1;","lastModifiedDate":"2022-03-30"},{"lineNumber":111,"author":{"gitId":"zhc9996"},"content":"                list \u003d list + number + TaskList.getTaskLists().get(i) + \"\\n\";","lastModifiedDate":"2022-03-30"},{"lineNumber":112,"author":{"gitId":"zhc9996"},"content":"            }","lastModifiedDate":"2022-03-30"},{"lineNumber":113,"author":{"gitId":"zhc9996"},"content":"        }","lastModifiedDate":"2022-03-30"},{"lineNumber":114,"author":{"gitId":"zhc9996"},"content":"        if(list !\u003d \"\"){","lastModifiedDate":"2022-03-30"},{"lineNumber":115,"author":{"gitId":"zhc9996"},"content":"            return list;","lastModifiedDate":"2022-03-30"},{"lineNumber":116,"author":{"gitId":"zhc9996"},"content":"        }","lastModifiedDate":"2022-03-30"},{"lineNumber":117,"author":{"gitId":"zhc9996"},"content":"        return \"no task found at this moment\";","lastModifiedDate":"2022-03-30"},{"lineNumber":118,"author":{"gitId":"zhc9996"},"content":"    }","lastModifiedDate":"2022-03-30"},{"lineNumber":119,"author":{"gitId":"zhc9996"},"content":"","lastModifiedDate":"2022-03-30"},{"lineNumber":120,"author":{"gitId":"zhc9996"},"content":"    /**","lastModifiedDate":"2022-03-30"},{"lineNumber":121,"author":{"gitId":"zhc9996"},"content":"     *","lastModifiedDate":"2022-03-30"},{"lineNumber":122,"author":{"gitId":"zhc9996"},"content":"     * @return","lastModifiedDate":"2022-03-30"},{"lineNumber":123,"author":{"gitId":"zhc9996"},"content":"     * /**","lastModifiedDate":"2022-03-30"},{"lineNumber":124,"author":{"gitId":"zhc9996"},"content":"     *  * added check function to show tasks completed (individual feature - 2)","lastModifiedDate":"2022-03-30"},{"lineNumber":125,"author":{"gitId":"zhc9996"},"content":"     */","lastModifiedDate":"2022-03-30"},{"lineNumber":126,"author":{"gitId":"zhc9996"},"content":"    public String show() {","lastModifiedDate":"2022-03-30"},{"lineNumber":127,"author":{"gitId":"zhc9996"},"content":"        String list \u003d \"\";","lastModifiedDate":"2022-03-30"},{"lineNumber":128,"author":{"gitId":"zhc9996"},"content":"        for (int i \u003d 0; i \u003c TaskList.getTaskLists().size(); i++) {","lastModifiedDate":"2022-03-30"},{"lineNumber":129,"author":{"gitId":"zhc9996"},"content":"            if (TaskList.getTaskLists().get(i).isDone \u003d\u003d true) {","lastModifiedDate":"2022-03-30"},{"lineNumber":130,"author":{"gitId":"zhc9996"},"content":"                int number \u003d i + 1;","lastModifiedDate":"2022-03-30"},{"lineNumber":131,"author":{"gitId":"zhc9996"},"content":"                list \u003d list + number + TaskList.getTaskLists().get(i) + \"\\n\";","lastModifiedDate":"2022-03-30"},{"lineNumber":132,"author":{"gitId":"zhc9996"},"content":"            }","lastModifiedDate":"2022-03-30"},{"lineNumber":133,"author":{"gitId":"zhc9996"},"content":"        }","lastModifiedDate":"2022-03-30"},{"lineNumber":134,"author":{"gitId":"zhc9996"},"content":"        if(list !\u003d \"\"){","lastModifiedDate":"2022-03-30"},{"lineNumber":135,"author":{"gitId":"zhc9996"},"content":"            return \"Tasks completed so far: \\n\" + list;","lastModifiedDate":"2022-03-30"},{"lineNumber":136,"author":{"gitId":"zhc9996"},"content":"        }","lastModifiedDate":"2022-03-30"},{"lineNumber":137,"author":{"gitId":"zhc9996"},"content":"        return \"no task complete at this moment\";","lastModifiedDate":"2022-03-30"},{"lineNumber":138,"author":{"gitId":"zhc9996"},"content":"    }","lastModifiedDate":"2022-03-30"},{"lineNumber":139,"author":{"gitId":"zhc9996"},"content":"    public boolean checkExist(String t){","lastModifiedDate":"2022-03-30"},{"lineNumber":140,"author":{"gitId":"zhc9996"},"content":"        for (int i \u003d 0; i \u003c TaskList.getTaskLists().size(); i++) {","lastModifiedDate":"2022-03-30"},{"lineNumber":141,"author":{"gitId":"zhc9996"},"content":"            if(TaskList.getTaskLists().get(i).description.equals(t)){","lastModifiedDate":"2022-03-30"},{"lineNumber":142,"author":{"gitId":"zhc9996"},"content":"                return true;","lastModifiedDate":"2022-03-30"},{"lineNumber":143,"author":{"gitId":"zhc9996"},"content":"            }","lastModifiedDate":"2022-03-30"},{"lineNumber":144,"author":{"gitId":"zhc9996"},"content":"        }","lastModifiedDate":"2022-03-30"},{"lineNumber":145,"author":{"gitId":"zhc9996"},"content":"        return false;","lastModifiedDate":"2022-03-30"},{"lineNumber":146,"author":{"gitId":"zhc9996"},"content":"    }","lastModifiedDate":"2022-03-30"},{"lineNumber":147,"author":{"gitId":"zhc9996"},"content":"    public String printTask(Task task){","lastModifiedDate":"2022-02-13"},{"lineNumber":148,"author":{"gitId":"zhc9996"},"content":"        return \"Got it, I\u0027ve added this task:\" + \"\\n\"","lastModifiedDate":"2022-02-13"},{"lineNumber":149,"author":{"gitId":"zhc9996"},"content":"                + \"  \" + task + \"\\n\"","lastModifiedDate":"2022-02-13"},{"lineNumber":150,"author":{"gitId":"zhc9996"},"content":"                + \"Now you have \" + TaskList.getTaskLists().size() + \" tasks in the list.\" + \"\\n\";","lastModifiedDate":"2022-02-13"},{"lineNumber":151,"author":{"gitId":"zhc9996"},"content":"    }","lastModifiedDate":"2022-02-07"},{"lineNumber":152,"author":{"gitId":"zhc9996"},"content":"}","lastModifiedDate":"2022-02-07"}],"authorContributionMap":{"zhc9996":152}},{"path":"src/main/java/duke/TaskList.java","fileType":"java","lines":[{"lineNumber":1,"author":{"gitId":"zhc9996"},"content":"package duke;","lastModifiedDate":"2022-03-30"},{"lineNumber":2,"author":{"gitId":"zhc9996"},"content":"import java.util.ArrayList;","lastModifiedDate":"2022-02-07"},{"lineNumber":3,"author":{"gitId":"zhc9996"},"content":"import java.util.List;","lastModifiedDate":"2022-02-07"},{"lineNumber":4,"author":{"gitId":"zhc9996"},"content":"","lastModifiedDate":"2022-03-30"},{"lineNumber":5,"author":{"gitId":"zhc9996"},"content":"public class TaskList {","lastModifiedDate":"2022-02-07"},{"lineNumber":6,"author":{"gitId":"zhc9996"},"content":"    private static List\u003cTask\u003e taskLists;","lastModifiedDate":"2022-02-07"},{"lineNumber":7,"author":{"gitId":"zhc9996"},"content":"","lastModifiedDate":"2022-02-07"},{"lineNumber":8,"author":{"gitId":"zhc9996"},"content":"    public TaskList() {","lastModifiedDate":"2022-02-07"},{"lineNumber":9,"author":{"gitId":"zhc9996"},"content":"        taskLists \u003d new ArrayList\u003c\u003e();","lastModifiedDate":"2022-02-07"},{"lineNumber":10,"author":{"gitId":"zhc9996"},"content":"    }","lastModifiedDate":"2022-02-07"},{"lineNumber":11,"author":{"gitId":"zhc9996"},"content":"    public static List\u003cTask\u003e getTaskLists() {","lastModifiedDate":"2022-02-07"},{"lineNumber":12,"author":{"gitId":"zhc9996"},"content":"        return taskLists;","lastModifiedDate":"2022-02-07"},{"lineNumber":13,"author":{"gitId":"zhc9996"},"content":"    }","lastModifiedDate":"2022-02-07"},{"lineNumber":14,"author":{"gitId":"zhc9996"},"content":"    public void add(Task task) {","lastModifiedDate":"2022-02-07"},{"lineNumber":15,"author":{"gitId":"zhc9996"},"content":"        taskLists.add(task);","lastModifiedDate":"2022-02-07"},{"lineNumber":16,"author":{"gitId":"zhc9996"},"content":"    }","lastModifiedDate":"2022-02-07"},{"lineNumber":17,"author":{"gitId":"zhc9996"},"content":"}","lastModifiedDate":"2022-02-07"}],"authorContributionMap":{"zhc9996":17}},{"path":"src/main/java/duke/Todo.java","fileType":"java","lines":[{"lineNumber":1,"author":{"gitId":"zhc9996"},"content":"package duke;","lastModifiedDate":"2022-03-30"},{"lineNumber":2,"author":{"gitId":"zhc9996"},"content":"public class Todo extends Task{","lastModifiedDate":"2022-02-13"},{"lineNumber":3,"author":{"gitId":"zhc9996"},"content":"    public Todo(String description) {","lastModifiedDate":"2022-02-13"},{"lineNumber":4,"author":{"gitId":"zhc9996"},"content":"        super(description);","lastModifiedDate":"2022-02-13"},{"lineNumber":5,"author":{"gitId":"zhc9996"},"content":"    }","lastModifiedDate":"2022-02-13"},{"lineNumber":6,"author":{"gitId":"zhc9996"},"content":"","lastModifiedDate":"2022-02-13"},{"lineNumber":7,"author":{"gitId":"zhc9996"},"content":"    @Override","lastModifiedDate":"2022-02-13"},{"lineNumber":8,"author":{"gitId":"zhc9996"},"content":"    public String toString(){","lastModifiedDate":"2022-02-13"},{"lineNumber":9,"author":{"gitId":"zhc9996"},"content":"        return \"[T]\" + super.toString();","lastModifiedDate":"2022-02-13"},{"lineNumber":10,"author":{"gitId":"zhc9996"},"content":"    }","lastModifiedDate":"2022-02-13"},{"lineNumber":11,"author":{"gitId":"zhc9996"},"content":"}","lastModifiedDate":"2022-02-13"}],"authorContributionMap":{"zhc9996":11}},{"path":"src/test/java/TaskHandlerTest.java","fileType":"java","lines":[{"lineNumber":1,"author":{"gitId":"zhc9996"},"content":"import duke.Task;","lastModifiedDate":"2022-03-30"},{"lineNumber":2,"author":{"gitId":"zhc9996"},"content":"import duke.TaskHandler;","lastModifiedDate":"2022-03-30"},{"lineNumber":3,"author":{"gitId":"zhc9996"},"content":"import duke.TaskList;","lastModifiedDate":"2022-03-30"},{"lineNumber":4,"author":{"gitId":"zhc9996"},"content":"import duke.Todo;","lastModifiedDate":"2022-03-30"},{"lineNumber":5,"author":{"gitId":"zhc9996"},"content":"import org.junit.jupiter.api.Test;","lastModifiedDate":"2022-03-30"},{"lineNumber":6,"author":{"gitId":"zhc9996"},"content":"import org.junit.jupiter.api.Assertions;","lastModifiedDate":"2022-03-30"},{"lineNumber":7,"author":{"gitId":"zhc9996"},"content":"","lastModifiedDate":"2022-03-30"},{"lineNumber":8,"author":{"gitId":"zhc9996"},"content":"class TaskHandlerTest {","lastModifiedDate":"2022-03-30"},{"lineNumber":9,"author":{"gitId":"zhc9996"},"content":"    @Test","lastModifiedDate":"2022-03-30"},{"lineNumber":10,"author":{"gitId":"zhc9996"},"content":"    public void TaskTestBye(){","lastModifiedDate":"2022-03-30"},{"lineNumber":11,"author":{"gitId":"zhc9996"},"content":"        TaskHandler th \u003d new TaskHandler();","lastModifiedDate":"2022-03-30"},{"lineNumber":12,"author":{"gitId":"zhc9996"},"content":"        Assertions.assertEquals(\"Bye. Hope to see you again soon!\\n\", th.bye());","lastModifiedDate":"2022-03-30"},{"lineNumber":13,"author":{"gitId":"zhc9996"},"content":"    }","lastModifiedDate":"2022-03-30"},{"lineNumber":14,"author":{"gitId":"zhc9996"},"content":"    @Test","lastModifiedDate":"2022-03-30"},{"lineNumber":15,"author":{"gitId":"zhc9996"},"content":"    public void TaskTestGreeting() {","lastModifiedDate":"2022-03-30"},{"lineNumber":16,"author":{"gitId":"zhc9996"},"content":"        TaskHandler th \u003d new TaskHandler();","lastModifiedDate":"2022-03-30"},{"lineNumber":17,"author":{"gitId":"zhc9996"},"content":"        Assertions.assertEquals(\"Hello! I\u0027m Duke, What can I do for you?\", th.hello());","lastModifiedDate":"2022-03-30"},{"lineNumber":18,"author":{"gitId":"zhc9996"},"content":"    }","lastModifiedDate":"2022-03-30"},{"lineNumber":19,"author":{"gitId":"zhc9996"},"content":"    @Test","lastModifiedDate":"2022-03-30"},{"lineNumber":20,"author":{"gitId":"zhc9996"},"content":"    public void TaskTestTodo() {","lastModifiedDate":"2022-03-30"},{"lineNumber":21,"author":{"gitId":"zhc9996"},"content":"        TaskHandler th \u003d new TaskHandler();","lastModifiedDate":"2022-03-30"},{"lineNumber":22,"author":{"gitId":"zhc9996"},"content":"        TaskList tl \u003d new TaskList();","lastModifiedDate":"2022-03-30"},{"lineNumber":23,"author":{"gitId":"zhc9996"},"content":"        Task t1 \u003d new Task(\"borrow book\");","lastModifiedDate":"2022-03-30"},{"lineNumber":24,"author":{"gitId":"zhc9996"},"content":"        tl.add(t1);","lastModifiedDate":"2022-03-30"},{"lineNumber":25,"author":{"gitId":"zhc9996"},"content":"        Assertions.assertEquals(\"Got it, I\u0027ve added this task:\\n\" +","lastModifiedDate":"2022-03-30"},{"lineNumber":26,"author":{"gitId":"zhc9996"},"content":"                \"  [ ] borrow book\\n\" +","lastModifiedDate":"2022-03-30"},{"lineNumber":27,"author":{"gitId":"zhc9996"},"content":"                \"Now you have 1 tasks in the list.\\n\", th.printTask(t1));","lastModifiedDate":"2022-03-30"},{"lineNumber":28,"author":{"gitId":"zhc9996"},"content":"    }","lastModifiedDate":"2022-03-30"},{"lineNumber":29,"author":{"gitId":"zhc9996"},"content":"}","lastModifiedDate":"2022-03-30"}],"authorContributionMap":{"zhc9996":29}}]
