{"authorDailyContributionsMap":{"zhc9996":[{"date":"2022-02-06","commitResults":[{"hash":"55a87f3c341445d064e980fe9612bf76bd9ce7ee","messageTitle":"version 1(level1 and level2)","messageBody":"","tags":["lvl1_lvl2"],"fileTypesAndContributionMap":{"java":{"insertions":36,"deletions":6}}}]},{"date":"2022-02-07","commitResults":[{"hash":"03d7f57a3f0c823b4c0a4c6ce489fc3a42dbdf2e","messageTitle":"version 2(level3)","messageBody":"","tags":["lvl3"],"fileTypesAndContributionMap":{"java":{"insertions":110,"deletions":29}}}]},{"date":"2022-02-13","commitResults":[{"hash":"2ef65efdd10e4b5a849383be434688caf9510111","messageTitle":"duke level 4(todo, deadline and event)","messageBody":"","fileTypesAndContributionMap":{"java":{"insertions":6,"deletions":0}}},{"hash":"e54e66b385df7588c8517de71389191d55336ae2","messageTitle":"duke task level 4","messageBody":"","fileTypesAndContributionMap":{"java":{"insertions":80,"deletions":8}}}]}]},"authorFileTypeContributionMap":{"zhc9996":{"java":194,"md":0,"fxml":0,"sh":0,"bat":0,"gradle":0,"txt":0}},"authorContributionVariance":{"zhc9996":793.15094},"authorDisplayNameMap":{"zhc9996":"ZHAI..CHAO"}}
