[{"path":"src/main/java/Deadline.java","fileType":"java","lines":[{"lineNumber":1,"author":{"gitId":"olehze"},"content":"public class Deadline extends Task {","lastModifiedDate":"2022-02-11"},{"lineNumber":2,"author":{"gitId":"olehze"},"content":"","lastModifiedDate":"2022-02-11"},{"lineNumber":3,"author":{"gitId":"olehze"},"content":"    protected String by;","lastModifiedDate":"2022-02-11"},{"lineNumber":4,"author":{"gitId":"olehze"},"content":"","lastModifiedDate":"2022-02-11"},{"lineNumber":5,"author":{"gitId":"olehze"},"content":"    public Deadline(String description, String by) {","lastModifiedDate":"2022-02-11"},{"lineNumber":6,"author":{"gitId":"olehze"},"content":"        super(description);","lastModifiedDate":"2022-02-11"},{"lineNumber":7,"author":{"gitId":"olehze"},"content":"        this.by \u003d by;","lastModifiedDate":"2022-02-11"},{"lineNumber":8,"author":{"gitId":"olehze"},"content":"    }","lastModifiedDate":"2022-02-11"},{"lineNumber":9,"author":{"gitId":"olehze"},"content":"","lastModifiedDate":"2022-02-11"},{"lineNumber":10,"author":{"gitId":"olehze"},"content":"    public String getBy(){","lastModifiedDate":"2022-02-11"},{"lineNumber":11,"author":{"gitId":"olehze"},"content":"        return this.by;","lastModifiedDate":"2022-02-11"},{"lineNumber":12,"author":{"gitId":"olehze"},"content":"    }","lastModifiedDate":"2022-02-11"},{"lineNumber":13,"author":{"gitId":"olehze"},"content":"","lastModifiedDate":"2022-02-11"},{"lineNumber":14,"author":{"gitId":"olehze"},"content":"    public void setBy(String by){","lastModifiedDate":"2022-02-11"},{"lineNumber":15,"author":{"gitId":"olehze"},"content":"        this.by \u003d by;","lastModifiedDate":"2022-02-11"},{"lineNumber":16,"author":{"gitId":"olehze"},"content":"    }","lastModifiedDate":"2022-02-11"},{"lineNumber":17,"author":{"gitId":"olehze"},"content":"","lastModifiedDate":"2022-02-11"},{"lineNumber":18,"author":{"gitId":"olehze"},"content":"    @Override","lastModifiedDate":"2022-02-11"},{"lineNumber":19,"author":{"gitId":"olehze"},"content":"    public String toString() {","lastModifiedDate":"2022-02-11"},{"lineNumber":20,"author":{"gitId":"olehze"},"content":"        return \"[D]\" + super.toString() + \" (by: \" + by + \")\";","lastModifiedDate":"2022-02-11"},{"lineNumber":21,"author":{"gitId":"olehze"},"content":"    }","lastModifiedDate":"2022-02-11"},{"lineNumber":22,"author":{"gitId":"olehze"},"content":"}","lastModifiedDate":"2022-02-11"}],"authorContributionMap":{"olehze":22}},{"path":"src/main/java/Duke.java","fileType":"java","lines":[{"lineNumber":1,"author":{"gitId":"olehze"},"content":"import java.util.Scanner;","lastModifiedDate":"2022-02-07"},{"lineNumber":2,"author":{"gitId":"olehze"},"content":"import java.util.ArrayList;","lastModifiedDate":"2022-02-09"},{"lineNumber":3,"author":{"gitId":"olehze"},"content":"import java.util.List;","lastModifiedDate":"2022-02-09"},{"lineNumber":4,"author":{"gitId":"olehze"},"content":"","lastModifiedDate":"2022-02-07"},{"lineNumber":5,"author":{"gitId":"-"},"content":"public class Duke {","lastModifiedDate":"2019-07-29"},{"lineNumber":6,"author":{"gitId":"olehze"},"content":"    public static void printline(){","lastModifiedDate":"2022-02-07"},{"lineNumber":7,"author":{"gitId":"olehze"},"content":"        System.out.println(\"_______________________________________\");","lastModifiedDate":"2022-02-07"},{"lineNumber":8,"author":{"gitId":"olehze"},"content":"    }","lastModifiedDate":"2022-02-07"},{"lineNumber":9,"author":{"gitId":"olehze"},"content":"    public static void printspace(){","lastModifiedDate":"2022-02-11"},{"lineNumber":10,"author":{"gitId":"olehze"},"content":"        System.out.println(\"\\n\");","lastModifiedDate":"2022-02-11"},{"lineNumber":11,"author":{"gitId":"olehze"},"content":"    }","lastModifiedDate":"2022-02-11"},{"lineNumber":12,"author":{"gitId":"olehze"},"content":"","lastModifiedDate":"2022-02-11"},{"lineNumber":13,"author":{"gitId":"olehze"},"content":"","lastModifiedDate":"2022-02-07"},{"lineNumber":14,"author":{"gitId":"olehze"},"content":"    static List\u003cTask\u003e tasklist \u003d new ArrayList\u003cTask\u003e();","lastModifiedDate":"2022-02-09"},{"lineNumber":15,"author":{"gitId":"olehze"},"content":"","lastModifiedDate":"2022-02-07"},{"lineNumber":16,"author":{"gitId":"olehze"},"content":"    public static void system(){","lastModifiedDate":"2022-02-07"},{"lineNumber":17,"author":{"gitId":"olehze"},"content":"        Speech.introduction();","lastModifiedDate":"2022-02-09"},{"lineNumber":18,"author":{"gitId":"olehze"},"content":"        printline();","lastModifiedDate":"2022-02-07"},{"lineNumber":19,"author":{"gitId":"olehze"},"content":"        printspace();","lastModifiedDate":"2022-02-11"},{"lineNumber":20,"author":{"gitId":"olehze"},"content":"        int counter\u003d0;","lastModifiedDate":"2022-02-07"},{"lineNumber":21,"author":{"gitId":"olehze"},"content":"        String line;","lastModifiedDate":"2022-02-07"},{"lineNumber":22,"author":{"gitId":"olehze"},"content":"        Scanner input \u003d new Scanner(System.in);","lastModifiedDate":"2022-02-07"},{"lineNumber":23,"author":{"gitId":"olehze"},"content":"","lastModifiedDate":"2022-02-07"},{"lineNumber":24,"author":{"gitId":"olehze"},"content":"        while(true)","lastModifiedDate":"2022-02-07"},{"lineNumber":25,"author":{"gitId":"olehze"},"content":"        {","lastModifiedDate":"2022-02-07"},{"lineNumber":26,"author":{"gitId":"olehze"},"content":"            line\u003dinput.nextLine();","lastModifiedDate":"2022-02-07"},{"lineNumber":27,"author":{"gitId":"olehze"},"content":"            String[] dimensions \u003d line.split(\" \");","lastModifiedDate":"2022-02-09"},{"lineNumber":28,"author":{"gitId":"olehze"},"content":"            if (dimensions[0].equals(\"bye\")) {","lastModifiedDate":"2022-02-09"},{"lineNumber":29,"author":{"gitId":"olehze"},"content":"                printline();","lastModifiedDate":"2022-02-07"},{"lineNumber":30,"author":{"gitId":"olehze"},"content":"                Speech.farewell();","lastModifiedDate":"2022-02-09"},{"lineNumber":31,"author":{"gitId":"olehze"},"content":"                System.exit(0);","lastModifiedDate":"2022-02-11"},{"lineNumber":32,"author":{"gitId":"olehze"},"content":"            }","lastModifiedDate":"2022-02-07"},{"lineNumber":33,"author":{"gitId":"olehze"},"content":"            else if (dimensions[0].equals(\"list\")) {","lastModifiedDate":"2022-02-09"},{"lineNumber":34,"author":{"gitId":"olehze"},"content":"                printline();","lastModifiedDate":"2022-02-07"},{"lineNumber":35,"author":{"gitId":"olehze"},"content":"                if(tasklist.size()\u003d\u003d0){","lastModifiedDate":"2022-02-09"},{"lineNumber":36,"author":{"gitId":"olehze"},"content":"                    Speech.emptylist();","lastModifiedDate":"2022-02-11"},{"lineNumber":37,"author":{"gitId":"olehze"},"content":"                }","lastModifiedDate":"2022-02-09"},{"lineNumber":38,"author":{"gitId":"olehze"},"content":"                else {","lastModifiedDate":"2022-02-09"},{"lineNumber":39,"author":{"gitId":"olehze"},"content":"                    int index \u003d 1;","lastModifiedDate":"2022-02-09"},{"lineNumber":40,"author":{"gitId":"olehze"},"content":"                    System.out.println(\"Yes Sir, this is the current list of Tasks you have on hand:\\n\");","lastModifiedDate":"2022-02-11"},{"lineNumber":41,"author":{"gitId":"olehze"},"content":"                    for(Task t : tasklist){","lastModifiedDate":"2022-02-09"},{"lineNumber":42,"author":{"gitId":"olehze"},"content":"                        System.out.println(index + \". \" +t.toString());","lastModifiedDate":"2022-02-11"},{"lineNumber":43,"author":{"gitId":"olehze"},"content":"                        index++;","lastModifiedDate":"2022-02-09"},{"lineNumber":44,"author":{"gitId":"olehze"},"content":"                    }","lastModifiedDate":"2022-02-09"},{"lineNumber":45,"author":{"gitId":"olehze"},"content":"                    if(tasklist.size()\u003d\u003d1){","lastModifiedDate":"2022-02-11"},{"lineNumber":46,"author":{"gitId":"olehze"},"content":"                        System.out.println(\"\\nThere is a total of \" + tasklist.size() + \" task, don\u0027t think it requires much time to clear 1 Task Sir\");","lastModifiedDate":"2022-02-11"},{"lineNumber":47,"author":{"gitId":"olehze"},"content":"                    }","lastModifiedDate":"2022-02-11"},{"lineNumber":48,"author":{"gitId":"olehze"},"content":"                    else if(tasklist.size()\u003c5){","lastModifiedDate":"2022-02-11"},{"lineNumber":49,"author":{"gitId":"olehze"},"content":"                        System.out.println(\"\\nThere are a total of \" + tasklist.size() + \" tasks, feel free to clear them at your earliest convenience, Sir\");","lastModifiedDate":"2022-02-11"},{"lineNumber":50,"author":{"gitId":"olehze"},"content":"                    }","lastModifiedDate":"2022-02-11"},{"lineNumber":51,"author":{"gitId":"olehze"},"content":"                    else{","lastModifiedDate":"2022-02-11"},{"lineNumber":52,"author":{"gitId":"olehze"},"content":"                        System.out.println(\"\\nThere are a total of \" + tasklist.size() + \" tasks, and it is getting too much to do, dont you think Sir?\");","lastModifiedDate":"2022-02-11"},{"lineNumber":53,"author":{"gitId":"olehze"},"content":"                    }","lastModifiedDate":"2022-02-11"},{"lineNumber":54,"author":{"gitId":"olehze"},"content":"                }","lastModifiedDate":"2022-02-09"},{"lineNumber":55,"author":{"gitId":"olehze"},"content":"            }","lastModifiedDate":"2022-02-09"},{"lineNumber":56,"author":{"gitId":"olehze"},"content":"            else if (dimensions[0].equals(\"delete\")) {","lastModifiedDate":"2022-03-02"},{"lineNumber":57,"author":{"gitId":"olehze"},"content":"                String[] dimensions1 \u003d line.split(\" \");","lastModifiedDate":"2022-03-02"},{"lineNumber":58,"author":{"gitId":"olehze"},"content":"                String sentence \u003d \"\";","lastModifiedDate":"2022-03-02"},{"lineNumber":59,"author":{"gitId":"olehze"},"content":"                try {","lastModifiedDate":"2022-03-02"},{"lineNumber":60,"author":{"gitId":"olehze"},"content":"                    if (tasklist.size() \u003d\u003d 0 || dimensions1.length\u003c2) {","lastModifiedDate":"2022-03-02"},{"lineNumber":61,"author":{"gitId":"olehze"},"content":"                        throw new DukeException(\"no number inserted or nothing on list\");","lastModifiedDate":"2022-03-02"},{"lineNumber":62,"author":{"gitId":"olehze"},"content":"                    }","lastModifiedDate":"2022-03-02"},{"lineNumber":63,"author":{"gitId":"olehze"},"content":"                    if ((Integer.parseInt(dimensions[1])) \u003e tasklist.size()) {","lastModifiedDate":"2022-03-02"},{"lineNumber":64,"author":{"gitId":"olehze"},"content":"                        throw new DukeException(\"The number inserted to delete is larger than required\");","lastModifiedDate":"2022-03-02"},{"lineNumber":65,"author":{"gitId":"olehze"},"content":"                    }","lastModifiedDate":"2022-03-02"},{"lineNumber":66,"author":{"gitId":"olehze"},"content":"                    if ((Integer.parseInt(dimensions[1])) \u003c 0) {","lastModifiedDate":"2022-03-02"},{"lineNumber":67,"author":{"gitId":"olehze"},"content":"                        throw new DukeException(\"The number inserted to delete is smaller than 0\");","lastModifiedDate":"2022-03-02"},{"lineNumber":68,"author":{"gitId":"olehze"},"content":"                    }","lastModifiedDate":"2022-03-02"},{"lineNumber":69,"author":{"gitId":"olehze"},"content":"                    System.out.println(\"Yes Sir, I have deleted (\" + tasklist.get(Integer.parseInt(dimensions[1]) - 1).getDescription() + \")\");","lastModifiedDate":"2022-03-02"},{"lineNumber":70,"author":{"gitId":"olehze"},"content":"                    tasklist.remove(Integer.parseInt(dimensions[1]) - 1);","lastModifiedDate":"2022-03-02"},{"lineNumber":71,"author":{"gitId":"olehze"},"content":"                } catch (DukeException e) {","lastModifiedDate":"2022-03-02"},{"lineNumber":72,"author":{"gitId":"olehze"},"content":"                    if (e.getError().equalsIgnoreCase(\"no number inserted or nothing on list\")) {","lastModifiedDate":"2022-03-02"},{"lineNumber":73,"author":{"gitId":"olehze"},"content":"                        printline();","lastModifiedDate":"2022-03-02"},{"lineNumber":74,"author":{"gitId":"olehze"},"content":"                        System.out.println(\"Sir, May i remind you that there are 0 tasks to delete for that matter\");","lastModifiedDate":"2022-03-02"},{"lineNumber":75,"author":{"gitId":"olehze"},"content":"                    }","lastModifiedDate":"2022-03-02"},{"lineNumber":76,"author":{"gitId":"olehze"},"content":"                    if (e.getError().equalsIgnoreCase(\"The number inserted to delete is larger than required\")) {","lastModifiedDate":"2022-03-02"},{"lineNumber":77,"author":{"gitId":"olehze"},"content":"                        printline();","lastModifiedDate":"2022-03-02"},{"lineNumber":78,"author":{"gitId":"olehze"},"content":"                        System.out.println(\"Sir, The number inserted to delete is larger than required\");","lastModifiedDate":"2022-03-02"},{"lineNumber":79,"author":{"gitId":"olehze"},"content":"                    }","lastModifiedDate":"2022-03-02"},{"lineNumber":80,"author":{"gitId":"olehze"},"content":"                    if (e.getError().equalsIgnoreCase(\"The number inserted to delete is smaller than 0\")) {","lastModifiedDate":"2022-03-02"},{"lineNumber":81,"author":{"gitId":"olehze"},"content":"                        printline();","lastModifiedDate":"2022-03-02"},{"lineNumber":82,"author":{"gitId":"olehze"},"content":"                        System.out.println(\"Sir, The number inserted to delete is smaller than 0\");","lastModifiedDate":"2022-03-02"},{"lineNumber":83,"author":{"gitId":"olehze"},"content":"                    }","lastModifiedDate":"2022-03-02"},{"lineNumber":84,"author":{"gitId":"olehze"},"content":"                }","lastModifiedDate":"2022-03-02"},{"lineNumber":85,"author":{"gitId":"olehze"},"content":"            }","lastModifiedDate":"2022-03-02"},{"lineNumber":86,"author":{"gitId":"olehze"},"content":"            else if (dimensions[0].equalsIgnoreCase(\"mark\")) {","lastModifiedDate":"2022-02-11"},{"lineNumber":87,"author":{"gitId":"olehze"},"content":"                String[] dimensions1 \u003d line.split(\" \");","lastModifiedDate":"2022-03-02"},{"lineNumber":88,"author":{"gitId":"olehze"},"content":"                String sentence \u003d \"\";","lastModifiedDate":"2022-03-02"},{"lineNumber":89,"author":{"gitId":"olehze"},"content":"                try {","lastModifiedDate":"2022-02-16"},{"lineNumber":90,"author":{"gitId":"olehze"},"content":"                    if(dimensions1.length\u003c2){","lastModifiedDate":"2022-03-02"},{"lineNumber":91,"author":{"gitId":"olehze"},"content":"                        throw new DukeException(\"Missing mark number\");","lastModifiedDate":"2022-03-02"},{"lineNumber":92,"author":{"gitId":"olehze"},"content":"                    }","lastModifiedDate":"2022-03-02"},{"lineNumber":93,"author":{"gitId":"olehze"},"content":"                    if ((Integer.parseInt(dimensions[1])) \u003e tasklist.size()) {","lastModifiedDate":"2022-02-16"},{"lineNumber":94,"author":{"gitId":"olehze"},"content":"                        throw new DukeException(\"The number inserted to mark is larger than required\");","lastModifiedDate":"2022-02-16"},{"lineNumber":95,"author":{"gitId":"olehze"},"content":"                    }","lastModifiedDate":"2022-02-16"},{"lineNumber":96,"author":{"gitId":"olehze"},"content":"                    if ((Integer.parseInt(dimensions[1])) \u003c 0) {","lastModifiedDate":"2022-02-16"},{"lineNumber":97,"author":{"gitId":"olehze"},"content":"                        throw new DukeException(\"The number inserted to mark is small than 0\");","lastModifiedDate":"2022-02-16"},{"lineNumber":98,"author":{"gitId":"olehze"},"content":"                    }","lastModifiedDate":"2022-02-16"},{"lineNumber":99,"author":{"gitId":"olehze"},"content":"                    if (tasklist.get(Integer.parseInt(dimensions[1]) - 1).isDone \u003d\u003d true) {","lastModifiedDate":"2022-02-16"},{"lineNumber":100,"author":{"gitId":"olehze"},"content":"                        throw new DukeException(\"Been Marked Before\");","lastModifiedDate":"2022-02-16"},{"lineNumber":101,"author":{"gitId":"olehze"},"content":"                    }","lastModifiedDate":"2022-02-16"},{"lineNumber":102,"author":{"gitId":"olehze"},"content":"                    tasklist.get(Integer.parseInt(dimensions[1]) - 1).markAsDone();","lastModifiedDate":"2022-02-09"},{"lineNumber":103,"author":{"gitId":"olehze"},"content":"                    System.out.println(\"Yes Sir, I have marked (\" + tasklist.get(Integer.parseInt(dimensions[1]) - 1).getDescription() + \") as done \" + \"[\" + tasklist.get(Integer.parseInt(dimensions[1]) - 1).getStatusIcon() + \"]\");","lastModifiedDate":"2022-02-09"},{"lineNumber":104,"author":{"gitId":"olehze"},"content":"                } catch (DukeException e) {","lastModifiedDate":"2022-02-16"},{"lineNumber":105,"author":{"gitId":"olehze"},"content":"                    if (e.getError().equalsIgnoreCase(\"The number inserted to mark is larger than required\")) {","lastModifiedDate":"2022-02-16"},{"lineNumber":106,"author":{"gitId":"olehze"},"content":"                        printline();","lastModifiedDate":"2022-02-16"},{"lineNumber":107,"author":{"gitId":"olehze"},"content":"                        System.out.println(\"Sir, May i remind you to insert a task number smaller than what you have on the list\");","lastModifiedDate":"2022-02-16"},{"lineNumber":108,"author":{"gitId":"olehze"},"content":"                    }","lastModifiedDate":"2022-02-16"},{"lineNumber":109,"author":{"gitId":"olehze"},"content":"                    if (e.getError().equalsIgnoreCase(\"The number inserted to mark is small than 0\")) {","lastModifiedDate":"2022-02-16"},{"lineNumber":110,"author":{"gitId":"olehze"},"content":"                        printline();","lastModifiedDate":"2022-02-16"},{"lineNumber":111,"author":{"gitId":"olehze"},"content":"                        System.out.println(\"Sir, May i remind you to insert task number larger than 0\");","lastModifiedDate":"2022-02-16"},{"lineNumber":112,"author":{"gitId":"olehze"},"content":"                    }","lastModifiedDate":"2022-02-16"},{"lineNumber":113,"author":{"gitId":"olehze"},"content":"                    if (e.getError().equalsIgnoreCase(\"Been Marked Before\")) {","lastModifiedDate":"2022-02-16"},{"lineNumber":114,"author":{"gitId":"olehze"},"content":"                        printline();","lastModifiedDate":"2022-02-16"},{"lineNumber":115,"author":{"gitId":"olehze"},"content":"                        System.out.println(\"Sir, May i remind you to that this task was completed before\");","lastModifiedDate":"2022-02-16"},{"lineNumber":116,"author":{"gitId":"olehze"},"content":"                    }","lastModifiedDate":"2022-02-16"},{"lineNumber":117,"author":{"gitId":"olehze"},"content":"                    if (e.getError().equalsIgnoreCase(\"Missing mark number\")) {","lastModifiedDate":"2022-03-02"},{"lineNumber":118,"author":{"gitId":"olehze"},"content":"                        printline();","lastModifiedDate":"2022-03-02"},{"lineNumber":119,"author":{"gitId":"olehze"},"content":"                        System.out.println(\"Sir, May i remind you to insert a number after mark\");","lastModifiedDate":"2022-03-02"},{"lineNumber":120,"author":{"gitId":"olehze"},"content":"                    }","lastModifiedDate":"2022-03-02"},{"lineNumber":121,"author":{"gitId":"olehze"},"content":"                }","lastModifiedDate":"2022-02-16"},{"lineNumber":122,"author":{"gitId":"olehze"},"content":"            }","lastModifiedDate":"2022-02-07"},{"lineNumber":123,"author":{"gitId":"olehze"},"content":"            else if (dimensions[0].equalsIgnoreCase(\"unmark\")) {","lastModifiedDate":"2022-02-11"},{"lineNumber":124,"author":{"gitId":"olehze"},"content":"                String[] dimensions1 \u003d line.split(\" \");","lastModifiedDate":"2022-03-02"},{"lineNumber":125,"author":{"gitId":"olehze"},"content":"                String sentence \u003d \"\";","lastModifiedDate":"2022-03-02"},{"lineNumber":126,"author":{"gitId":"olehze"},"content":"                try {","lastModifiedDate":"2022-02-16"},{"lineNumber":127,"author":{"gitId":"olehze"},"content":"                    if (dimensions1.length \u003c 2) {","lastModifiedDate":"2022-03-02"},{"lineNumber":128,"author":{"gitId":"olehze"},"content":"                        throw new DukeException(\"Missing unmark number\");","lastModifiedDate":"2022-03-02"},{"lineNumber":129,"author":{"gitId":"olehze"},"content":"                    }","lastModifiedDate":"2022-03-02"},{"lineNumber":130,"author":{"gitId":"olehze"},"content":"                    if ((Integer.parseInt(dimensions[1])) \u003e tasklist.size()) {","lastModifiedDate":"2022-02-16"},{"lineNumber":131,"author":{"gitId":"olehze"},"content":"                        throw new DukeException(\"Too big\");","lastModifiedDate":"2022-02-16"},{"lineNumber":132,"author":{"gitId":"olehze"},"content":"                    }","lastModifiedDate":"2022-02-16"},{"lineNumber":133,"author":{"gitId":"olehze"},"content":"                    if ((Integer.parseInt(dimensions[1])) \u003c 0) {","lastModifiedDate":"2022-02-16"},{"lineNumber":134,"author":{"gitId":"olehze"},"content":"                        throw new DukeException(\"Too Small\");","lastModifiedDate":"2022-02-16"},{"lineNumber":135,"author":{"gitId":"olehze"},"content":"                    }","lastModifiedDate":"2022-02-16"},{"lineNumber":136,"author":{"gitId":"olehze"},"content":"                    if (tasklist.get(Integer.parseInt(dimensions[1]) - 1).isDone \u003d\u003d false) {","lastModifiedDate":"2022-02-16"},{"lineNumber":137,"author":{"gitId":"olehze"},"content":"                        throw new DukeException(\"Been unmarked Before\");","lastModifiedDate":"2022-02-16"},{"lineNumber":138,"author":{"gitId":"olehze"},"content":"                    }","lastModifiedDate":"2022-02-16"},{"lineNumber":139,"author":{"gitId":"olehze"},"content":"                    tasklist.get(Integer.parseInt(dimensions[1]) - 1).markAsUndone();","lastModifiedDate":"2022-02-09"},{"lineNumber":140,"author":{"gitId":"olehze"},"content":"                    System.out.println(\"Yes Sir, I have unmarked (\" + tasklist.get(Integer.parseInt(dimensions[1]) - 1).getDescription() + \") as undone \" + \"[\" + tasklist.get(Integer.parseInt(dimensions[1]) - 1).getStatusIcon() + \"]\");","lastModifiedDate":"2022-02-11"},{"lineNumber":141,"author":{"gitId":"olehze"},"content":"","lastModifiedDate":"2022-02-16"},{"lineNumber":142,"author":{"gitId":"olehze"},"content":"                } catch (DukeException e) {","lastModifiedDate":"2022-02-16"},{"lineNumber":143,"author":{"gitId":"olehze"},"content":"                    if (e.getError().equalsIgnoreCase(\"Too big\")) {","lastModifiedDate":"2022-02-16"},{"lineNumber":144,"author":{"gitId":"olehze"},"content":"                        printline();","lastModifiedDate":"2022-02-16"},{"lineNumber":145,"author":{"gitId":"olehze"},"content":"                        System.out.println(\"Sir, May i remind you to insert a task number smaller than what you have on the list\");","lastModifiedDate":"2022-02-16"},{"lineNumber":146,"author":{"gitId":"olehze"},"content":"                    }","lastModifiedDate":"2022-02-16"},{"lineNumber":147,"author":{"gitId":"olehze"},"content":"                    if (e.getError().equalsIgnoreCase(\"Too Small\")) {","lastModifiedDate":"2022-02-16"},{"lineNumber":148,"author":{"gitId":"olehze"},"content":"                        printline();","lastModifiedDate":"2022-02-16"},{"lineNumber":149,"author":{"gitId":"olehze"},"content":"                        System.out.println(\"Sir, May i remind you to insert task number larger than 0\");","lastModifiedDate":"2022-02-16"},{"lineNumber":150,"author":{"gitId":"olehze"},"content":"                    }","lastModifiedDate":"2022-02-16"},{"lineNumber":151,"author":{"gitId":"olehze"},"content":"                    if (e.getError().equalsIgnoreCase(\"Been unmarked Before\")) {","lastModifiedDate":"2022-02-16"},{"lineNumber":152,"author":{"gitId":"olehze"},"content":"                        printline();","lastModifiedDate":"2022-02-16"},{"lineNumber":153,"author":{"gitId":"olehze"},"content":"                        System.out.println(\"Sir, May i remind you to that this task was undone before you decided to unmark it\");","lastModifiedDate":"2022-02-16"},{"lineNumber":154,"author":{"gitId":"olehze"},"content":"                    }","lastModifiedDate":"2022-02-16"},{"lineNumber":155,"author":{"gitId":"olehze"},"content":"                    if (e.getError().equalsIgnoreCase(\"Missing unmark number\")) {","lastModifiedDate":"2022-03-02"},{"lineNumber":156,"author":{"gitId":"olehze"},"content":"                        printline();","lastModifiedDate":"2022-03-02"},{"lineNumber":157,"author":{"gitId":"olehze"},"content":"                        System.out.println(\"Sir, May i remind you to insert a number after unmark\");","lastModifiedDate":"2022-03-02"},{"lineNumber":158,"author":{"gitId":"olehze"},"content":"                    }","lastModifiedDate":"2022-03-02"},{"lineNumber":159,"author":{"gitId":"olehze"},"content":"                }","lastModifiedDate":"2022-02-16"},{"lineNumber":160,"author":{"gitId":"olehze"},"content":"            }","lastModifiedDate":"2022-02-07"},{"lineNumber":161,"author":{"gitId":"olehze"},"content":"            else if (dimensions[0].equalsIgnoreCase(\"event\"))","lastModifiedDate":"2022-02-11"},{"lineNumber":162,"author":{"gitId":"olehze"},"content":"            {","lastModifiedDate":"2022-02-07"},{"lineNumber":163,"author":{"gitId":"olehze"},"content":"                try {","lastModifiedDate":"2022-02-16"},{"lineNumber":164,"author":{"gitId":"olehze"},"content":"                    String[] dimensions1 \u003d line.split(\" \");","lastModifiedDate":"2022-02-11"},{"lineNumber":165,"author":{"gitId":"olehze"},"content":"                    String sentence \u003d \"\";","lastModifiedDate":"2022-02-11"},{"lineNumber":166,"author":{"gitId":"olehze"},"content":"                    if(dimensions1.length\u003c2){","lastModifiedDate":"2022-02-16"},{"lineNumber":167,"author":{"gitId":"olehze"},"content":"                        throw new DukeException(\"Missing Event\");","lastModifiedDate":"2022-02-16"},{"lineNumber":168,"author":{"gitId":"olehze"},"content":"                    }","lastModifiedDate":"2022-02-16"},{"lineNumber":169,"author":{"gitId":"olehze"},"content":"                    sentence\u003ddimensions[1];","lastModifiedDate":"2022-03-02"},{"lineNumber":170,"author":{"gitId":"olehze"},"content":"                    for (int i \u003d 2; i \u003c dimensions1.length; i++) {","lastModifiedDate":"2022-03-02"},{"lineNumber":171,"author":{"gitId":"olehze"},"content":"                        sentence \u003d sentence + \" \" + dimensions[i];","lastModifiedDate":"2022-02-11"},{"lineNumber":172,"author":{"gitId":"olehze"},"content":"                    }","lastModifiedDate":"2022-02-11"},{"lineNumber":173,"author":{"gitId":"olehze"},"content":"                    String[] dimensions2 \u003d sentence.split(\"/at\");","lastModifiedDate":"2022-02-11"},{"lineNumber":174,"author":{"gitId":"olehze"},"content":"                    if(dimensions2.length\u003c2){","lastModifiedDate":"2022-02-16"},{"lineNumber":175,"author":{"gitId":"olehze"},"content":"                        throw new DukeException(\"Missing Event Time and Place\");","lastModifiedDate":"2022-02-16"},{"lineNumber":176,"author":{"gitId":"olehze"},"content":"                    }","lastModifiedDate":"2022-02-16"},{"lineNumber":177,"author":{"gitId":"olehze"},"content":"                    Event toadd \u003d new Event(dimensions2[0], dimensions2[1]);","lastModifiedDate":"2022-02-11"},{"lineNumber":178,"author":{"gitId":"olehze"},"content":"                    tasklist.add(toadd);","lastModifiedDate":"2022-02-09"},{"lineNumber":179,"author":{"gitId":"olehze"},"content":"                    counter++;","lastModifiedDate":"2022-02-07"},{"lineNumber":180,"author":{"gitId":"olehze"},"content":"                    printline();","lastModifiedDate":"2022-02-07"},{"lineNumber":181,"author":{"gitId":"olehze"},"content":"                    Speech.todospeech();","lastModifiedDate":"2022-02-11"},{"lineNumber":182,"author":{"gitId":"olehze"},"content":"                }","lastModifiedDate":"2022-02-11"},{"lineNumber":183,"author":{"gitId":"olehze"},"content":"                catch (DukeException e) {","lastModifiedDate":"2022-02-16"},{"lineNumber":184,"author":{"gitId":"olehze"},"content":"                    if (e.getError().equalsIgnoreCase(\"Missing Event\")) {","lastModifiedDate":"2022-02-16"},{"lineNumber":185,"author":{"gitId":"olehze"},"content":"                        printline();","lastModifiedDate":"2022-02-16"},{"lineNumber":186,"author":{"gitId":"olehze"},"content":"                        System.out.println(\"Sir, May i remind you to insert an Event\");","lastModifiedDate":"2022-02-16"},{"lineNumber":187,"author":{"gitId":"olehze"},"content":"                    }","lastModifiedDate":"2022-02-16"},{"lineNumber":188,"author":{"gitId":"olehze"},"content":"                    if (e.getError().equalsIgnoreCase(\"Missing Event Time and Place\")) {","lastModifiedDate":"2022-02-16"},{"lineNumber":189,"author":{"gitId":"olehze"},"content":"                        printline();","lastModifiedDate":"2022-02-16"},{"lineNumber":190,"author":{"gitId":"olehze"},"content":"                        System.out.println(\"Sir, May i remind you to insert an Event Time and Place\");","lastModifiedDate":"2022-02-16"},{"lineNumber":191,"author":{"gitId":"olehze"},"content":"                    }","lastModifiedDate":"2022-02-16"},{"lineNumber":192,"author":{"gitId":"olehze"},"content":"                }","lastModifiedDate":"2022-02-16"},{"lineNumber":193,"author":{"gitId":"olehze"},"content":"            }","lastModifiedDate":"2022-02-16"},{"lineNumber":194,"author":{"gitId":"olehze"},"content":"            else if (dimensions[0].equalsIgnoreCase(\"deadline\"))","lastModifiedDate":"2022-02-11"},{"lineNumber":195,"author":{"gitId":"olehze"},"content":"            {","lastModifiedDate":"2022-02-11"},{"lineNumber":196,"author":{"gitId":"olehze"},"content":"                try {","lastModifiedDate":"2022-02-16"},{"lineNumber":197,"author":{"gitId":"olehze"},"content":"                    String[] dimensions1 \u003d line.split(\" \");","lastModifiedDate":"2022-02-11"},{"lineNumber":198,"author":{"gitId":"olehze"},"content":"                    String sentence \u003d \"\";","lastModifiedDate":"2022-02-11"},{"lineNumber":199,"author":{"gitId":"olehze"},"content":"                    if(dimensions1.length\u003c2){","lastModifiedDate":"2022-02-16"},{"lineNumber":200,"author":{"gitId":"olehze"},"content":"                        throw new DukeException(\"Missing Deadline Task\");","lastModifiedDate":"2022-02-16"},{"lineNumber":201,"author":{"gitId":"olehze"},"content":"                    }","lastModifiedDate":"2022-02-16"},{"lineNumber":202,"author":{"gitId":"olehze"},"content":"                    sentence\u003ddimensions[1];","lastModifiedDate":"2022-03-02"},{"lineNumber":203,"author":{"gitId":"olehze"},"content":"                    for (int i \u003d 2; i \u003c dimensions1.length; i++) {","lastModifiedDate":"2022-03-02"},{"lineNumber":204,"author":{"gitId":"olehze"},"content":"                        sentence \u003d sentence + \" \" + dimensions[i];","lastModifiedDate":"2022-02-11"},{"lineNumber":205,"author":{"gitId":"olehze"},"content":"                    }","lastModifiedDate":"2022-02-11"},{"lineNumber":206,"author":{"gitId":"olehze"},"content":"                    String[] dimensions2 \u003d sentence.split(\"/by\");","lastModifiedDate":"2022-02-11"},{"lineNumber":207,"author":{"gitId":"olehze"},"content":"                    if(dimensions2.length\u003c2){","lastModifiedDate":"2022-02-16"},{"lineNumber":208,"author":{"gitId":"olehze"},"content":"                        throw new DukeException(\"Missing Deadline Date and Time\");","lastModifiedDate":"2022-02-16"},{"lineNumber":209,"author":{"gitId":"olehze"},"content":"                    }","lastModifiedDate":"2022-02-16"},{"lineNumber":210,"author":{"gitId":"olehze"},"content":"                    Deadline toadd \u003d new Deadline(dimensions2[0], dimensions2[1]);","lastModifiedDate":"2022-02-11"},{"lineNumber":211,"author":{"gitId":"olehze"},"content":"                    tasklist.add(toadd);","lastModifiedDate":"2022-02-11"},{"lineNumber":212,"author":{"gitId":"olehze"},"content":"                    counter++;","lastModifiedDate":"2022-02-11"},{"lineNumber":213,"author":{"gitId":"olehze"},"content":"                    printline();","lastModifiedDate":"2022-02-11"},{"lineNumber":214,"author":{"gitId":"olehze"},"content":"                    Speech.todospeech();","lastModifiedDate":"2022-02-11"},{"lineNumber":215,"author":{"gitId":"olehze"},"content":"                }","lastModifiedDate":"2022-02-11"},{"lineNumber":216,"author":{"gitId":"olehze"},"content":"                catch (DukeException e) {","lastModifiedDate":"2022-02-16"},{"lineNumber":217,"author":{"gitId":"olehze"},"content":"                if (e.getError().equalsIgnoreCase(\"Missing Deadline Task\")){","lastModifiedDate":"2022-02-16"},{"lineNumber":218,"author":{"gitId":"olehze"},"content":"                    printline();","lastModifiedDate":"2022-02-16"},{"lineNumber":219,"author":{"gitId":"olehze"},"content":"                    System.out.println(\"Sir, May i remind you to insert a Deadline task to do\");}","lastModifiedDate":"2022-02-16"},{"lineNumber":220,"author":{"gitId":"olehze"},"content":"                if (e.getError().equalsIgnoreCase(\"Missing Deadline Date and Time\")){","lastModifiedDate":"2022-02-16"},{"lineNumber":221,"author":{"gitId":"olehze"},"content":"                    printline();","lastModifiedDate":"2022-02-16"},{"lineNumber":222,"author":{"gitId":"olehze"},"content":"                    System.out.println(\"Sir, May i remind you to insert a Deadline Date and Time\");}","lastModifiedDate":"2022-02-16"},{"lineNumber":223,"author":{"gitId":"olehze"},"content":"                }","lastModifiedDate":"2022-02-16"},{"lineNumber":224,"author":{"gitId":"olehze"},"content":"            }","lastModifiedDate":"2022-02-16"},{"lineNumber":225,"author":{"gitId":"olehze"},"content":"            else if (dimensions[0].equalsIgnoreCase(\"todo\"))","lastModifiedDate":"2022-02-11"},{"lineNumber":226,"author":{"gitId":"olehze"},"content":"            {","lastModifiedDate":"2022-02-11"},{"lineNumber":227,"author":{"gitId":"olehze"},"content":"                String[] dimensions1 \u003d line.split(\" \");","lastModifiedDate":"2022-02-11"},{"lineNumber":228,"author":{"gitId":"olehze"},"content":"                String sentence \u003d \"\";","lastModifiedDate":"2022-02-11"},{"lineNumber":229,"author":{"gitId":"olehze"},"content":"                try {","lastModifiedDate":"2022-02-16"},{"lineNumber":230,"author":{"gitId":"olehze"},"content":"                    if(dimensions1.length\u003c2){","lastModifiedDate":"2022-02-16"},{"lineNumber":231,"author":{"gitId":"olehze"},"content":"                        throw new DukeException(\"Missing Todo Task\");","lastModifiedDate":"2022-02-16"},{"lineNumber":232,"author":{"gitId":"olehze"},"content":"                    }","lastModifiedDate":"2022-02-16"},{"lineNumber":233,"author":{"gitId":"olehze"},"content":"                    sentence\u003ddimensions[1];","lastModifiedDate":"2022-03-02"},{"lineNumber":234,"author":{"gitId":"olehze"},"content":"                    for (int i \u003d 2; i \u003c dimensions1.length; i++) {","lastModifiedDate":"2022-03-02"},{"lineNumber":235,"author":{"gitId":"olehze"},"content":"                        sentence \u003d sentence + \" \" + dimensions[i];","lastModifiedDate":"2022-02-11"},{"lineNumber":236,"author":{"gitId":"olehze"},"content":"                    }","lastModifiedDate":"2022-02-11"},{"lineNumber":237,"author":{"gitId":"olehze"},"content":"                    Todo toadd \u003d new Todo(sentence, sentence);","lastModifiedDate":"2022-02-11"},{"lineNumber":238,"author":{"gitId":"olehze"},"content":"                    tasklist.add(toadd);","lastModifiedDate":"2022-02-11"},{"lineNumber":239,"author":{"gitId":"olehze"},"content":"                    counter++;","lastModifiedDate":"2022-02-11"},{"lineNumber":240,"author":{"gitId":"olehze"},"content":"                    printline();","lastModifiedDate":"2022-02-11"},{"lineNumber":241,"author":{"gitId":"olehze"},"content":"                    Speech.todospeech();","lastModifiedDate":"2022-02-11"},{"lineNumber":242,"author":{"gitId":"olehze"},"content":"                    }","lastModifiedDate":"2022-02-07"},{"lineNumber":243,"author":{"gitId":"olehze"},"content":"                catch (DukeException e) {","lastModifiedDate":"2022-02-16"},{"lineNumber":244,"author":{"gitId":"olehze"},"content":"                    if (e.getError().equalsIgnoreCase(\"Missing Todo Task\")){","lastModifiedDate":"2022-02-16"},{"lineNumber":245,"author":{"gitId":"olehze"},"content":"                        printline();","lastModifiedDate":"2022-02-16"},{"lineNumber":246,"author":{"gitId":"olehze"},"content":"                        System.out.println(\"Sir, May i remind you to insert a Todo task to do\");}","lastModifiedDate":"2022-02-16"},{"lineNumber":247,"author":{"gitId":"olehze"},"content":"                }","lastModifiedDate":"2022-02-16"},{"lineNumber":248,"author":{"gitId":"olehze"},"content":"            }","lastModifiedDate":"2022-02-16"},{"lineNumber":249,"author":{"gitId":"olehze"},"content":"            else{","lastModifiedDate":"2022-03-02"},{"lineNumber":250,"author":{"gitId":"olehze"},"content":"                printline();","lastModifiedDate":"2022-03-02"},{"lineNumber":251,"author":{"gitId":"olehze"},"content":"                System.out.println(\"Sir, May I remind you to use functions: Todo, delete, deadline, event, list, mark, unmark and bye\");","lastModifiedDate":"2022-03-02"},{"lineNumber":252,"author":{"gitId":"olehze"},"content":"            }","lastModifiedDate":"2022-02-16"},{"lineNumber":253,"author":{"gitId":"olehze"},"content":"            printline();","lastModifiedDate":"2022-02-07"},{"lineNumber":254,"author":{"gitId":"olehze"},"content":"        }","lastModifiedDate":"2022-02-07"},{"lineNumber":255,"author":{"gitId":"olehze"},"content":"    }","lastModifiedDate":"2022-02-07"},{"lineNumber":256,"author":{"gitId":"olehze"},"content":"","lastModifiedDate":"2022-02-07"},{"lineNumber":257,"author":{"gitId":"-"},"content":"    public static void main(String[] args) {","lastModifiedDate":"2019-07-29"},{"lineNumber":258,"author":{"gitId":"olehze"},"content":"        String logo \u003d \"\\n\\n________________Boot Up Sequence Activated_____________________\\n\\n\" +","lastModifiedDate":"2022-02-11"},{"lineNumber":259,"author":{"gitId":"olehze"},"content":"                \"⠄⠄⠄⠄⠄⠄⠄⠄⠄⠄⠄⠄⠄⠄⠄⠄⠄⠄⠄⢀⢄⢄⠢⡠⡀⢀⠄⡀⡀⠄⠄⠄⠄⠐⠡⠄⠉⠻⣻⣟⣿⣿⣄⠄⠄⠄⠄⠄⠄⠄⠄\\n\" +","lastModifiedDate":"2022-02-11"},{"lineNumber":260,"author":{"gitId":"olehze"},"content":"                \"⠄⠄⠄⠄⠄⠄⠄⠄⠄⠄⠄⠄⠄⠄⠄⠄⠄⠄⢠⢣⠣⡎⡪⢂⠊⡜⣔⠰⡐⠠⠄⡾⠄⠈⠠⡁⡂⠄⠔⠸⣻⣿⣿⣯⢂⠄⠄⠄⠄⠄⠄\\n\" +","lastModifiedDate":"2022-02-11"},{"lineNumber":261,"author":{"gitId":"olehze"},"content":"                \"⠄⠄⠄⠄⠄⠄⠄⠄⡀⠄⠄⠄⠄⠄⠄⠄⠐⢰⡱⣝⢕⡇⡪⢂⢊⢪⢎⢗⠕⢕⢠⣻⠄⠄⠄⠂⠢⠌⡀⠄⠨⢚⢿⣿⣧⢄⠄⠄⠄⠄⠄\\n\" +","lastModifiedDate":"2022-02-11"},{"lineNumber":262,"author":{"gitId":"olehze"},"content":"                \"⠄⠄⠄⠄⠄⠄⠄⡐⡈⠌⠄⠄⠄⠄⠄⠄⠄⡧⣟⢼⣕⢝⢬⠨⡪⡚⡺⡸⡌⡆⠜⣾⠄⠄⠄⠁⡐⠠⣐⠨⠄⠁⠹⡹⡻⣷⡕⢄⠄⠄⠄\\n\" +","lastModifiedDate":"2022-02-11"},{"lineNumber":263,"author":{"gitId":"olehze"},"content":"                \"⠄⠄⠄⠄⠄⠄⢄⠇⠂⠄⠄⠄⠄⠄⠄⠄⢸⣻⣕⢗⠵⣍⣖⣕⡼⡼⣕⢭⢮⡆⠱⣽⡇⠄⠄⠂⠁⠄⢁⠢⡁⠄⠄⠐⠈⠺⢽⣳⣄⠄⠄\\n\" +","lastModifiedDate":"2022-02-11"},{"lineNumber":264,"author":{"gitId":"olehze"},"content":"                \"⠄⠄⠄⠄⠄⢔⢕⢌⠄⠄⠄⠄⠄⢀⠄⠄⣾⢯⢳⠹⠪⡺⡺⣚⢜⣽⣮⣳⡻⡇⡙⣜⡇⠄⠄⢸⠄⠄⠂⡀⢠⠂⠄⢶⠊⢉⡁⠨⡒⠄⠄\\n\" +","lastModifiedDate":"2022-02-11"},{"lineNumber":265,"author":{"gitId":"olehze"},"content":"                \"⠄⠄⠄⠄⡨⣪⣿⢰⠈⠄⠄⠄⡀⠄⠄⠄⣽⣵⢿⣸⢵⣫⣳⢅⠕⡗⣝⣼⣺⠇⡘⡲⠇⠄⠄⠨⠄⠐⢀⠐⠐⠡⢰⠁⠄⣴⣾⣷⣮⣇⠄\\n\" +","lastModifiedDate":"2022-02-11"},{"lineNumber":266,"author":{"gitId":"olehze"},"content":"                \"⠄⠄⠄⠄⡮⣷⣿⠪⠄⠄⠄⠠⠄⠂⠠⠄⡿⡞⡇⡟⣺⣺⢷⣿⣱⢕⢵⢺⢼⡁⠪⣘⡇⠄⠄⢨⠄⠐⠄⠄⢀⠄⢸⠄⠄⣿⣿⣿⣿⣿⡆\\n\" +","lastModifiedDate":"2022-02-11"},{"lineNumber":267,"author":{"gitId":"olehze"},"content":"                \"⠄⠄⠄⢸⣺⣿⣿⣇⠄⠄⠄⠄⢀⣤⣖⢯⣻⡑⢕⢭⢷⣻⣽⡾⣮⡳⡵⣕⣗⡇⠡⡣⣃⠄⠄⠸⠄⠄⠄⠄⠄⠄⠈⠄⠄⢻⣿⣿⣵⡿⣹\\n\" +","lastModifiedDate":"2022-02-11"},{"lineNumber":268,"author":{"gitId":"olehze"},"content":"                \"⠄⠄⠄⢸⣿⣿⣟⣯⢄⢤⢲⣺⣻⣻⡺⡕⡔⡊⡎⡮⣿⣿⣽⡿⣿⣻⣼⣼⣺⡇⡀⢎⢨⢐⢄⡀⠄⢁⠠⠄⠄⠐⠄⠣⠄⠸⣿⣿⣯⣷⣿\\n\" +","lastModifiedDate":"2022-02-11"},{"lineNumber":269,"author":{"gitId":"olehze"},"content":"                \"⠄⠄⠄⢸⣿⣿⣿⢽⠲⡑⢕⢵⢱⢪⡳⣕⢇⢕⡕⣟⣽⣽⣿⣿⣿⣿⣿⣿⣿⢗⢜⢜⢬⡳⣝⢸⣢⢀⠄⠄⠐⢀⠄⡀⠆⠄⠸⣿⣿⣿⣿\\n\" +","lastModifiedDate":"2022-02-11"},{"lineNumber":270,"author":{"gitId":"olehze"},"content":"                \"⠄⠄⠄⢸⣿⣿⣿⢽⣝⢎⡪⡰⡢⡱⡝⡮⡪⡣⣫⢎⣿⣿⣿⣿⣿⣿⠟⠋⠄⢄⠄⠈⠑⠑⠭⡪⡪⢏⠗⡦⡀⠐⠄⠄⠈⠄⠄⠙⣿⣿⣿\\n\" +","lastModifiedDate":"2022-02-11"},{"lineNumber":271,"author":{"gitId":"olehze"},"content":"                \"⠄⠄⠄⠘⣿⣿⣿⣿⡲⣝⢮⢪⢊⢎⢪⢺⠪⣝⢮⣯⢯⣟⡯⠷⠋⢀⣠⣶⣾⡿⠿⢀⣴⣖⢅⠪⠘⡌⡎⢍⣻⠠⠅⠄⠄⠈⠢⠄⠄⠙⠿\\n\" +","lastModifiedDate":"2022-02-11"},{"lineNumber":272,"author":{"gitId":"olehze"},"content":"                \"⠄⠄⠄⠄⣿⣿⣿⣿⣽⢺⢍⢎⢎⢪⡪⡮⣪⣿⣞⡟⠛⠋⢁⣠⣶⣿⡿⠛⠋⢀⣤⢾⢿⣕⢇⠡⢁⢑⠪⡳⡏⠄⠄⠄⠄⠄⠄⢑⠤⢀⢠\\n\" +","lastModifiedDate":"2022-02-11"},{"lineNumber":273,"author":{"gitId":"olehze"},"content":"                \"⠄⠄⠄⠄⢸⣿⣿⣿⣟⣮⡳⣭⢪⡣⡯⡮⠗⠋⠁⠄⠄⠈⠿⠟⠋⣁⣀⣴⣾⣿⣗⡯⡳⡕⡕⡕⡡⢂⠊⢮⠃⠄⠄⠄⠄⠄⢀⠐⠨⢁⠨\\n\" +","lastModifiedDate":"2022-02-11"},{"lineNumber":274,"author":{"gitId":"olehze"},"content":"                \"⠄⠄⠄⠄⠈⢿⣿⣿⣿⠷⠯⠽⠐⠁⠁⢀⡀⣤⢖⣽⢿⣦⣶⣾⣿⣿⣿⣿⣿⣿⢎⠇⡪⣸⡪⡮⠊⠄⠌⠎⡄⠄⠄⠄⠄⠄⠄⡂⢁⠉⡀\\n\" +","lastModifiedDate":"2022-02-11"},{"lineNumber":275,"author":{"gitId":"olehze"},"content":"                \"⠄⠄⠄⠄⠄⠈⠛⠚⠒⠵⣶⣶⣶⣶⢪⢃⢇⠏⡳⡕⣝⢽⡽⣻⣿⣿⣿⣿⡿⣺⠰⡱⢜⢮⡟⠁⠄⠄⠅⠅⢂⠐⠄⠐⢀⠄⠄⠄⠂⡁⠂\\n\" +","lastModifiedDate":"2022-02-11"},{"lineNumber":276,"author":{"gitId":"olehze"},"content":"                \"⠄⠄⠄⠄⠄⠄⠄⠰⠄⠐⢒⣠⣿⣟⢖⠅⠆⢝⢸⡪⡗⡅⡯⣻⣺⢯⡷⡯⡏⡇⡅⡏⣯⡟⠄⠄⠄⠨⡊⢔⢁⠠⠄⠄⠄⠄⠄⢀⠄⠄⠄\\n\" +","lastModifiedDate":"2022-02-11"},{"lineNumber":277,"author":{"gitId":"olehze"},"content":"                \"⠄⠄⠄⠄⠄⠄⠄⠄⠹⣿⣿⣿⣿⢿⢕⢇⢣⢸⢐⢇⢯⢪⢪⠢⡣⠣⢱⢑⢑⠰⡸⡸⡇⠁⠄⠄⠠⡱⠨⢘⠄⠂⡀⠂⠄⠄⠄⠄⠈⠂⠄\\n\" +","lastModifiedDate":"2022-02-11"},{"lineNumber":278,"author":{"gitId":"olehze"},"content":"                \"⠄⠄⠄⠄⠄⠄⠄⠄⠄⢻⣿⣿⣿⣟⣝⢔⢅⠸⡘⢌⠮⡨⡪⠨⡂⠅⡑⡠⢂⢇⢇⢿⠁⠄⢀⠠⠨⡘⢌⡐⡈⠄⠄⠠⠄⠄⠄⠄⠄⠄⠁\\n\" +","lastModifiedDate":"2022-02-11"},{"lineNumber":279,"author":{"gitId":"olehze"},"content":"                \"⠄⠄⠄⠄⠄⠄⠄⠄⠄⠄⠹⣿⣿⣿⣯⢢⢊⢌⢂⠢⠑⠔⢌⡂⢎⠔⢔⢌⠎⡎⡮⡃⢀⠐⡐⠨⡐⠌⠄⡑⠄⢂⠐⢀⠄⠄⠈⠄⠄⠄⠄\\n\" +","lastModifiedDate":"2022-02-11"},{"lineNumber":280,"author":{"gitId":"olehze"},"content":"                \"⠄⠄⠄⠄⠄⠄⠄⠄⠄⠄⠄⠙⣿⣿⣿⣯⠂⡀⠔⢔⠡⡹⠰⡑⡅⡕⡱⠰⡑⡜⣜⡅⡢⡈⡢⡑⡢⠁⠰⠄⠨⢀⠐⠄⠄⠄⠄⠄⠄⠄⠄\\n\" +","lastModifiedDate":"2022-02-11"},{"lineNumber":281,"author":{"gitId":"olehze"},"content":"                \"⠄⠄⠄⠄⠄⠄⠄⠄⠄⠄⠄⠄⠈⠻⢿⣿⣷⣢⢱⠡⡊⢌⠌⡪⢨⢘⠜⡌⢆⢕⢢⢇⢆⢪⢢⡑⡅⢁⡖⡄⠄⠄⠄⢀⠄⠄⠄⠄⠄⠄⠄\\n\" +","lastModifiedDate":"2022-02-11"},{"lineNumber":282,"author":{"gitId":"olehze"},"content":"                \"⠄⠄⠄⠄⠄⠄⠄⠄⠄⠄⠄⠄⠄⠄⠄⠛⢿⣿⣵⡝⣜⢐⠕⢌⠢⡑⢌⠌⠆⠅⠑⠑⠑⠝⢜⠌⠠⢯⡚⡜⢕⢄⠄⠁⠄⠄⠄⠄⠄⠄⠄\\n\" +","lastModifiedDate":"2022-02-11"},{"lineNumber":283,"author":{"gitId":"olehze"},"content":"                \"⠄⠄⠄⠄⠄⠄⠄⠄⠄⠄⠄⠄⠄⠄⠄⠄⠄⠙⢿⣷⡣⣇⠃⠅⠁⠈⡠⡠⡔⠜⠜⣿⣗⡖⡦⣰⢹⢸⢸⢸⡘⠌⠄⠄⠄⠄⠄⠄⠄⠄⠄\\n\" +","lastModifiedDate":"2022-02-11"},{"lineNumber":284,"author":{"gitId":"olehze"},"content":"                \"⠄⠄⠄⠄⠄⠄⠄⠄⠄⠄⠄⠄⠄⠄⠄⠄⠄⠄⠈⠋⢍⣠⡤⡆⣎⢇⣇⢧⡳⡍⡆⢿⣯⢯⣞⡮⣗⣝⢎⠇⠄⠄⠄⠄⠄⠄⠄⠄⠄⠄⠄\\n\" +","lastModifiedDate":"2022-02-11"},{"lineNumber":285,"author":{"gitId":"olehze"},"content":"                \"⠄⠄⠄⠄⠄⠄⠄⠄⠄⠄⠄⠄⠄⠄⠄⠄⠄⠄⠄⠄⠁⣿⣿⣎⢦⠣⠳⠑⠓⠑⠃⠩⠉⠈⠈⠉⠄⠁⠉⠄⠄⠄⠄⠄⠄⠄⠄⠄⠄⠄⠄\\n\" +","lastModifiedDate":"2022-02-11"},{"lineNumber":286,"author":{"gitId":"olehze"},"content":"                \"⠄⠄⠄⠄⠄⠄⠄⠄⠄⠄⠄⠄⠄⠄⠄⠄⠄⠄⠄⠄⠄⠈⡿⡞⠁⠄⠄⢀⠐⢐⠠⠈⡌⠌⠂⡁⠌⠄⠄⠄⠄⠄⠄⠄⠄⠄⠄⠄⠄⠄⠄\\n\" +","lastModifiedDate":"2022-02-11"},{"lineNumber":287,"author":{"gitId":"olehze"},"content":"                \"⠄⠄⠄⠄⠄⠄⠄⠄⠄⠄⠄⠄⠄⠄⠄⠄⠄⠄⠄⠄⠄⠄⠈⢂⢂⢀⠡⠄⣈⠠⢄⠡⠒⠈⠄⠄⠄⠄⠄⠄⠄⠄⠄⠄⠄⠄⠄⠄⠄⠄⠄\\n\" +","lastModifiedDate":"2022-02-11"},{"lineNumber":288,"author":{"gitId":"olehze"},"content":"                \"⠄⠄⠄⠄⠄⠄⠄⠄⠄⠄⠄⠄⠄⠄⠄⠄⠄⠄⠄⠄⠄⠄⠄⠄⠢⠠⠊⠨⠐⠈⠄⠄⠄⠄⠄⠄⠄⠄⠄⠄⠄⠄⠄⠄⠄⠄⠄⠄⠄⠄⠄\";","lastModifiedDate":"2022-02-11"},{"lineNumber":289,"author":{"gitId":"olehze"},"content":"","lastModifiedDate":"2022-02-11"},{"lineNumber":290,"author":{"gitId":"olehze"},"content":"        System.out.println(logo);","lastModifiedDate":"2022-02-07"},{"lineNumber":291,"author":{"gitId":"olehze"},"content":"        printline();","lastModifiedDate":"2022-02-07"},{"lineNumber":292,"author":{"gitId":"olehze"},"content":"        system();","lastModifiedDate":"2022-02-07"},{"lineNumber":293,"author":{"gitId":"-"},"content":"    }","lastModifiedDate":"2019-07-29"},{"lineNumber":294,"author":{"gitId":"-"},"content":"}","lastModifiedDate":"2019-07-29"}],"authorContributionMap":{"olehze":290,"-":4}},{"path":"src/main/java/DukeException.java","fileType":"java","lines":[{"lineNumber":1,"author":{"gitId":"olehze"},"content":"public class DukeException extends Exception{","lastModifiedDate":"2022-02-16"},{"lineNumber":2,"author":{"gitId":"olehze"},"content":"    private String error;","lastModifiedDate":"2022-02-16"},{"lineNumber":3,"author":{"gitId":"olehze"},"content":"","lastModifiedDate":"2022-02-16"},{"lineNumber":4,"author":{"gitId":"olehze"},"content":"    public DukeException (String error) {","lastModifiedDate":"2022-02-16"},{"lineNumber":5,"author":{"gitId":"olehze"},"content":"        this.error \u003d error;","lastModifiedDate":"2022-02-16"},{"lineNumber":6,"author":{"gitId":"olehze"},"content":"    }","lastModifiedDate":"2022-02-16"},{"lineNumber":7,"author":{"gitId":"olehze"},"content":"    public String getError () {","lastModifiedDate":"2022-02-16"},{"lineNumber":8,"author":{"gitId":"olehze"},"content":"        return this.error;","lastModifiedDate":"2022-02-16"},{"lineNumber":9,"author":{"gitId":"olehze"},"content":"    }","lastModifiedDate":"2022-02-16"},{"lineNumber":10,"author":{"gitId":"olehze"},"content":"}","lastModifiedDate":"2022-02-16"}],"authorContributionMap":{"olehze":10}},{"path":"src/main/java/Event.java","fileType":"java","lines":[{"lineNumber":1,"author":{"gitId":"olehze"},"content":"public class Event extends Task{","lastModifiedDate":"2022-02-11"},{"lineNumber":2,"author":{"gitId":"olehze"},"content":"","lastModifiedDate":"2022-02-11"},{"lineNumber":3,"author":{"gitId":"olehze"},"content":"    protected String event;","lastModifiedDate":"2022-02-11"},{"lineNumber":4,"author":{"gitId":"olehze"},"content":"","lastModifiedDate":"2022-02-11"},{"lineNumber":5,"author":{"gitId":"olehze"},"content":"    public Event (String description, String event){","lastModifiedDate":"2022-02-11"},{"lineNumber":6,"author":{"gitId":"olehze"},"content":"        super(description);","lastModifiedDate":"2022-02-11"},{"lineNumber":7,"author":{"gitId":"olehze"},"content":"        this.event \u003d event;","lastModifiedDate":"2022-02-11"},{"lineNumber":8,"author":{"gitId":"olehze"},"content":"    }","lastModifiedDate":"2022-02-11"},{"lineNumber":9,"author":{"gitId":"olehze"},"content":"","lastModifiedDate":"2022-02-11"},{"lineNumber":10,"author":{"gitId":"olehze"},"content":"    public String getEvent(){","lastModifiedDate":"2022-02-11"},{"lineNumber":11,"author":{"gitId":"olehze"},"content":"        return this.event;","lastModifiedDate":"2022-02-11"},{"lineNumber":12,"author":{"gitId":"olehze"},"content":"    }","lastModifiedDate":"2022-02-11"},{"lineNumber":13,"author":{"gitId":"olehze"},"content":"","lastModifiedDate":"2022-02-11"},{"lineNumber":14,"author":{"gitId":"olehze"},"content":"    public void setEvent(String event){","lastModifiedDate":"2022-02-11"},{"lineNumber":15,"author":{"gitId":"olehze"},"content":"        this.event \u003d event;","lastModifiedDate":"2022-02-11"},{"lineNumber":16,"author":{"gitId":"olehze"},"content":"    }","lastModifiedDate":"2022-02-11"},{"lineNumber":17,"author":{"gitId":"olehze"},"content":"","lastModifiedDate":"2022-02-11"},{"lineNumber":18,"author":{"gitId":"olehze"},"content":"    @Override","lastModifiedDate":"2022-02-11"},{"lineNumber":19,"author":{"gitId":"olehze"},"content":"    public String toString() {","lastModifiedDate":"2022-02-11"},{"lineNumber":20,"author":{"gitId":"olehze"},"content":"        return \"[E]\" + super.toString() + \" (at: \" + event + \")\";","lastModifiedDate":"2022-02-11"},{"lineNumber":21,"author":{"gitId":"olehze"},"content":"    }","lastModifiedDate":"2022-02-11"},{"lineNumber":22,"author":{"gitId":"olehze"},"content":"}","lastModifiedDate":"2022-02-11"}],"authorContributionMap":{"olehze":22}},{"path":"src/main/java/Speech.java","fileType":"java","lines":[{"lineNumber":1,"author":{"gitId":"olehze"},"content":"public class Speech {","lastModifiedDate":"2022-02-09"},{"lineNumber":2,"author":{"gitId":"olehze"},"content":"","lastModifiedDate":"2022-02-09"},{"lineNumber":3,"author":{"gitId":"olehze"},"content":"    public static void emptylist(){","lastModifiedDate":"2022-02-11"},{"lineNumber":4,"author":{"gitId":"olehze"},"content":"        int empty \u003d (int)Math.floor((Math.random() * 7) + 1);","lastModifiedDate":"2022-02-11"},{"lineNumber":5,"author":{"gitId":"olehze"},"content":"        switch (empty) {","lastModifiedDate":"2022-02-11"},{"lineNumber":6,"author":{"gitId":"olehze"},"content":"            case 1:","lastModifiedDate":"2022-02-11"},{"lineNumber":7,"author":{"gitId":"olehze"},"content":"                System.out.println(\"Sir, May I remind you that you have no tasks on hand. Maybe you will like to add some, Sir?\");","lastModifiedDate":"2022-02-11"},{"lineNumber":8,"author":{"gitId":"olehze"},"content":"                break;","lastModifiedDate":"2022-02-11"},{"lineNumber":9,"author":{"gitId":"olehze"},"content":"            case 2:","lastModifiedDate":"2022-02-11"},{"lineNumber":10,"author":{"gitId":"olehze"},"content":"                System.out.println(\"Maybe you have a concussion Sir? There are no tasks to this list\");","lastModifiedDate":"2022-02-11"},{"lineNumber":11,"author":{"gitId":"olehze"},"content":"                break;","lastModifiedDate":"2022-02-11"},{"lineNumber":12,"author":{"gitId":"olehze"},"content":"            case 3:","lastModifiedDate":"2022-02-11"},{"lineNumber":13,"author":{"gitId":"olehze"},"content":"                System.out.println(\"Sir, your last task was completed and there are no outstanding on this list.\");","lastModifiedDate":"2022-02-11"},{"lineNumber":14,"author":{"gitId":"olehze"},"content":"                break;","lastModifiedDate":"2022-02-11"},{"lineNumber":15,"author":{"gitId":"olehze"},"content":"            case 4:","lastModifiedDate":"2022-02-11"},{"lineNumber":16,"author":{"gitId":"olehze"},"content":"                System.out.println(\"Grats Sir, there are no outstanding tasks on this list, maybe a dinner with Miss Potts?\");","lastModifiedDate":"2022-02-11"},{"lineNumber":17,"author":{"gitId":"olehze"},"content":"                break;","lastModifiedDate":"2022-02-11"},{"lineNumber":18,"author":{"gitId":"olehze"},"content":"            case 5:","lastModifiedDate":"2022-02-11"},{"lineNumber":19,"author":{"gitId":"olehze"},"content":"                System.out.println(\"Sir, there are no tasks on hand\");","lastModifiedDate":"2022-02-11"},{"lineNumber":20,"author":{"gitId":"olehze"},"content":"                break;","lastModifiedDate":"2022-02-11"},{"lineNumber":21,"author":{"gitId":"olehze"},"content":"            case 6:","lastModifiedDate":"2022-02-11"},{"lineNumber":22,"author":{"gitId":"olehze"},"content":"                System.out.println(\"Nothing on this list, Sir\");","lastModifiedDate":"2022-02-11"},{"lineNumber":23,"author":{"gitId":"olehze"},"content":"                break;","lastModifiedDate":"2022-02-11"},{"lineNumber":24,"author":{"gitId":"olehze"},"content":"            case 7:","lastModifiedDate":"2022-02-11"},{"lineNumber":25,"author":{"gitId":"olehze"},"content":"                System.out.println(\"Sir, you are on this rare occasion that the list is empty.\");","lastModifiedDate":"2022-02-11"},{"lineNumber":26,"author":{"gitId":"olehze"},"content":"                break;","lastModifiedDate":"2022-02-11"},{"lineNumber":27,"author":{"gitId":"olehze"},"content":"        }","lastModifiedDate":"2022-02-11"},{"lineNumber":28,"author":{"gitId":"olehze"},"content":"    }","lastModifiedDate":"2022-02-11"},{"lineNumber":29,"author":{"gitId":"olehze"},"content":"","lastModifiedDate":"2022-02-11"},{"lineNumber":30,"author":{"gitId":"olehze"},"content":"    public static void introduction(){","lastModifiedDate":"2022-02-09"},{"lineNumber":31,"author":{"gitId":"olehze"},"content":"        int hello \u003d (int)Math.floor((Math.random() * 7) + 1);","lastModifiedDate":"2022-02-09"},{"lineNumber":32,"author":{"gitId":"olehze"},"content":"        switch (hello) {","lastModifiedDate":"2022-02-09"},{"lineNumber":33,"author":{"gitId":"olehze"},"content":"            case 1:","lastModifiedDate":"2022-02-09"},{"lineNumber":34,"author":{"gitId":"olehze"},"content":"                System.out.println(\"Welcome Back Sir, Jarvis at your assistance\");","lastModifiedDate":"2022-02-09"},{"lineNumber":35,"author":{"gitId":"olehze"},"content":"                break;","lastModifiedDate":"2022-02-09"},{"lineNumber":36,"author":{"gitId":"olehze"},"content":"            case 2:","lastModifiedDate":"2022-02-09"},{"lineNumber":37,"author":{"gitId":"olehze"},"content":"                System.out.println(\"Good to see you alive, Sir\");","lastModifiedDate":"2022-02-09"},{"lineNumber":38,"author":{"gitId":"olehze"},"content":"                break;","lastModifiedDate":"2022-02-09"},{"lineNumber":39,"author":{"gitId":"olehze"},"content":"            case 3:","lastModifiedDate":"2022-02-09"},{"lineNumber":40,"author":{"gitId":"olehze"},"content":"                System.out.println(\"Back from Saving the world, Sir?\");","lastModifiedDate":"2022-02-09"},{"lineNumber":41,"author":{"gitId":"olehze"},"content":"                break;","lastModifiedDate":"2022-02-09"},{"lineNumber":42,"author":{"gitId":"olehze"},"content":"            case 4:","lastModifiedDate":"2022-02-09"},{"lineNumber":43,"author":{"gitId":"olehze"},"content":"                System.out.println(\"Good Day Sir, The weather in Malibu is 72 degrees with scattered clouds. The surf conditions are fair with waist to shoulder highlines, high tide will be at 10:52 a.m.\");","lastModifiedDate":"2022-02-09"},{"lineNumber":44,"author":{"gitId":"olehze"},"content":"                break;","lastModifiedDate":"2022-02-09"},{"lineNumber":45,"author":{"gitId":"olehze"},"content":"            case 5:","lastModifiedDate":"2022-02-09"},{"lineNumber":46,"author":{"gitId":"olehze"},"content":"                System.out.println(\"Working on a secret project, are we, Sir?\");","lastModifiedDate":"2022-02-09"},{"lineNumber":47,"author":{"gitId":"olehze"},"content":"                break;","lastModifiedDate":"2022-02-09"},{"lineNumber":48,"author":{"gitId":"olehze"},"content":"            case 6:","lastModifiedDate":"2022-02-09"},{"lineNumber":49,"author":{"gitId":"olehze"},"content":"                System.out.println(\"As always sir, a great pleasure watching you work\");","lastModifiedDate":"2022-02-09"},{"lineNumber":50,"author":{"gitId":"olehze"},"content":"                break;","lastModifiedDate":"2022-02-09"},{"lineNumber":51,"author":{"gitId":"olehze"},"content":"            case 7:","lastModifiedDate":"2022-02-09"},{"lineNumber":52,"author":{"gitId":"olehze"},"content":"                System.out.println(\"Welcome back, sir. I\u0027ve also prepared a safety briefing for you to entirely ignore\");","lastModifiedDate":"2022-02-09"},{"lineNumber":53,"author":{"gitId":"olehze"},"content":"                break;","lastModifiedDate":"2022-02-09"},{"lineNumber":54,"author":{"gitId":"olehze"},"content":"        }","lastModifiedDate":"2022-02-09"},{"lineNumber":55,"author":{"gitId":"olehze"},"content":"    }","lastModifiedDate":"2022-02-09"},{"lineNumber":56,"author":{"gitId":"olehze"},"content":"","lastModifiedDate":"2022-02-09"},{"lineNumber":57,"author":{"gitId":"olehze"},"content":"    public static void farewell(){","lastModifiedDate":"2022-02-09"},{"lineNumber":58,"author":{"gitId":"olehze"},"content":"        int byebye \u003d (int)Math.floor((Math.random() * 7) + 1);","lastModifiedDate":"2022-02-09"},{"lineNumber":59,"author":{"gitId":"olehze"},"content":"        switch (byebye) {","lastModifiedDate":"2022-02-09"},{"lineNumber":60,"author":{"gitId":"olehze"},"content":"            case 1:","lastModifiedDate":"2022-02-09"},{"lineNumber":61,"author":{"gitId":"olehze"},"content":"                System.out.println(\"Out Saving the world with the Avengers again Sir?\");","lastModifiedDate":"2022-02-09"},{"lineNumber":62,"author":{"gitId":"olehze"},"content":"                break;","lastModifiedDate":"2022-02-09"},{"lineNumber":63,"author":{"gitId":"olehze"},"content":"            case 2:","lastModifiedDate":"2022-02-09"},{"lineNumber":64,"author":{"gitId":"olehze"},"content":"                System.out.println(\"Have a good day Sir\");","lastModifiedDate":"2022-02-09"},{"lineNumber":65,"author":{"gitId":"olehze"},"content":"                break;","lastModifiedDate":"2022-02-09"},{"lineNumber":66,"author":{"gitId":"olehze"},"content":"            case 3:","lastModifiedDate":"2022-02-09"},{"lineNumber":67,"author":{"gitId":"olehze"},"content":"                System.out.println(\"Have you forgotten your Ironman Suit?\");","lastModifiedDate":"2022-02-09"},{"lineNumber":68,"author":{"gitId":"olehze"},"content":"                break;","lastModifiedDate":"2022-02-09"},{"lineNumber":69,"author":{"gitId":"olehze"},"content":"            case 4:","lastModifiedDate":"2022-02-09"},{"lineNumber":70,"author":{"gitId":"olehze"},"content":"                System.out.println(\"Maybe take the subway instead of flying Sir\");","lastModifiedDate":"2022-02-09"},{"lineNumber":71,"author":{"gitId":"olehze"},"content":"                break;","lastModifiedDate":"2022-02-09"},{"lineNumber":72,"author":{"gitId":"olehze"},"content":"            case 5:","lastModifiedDate":"2022-02-09"},{"lineNumber":73,"author":{"gitId":"olehze"},"content":"                System.out.println(\"Out to get your Cheeseburger Sir?\");","lastModifiedDate":"2022-02-09"},{"lineNumber":74,"author":{"gitId":"olehze"},"content":"                break;","lastModifiedDate":"2022-02-09"},{"lineNumber":75,"author":{"gitId":"olehze"},"content":"            case 6:","lastModifiedDate":"2022-02-09"},{"lineNumber":76,"author":{"gitId":"olehze"},"content":"                System.out.println(\"The world should thank you for your service Sir\");","lastModifiedDate":"2022-02-09"},{"lineNumber":77,"author":{"gitId":"olehze"},"content":"                break;","lastModifiedDate":"2022-02-09"},{"lineNumber":78,"author":{"gitId":"olehze"},"content":"            case 7:","lastModifiedDate":"2022-02-09"},{"lineNumber":79,"author":{"gitId":"olehze"},"content":"                System.out.println(\"Of Course Sir, it is my pleasure serving you\");","lastModifiedDate":"2022-02-09"},{"lineNumber":80,"author":{"gitId":"olehze"},"content":"                break;","lastModifiedDate":"2022-02-09"},{"lineNumber":81,"author":{"gitId":"olehze"},"content":"        }","lastModifiedDate":"2022-02-09"},{"lineNumber":82,"author":{"gitId":"olehze"},"content":"    }","lastModifiedDate":"2022-02-09"},{"lineNumber":83,"author":{"gitId":"olehze"},"content":"","lastModifiedDate":"2022-02-11"},{"lineNumber":84,"author":{"gitId":"olehze"},"content":"    public static void todospeech(){","lastModifiedDate":"2022-02-11"},{"lineNumber":85,"author":{"gitId":"olehze"},"content":"        int todorandomizer \u003d (int)Math.floor((Math.random() * 7) + 1);","lastModifiedDate":"2022-02-11"},{"lineNumber":86,"author":{"gitId":"olehze"},"content":"        switch (todorandomizer) {","lastModifiedDate":"2022-02-11"},{"lineNumber":87,"author":{"gitId":"olehze"},"content":"            case 1:","lastModifiedDate":"2022-02-11"},{"lineNumber":88,"author":{"gitId":"olehze"},"content":"                System.out.println(\"Sir, I have added this task to the list\");","lastModifiedDate":"2022-02-11"},{"lineNumber":89,"author":{"gitId":"olehze"},"content":"                break;","lastModifiedDate":"2022-02-11"},{"lineNumber":90,"author":{"gitId":"olehze"},"content":"            case 2:","lastModifiedDate":"2022-02-11"},{"lineNumber":91,"author":{"gitId":"olehze"},"content":"                System.out.println(\"Getting busier Sir? I have included this item to the list\");","lastModifiedDate":"2022-02-11"},{"lineNumber":92,"author":{"gitId":"olehze"},"content":"                break;","lastModifiedDate":"2022-02-11"},{"lineNumber":93,"author":{"gitId":"olehze"},"content":"            case 3:","lastModifiedDate":"2022-02-11"},{"lineNumber":94,"author":{"gitId":"olehze"},"content":"                System.out.println(\"Sir, this task has been added to the list. Do you still have time to save the world?\");","lastModifiedDate":"2022-02-11"},{"lineNumber":95,"author":{"gitId":"olehze"},"content":"                break;","lastModifiedDate":"2022-02-11"},{"lineNumber":96,"author":{"gitId":"olehze"},"content":"            case 4:","lastModifiedDate":"2022-02-11"},{"lineNumber":97,"author":{"gitId":"olehze"},"content":"                System.out.println(\"Understood Sir, this is added to the list\");","lastModifiedDate":"2022-02-11"},{"lineNumber":98,"author":{"gitId":"olehze"},"content":"                break;","lastModifiedDate":"2022-02-11"},{"lineNumber":99,"author":{"gitId":"olehze"},"content":"            case 5:","lastModifiedDate":"2022-02-11"},{"lineNumber":100,"author":{"gitId":"olehze"},"content":"                System.out.println(\"Included this into the list Sir, do you still have time to have date night with Miss Potts?\");","lastModifiedDate":"2022-02-11"},{"lineNumber":101,"author":{"gitId":"olehze"},"content":"                break;","lastModifiedDate":"2022-02-11"},{"lineNumber":102,"author":{"gitId":"olehze"},"content":"            case 6:","lastModifiedDate":"2022-02-11"},{"lineNumber":103,"author":{"gitId":"olehze"},"content":"                System.out.println(\"I have included this into your list. Hope you have time to rest after completing the tasks, Sir.\");","lastModifiedDate":"2022-02-11"},{"lineNumber":104,"author":{"gitId":"olehze"},"content":"                break;","lastModifiedDate":"2022-02-11"},{"lineNumber":105,"author":{"gitId":"olehze"},"content":"            case 7:","lastModifiedDate":"2022-02-11"},{"lineNumber":106,"author":{"gitId":"olehze"},"content":"                System.out.println(\"Of Course Sir, it is my pleasure serving you\");","lastModifiedDate":"2022-02-11"},{"lineNumber":107,"author":{"gitId":"olehze"},"content":"                break;","lastModifiedDate":"2022-02-11"},{"lineNumber":108,"author":{"gitId":"olehze"},"content":"        }","lastModifiedDate":"2022-02-11"},{"lineNumber":109,"author":{"gitId":"olehze"},"content":"    }","lastModifiedDate":"2022-02-11"},{"lineNumber":110,"author":{"gitId":"olehze"},"content":"}","lastModifiedDate":"2022-02-09"}],"authorContributionMap":{"olehze":110}},{"path":"src/main/java/Task.java","fileType":"java","lines":[{"lineNumber":1,"author":{"gitId":"olehze"},"content":"public class Task {","lastModifiedDate":"2022-02-09"},{"lineNumber":2,"author":{"gitId":"olehze"},"content":"    protected String description;","lastModifiedDate":"2022-02-09"},{"lineNumber":3,"author":{"gitId":"olehze"},"content":"    protected boolean isDone;","lastModifiedDate":"2022-02-09"},{"lineNumber":4,"author":{"gitId":"olehze"},"content":"","lastModifiedDate":"2022-02-09"},{"lineNumber":5,"author":{"gitId":"olehze"},"content":"    public Task(String description) {","lastModifiedDate":"2022-02-09"},{"lineNumber":6,"author":{"gitId":"olehze"},"content":"        this.description \u003d description;","lastModifiedDate":"2022-02-09"},{"lineNumber":7,"author":{"gitId":"olehze"},"content":"        this.isDone \u003d false;","lastModifiedDate":"2022-02-09"},{"lineNumber":8,"author":{"gitId":"olehze"},"content":"    }","lastModifiedDate":"2022-02-09"},{"lineNumber":9,"author":{"gitId":"olehze"},"content":"","lastModifiedDate":"2022-02-09"},{"lineNumber":10,"author":{"gitId":"olehze"},"content":"    public String getStatusIcon() {","lastModifiedDate":"2022-02-09"},{"lineNumber":11,"author":{"gitId":"olehze"},"content":"        return (isDone ? \"X\" : \" \");","lastModifiedDate":"2022-02-09"},{"lineNumber":12,"author":{"gitId":"olehze"},"content":"    }","lastModifiedDate":"2022-02-09"},{"lineNumber":13,"author":{"gitId":"olehze"},"content":"    public void markAsDone() {","lastModifiedDate":"2022-02-09"},{"lineNumber":14,"author":{"gitId":"olehze"},"content":"        this.isDone \u003d true;","lastModifiedDate":"2022-02-09"},{"lineNumber":15,"author":{"gitId":"olehze"},"content":"    }","lastModifiedDate":"2022-02-09"},{"lineNumber":16,"author":{"gitId":"olehze"},"content":"    public void markAsUndone() {","lastModifiedDate":"2022-02-09"},{"lineNumber":17,"author":{"gitId":"olehze"},"content":"        this.isDone \u003d false;","lastModifiedDate":"2022-02-09"},{"lineNumber":18,"author":{"gitId":"olehze"},"content":"    }","lastModifiedDate":"2022-02-09"},{"lineNumber":19,"author":{"gitId":"olehze"},"content":"    public String getDescription() {","lastModifiedDate":"2022-02-09"},{"lineNumber":20,"author":{"gitId":"olehze"},"content":"        return this.description;","lastModifiedDate":"2022-02-09"},{"lineNumber":21,"author":{"gitId":"olehze"},"content":"    }","lastModifiedDate":"2022-02-09"},{"lineNumber":22,"author":{"gitId":"olehze"},"content":"","lastModifiedDate":"2022-02-09"},{"lineNumber":23,"author":{"gitId":"olehze"},"content":"    @Override","lastModifiedDate":"2022-02-11"},{"lineNumber":24,"author":{"gitId":"olehze"},"content":"    public String toString() {","lastModifiedDate":"2022-02-11"},{"lineNumber":25,"author":{"gitId":"olehze"},"content":"        String status \u003d \"\";","lastModifiedDate":"2022-02-11"},{"lineNumber":26,"author":{"gitId":"olehze"},"content":"        if (this.isDone) {","lastModifiedDate":"2022-02-11"},{"lineNumber":27,"author":{"gitId":"olehze"},"content":"            status \u003d \"[X]\";","lastModifiedDate":"2022-02-11"},{"lineNumber":28,"author":{"gitId":"olehze"},"content":"        } else {","lastModifiedDate":"2022-02-11"},{"lineNumber":29,"author":{"gitId":"olehze"},"content":"            status \u003d \"[ ]\";","lastModifiedDate":"2022-02-11"},{"lineNumber":30,"author":{"gitId":"olehze"},"content":"        }","lastModifiedDate":"2022-02-11"},{"lineNumber":31,"author":{"gitId":"olehze"},"content":"        return status + \" \" + this.description;","lastModifiedDate":"2022-02-11"},{"lineNumber":32,"author":{"gitId":"olehze"},"content":"    }","lastModifiedDate":"2022-02-11"},{"lineNumber":33,"author":{"gitId":"olehze"},"content":"}","lastModifiedDate":"2022-02-09"}],"authorContributionMap":{"olehze":33}},{"path":"src/main/java/Todo.java","fileType":"java","lines":[{"lineNumber":1,"author":{"gitId":"olehze"},"content":"public class Todo extends Task{","lastModifiedDate":"2022-02-11"},{"lineNumber":2,"author":{"gitId":"olehze"},"content":"","lastModifiedDate":"2022-02-11"},{"lineNumber":3,"author":{"gitId":"olehze"},"content":"    protected String todotask;","lastModifiedDate":"2022-02-11"},{"lineNumber":4,"author":{"gitId":"olehze"},"content":"","lastModifiedDate":"2022-02-11"},{"lineNumber":5,"author":{"gitId":"olehze"},"content":"    public Todo (String description, String todotask){","lastModifiedDate":"2022-02-11"},{"lineNumber":6,"author":{"gitId":"olehze"},"content":"        super(description);","lastModifiedDate":"2022-02-11"},{"lineNumber":7,"author":{"gitId":"olehze"},"content":"        this.todotask \u003d todotask;","lastModifiedDate":"2022-02-11"},{"lineNumber":8,"author":{"gitId":"olehze"},"content":"    }","lastModifiedDate":"2022-02-11"},{"lineNumber":9,"author":{"gitId":"olehze"},"content":"","lastModifiedDate":"2022-02-11"},{"lineNumber":10,"author":{"gitId":"olehze"},"content":"    public String getTodo(){","lastModifiedDate":"2022-02-11"},{"lineNumber":11,"author":{"gitId":"olehze"},"content":"        return this.todotask;","lastModifiedDate":"2022-02-11"},{"lineNumber":12,"author":{"gitId":"olehze"},"content":"    }","lastModifiedDate":"2022-02-11"},{"lineNumber":13,"author":{"gitId":"olehze"},"content":"","lastModifiedDate":"2022-02-11"},{"lineNumber":14,"author":{"gitId":"olehze"},"content":"    public void setTodo(String todotask){","lastModifiedDate":"2022-02-11"},{"lineNumber":15,"author":{"gitId":"olehze"},"content":"        this.todotask \u003d todotask;","lastModifiedDate":"2022-02-11"},{"lineNumber":16,"author":{"gitId":"olehze"},"content":"    }","lastModifiedDate":"2022-02-11"},{"lineNumber":17,"author":{"gitId":"olehze"},"content":"","lastModifiedDate":"2022-02-11"},{"lineNumber":18,"author":{"gitId":"olehze"},"content":"    @Override","lastModifiedDate":"2022-02-11"},{"lineNumber":19,"author":{"gitId":"olehze"},"content":"    public String toString() {","lastModifiedDate":"2022-02-11"},{"lineNumber":20,"author":{"gitId":"olehze"},"content":"        return \"[T]\" + super.toString();","lastModifiedDate":"2022-02-11"},{"lineNumber":21,"author":{"gitId":"olehze"},"content":"    }","lastModifiedDate":"2022-02-11"},{"lineNumber":22,"author":{"gitId":"olehze"},"content":"}","lastModifiedDate":"2022-02-11"}],"authorContributionMap":{"olehze":22}},{"path":"things/colors.txt","fileType":"txt","lines":[{"lineNumber":1,"author":{"gitId":"olehze"},"content":"blue","lastModifiedDate":"2022-02-07"},{"lineNumber":2,"author":{"gitId":"olehze"},"content":"red","lastModifiedDate":"2022-02-07"},{"lineNumber":3,"author":{"gitId":"olehze"},"content":"green","lastModifiedDate":"2022-02-07"}],"authorContributionMap":{"olehze":3}},{"path":"things/fruits.txt","fileType":"txt","lines":[{"lineNumber":1,"author":{"gitId":"olehze"},"content":"apples","lastModifiedDate":"2022-02-07"},{"lineNumber":2,"author":{"gitId":"olehze"},"content":"berries","lastModifiedDate":"2022-02-07"},{"lineNumber":3,"author":{"gitId":"olehze"},"content":"cherries","lastModifiedDate":"2022-02-07"}],"authorContributionMap":{"olehze":3}},{"path":"things/shapes.txt","fileType":"txt","lines":[{"lineNumber":1,"author":{"gitId":"olehze"},"content":"circle","lastModifiedDate":"2022-02-07"},{"lineNumber":2,"author":{"gitId":"olehze"},"content":"square","lastModifiedDate":"2022-02-07"},{"lineNumber":3,"author":{"gitId":"olehze"},"content":"triangle","lastModifiedDate":"2022-02-07"}],"authorContributionMap":{"olehze":3}}]
