{"authorDailyContributionsMap":{"olehze":[{"date":"2022-02-07","commitResults":[{"hash":"aef671db2d378e549e286e636a49b362893f96db","messageTitle":"no message","messageBody":"","fileTypesAndContributionMap":{"txt":{"insertions":3,"deletions":0}}},{"hash":"ae6d9310bbf424ee8ff96f3165af6a94d3517b1b","messageTitle":"replace banana with berries","messageBody":"","fileTypesAndContributionMap":{"txt":{"insertions":1,"deletions":1}}},{"hash":"f3e41e62589c25c08e29ac5bf5f3c5db2aa30c0e","messageTitle":"add colors.txt, shapes.txt","messageBody":"","tags":["v1.0"],"fileTypesAndContributionMap":{"txt":{"insertions":6,"deletions":0}}},{"hash":"fba5fc8beb2dd7aa6897c6fc44f1a5b2cf629daf","messageTitle":"#Level 1","messageBody":"","fileTypesAndContributionMap":{"java":{"insertions":29,"deletions":6}}},{"hash":"c830382d1dfeb1c86c84f5f7f6801c996f55b841","messageTitle":"Level 1","messageBody":"","fileTypesAndContributionMap":{"java":{"insertions":16,"deletions":8}}},{"hash":"ce27a478a2d7c4d6783bf880eebef78d2a697da1","messageTitle":"level 1_v2","messageBody":"","fileTypesAndContributionMap":{"java":{"insertions":1,"deletions":1}}},{"hash":"adaf070e8dd2fc8aa5743142b6f8d0d6f5f223d7","messageTitle":"Level 1","messageBody":"","fileTypesAndContributionMap":{"java":{"insertions":27,"deletions":1}}},{"hash":"a2683304cd1d81d216a0f1ecd6bba8fc12cc33ca","messageTitle":"Level 2","messageBody":"","fileTypesAndContributionMap":{"java":{"insertions":69,"deletions":28}}},{"hash":"c0a866ab23c043e74709637c22a483592dba17c3","messageTitle":"level 2","messageBody":"","fileTypesAndContributionMap":{"java":{"insertions":3,"deletions":3}}}]},{"date":"2022-02-09","commitResults":[{"hash":"f2d29709f5335dbb2d12adf65e8570765500b0bd","messageTitle":"level 3","messageBody":"","fileTypesAndContributionMap":{"java":{"insertions":107,"deletions":64}}},{"hash":"e959fe762d4963c4d84ebcf881d3350d4ed16c8e","messageTitle":"level 3","messageBody":"","fileTypesAndContributionMap":{"java":{"insertions":1,"deletions":1}}}]},{"date":"2022-02-11","commitResults":[{"hash":"299a59d1dbcbc288571a971bf5435ca238621818","messageTitle":"Level 4","messageBody":"","fileTypesAndContributionMap":{"java":{"insertions":222,"deletions":15}}}]},{"date":"2022-02-16","commitResults":[{"hash":"278dc4360c47ae917f927deef61a036cf8604b77","messageTitle":"Level 5","messageBody":"","fileTypesAndContributionMap":{"java":{"insertions":137,"deletions":35}}}]}]},"authorFileTypeContributionMap":{"olehze":{"java":456,"md":0,"fxml":0,"sh":0,"bat":0,"gradle":0,"txt":9}},"authorContributionVariance":{"olehze":3701.9622},"authorDisplayNameMap":{"olehze":"CHAY..U EN"}}
