{"authorDailyContributionsMap":{"olehze":[{"date":"2022-02-07","commitResults":[{"hash":"aef671db2d378e549e286e636a49b362893f96db","messageTitle":"no message","messageBody":"","fileTypesAndContributionMap":{"txt":{"insertions":3,"deletions":0}}},{"hash":"ae6d9310bbf424ee8ff96f3165af6a94d3517b1b","messageTitle":"replace banana with berries","messageBody":"","fileTypesAndContributionMap":{"txt":{"insertions":1,"deletions":1}}},{"hash":"f3e41e62589c25c08e29ac5bf5f3c5db2aa30c0e","messageTitle":"add colors.txt, shapes.txt","messageBody":"","tags":["v1.0"],"fileTypesAndContributionMap":{"txt":{"insertions":6,"deletions":0}}},{"hash":"fba5fc8beb2dd7aa6897c6fc44f1a5b2cf629daf","messageTitle":"#Level 1","messageBody":"","fileTypesAndContributionMap":{"java":{"insertions":29,"deletions":6}}},{"hash":"c830382d1dfeb1c86c84f5f7f6801c996f55b841","messageTitle":"Level 1","messageBody":"","fileTypesAndContributionMap":{"java":{"insertions":16,"deletions":8}}},{"hash":"ce27a478a2d7c4d6783bf880eebef78d2a697da1","messageTitle":"level 1_v2","messageBody":"","fileTypesAndContributionMap":{"java":{"insertions":1,"deletions":1}}},{"hash":"adaf070e8dd2fc8aa5743142b6f8d0d6f5f223d7","messageTitle":"Level 1","messageBody":"","fileTypesAndContributionMap":{"java":{"insertions":27,"deletions":1}}},{"hash":"a2683304cd1d81d216a0f1ecd6bba8fc12cc33ca","messageTitle":"Level 2","messageBody":"","fileTypesAndContributionMap":{"java":{"insertions":69,"deletions":28}}},{"hash":"c0a866ab23c043e74709637c22a483592dba17c3","messageTitle":"level 2","messageBody":"","fileTypesAndContributionMap":{"java":{"insertions":3,"deletions":3}}}]},{"date":"2022-02-09","commitResults":[{"hash":"f2d29709f5335dbb2d12adf65e8570765500b0bd","messageTitle":"level 3","messageBody":"","fileTypesAndContributionMap":{"java":{"insertions":107,"deletions":64}}},{"hash":"e959fe762d4963c4d84ebcf881d3350d4ed16c8e","messageTitle":"level 3","messageBody":"","fileTypesAndContributionMap":{"java":{"insertions":1,"deletions":1}}}]},{"date":"2022-02-11","commitResults":[{"hash":"299a59d1dbcbc288571a971bf5435ca238621818","messageTitle":"Level 4","messageBody":"","fileTypesAndContributionMap":{"java":{"insertions":222,"deletions":15}}}]},{"date":"2022-02-16","commitResults":[{"hash":"278dc4360c47ae917f927deef61a036cf8604b77","messageTitle":"Level 5","messageBody":"","fileTypesAndContributionMap":{"java":{"insertions":137,"deletions":35}}}]},{"date":"2022-03-02","commitResults":[{"hash":"2a1b2723ae5ec3194c7e6206bf2bf18e0b294422","messageTitle":"Level 6 - Deletion","messageBody":"","fileTypesAndContributionMap":{"java":{"insertions":81,"deletions":30}}},{"hash":"f8c3606d0d717dc433adef8cf97165c8b6566c9a","messageTitle":"Level 6 - Deletion","messageBody":"","fileTypesAndContributionMap":{"java":{"insertions":3,"deletions":1}}}]},{"date":"2022-03-11","commitResults":[{"hash":"b5ac306094e405b28fc4c8772819bd36b2844d64","messageTitle":"Level 7 - Save and Load","messageBody":"","fileTypesAndContributionMap":{"java":{"insertions":179,"deletions":7}}}]},{"date":"2022-04-05","commitResults":[{"hash":"5b86d9cf533a286f9e550edc9bd53c949d28c9fa","messageTitle":"#level 8 Date and Time","messageBody":"","fileTypesAndContributionMap":{"txt":{"insertions":3,"deletions":0},"java":{"insertions":19,"deletions":4}}}]},{"date":"2022-04-06","commitResults":[{"hash":"76dabca760336e268346d0b01bed5edfb4723f36","messageTitle":"#add Gradle Support","messageBody":"","fileTypesAndContributionMap":{"txt":{"insertions":2,"deletions":2},"java":{"insertions":35,"deletions":0}}}]},{"date":"2022-04-07","commitResults":[{"hash":"634c8f792296c01faecce873cd881e3ac3c75e97","messageTitle":"#Add Java-Doc","messageBody":"","fileTypesAndContributionMap":{"txt":{"insertions":2,"deletions":2},"java":{"insertions":33,"deletions":0}}},{"hash":"89a583595b17ce5d8479cdfaab379918bd5c20e7","messageTitle":"#Gradle Support, JDoc and J-unit Testing","messageBody":"","fileTypesAndContributionMap":{"gradle":{"insertions":52,"deletions":0},"txt":{"insertions":0,"deletions":9},"java":{"insertions":12,"deletions":6},"bat":{"insertions":89,"deletions":0}}}]}]},"authorFileTypeContributionMap":{"olehze":{"java":770,"md":0,"fxml":0,"sh":0,"bat":89,"gradle":52,"txt":3}},"authorContributionVariance":{"olehze":2591.354},"authorDisplayNameMap":{"olehze":"CHAY..U EN"}}
