[{"path":"README.md","fileType":"md","lines":[{"lineNumber":1,"author":{"gitId":"-"},"content":"# Duke project template","lastModifiedDate":"2020-05-25"},{"lineNumber":2,"author":{"gitId":"-"},"content":"","lastModifiedDate":"2020-05-25"},{"lineNumber":3,"author":{"gitId":"-"},"content":"This is a project template for a greenfield Java project. It\u0027s named after the Java mascot _Duke_. Given below are instructions on how to use it.","lastModifiedDate":"2020-05-25"},{"lineNumber":4,"author":{"gitId":"-"},"content":"","lastModifiedDate":"2020-05-25"},{"lineNumber":5,"author":{"gitId":"-"},"content":"## Setting up in Intellij","lastModifiedDate":"2020-05-25"},{"lineNumber":6,"author":{"gitId":"-"},"content":"","lastModifiedDate":"2020-05-25"},{"lineNumber":7,"author":{"gitId":"-"},"content":"Prerequisites: JDK 11, update Intellij to the most recent version.","lastModifiedDate":"2020-05-25"},{"lineNumber":8,"author":{"gitId":"-"},"content":"","lastModifiedDate":"2020-05-25"},{"lineNumber":9,"author":{"gitId":"-"},"content":"1. Open Intellij (if you are not in the welcome screen, click `File` \u003e `Close Project` to close the existing project first)","lastModifiedDate":"2021-01-17"},{"lineNumber":10,"author":{"gitId":"-"},"content":"1. Open the project into Intellij as follows:","lastModifiedDate":"2021-01-17"},{"lineNumber":11,"author":{"gitId":"-"},"content":"   1. Click `Open`.","lastModifiedDate":"2021-01-17"},{"lineNumber":12,"author":{"gitId":"-"},"content":"   1. Select the project directory, and click `OK`.","lastModifiedDate":"2021-01-17"},{"lineNumber":13,"author":{"gitId":"-"},"content":"   1. If there are any further prompts, accept the defaults.","lastModifiedDate":"2020-05-25"},{"lineNumber":14,"author":{"gitId":"-"},"content":"1. Configure the project to use **JDK 11** (not other versions) as explained in [here](https://www.jetbrains.com/help/idea/sdk.html#set-up-jdk).\u003cbr\u003e","lastModifiedDate":"2021-07-29"},{"lineNumber":15,"author":{"gitId":"-"},"content":"   In the same dialog, set the **Project language level** field to the `SDK default` option.","lastModifiedDate":"2021-07-29"},{"lineNumber":16,"author":{"gitId":"-"},"content":"3. After that, locate the `src/main/java/Duke.java` file, right-click it, and choose `Run Duke.main()` (if the code editor is showing compile errors, try restarting the IDE). If the setup is correct, you should see something like the below as the output:","lastModifiedDate":"2021-07-29"},{"lineNumber":17,"author":{"gitId":"-"},"content":"   ```","lastModifiedDate":"2020-05-25"},{"lineNumber":18,"author":{"gitId":"-"},"content":"   Hello from","lastModifiedDate":"2020-05-25"},{"lineNumber":19,"author":{"gitId":"-"},"content":"    ____        _        ","lastModifiedDate":"2020-05-25"},{"lineNumber":20,"author":{"gitId":"-"},"content":"   |  _ \\ _   _| | _____ ","lastModifiedDate":"2020-05-25"},{"lineNumber":21,"author":{"gitId":"-"},"content":"   | | | | | | | |/ / _ \\","lastModifiedDate":"2020-05-25"},{"lineNumber":22,"author":{"gitId":"-"},"content":"   | |_| | |_| |   \u003c  __/","lastModifiedDate":"2020-05-25"},{"lineNumber":23,"author":{"gitId":"-"},"content":"   |____/ \\__,_|_|\\_\\___|","lastModifiedDate":"2020-05-25"},{"lineNumber":24,"author":{"gitId":"-"},"content":"   ```","lastModifiedDate":"2020-05-25"},{"lineNumber":25,"author":{"gitId":"keyule"},"content":"","lastModifiedDate":"2022-01-25"},{"lineNumber":26,"author":{"gitId":"keyule"},"content":"","lastModifiedDate":"2022-01-25"},{"lineNumber":27,"author":{"gitId":"keyule"},"content":"test","lastModifiedDate":"2022-01-25"}],"authorContributionMap":{"keyule":3,"-":24}},{"path":"src/main/java/Deadline.java","fileType":"java","lines":[{"lineNumber":1,"author":{"gitId":"keyule"},"content":"public class Deadline extends Task {","lastModifiedDate":"2022-04-01"},{"lineNumber":2,"author":{"gitId":"keyule"},"content":"","lastModifiedDate":"2022-04-01"},{"lineNumber":3,"author":{"gitId":"keyule"},"content":"    protected String by;","lastModifiedDate":"2022-04-01"},{"lineNumber":4,"author":{"gitId":"keyule"},"content":"","lastModifiedDate":"2022-04-01"},{"lineNumber":5,"author":{"gitId":"keyule"},"content":"    public Deadline(String description, String by) {","lastModifiedDate":"2022-04-01"},{"lineNumber":6,"author":{"gitId":"keyule"},"content":"        super(description);","lastModifiedDate":"2022-04-01"},{"lineNumber":7,"author":{"gitId":"keyule"},"content":"        this.by \u003d by;","lastModifiedDate":"2022-04-01"},{"lineNumber":8,"author":{"gitId":"keyule"},"content":"    }","lastModifiedDate":"2022-04-01"},{"lineNumber":9,"author":{"gitId":"keyule"},"content":"","lastModifiedDate":"2022-04-01"},{"lineNumber":10,"author":{"gitId":"keyule"},"content":"    @Override","lastModifiedDate":"2022-04-01"},{"lineNumber":11,"author":{"gitId":"keyule"},"content":"    public String toString() {","lastModifiedDate":"2022-04-01"},{"lineNumber":12,"author":{"gitId":"keyule"},"content":"        return \"[D]\" + super.toString() + \" (by: \" + by + \")\";","lastModifiedDate":"2022-04-01"},{"lineNumber":13,"author":{"gitId":"keyule"},"content":"    }","lastModifiedDate":"2022-04-01"},{"lineNumber":14,"author":{"gitId":"keyule"},"content":"}","lastModifiedDate":"2022-04-01"}],"authorContributionMap":{"keyule":14}},{"path":"src/main/java/Duke.java","fileType":"java","lines":[{"lineNumber":1,"author":{"gitId":"keyule"},"content":"import java.util.Scanner;","lastModifiedDate":"2022-01-27"},{"lineNumber":2,"author":{"gitId":"keyule"},"content":"import java.util.ArrayList;","lastModifiedDate":"2022-01-31"},{"lineNumber":3,"author":{"gitId":"keyule"},"content":"","lastModifiedDate":"2022-01-27"},{"lineNumber":4,"author":{"gitId":"-"},"content":"public class Duke {","lastModifiedDate":"2019-07-29"},{"lineNumber":5,"author":{"gitId":"-"},"content":"    public static void main(String[] args) {","lastModifiedDate":"2019-07-29"},{"lineNumber":6,"author":{"gitId":"-"},"content":"        String logo \u003d \" ____        _        \\n\"","lastModifiedDate":"2019-07-29"},{"lineNumber":7,"author":{"gitId":"-"},"content":"                + \"|  _ \\\\ _   _| | _____ \\n\"","lastModifiedDate":"2019-07-29"},{"lineNumber":8,"author":{"gitId":"-"},"content":"                + \"| | | | | | | |/ / _ \\\\\\n\"","lastModifiedDate":"2019-07-29"},{"lineNumber":9,"author":{"gitId":"-"},"content":"                + \"| |_| | |_| |   \u003c  __/\\n\"","lastModifiedDate":"2019-07-29"},{"lineNumber":10,"author":{"gitId":"-"},"content":"                + \"|____/ \\\\__,_|_|\\\\_\\\\___|\\n\";","lastModifiedDate":"2019-07-29"},{"lineNumber":11,"author":{"gitId":"keyule"},"content":"        System.out.println(logo);","lastModifiedDate":"2022-01-27"},{"lineNumber":12,"author":{"gitId":"keyule"},"content":"        System.out.println(\"---------------------------------\");","lastModifiedDate":"2022-01-27"},{"lineNumber":13,"author":{"gitId":"keyule"},"content":"        System.out.println(\"Hello! I\u0027m Duke\");","lastModifiedDate":"2022-01-27"},{"lineNumber":14,"author":{"gitId":"keyule"},"content":"        System.out.println(\"What can I do for you?\");","lastModifiedDate":"2022-01-27"},{"lineNumber":15,"author":{"gitId":"keyule"},"content":"        System.out.println(\"---------------------------------\");","lastModifiedDate":"2022-01-27"},{"lineNumber":16,"author":{"gitId":"keyule"},"content":"","lastModifiedDate":"2022-01-27"},{"lineNumber":17,"author":{"gitId":"keyule"},"content":"        String line;","lastModifiedDate":"2022-01-27"},{"lineNumber":18,"author":{"gitId":"keyule"},"content":"        Scanner in \u003d new Scanner(System.in);","lastModifiedDate":"2022-01-27"},{"lineNumber":19,"author":{"gitId":"keyule"},"content":"        ArrayList\u003cTask\u003e taskList \u003d new ArrayList\u003c\u003e();","lastModifiedDate":"2022-04-01"},{"lineNumber":20,"author":{"gitId":"keyule"},"content":"","lastModifiedDate":"2022-01-31"},{"lineNumber":21,"author":{"gitId":"keyule"},"content":"","lastModifiedDate":"2022-01-27"},{"lineNumber":22,"author":{"gitId":"keyule"},"content":"        boolean start \u003d true;","lastModifiedDate":"2022-01-27"},{"lineNumber":23,"author":{"gitId":"keyule"},"content":"","lastModifiedDate":"2022-01-27"},{"lineNumber":24,"author":{"gitId":"keyule"},"content":"        while (start) {","lastModifiedDate":"2022-01-27"},{"lineNumber":25,"author":{"gitId":"keyule"},"content":"            line \u003d in.nextLine();","lastModifiedDate":"2022-01-27"},{"lineNumber":26,"author":{"gitId":"keyule"},"content":"            System.out.println(\"---------------------------------\");","lastModifiedDate":"2022-01-27"},{"lineNumber":27,"author":{"gitId":"keyule"},"content":"","lastModifiedDate":"2022-01-31"},{"lineNumber":28,"author":{"gitId":"keyule"},"content":"            String[] splitLine \u003d line.split(\" \", 2);","lastModifiedDate":"2022-04-01"},{"lineNumber":29,"author":{"gitId":"keyule"},"content":"            String firstWord \u003d splitLine[0];","lastModifiedDate":"2022-04-01"},{"lineNumber":30,"author":{"gitId":"keyule"},"content":"            firstWord \u003d firstWord.toLowerCase();","lastModifiedDate":"2022-01-31"},{"lineNumber":31,"author":{"gitId":"keyule"},"content":"            String restOfLine \u003d \"\";","lastModifiedDate":"2022-01-31"},{"lineNumber":32,"author":{"gitId":"keyule"},"content":"            if (splitLine.length \u003e 1) {","lastModifiedDate":"2022-04-01"},{"lineNumber":33,"author":{"gitId":"keyule"},"content":"                restOfLine \u003d splitLine[1];","lastModifiedDate":"2022-04-01"},{"lineNumber":34,"author":{"gitId":"keyule"},"content":"            }","lastModifiedDate":"2022-01-31"},{"lineNumber":35,"author":{"gitId":"keyule"},"content":"","lastModifiedDate":"2022-01-31"},{"lineNumber":36,"author":{"gitId":"keyule"},"content":"            switch (firstWord) {","lastModifiedDate":"2022-04-01"},{"lineNumber":37,"author":{"gitId":"keyule"},"content":"                case \"bye\": {","lastModifiedDate":"2022-04-01"},{"lineNumber":38,"author":{"gitId":"keyule"},"content":"                    System.out.println(\"Bye. Hope to see you again soon!\");","lastModifiedDate":"2022-01-27"},{"lineNumber":39,"author":{"gitId":"keyule"},"content":"                    start \u003d false;","lastModifiedDate":"2022-01-27"},{"lineNumber":40,"author":{"gitId":"keyule"},"content":"                    in.close();","lastModifiedDate":"2022-01-31"},{"lineNumber":41,"author":{"gitId":"keyule"},"content":"                    break;","lastModifiedDate":"2022-04-01"},{"lineNumber":42,"author":{"gitId":"keyule"},"content":"                }","lastModifiedDate":"2022-04-01"},{"lineNumber":43,"author":{"gitId":"keyule"},"content":"                case \"list\": {","lastModifiedDate":"2022-04-01"},{"lineNumber":44,"author":{"gitId":"keyule"},"content":"                    if (Task.getNumberOfTask() \u003d\u003d 0) {","lastModifiedDate":"2022-01-31"},{"lineNumber":45,"author":{"gitId":"keyule"},"content":"                        System.out.println(\"There is currently nothing in the list\");","lastModifiedDate":"2022-01-31"},{"lineNumber":46,"author":{"gitId":"keyule"},"content":"                    } else {","lastModifiedDate":"2022-04-01"},{"lineNumber":47,"author":{"gitId":"keyule"},"content":"                        System.out.println(\"Here are the tasks in your list:\");","lastModifiedDate":"2022-04-01"},{"lineNumber":48,"author":{"gitId":"keyule"},"content":"                        for (Task task : taskList) {","lastModifiedDate":"2022-04-01"},{"lineNumber":49,"author":{"gitId":"keyule"},"content":"                            System.out.println(task.getId()+ \". \" + task);","lastModifiedDate":"2022-04-01"},{"lineNumber":50,"author":{"gitId":"keyule"},"content":"                        }","lastModifiedDate":"2022-01-27"},{"lineNumber":51,"author":{"gitId":"keyule"},"content":"                    }","lastModifiedDate":"2022-04-01"},{"lineNumber":52,"author":{"gitId":"keyule"},"content":"                    break;","lastModifiedDate":"2022-04-01"},{"lineNumber":53,"author":{"gitId":"keyule"},"content":"                }","lastModifiedDate":"2022-04-01"},{"lineNumber":54,"author":{"gitId":"keyule"},"content":"                case \"mark\": {","lastModifiedDate":"2022-04-01"},{"lineNumber":55,"author":{"gitId":"keyule"},"content":"                    try{","lastModifiedDate":"2022-04-01"},{"lineNumber":56,"author":{"gitId":"keyule"},"content":"                        int taskNumber \u003d Integer.parseInt(restOfLine);","lastModifiedDate":"2022-01-31"},{"lineNumber":57,"author":{"gitId":"keyule"},"content":"//                        if (taskNumber \u003e Task.getNumberOfTask() || taskNumber \u003c\u003d 0) {","lastModifiedDate":"2022-04-01"},{"lineNumber":58,"author":{"gitId":"keyule"},"content":"//                            System.out.println(\"task does not exist\");","lastModifiedDate":"2022-04-01"},{"lineNumber":59,"author":{"gitId":"keyule"},"content":"//                        } else {","lastModifiedDate":"2022-04-01"},{"lineNumber":60,"author":{"gitId":"keyule"},"content":"                        if (taskList.get(taskNumber - 1).getDoneStatus()) {","lastModifiedDate":"2022-01-31"},{"lineNumber":61,"author":{"gitId":"keyule"},"content":"                            System.out.println(\"task is already done\");","lastModifiedDate":"2022-01-31"},{"lineNumber":62,"author":{"gitId":"keyule"},"content":"                        } else {","lastModifiedDate":"2022-01-31"},{"lineNumber":63,"author":{"gitId":"keyule"},"content":"                            taskList.get(taskNumber - 1).markDone();","lastModifiedDate":"2022-01-31"},{"lineNumber":64,"author":{"gitId":"keyule"},"content":"                            System.out.println(\"marked task as done\");","lastModifiedDate":"2022-01-31"},{"lineNumber":65,"author":{"gitId":"keyule"},"content":"                        }","lastModifiedDate":"2022-01-27"},{"lineNumber":66,"author":{"gitId":"keyule"},"content":"                    } catch (IndexOutOfBoundsException e){","lastModifiedDate":"2022-04-01"},{"lineNumber":67,"author":{"gitId":"keyule"},"content":"                            System.out.println(\"Task does not exist: \" + restOfLine);","lastModifiedDate":"2022-04-01"},{"lineNumber":68,"author":{"gitId":"keyule"},"content":"                    } catch(NumberFormatException e) {","lastModifiedDate":"2022-04-01"},{"lineNumber":69,"author":{"gitId":"keyule"},"content":"                        System.out.println(\"Invalid task number: \" + restOfLine);","lastModifiedDate":"2022-04-01"},{"lineNumber":70,"author":{"gitId":"keyule"},"content":"                    }","lastModifiedDate":"2022-01-31"},{"lineNumber":71,"author":{"gitId":"keyule"},"content":"                    break;","lastModifiedDate":"2022-04-01"},{"lineNumber":72,"author":{"gitId":"keyule"},"content":"                }","lastModifiedDate":"2022-04-01"},{"lineNumber":73,"author":{"gitId":"keyule"},"content":"                case \"unmark\": {","lastModifiedDate":"2022-04-01"},{"lineNumber":74,"author":{"gitId":"keyule"},"content":"                    try {","lastModifiedDate":"2022-04-01"},{"lineNumber":75,"author":{"gitId":"keyule"},"content":"                        int taskNumber \u003d Integer.parseInt(restOfLine);","lastModifiedDate":"2022-01-31"},{"lineNumber":76,"author":{"gitId":"keyule"},"content":"//                        if (taskNumber \u003e Task.getNumberOfTask() || taskNumber \u003c\u003d 0) {","lastModifiedDate":"2022-04-01"},{"lineNumber":77,"author":{"gitId":"keyule"},"content":"//                            System.out.println(\"task does not exist\");","lastModifiedDate":"2022-04-01"},{"lineNumber":78,"author":{"gitId":"keyule"},"content":"//                        } else {","lastModifiedDate":"2022-04-01"},{"lineNumber":79,"author":{"gitId":"keyule"},"content":"                        if (taskList.get(taskNumber - 1).getDoneStatus()) {","lastModifiedDate":"2022-01-31"},{"lineNumber":80,"author":{"gitId":"keyule"},"content":"                            taskList.get(taskNumber - 1).unmarkDone();","lastModifiedDate":"2022-01-31"},{"lineNumber":81,"author":{"gitId":"keyule"},"content":"                            System.out.println(\"Unmarked task\");","lastModifiedDate":"2022-01-31"},{"lineNumber":82,"author":{"gitId":"keyule"},"content":"                        } else {","lastModifiedDate":"2022-01-31"},{"lineNumber":83,"author":{"gitId":"keyule"},"content":"                            System.out.println(\"Task is not yet done\");","lastModifiedDate":"2022-04-01"},{"lineNumber":84,"author":{"gitId":"keyule"},"content":"                        }","lastModifiedDate":"2022-01-31"},{"lineNumber":85,"author":{"gitId":"keyule"},"content":"                    } catch (IndexOutOfBoundsException e){","lastModifiedDate":"2022-04-01"},{"lineNumber":86,"author":{"gitId":"keyule"},"content":"                        System.out.println(\"Task does not exist: \" + restOfLine);","lastModifiedDate":"2022-04-01"},{"lineNumber":87,"author":{"gitId":"keyule"},"content":"                    } catch (NumberFormatException e) {","lastModifiedDate":"2022-04-01"},{"lineNumber":88,"author":{"gitId":"keyule"},"content":"                        System.out.println(\"Invalid task number: \" + restOfLine);","lastModifiedDate":"2022-04-01"},{"lineNumber":89,"author":{"gitId":"keyule"},"content":"                    }","lastModifiedDate":"2022-01-31"},{"lineNumber":90,"author":{"gitId":"keyule"},"content":"                    break;","lastModifiedDate":"2022-04-01"},{"lineNumber":91,"author":{"gitId":"keyule"},"content":"                }","lastModifiedDate":"2022-04-01"},{"lineNumber":92,"author":{"gitId":"keyule"},"content":"                case \"todo\":{","lastModifiedDate":"2022-04-01"},{"lineNumber":93,"author":{"gitId":"keyule"},"content":"                    if(!restOfLine.isEmpty()){","lastModifiedDate":"2022-04-01"},{"lineNumber":94,"author":{"gitId":"keyule"},"content":"                        Task newTask \u003d new Todo(restOfLine);","lastModifiedDate":"2022-04-01"},{"lineNumber":95,"author":{"gitId":"keyule"},"content":"                        taskList.add(newTask);","lastModifiedDate":"2022-04-01"},{"lineNumber":96,"author":{"gitId":"keyule"},"content":"                        System.out.println(\"Got it. I\u0027ve added this task:\");","lastModifiedDate":"2022-04-01"},{"lineNumber":97,"author":{"gitId":"keyule"},"content":"                        System.out.println(\"  \" + newTask);","lastModifiedDate":"2022-04-01"},{"lineNumber":98,"author":{"gitId":"keyule"},"content":"                        System.out.println(\"Now you have \" + Task.getNumberOfTask() + \" in the list.\");","lastModifiedDate":"2022-04-01"},{"lineNumber":99,"author":{"gitId":"keyule"},"content":"                    }else{","lastModifiedDate":"2022-01-31"},{"lineNumber":100,"author":{"gitId":"keyule"},"content":"                        System.out.println(\"Missing information!\");","lastModifiedDate":"2022-04-01"},{"lineNumber":101,"author":{"gitId":"keyule"},"content":"                    }","lastModifiedDate":"2022-04-01"},{"lineNumber":102,"author":{"gitId":"keyule"},"content":"                    break;","lastModifiedDate":"2022-04-01"},{"lineNumber":103,"author":{"gitId":"keyule"},"content":"                }","lastModifiedDate":"2022-04-01"},{"lineNumber":104,"author":{"gitId":"keyule"},"content":"                case \"deadline\":{","lastModifiedDate":"2022-04-01"},{"lineNumber":105,"author":{"gitId":"keyule"},"content":"                    if(!restOfLine.isEmpty()){","lastModifiedDate":"2022-04-01"},{"lineNumber":106,"author":{"gitId":"keyule"},"content":"                        try{","lastModifiedDate":"2022-04-01"},{"lineNumber":107,"author":{"gitId":"keyule"},"content":"                            String[] parts \u003d restOfLine.split(\" /by \");","lastModifiedDate":"2022-04-01"},{"lineNumber":108,"author":{"gitId":"keyule"},"content":"                            Task newTask \u003d new Deadline(parts[0], parts[1]);","lastModifiedDate":"2022-04-01"},{"lineNumber":109,"author":{"gitId":"keyule"},"content":"                            taskList.add(newTask);","lastModifiedDate":"2022-01-31"},{"lineNumber":110,"author":{"gitId":"keyule"},"content":"                            System.out.println(\"Got it. I\u0027ve added this task:\");","lastModifiedDate":"2022-04-01"},{"lineNumber":111,"author":{"gitId":"keyule"},"content":"                            System.out.println(\"  \" + newTask);","lastModifiedDate":"2022-04-01"},{"lineNumber":112,"author":{"gitId":"keyule"},"content":"                            System.out.println(\"Now you have \" + Task.getNumberOfTask() + \" in the list.\");","lastModifiedDate":"2022-04-01"},{"lineNumber":113,"author":{"gitId":"keyule"},"content":"                        } catch(IndexOutOfBoundsException e) {","lastModifiedDate":"2022-04-01"},{"lineNumber":114,"author":{"gitId":"keyule"},"content":"                            System.out.println(\"Description or Date is missing: \" + restOfLine);","lastModifiedDate":"2022-04-01"},{"lineNumber":115,"author":{"gitId":"keyule"},"content":"                        }","lastModifiedDate":"2022-04-01"},{"lineNumber":116,"author":{"gitId":"keyule"},"content":"                    }else{","lastModifiedDate":"2022-04-01"},{"lineNumber":117,"author":{"gitId":"keyule"},"content":"                        System.out.println(\"Missing information!\");","lastModifiedDate":"2022-04-01"},{"lineNumber":118,"author":{"gitId":"keyule"},"content":"                    }","lastModifiedDate":"2022-04-01"},{"lineNumber":119,"author":{"gitId":"keyule"},"content":"                    break;","lastModifiedDate":"2022-04-01"},{"lineNumber":120,"author":{"gitId":"keyule"},"content":"                }","lastModifiedDate":"2022-04-01"},{"lineNumber":121,"author":{"gitId":"keyule"},"content":"                case \"event\":{","lastModifiedDate":"2022-04-01"},{"lineNumber":122,"author":{"gitId":"keyule"},"content":"                    if(!restOfLine.isEmpty()){","lastModifiedDate":"2022-04-01"},{"lineNumber":123,"author":{"gitId":"keyule"},"content":"                        try{","lastModifiedDate":"2022-04-01"},{"lineNumber":124,"author":{"gitId":"keyule"},"content":"                            String[] parts \u003d restOfLine.split(\" /at \");","lastModifiedDate":"2022-04-01"},{"lineNumber":125,"author":{"gitId":"keyule"},"content":"                            Task newTask \u003d new Event(parts[0], parts[1]);","lastModifiedDate":"2022-04-01"},{"lineNumber":126,"author":{"gitId":"keyule"},"content":"                            taskList.add(newTask);","lastModifiedDate":"2022-04-01"},{"lineNumber":127,"author":{"gitId":"keyule"},"content":"                            System.out.println(\"Got it. I\u0027ve added this task:\");","lastModifiedDate":"2022-04-01"},{"lineNumber":128,"author":{"gitId":"keyule"},"content":"                            System.out.println(\"  \" + newTask);","lastModifiedDate":"2022-04-01"},{"lineNumber":129,"author":{"gitId":"keyule"},"content":"                            System.out.println(\"Now you have \" + Task.getNumberOfTask() + \" in the list.\");","lastModifiedDate":"2022-04-01"},{"lineNumber":130,"author":{"gitId":"keyule"},"content":"                        } catch (IndexOutOfBoundsException e){","lastModifiedDate":"2022-04-01"},{"lineNumber":131,"author":{"gitId":"keyule"},"content":"                            System.out.println(\"Description or Date is missing: \" + restOfLine);","lastModifiedDate":"2022-04-01"},{"lineNumber":132,"author":{"gitId":"keyule"},"content":"                        }","lastModifiedDate":"2022-04-01"},{"lineNumber":133,"author":{"gitId":"keyule"},"content":"                    }else{","lastModifiedDate":"2022-04-01"},{"lineNumber":134,"author":{"gitId":"keyule"},"content":"                        System.out.println(\"Missing information!\");","lastModifiedDate":"2022-04-01"},{"lineNumber":135,"author":{"gitId":"keyule"},"content":"                    }","lastModifiedDate":"2022-04-01"},{"lineNumber":136,"author":{"gitId":"keyule"},"content":"                    break;","lastModifiedDate":"2022-04-01"},{"lineNumber":137,"author":{"gitId":"keyule"},"content":"                }","lastModifiedDate":"2022-04-01"},{"lineNumber":138,"author":{"gitId":"keyule"},"content":"                default:","lastModifiedDate":"2022-04-01"},{"lineNumber":139,"author":{"gitId":"keyule"},"content":"                    System.out.println(\"please enter a valid command\");","lastModifiedDate":"2022-04-01"},{"lineNumber":140,"author":{"gitId":"keyule"},"content":"            }","lastModifiedDate":"2022-01-31"},{"lineNumber":141,"author":{"gitId":"keyule"},"content":"            System.out.println(\"---------------------------------\");","lastModifiedDate":"2022-01-27"},{"lineNumber":142,"author":{"gitId":"keyule"},"content":"        }","lastModifiedDate":"2022-01-27"},{"lineNumber":143,"author":{"gitId":"-"},"content":"    }","lastModifiedDate":"2022-01-27"},{"lineNumber":144,"author":{"gitId":"-"},"content":"}","lastModifiedDate":"2019-07-29"}],"authorContributionMap":{"keyule":135,"-":9}},{"path":"src/main/java/Event.java","fileType":"java","lines":[{"lineNumber":1,"author":{"gitId":"keyule"},"content":"public class Event extends Task {","lastModifiedDate":"2022-04-01"},{"lineNumber":2,"author":{"gitId":"keyule"},"content":"","lastModifiedDate":"2022-04-01"},{"lineNumber":3,"author":{"gitId":"keyule"},"content":"    protected String at;","lastModifiedDate":"2022-04-01"},{"lineNumber":4,"author":{"gitId":"keyule"},"content":"","lastModifiedDate":"2022-04-01"},{"lineNumber":5,"author":{"gitId":"keyule"},"content":"    public Event(String description, String at) {","lastModifiedDate":"2022-04-01"},{"lineNumber":6,"author":{"gitId":"keyule"},"content":"        super(description);","lastModifiedDate":"2022-04-01"},{"lineNumber":7,"author":{"gitId":"keyule"},"content":"        this.at \u003d at;","lastModifiedDate":"2022-04-01"},{"lineNumber":8,"author":{"gitId":"keyule"},"content":"    }","lastModifiedDate":"2022-04-01"},{"lineNumber":9,"author":{"gitId":"keyule"},"content":"","lastModifiedDate":"2022-04-01"},{"lineNumber":10,"author":{"gitId":"keyule"},"content":"    @Override","lastModifiedDate":"2022-04-01"},{"lineNumber":11,"author":{"gitId":"keyule"},"content":"    public String toString() {","lastModifiedDate":"2022-04-01"},{"lineNumber":12,"author":{"gitId":"keyule"},"content":"        return \"[E]\" + super.toString() + \" (at: \" + at + \")\";","lastModifiedDate":"2022-04-01"},{"lineNumber":13,"author":{"gitId":"keyule"},"content":"    }","lastModifiedDate":"2022-04-01"},{"lineNumber":14,"author":{"gitId":"keyule"},"content":"}","lastModifiedDate":"2022-04-01"}],"authorContributionMap":{"keyule":14}},{"path":"src/main/java/Task.java","fileType":"java","lines":[{"lineNumber":1,"author":{"gitId":"keyule"},"content":"public class Task {","lastModifiedDate":"2022-01-31"},{"lineNumber":2,"author":{"gitId":"keyule"},"content":"    private String description;","lastModifiedDate":"2022-01-31"},{"lineNumber":3,"author":{"gitId":"keyule"},"content":"    protected boolean isDone \u003d false;","lastModifiedDate":"2022-01-31"},{"lineNumber":4,"author":{"gitId":"keyule"},"content":"    private int id;","lastModifiedDate":"2022-01-31"},{"lineNumber":5,"author":{"gitId":"keyule"},"content":"","lastModifiedDate":"2022-01-31"},{"lineNumber":6,"author":{"gitId":"keyule"},"content":"    private static int taskCount \u003d 0; ","lastModifiedDate":"2022-01-31"},{"lineNumber":7,"author":{"gitId":"keyule"},"content":"","lastModifiedDate":"2022-01-31"},{"lineNumber":8,"author":{"gitId":"keyule"},"content":"    public Task(String description) {","lastModifiedDate":"2022-01-31"},{"lineNumber":9,"author":{"gitId":"keyule"},"content":"        this.description \u003d description;","lastModifiedDate":"2022-01-31"},{"lineNumber":10,"author":{"gitId":"keyule"},"content":"        taskCount++;","lastModifiedDate":"2022-01-31"},{"lineNumber":11,"author":{"gitId":"keyule"},"content":"        this.id \u003d taskCount;","lastModifiedDate":"2022-01-31"},{"lineNumber":12,"author":{"gitId":"keyule"},"content":"    }","lastModifiedDate":"2022-01-31"},{"lineNumber":13,"author":{"gitId":"keyule"},"content":"    ","lastModifiedDate":"2022-01-31"},{"lineNumber":14,"author":{"gitId":"keyule"},"content":"    public String getDescription() {","lastModifiedDate":"2022-01-31"},{"lineNumber":15,"author":{"gitId":"keyule"},"content":"        return description;","lastModifiedDate":"2022-01-31"},{"lineNumber":16,"author":{"gitId":"keyule"},"content":"    }","lastModifiedDate":"2022-01-31"},{"lineNumber":17,"author":{"gitId":"keyule"},"content":"","lastModifiedDate":"2022-01-31"},{"lineNumber":18,"author":{"gitId":"keyule"},"content":"    public void markDone() {","lastModifiedDate":"2022-01-31"},{"lineNumber":19,"author":{"gitId":"keyule"},"content":"        this.isDone \u003d true;","lastModifiedDate":"2022-01-31"},{"lineNumber":20,"author":{"gitId":"keyule"},"content":"    }","lastModifiedDate":"2022-01-31"},{"lineNumber":21,"author":{"gitId":"keyule"},"content":"","lastModifiedDate":"2022-01-31"},{"lineNumber":22,"author":{"gitId":"keyule"},"content":"    public int getId(){","lastModifiedDate":"2022-04-01"},{"lineNumber":23,"author":{"gitId":"keyule"},"content":"        return id;","lastModifiedDate":"2022-04-01"},{"lineNumber":24,"author":{"gitId":"keyule"},"content":"    }","lastModifiedDate":"2022-04-01"},{"lineNumber":25,"author":{"gitId":"keyule"},"content":"","lastModifiedDate":"2022-04-01"},{"lineNumber":26,"author":{"gitId":"keyule"},"content":"    public void unmarkDone() {","lastModifiedDate":"2022-01-31"},{"lineNumber":27,"author":{"gitId":"keyule"},"content":"        this.isDone \u003d false;","lastModifiedDate":"2022-01-31"},{"lineNumber":28,"author":{"gitId":"keyule"},"content":"    }","lastModifiedDate":"2022-01-31"},{"lineNumber":29,"author":{"gitId":"keyule"},"content":"","lastModifiedDate":"2022-01-31"},{"lineNumber":30,"author":{"gitId":"keyule"},"content":"    public boolean getDoneStatus(){","lastModifiedDate":"2022-01-31"},{"lineNumber":31,"author":{"gitId":"keyule"},"content":"        return this.isDone;","lastModifiedDate":"2022-01-31"},{"lineNumber":32,"author":{"gitId":"keyule"},"content":"    }","lastModifiedDate":"2022-01-31"},{"lineNumber":33,"author":{"gitId":"keyule"},"content":"","lastModifiedDate":"2022-01-31"},{"lineNumber":34,"author":{"gitId":"keyule"},"content":"    public static int getNumberOfTask(){","lastModifiedDate":"2022-01-31"},{"lineNumber":35,"author":{"gitId":"keyule"},"content":"        return taskCount;","lastModifiedDate":"2022-01-31"},{"lineNumber":36,"author":{"gitId":"keyule"},"content":"    }","lastModifiedDate":"2022-01-31"},{"lineNumber":37,"author":{"gitId":"keyule"},"content":"","lastModifiedDate":"2022-01-31"},{"lineNumber":38,"author":{"gitId":"keyule"},"content":"    public String getStatusIcon() {","lastModifiedDate":"2022-01-31"},{"lineNumber":39,"author":{"gitId":"keyule"},"content":"        return (isDone ? \"X\" : \" \"); // mark done task with X","lastModifiedDate":"2022-01-31"},{"lineNumber":40,"author":{"gitId":"keyule"},"content":"    }","lastModifiedDate":"2022-01-31"},{"lineNumber":41,"author":{"gitId":"keyule"},"content":"","lastModifiedDate":"2022-01-31"},{"lineNumber":42,"author":{"gitId":"keyule"},"content":"    @Override","lastModifiedDate":"2022-01-31"},{"lineNumber":43,"author":{"gitId":"keyule"},"content":"    public String toString(){","lastModifiedDate":"2022-01-31"},{"lineNumber":44,"author":{"gitId":"keyule"},"content":"        return \"[\" + getStatusIcon() + \"] \" + getDescription();","lastModifiedDate":"2022-04-01"},{"lineNumber":45,"author":{"gitId":"keyule"},"content":"    }","lastModifiedDate":"2022-01-31"},{"lineNumber":46,"author":{"gitId":"keyule"},"content":"","lastModifiedDate":"2022-01-31"},{"lineNumber":47,"author":{"gitId":"keyule"},"content":"","lastModifiedDate":"2022-01-31"},{"lineNumber":48,"author":{"gitId":"keyule"},"content":"}","lastModifiedDate":"2022-01-31"}],"authorContributionMap":{"keyule":48}},{"path":"src/main/java/Todo.java","fileType":"java","lines":[{"lineNumber":1,"author":{"gitId":"keyule"},"content":"public class Todo extends Task {","lastModifiedDate":"2022-04-01"},{"lineNumber":2,"author":{"gitId":"keyule"},"content":"","lastModifiedDate":"2022-04-01"},{"lineNumber":3,"author":{"gitId":"keyule"},"content":"    public Todo(String description) {","lastModifiedDate":"2022-04-01"},{"lineNumber":4,"author":{"gitId":"keyule"},"content":"        super(description);","lastModifiedDate":"2022-04-01"},{"lineNumber":5,"author":{"gitId":"keyule"},"content":"    }","lastModifiedDate":"2022-04-01"},{"lineNumber":6,"author":{"gitId":"keyule"},"content":"","lastModifiedDate":"2022-04-01"},{"lineNumber":7,"author":{"gitId":"keyule"},"content":"    @Override","lastModifiedDate":"2022-04-01"},{"lineNumber":8,"author":{"gitId":"keyule"},"content":"    public String toString() {","lastModifiedDate":"2022-04-01"},{"lineNumber":9,"author":{"gitId":"keyule"},"content":"        return \"[T]\" + super.toString();","lastModifiedDate":"2022-04-01"},{"lineNumber":10,"author":{"gitId":"keyule"},"content":"    }","lastModifiedDate":"2022-04-01"},{"lineNumber":11,"author":{"gitId":"keyule"},"content":"}","lastModifiedDate":"2022-04-01"}],"authorContributionMap":{"keyule":11}},{"path":"text-ui-test/input.txt","fileType":"txt","lines":[{"lineNumber":1,"author":{"gitId":"keyule"},"content":"test","lastModifiedDate":"2022-01-31"},{"lineNumber":2,"author":{"gitId":"keyule"},"content":"bye","lastModifiedDate":"2022-01-31"}],"authorContributionMap":{"keyule":2}}]
