{"authorDailyContributionsMap":{"keyule":[{"date":"2022-01-25","commitResults":[{"hash":"dcc6a5dda40618fef6893553d2db9c4807168169","messageTitle":"first commit -testing","messageBody":"","tags":["v0.0"],"fileTypesAndContributionMap":{"md":{"insertions":3,"deletions":0}}}]},{"date":"2022-01-27","commitResults":[{"hash":"7f5c8b63471df3400a1d736e7d91e25a3fff4566","messageTitle":"Level 1","messageBody":"","tags":["Level-1"],"fileTypesAndContributionMap":{"java":{"insertions":26,"deletions":1}}},{"hash":"0083831cb183f5cc50bd46f434e4e9661e990d40","messageTitle":"Level 2","messageBody":"","tags":["Level-2"],"fileTypesAndContributionMap":{"java":{"insertions":17,"deletions":2}}}]},{"date":"2022-01-31","commitResults":[{"hash":"60fe57c23815328d0802285ea619ef0c0025ca71","messageTitle":"Level 3","messageBody":"","tags":["Level-3"],"fileTypesAndContributionMap":{"txt":{"insertions":2,"deletions":0},"java":{"insertions":109,"deletions":19}}}]},{"date":"2022-04-01","commitResults":[{"hash":"78ff143af3126239eee1f2996a4e5012058d61f0","messageTitle":"Level 4","messageBody":"","tags":["Level-4"],"fileTypesAndContributionMap":{"java":{"insertions":141,"deletions":43}}},{"hash":"903f12191a0d6c5df68c9f991b4d8ca7258cae0c","messageTitle":"Level 5","messageBody":"","tags":["Level-5"],"fileTypesAndContributionMap":{"java":{"insertions":43,"deletions":50}}}]},{"date":"2022-04-02","commitResults":[{"hash":"1c26843f6d3a14e622521fd7f657bdc479cece15","messageTitle":"Level 6","messageBody":"","tags":["Level-6"],"fileTypesAndContributionMap":{"java":{"insertions":65,"deletions":35}}}]},{"date":"2022-04-04","commitResults":[{"hash":"667cd45bd0a4fc9b7aef842b378b30977c9ef58a","messageTitle":"Level 7: A-MoreOOP in progress","messageBody":"","fileTypesAndContributionMap":{"java":{"insertions":195,"deletions":1}}},{"hash":"0524808835cefceb451008d869f3eee0a669c7de","messageTitle":"Level 7: A-MoreOOP Done","messageBody":"","fileTypesAndContributionMap":{"java":{"insertions":186,"deletions":9}}}]},{"date":"2022-04-05","commitResults":[{"hash":"295ec24ce003869af80a5e48ce52e97432ac68a8","messageTitle":"Level 7:A-Packages","messageBody":"","fileTypesAndContributionMap":{"java":{"insertions":142,"deletions":60}}},{"hash":"3c66c5affcf12500d7115ab155d2eeeaff5924d6","messageTitle":"Level 7: Save","messageBody":"","tags":["Level-7"],"fileTypesAndContributionMap":{"java":{"insertions":177,"deletions":163}}}]}]},"authorFileTypeContributionMap":{"keyule":{"java":724,"md":3,"fxml":0,"sh":0,"bat":0,"gradle":0,"txt":2}},"authorContributionVariance":{"keyule":6123.4707},"authorDisplayNameMap":{"keyule":"KE Y..YULE"}}
