{"authorDailyContributionsMap":{"keyule":[{"date":"2022-01-25","commitResults":[{"hash":"dcc6a5dda40618fef6893553d2db9c4807168169","messageTitle":"first commit -testing","messageBody":"","tags":["v0.0"],"fileTypesAndContributionMap":{"md":{"insertions":3,"deletions":0}}}]},{"date":"2022-01-27","commitResults":[{"hash":"7f5c8b63471df3400a1d736e7d91e25a3fff4566","messageTitle":"Level 1","messageBody":"","tags":["Level-1"],"fileTypesAndContributionMap":{"java":{"insertions":26,"deletions":1}}},{"hash":"0083831cb183f5cc50bd46f434e4e9661e990d40","messageTitle":"Level 2","messageBody":"","tags":["Level-2"],"fileTypesAndContributionMap":{"java":{"insertions":17,"deletions":2}}}]},{"date":"2022-01-31","commitResults":[{"hash":"60fe57c23815328d0802285ea619ef0c0025ca71","messageTitle":"Level 3","messageBody":"","tags":["Level-3"],"fileTypesAndContributionMap":{"txt":{"insertions":2,"deletions":0},"java":{"insertions":109,"deletions":19}}}]},{"date":"2022-04-01","commitResults":[{"hash":"78ff143af3126239eee1f2996a4e5012058d61f0","messageTitle":"Level 4","messageBody":"","tags":["Level-4"],"fileTypesAndContributionMap":{"java":{"insertions":141,"deletions":43}}},{"hash":"903f12191a0d6c5df68c9f991b4d8ca7258cae0c","messageTitle":"Level 5","messageBody":"","tags":["Level-5"],"fileTypesAndContributionMap":{"java":{"insertions":43,"deletions":50}}}]},{"date":"2022-04-02","commitResults":[{"hash":"1c26843f6d3a14e622521fd7f657bdc479cece15","messageTitle":"Level 6","messageBody":"","tags":["Level-6"],"fileTypesAndContributionMap":{"java":{"insertions":65,"deletions":35}}}]},{"date":"2022-04-04","commitResults":[{"hash":"667cd45bd0a4fc9b7aef842b378b30977c9ef58a","messageTitle":"Level 7: A-MoreOOP in progress","messageBody":"","fileTypesAndContributionMap":{"java":{"insertions":195,"deletions":1}}},{"hash":"0524808835cefceb451008d869f3eee0a669c7de","messageTitle":"Level 7: A-MoreOOP Done","messageBody":"","fileTypesAndContributionMap":{"java":{"insertions":186,"deletions":9}}}]},{"date":"2022-04-05","commitResults":[{"hash":"295ec24ce003869af80a5e48ce52e97432ac68a8","messageTitle":"Level 7:A-Packages","messageBody":"","fileTypesAndContributionMap":{"java":{"insertions":142,"deletions":60}}},{"hash":"3c66c5affcf12500d7115ab155d2eeeaff5924d6","messageTitle":"Level 7: Save","messageBody":"","tags":["Level-7"],"fileTypesAndContributionMap":{"java":{"insertions":177,"deletions":163}}},{"hash":"70377e427615d8a2d02d08005a3752c17d2f6a81","messageTitle":"Level 8: Dates and times, A-Libraries","messageBody":"","fileTypesAndContributionMap":{"java":{"insertions":72,"deletions":24}}}]},{"date":"2022-04-06","commitResults":[{"hash":"f699160a1df546d63ab959aa30fe388f42cdf2a7","messageTitle":"Level 8: Exception Handling for Date/time","messageBody":"","fileTypesAndContributionMap":{"java":{"insertions":23,"deletions":22}}},{"hash":"ac7080ba76d651e175f1bef615f66e67ba14390d","messageTitle":"Small code Changes","messageBody":"","fileTypesAndContributionMap":{"java":{"insertions":4,"deletions":4}}},{"hash":"78d7801f6e54b89178a9065d63256712547df33e","messageTitle":"Level 8: A-Gradle","messageBody":"","fileTypesAndContributionMap":{"gradle":{"insertions":4,"deletions":1}}},{"hash":"e6c791bbe2ec5974f6df67d0ec37d7950a159c3b","messageTitle":"Added CheckStyles and fixed Styles","messageBody":"","fileTypesAndContributionMap":{"java":{"insertions":170,"deletions":154}}},{"hash":"fd94454b1337c94d7776a5831fd5c183e4740b14","messageTitle":"Level 8: A-JUnit","messageBody":"","fileTypesAndContributionMap":{"java":{"insertions":270,"deletions":0}}},{"hash":"ba3c760495fa2e4eda4eed69e516d76523c136f5","messageTitle":"Level 9: Find","messageBody":"","fileTypesAndContributionMap":{"java":{"insertions":76,"deletions":18}}}]},{"date":"2022-04-07","commitResults":[{"hash":"50a4e15e5fae5e04ce414607d4d7b9aac02822c5","messageTitle":"Individual Feature: C-Update","messageBody":"","fileTypesAndContributionMap":{"java":{"insertions":118,"deletions":3}}},{"hash":"2eaa2d45a5287641f7c21f03fb061271bc266669","messageTitle":"C-Update Fixed bug","messageBody":"","fileTypesAndContributionMap":{"java":{"insertions":11,"deletions":0}}},{"hash":"6bd0b37aab6ac2d9126aa5c2a14c6cdc7775bef1","messageTitle":"C-MassOps","messageBody":"","fileTypesAndContributionMap":{"java":{"insertions":68,"deletions":17}}},{"hash":"38d9adc01859f6188cf7a83e344e1b41fae2b531","messageTitle":"Level 8: A-JavaDoc","messageBody":"","tags":["Level-8"],"fileTypesAndContributionMap":{"java":{"insertions":256,"deletions":28}}}]}]},"authorFileTypeContributionMap":{"keyule":{"java":1522,"md":3,"fxml":0,"sh":0,"bat":0,"gradle":4,"txt":2}},"authorContributionVariance":{"keyule":15705.194},"authorDisplayNameMap":{"keyule":"KE Y..YULE"}}
