{"authorDailyContributionsMap":{"keyule":[{"date":"2022-01-25","commitResults":[{"hash":"dcc6a5dda40618fef6893553d2db9c4807168169","messageTitle":"first commit -testing","messageBody":"","tags":["v0.0"],"fileTypesAndContributionMap":{"md":{"insertions":3,"deletions":0}}}]},{"date":"2022-01-27","commitResults":[{"hash":"7f5c8b63471df3400a1d736e7d91e25a3fff4566","messageTitle":"Level 1","messageBody":"","tags":["Level-1"],"fileTypesAndContributionMap":{"java":{"insertions":26,"deletions":1}}},{"hash":"0083831cb183f5cc50bd46f434e4e9661e990d40","messageTitle":"Level 2","messageBody":"","tags":["Level-2"],"fileTypesAndContributionMap":{"java":{"insertions":17,"deletions":2}}}]},{"date":"2022-01-31","commitResults":[{"hash":"60fe57c23815328d0802285ea619ef0c0025ca71","messageTitle":"Level 3","messageBody":"","tags":["Level-3"],"fileTypesAndContributionMap":{"txt":{"insertions":2,"deletions":0},"java":{"insertions":109,"deletions":19}}}]},{"date":"2022-04-01","commitResults":[{"hash":"78ff143af3126239eee1f2996a4e5012058d61f0","messageTitle":"Level 4","messageBody":"","tags":["Level-4"],"fileTypesAndContributionMap":{"java":{"insertions":141,"deletions":43}}},{"hash":"903f12191a0d6c5df68c9f991b4d8ca7258cae0c","messageTitle":"Level 5","messageBody":"","tags":["Level-5"],"fileTypesAndContributionMap":{"java":{"insertions":43,"deletions":50}}}]},{"date":"2022-04-02","commitResults":[{"hash":"1c26843f6d3a14e622521fd7f657bdc479cece15","messageTitle":"Level 6","messageBody":"","tags":["Level-6"],"fileTypesAndContributionMap":{"java":{"insertions":65,"deletions":35}}}]},{"date":"2022-04-04","commitResults":[{"hash":"667cd45bd0a4fc9b7aef842b378b30977c9ef58a","messageTitle":"Level 7: A-MoreOOP in progress","messageBody":"","fileTypesAndContributionMap":{"java":{"insertions":195,"deletions":1}}},{"hash":"0524808835cefceb451008d869f3eee0a669c7de","messageTitle":"Level 7: A-MoreOOP Done","messageBody":"","fileTypesAndContributionMap":{"java":{"insertions":186,"deletions":9}}}]},{"date":"2022-04-05","commitResults":[{"hash":"295ec24ce003869af80a5e48ce52e97432ac68a8","messageTitle":"Level 7:A-Packages","messageBody":"","fileTypesAndContributionMap":{"java":{"insertions":142,"deletions":60}}},{"hash":"3c66c5affcf12500d7115ab155d2eeeaff5924d6","messageTitle":"Level 7: Save","messageBody":"","tags":["Level-7"],"fileTypesAndContributionMap":{"java":{"insertions":177,"deletions":163}}},{"hash":"70377e427615d8a2d02d08005a3752c17d2f6a81","messageTitle":"Level 8: Dates and times, A-Libraries","messageBody":"","fileTypesAndContributionMap":{"java":{"insertions":72,"deletions":24}}}]},{"date":"2022-04-06","commitResults":[{"hash":"f699160a1df546d63ab959aa30fe388f42cdf2a7","messageTitle":"Level 8: Exception Handling for Date/time","messageBody":"","fileTypesAndContributionMap":{"java":{"insertions":23,"deletions":22}}},{"hash":"ac7080ba76d651e175f1bef615f66e67ba14390d","messageTitle":"Small code Changes","messageBody":"","fileTypesAndContributionMap":{"java":{"insertions":4,"deletions":4}}},{"hash":"78d7801f6e54b89178a9065d63256712547df33e","messageTitle":"Level 8: A-Gradle","messageBody":"","fileTypesAndContributionMap":{"gradle":{"insertions":4,"deletions":1}}},{"hash":"e6c791bbe2ec5974f6df67d0ec37d7950a159c3b","messageTitle":"Added CheckStyles and fixed Styles","messageBody":"","fileTypesAndContributionMap":{"java":{"insertions":170,"deletions":154}}},{"hash":"fd94454b1337c94d7776a5831fd5c183e4740b14","messageTitle":"Level 8: A-JUnit","messageBody":"","fileTypesAndContributionMap":{"java":{"insertions":270,"deletions":0}}},{"hash":"ba3c760495fa2e4eda4eed69e516d76523c136f5","messageTitle":"Level 9: Find","messageBody":"","fileTypesAndContributionMap":{"java":{"insertions":76,"deletions":18}}}]},{"date":"2022-04-07","commitResults":[{"hash":"50a4e15e5fae5e04ce414607d4d7b9aac02822c5","messageTitle":"Individual Feature: C-Update","messageBody":"","fileTypesAndContributionMap":{"java":{"insertions":118,"deletions":3}}},{"hash":"2eaa2d45a5287641f7c21f03fb061271bc266669","messageTitle":"C-Update Fixed bug","messageBody":"","fileTypesAndContributionMap":{"java":{"insertions":11,"deletions":0}}},{"hash":"6bd0b37aab6ac2d9126aa5c2a14c6cdc7775bef1","messageTitle":"C-MassOps","messageBody":"","fileTypesAndContributionMap":{"java":{"insertions":68,"deletions":17}}},{"hash":"38d9adc01859f6188cf7a83e344e1b41fae2b531","messageTitle":"Level 8: A-JavaDoc","messageBody":"","tags":["Level-8"],"fileTypesAndContributionMap":{"java":{"insertions":256,"deletions":28}}},{"hash":"aad89ebfbbd88fb48ea27d5ad9d0b99a1bf526f3","messageTitle":"Level 8: A-JavaDocs. added a few more","messageBody":"","fileTypesAndContributionMap":{"java":{"insertions":36,"deletions":1}}},{"hash":"c89e0089c2225aa422b712813738f6e51dbc9ae0","messageTitle":"Level 8: J-unit Testing more tests","messageBody":"","fileTypesAndContributionMap":{"java":{"insertions":35,"deletions":1}}}]},{"date":"2022-04-08","commitResults":[{"hash":"5ffb6bde76805c3e2340380e1dc5aac3009ececd","messageTitle":"C-Help","messageBody":"","tags":["Level-9"],"fileTypesAndContributionMap":{"java":{"insertions":160,"deletions":6}}},{"hash":"7e5ec17c8223b97b7f96899678d488730091b6c3","messageTitle":"Level 10: A-Assertions and Enabled Assertions","messageBody":"","fileTypesAndContributionMap":{"gradle":{"insertions":1,"deletions":0},"java":{"insertions":26,"deletions":21}}},{"hash":"873da0239e3ed8c6d81dcfc55c5051e696a65015","messageTitle":"Week 11: B-FixedDurationTasks","messageBody":"","fileTypesAndContributionMap":{"java":{"insertions":77,"deletions":8}}},{"hash":"c154889f05be2d3ee08289cd28174a7268d33c23","messageTitle":"Reformatted help command","messageBody":"","tags":["Level-10"],"fileTypesAndContributionMap":{"java":{"insertions":15,"deletions":13}}}]},{"date":"2022-04-09","commitResults":[{"hash":"27793aa15a7e30e4c70a38baed448b5a3a4921d6","messageTitle":"Added: View Tasks on certain date","messageBody":"","tags":["View-Tasks-on-Date"],"fileTypesAndContributionMap":{"txt":{"insertions":2,"deletions":2},"java":{"insertions":113,"deletions":28}}},{"hash":"e57cdd6a4e56638a50ed24e52281fda5a0e778bb","messageTitle":"Fixed bug in Fixed Duration Task","messageBody":"","tags":["FixedBug"],"fileTypesAndContributionMap":{"java":{"insertions":8,"deletions":6}}},{"hash":"661a4837a275664d3101a5356985d1ac580142df","messageTitle":"Fixed Styles","messageBody":"","fileTypesAndContributionMap":{"java":{"insertions":1,"deletions":1}}}]},{"date":"2022-04-11","commitResults":[{"hash":"ed3e796820ec4954fb3fdcb15df3d093ca1105bc","messageTitle":"Modified ReadME","messageBody":"","fileTypesAndContributionMap":{"md":{"insertions":5,"deletions":23}}},{"hash":"e26006201f964ec0f3ed754f4ef8d76d634c96e7","messageTitle":"Modified ReadMe","messageBody":"","fileTypesAndContributionMap":{"md":{"insertions":1,"deletions":1}}}]},{"date":"2022-04-12","commitResults":[{"hash":"c7780b8dcbce586b58ceeee27f9173631b22420f","messageTitle":"testing out urls","messageBody":"","fileTypesAndContributionMap":{"md":{"insertions":2,"deletions":2}}},{"hash":"f1e3060398bf3f0aca15eaf7010e11e4eecc33a2","messageTitle":"Update ReadME","messageBody":"","fileTypesAndContributionMap":{"md":{"insertions":4,"deletions":0}}},{"hash":"e9ff4828fcb5c5511d4627531a48ed6f4c760852","messageTitle":"fixed typo","messageBody":"","fileTypesAndContributionMap":{"md":{"insertions":1,"deletions":1}}},{"hash":"bdc0a6cb47931c2ce81b20239dd5b969eea16aaf","messageTitle":"A-UserGuide","messageBody":"","fileTypesAndContributionMap":{"md":{"insertions":206,"deletions":12}}},{"hash":"cfffe40716e94b323b609bd033ccfeacc0f6bf2a","messageTitle":"A-DevGuide","messageBody":"","fileTypesAndContributionMap":{"md":{"insertions":45,"deletions":0}}},{"hash":"44c4b6023f3aecd7bfe1ad095e92a0e761ef8928","messageTitle":"Fixed typo","messageBody":"","fileTypesAndContributionMap":{"md":{"insertions":1,"deletions":1}}}]}]},"authorFileTypeContributionMap":{"keyule":{"java":1908,"md":259,"fxml":0,"sh":0,"bat":0,"gradle":5,"txt":2}},"authorContributionVariance":{"keyule":17354.85},"authorDisplayNameMap":{"keyule":"KE Y..YULE"}}
