[{"path":"src/main/java/Duke.java","fileType":"java","lines":[{"lineNumber":1,"author":{"gitId":"Lexus195"},"content":"import java.util.Scanner;","lastModifiedDate":"2022-02-14"},{"lineNumber":2,"author":{"gitId":"Lexus195"},"content":"","lastModifiedDate":"2022-02-14"},{"lineNumber":3,"author":{"gitId":"Lexus195"},"content":"public class Duke ","lastModifiedDate":"2022-02-14"},{"lineNumber":4,"author":{"gitId":"Lexus195"},"content":"{","lastModifiedDate":"2022-02-14"},{"lineNumber":5,"author":{"gitId":"Lexus195"},"content":"    private static Task[] taskList \u003d new Task[100];","lastModifiedDate":"2022-02-28"},{"lineNumber":6,"author":{"gitId":"Lexus195"},"content":"    private static int taskCount \u003d 0;","lastModifiedDate":"2022-02-28"},{"lineNumber":7,"author":{"gitId":"Lexus195"},"content":"","lastModifiedDate":"2022-02-14"},{"lineNumber":8,"author":{"gitId":"Lexus195"},"content":"    public static void addTask(Task item) ","lastModifiedDate":"2022-02-28"},{"lineNumber":9,"author":{"gitId":"Lexus195"},"content":"    {","lastModifiedDate":"2022-02-14"},{"lineNumber":10,"author":{"gitId":"Lexus195"},"content":"        taskList[taskCount] \u003d item;","lastModifiedDate":"2022-02-28"},{"lineNumber":11,"author":{"gitId":"Lexus195"},"content":"        taskCount++;","lastModifiedDate":"2022-02-28"},{"lineNumber":12,"author":{"gitId":"Lexus195"},"content":"    }","lastModifiedDate":"2022-02-28"},{"lineNumber":13,"author":{"gitId":"Lexus195"},"content":"","lastModifiedDate":"2022-02-28"},{"lineNumber":14,"author":{"gitId":"Lexus195"},"content":"    public static boolean mark(String input) ","lastModifiedDate":"2022-02-28"},{"lineNumber":15,"author":{"gitId":"Lexus195"},"content":"    {","lastModifiedDate":"2022-02-28"},{"lineNumber":16,"author":{"gitId":"Lexus195"},"content":"        boolean isDone \u003d false;","lastModifiedDate":"2022-02-28"},{"lineNumber":17,"author":{"gitId":"Lexus195"},"content":"        String markTask \u003d input.substring(0, input.indexOf(\u0027 \u0027)).trim();","lastModifiedDate":"2022-02-28"},{"lineNumber":18,"author":{"gitId":"Lexus195"},"content":"        if (markTask.equals(\"mark\")) ","lastModifiedDate":"2022-02-28"},{"lineNumber":19,"author":{"gitId":"Lexus195"},"content":"        {","lastModifiedDate":"2022-02-28"},{"lineNumber":20,"author":{"gitId":"Lexus195"},"content":"            System.out.println(\"_ _ _ _ _ _ _ _ _ _ _ _ _\\n\");","lastModifiedDate":"2022-02-28"},{"lineNumber":21,"author":{"gitId":"Lexus195"},"content":"            System.out.println(\"I have mark this task as completed:\");","lastModifiedDate":"2022-02-28"},{"lineNumber":22,"author":{"gitId":"Lexus195"},"content":"            isDone \u003d true;","lastModifiedDate":"2022-02-28"},{"lineNumber":23,"author":{"gitId":"Lexus195"},"content":"        }","lastModifiedDate":"2022-02-28"},{"lineNumber":24,"author":{"gitId":"Lexus195"},"content":"        else if (markTask.equals(\"unmark\")) ","lastModifiedDate":"2022-02-28"},{"lineNumber":25,"author":{"gitId":"Lexus195"},"content":"        {","lastModifiedDate":"2022-02-28"},{"lineNumber":26,"author":{"gitId":"Lexus195"},"content":"            System.out.println(\"_ _ _ _ _ _ _ _ _ _ _ _ _\\n\");","lastModifiedDate":"2022-02-28"},{"lineNumber":27,"author":{"gitId":"Lexus195"},"content":"            System.out.println(\"I have mark this task as incompleted: \");","lastModifiedDate":"2022-02-28"},{"lineNumber":28,"author":{"gitId":"Lexus195"},"content":"        }","lastModifiedDate":"2022-02-28"},{"lineNumber":29,"author":{"gitId":"Lexus195"},"content":"        return isDone;","lastModifiedDate":"2022-02-28"},{"lineNumber":30,"author":{"gitId":"Lexus195"},"content":"    }","lastModifiedDate":"2022-02-14"},{"lineNumber":31,"author":{"gitId":"Lexus195"},"content":"","lastModifiedDate":"2022-02-14"},{"lineNumber":32,"author":{"gitId":"Lexus195"},"content":"    public static void main(String[] args) ","lastModifiedDate":"2022-02-14"},{"lineNumber":33,"author":{"gitId":"Lexus195"},"content":"    {","lastModifiedDate":"2022-02-14"},{"lineNumber":34,"author":{"gitId":"-"},"content":"        String logo \u003d \" ____        _        \\n\"","lastModifiedDate":"2019-07-29"},{"lineNumber":35,"author":{"gitId":"-"},"content":"                + \"|  _ \\\\ _   _| | _____ \\n\"","lastModifiedDate":"2019-07-29"},{"lineNumber":36,"author":{"gitId":"-"},"content":"                + \"| | | | | | | |/ / _ \\\\\\n\"","lastModifiedDate":"2019-07-29"},{"lineNumber":37,"author":{"gitId":"-"},"content":"                + \"| |_| | |_| |   \u003c  __/\\n\"","lastModifiedDate":"2019-07-29"},{"lineNumber":38,"author":{"gitId":"-"},"content":"                + \"|____/ \\\\__,_|_|\\\\_\\\\___|\\n\";","lastModifiedDate":"2019-07-29"},{"lineNumber":39,"author":{"gitId":"-"},"content":"        System.out.println(\"Hello from\\n\" + logo);","lastModifiedDate":"2019-07-29"},{"lineNumber":40,"author":{"gitId":"Lexus195"},"content":"        System.out.println(\"_ _ _ _ _ _ _ _ _ _ _ _ _\\n\");","lastModifiedDate":"2022-02-14"},{"lineNumber":41,"author":{"gitId":"Lexus195"},"content":"        System.out.println(\"Hello I am Duke\\nWhat can I do for you today?\");","lastModifiedDate":"2022-02-14"},{"lineNumber":42,"author":{"gitId":"Lexus195"},"content":"        System.out.println(\"_ _ _ _ _ _ _ _ _ _ _ _ _\\n\");","lastModifiedDate":"2022-02-14"},{"lineNumber":43,"author":{"gitId":"Lexus195"},"content":"","lastModifiedDate":"2022-02-14"},{"lineNumber":44,"author":{"gitId":"Lexus195"},"content":"        Scanner in \u003d new Scanner(System.in);","lastModifiedDate":"2022-02-14"},{"lineNumber":45,"author":{"gitId":"Lexus195"},"content":"        String userInput;","lastModifiedDate":"2022-02-14"},{"lineNumber":46,"author":{"gitId":"Lexus195"},"content":"        userInput \u003d in.nextLine();","lastModifiedDate":"2022-02-14"},{"lineNumber":47,"author":{"gitId":"Lexus195"},"content":"        ","lastModifiedDate":"2022-02-14"},{"lineNumber":48,"author":{"gitId":"Lexus195"},"content":"        while(!userInput.equals(\"Bye\"))","lastModifiedDate":"2022-02-14"},{"lineNumber":49,"author":{"gitId":"Lexus195"},"content":"        {","lastModifiedDate":"2022-02-14"},{"lineNumber":50,"author":{"gitId":"Lexus195"},"content":"            if(userInput.equals(\"List\"))","lastModifiedDate":"2022-02-14"},{"lineNumber":51,"author":{"gitId":"Lexus195"},"content":"            {","lastModifiedDate":"2022-02-14"},{"lineNumber":52,"author":{"gitId":"Lexus195"},"content":"                System.out.println(\"Below are the list of events needed to be complete:\\n\");","lastModifiedDate":"2022-02-14"},{"lineNumber":53,"author":{"gitId":"Lexus195"},"content":"                for (int i \u003d 0; i \u003c taskCount; i++)","lastModifiedDate":"2022-02-28"},{"lineNumber":54,"author":{"gitId":"Lexus195"},"content":"                {","lastModifiedDate":"2022-02-14"},{"lineNumber":55,"author":{"gitId":"Lexus195"},"content":"                    System.out.println((i+1) + \": \" + \"[\" + taskList[i].getStatusIcon() + \"] \" + taskList[i].description);","lastModifiedDate":"2022-02-28"},{"lineNumber":56,"author":{"gitId":"Lexus195"},"content":"                }","lastModifiedDate":"2022-02-14"},{"lineNumber":57,"author":{"gitId":"Lexus195"},"content":"                System.out.println(\"_ _ _ _ _ _ _ _ _ _ _ _ _\\n\");","lastModifiedDate":"2022-02-14"},{"lineNumber":58,"author":{"gitId":"Lexus195"},"content":"                System.out.println(\"What can I do for you today?\");","lastModifiedDate":"2022-02-14"},{"lineNumber":59,"author":{"gitId":"Lexus195"},"content":"                userInput \u003d in.nextLine();","lastModifiedDate":"2022-02-14"},{"lineNumber":60,"author":{"gitId":"Lexus195"},"content":"            }","lastModifiedDate":"2022-02-28"},{"lineNumber":61,"author":{"gitId":"Lexus195"},"content":"","lastModifiedDate":"2022-02-28"},{"lineNumber":62,"author":{"gitId":"Lexus195"},"content":"            else if(userInput.contains(\"mark\"))  ","lastModifiedDate":"2022-02-28"},{"lineNumber":63,"author":{"gitId":"Lexus195"},"content":"            {","lastModifiedDate":"2022-02-28"},{"lineNumber":64,"author":{"gitId":"Lexus195"},"content":"                String index \u003d userInput.replaceAll(\"\\\\D+\",\"\"); ","lastModifiedDate":"2022-02-28"},{"lineNumber":65,"author":{"gitId":"Lexus195"},"content":"                int taskIndex \u003d Integer.parseInt(index)-1; ","lastModifiedDate":"2022-02-28"},{"lineNumber":66,"author":{"gitId":"Lexus195"},"content":"                if(taskIndex \u003d\u003d -1)","lastModifiedDate":"2022-02-28"},{"lineNumber":67,"author":{"gitId":"Lexus195"},"content":"                {","lastModifiedDate":"2022-02-28"},{"lineNumber":68,"author":{"gitId":"Lexus195"},"content":"                    continue;","lastModifiedDate":"2022-02-14"},{"lineNumber":69,"author":{"gitId":"Lexus195"},"content":"                }","lastModifiedDate":"2022-02-14"},{"lineNumber":70,"author":{"gitId":"Lexus195"},"content":"                taskList[taskIndex].isDone \u003d mark(userInput);","lastModifiedDate":"2022-02-28"},{"lineNumber":71,"author":{"gitId":"Lexus195"},"content":"                System.out.println(\" [\" + taskList[taskIndex].getStatusIcon() + \"] \" + taskList[taskIndex].description);","lastModifiedDate":"2022-02-28"},{"lineNumber":72,"author":{"gitId":"Lexus195"},"content":"                System.out.println(\"_ _ _ _ _ _ _ _ _ _ _ _ _\\n\");","lastModifiedDate":"2022-02-28"},{"lineNumber":73,"author":{"gitId":"Lexus195"},"content":"                userInput \u003d in.nextLine();","lastModifiedDate":"2022-02-28"},{"lineNumber":74,"author":{"gitId":"Lexus195"},"content":"            }","lastModifiedDate":"2022-02-28"},{"lineNumber":75,"author":{"gitId":"Lexus195"},"content":"","lastModifiedDate":"2022-02-28"},{"lineNumber":76,"author":{"gitId":"Lexus195"},"content":"            else","lastModifiedDate":"2022-02-28"},{"lineNumber":77,"author":{"gitId":"Lexus195"},"content":"            {","lastModifiedDate":"2022-02-28"},{"lineNumber":78,"author":{"gitId":"Lexus195"},"content":"                Task t \u003d new Task(userInput);","lastModifiedDate":"2022-02-28"},{"lineNumber":79,"author":{"gitId":"Lexus195"},"content":"                addTask(t);","lastModifiedDate":"2022-02-28"},{"lineNumber":80,"author":{"gitId":"Lexus195"},"content":"                System.out.println(\"A new event has been added: \" + userInput);","lastModifiedDate":"2022-02-14"},{"lineNumber":81,"author":{"gitId":"Lexus195"},"content":"                System.out.println(\"What can I do for you today?\");","lastModifiedDate":"2022-02-14"},{"lineNumber":82,"author":{"gitId":"Lexus195"},"content":"                userInput \u003d in.nextLine();","lastModifiedDate":"2022-02-14"},{"lineNumber":83,"author":{"gitId":"Lexus195"},"content":"            }","lastModifiedDate":"2022-02-14"},{"lineNumber":84,"author":{"gitId":"Lexus195"},"content":"        }","lastModifiedDate":"2022-02-28"},{"lineNumber":85,"author":{"gitId":"Lexus195"},"content":"","lastModifiedDate":"2022-02-14"},{"lineNumber":86,"author":{"gitId":"Lexus195"},"content":"            System.out.println(\"_ _ _ _ _ _ _ _ _ _ _ _ _\\n\");","lastModifiedDate":"2022-02-14"},{"lineNumber":87,"author":{"gitId":"Lexus195"},"content":"            System.out.println(\"Bye Bye. Enjoy your day and hope to see you again soon!\\n\");","lastModifiedDate":"2022-02-14"},{"lineNumber":88,"author":{"gitId":"-"},"content":"    }","lastModifiedDate":"2019-07-29"},{"lineNumber":89,"author":{"gitId":"-"},"content":"}","lastModifiedDate":"2019-07-29"}],"authorContributionMap":{"-":8,"Lexus195":81}},{"path":"src/main/java/Task.java","fileType":"java","lines":[{"lineNumber":1,"author":{"gitId":"Lexus195"},"content":"public class Task ","lastModifiedDate":"2022-02-28"},{"lineNumber":2,"author":{"gitId":"Lexus195"},"content":"{","lastModifiedDate":"2022-02-28"},{"lineNumber":3,"author":{"gitId":"Lexus195"},"content":"    protected String description;","lastModifiedDate":"2022-02-28"},{"lineNumber":4,"author":{"gitId":"Lexus195"},"content":"    protected boolean isDone;","lastModifiedDate":"2022-02-28"},{"lineNumber":5,"author":{"gitId":"Lexus195"},"content":"","lastModifiedDate":"2022-02-28"},{"lineNumber":6,"author":{"gitId":"Lexus195"},"content":"    public Task(String description) ","lastModifiedDate":"2022-02-28"},{"lineNumber":7,"author":{"gitId":"Lexus195"},"content":"    {","lastModifiedDate":"2022-02-28"},{"lineNumber":8,"author":{"gitId":"Lexus195"},"content":"        this.description \u003d description;","lastModifiedDate":"2022-02-28"},{"lineNumber":9,"author":{"gitId":"Lexus195"},"content":"        this.isDone \u003d false;","lastModifiedDate":"2022-02-28"},{"lineNumber":10,"author":{"gitId":"Lexus195"},"content":"    }","lastModifiedDate":"2022-02-28"},{"lineNumber":11,"author":{"gitId":"Lexus195"},"content":"","lastModifiedDate":"2022-02-28"},{"lineNumber":12,"author":{"gitId":"Lexus195"},"content":"    public String getStatusIcon() ","lastModifiedDate":"2022-02-28"},{"lineNumber":13,"author":{"gitId":"Lexus195"},"content":"    {","lastModifiedDate":"2022-02-28"},{"lineNumber":14,"author":{"gitId":"Lexus195"},"content":"        return (isDone ? \"X\" : \" \"); // mark done task with X","lastModifiedDate":"2022-02-28"},{"lineNumber":15,"author":{"gitId":"Lexus195"},"content":"    }","lastModifiedDate":"2022-02-28"},{"lineNumber":16,"author":{"gitId":"Lexus195"},"content":"","lastModifiedDate":"2022-02-28"},{"lineNumber":17,"author":{"gitId":"Lexus195"},"content":"    @Override","lastModifiedDate":"2022-02-28"},{"lineNumber":18,"author":{"gitId":"Lexus195"},"content":"    public String toString() ","lastModifiedDate":"2022-02-28"},{"lineNumber":19,"author":{"gitId":"Lexus195"},"content":"    {","lastModifiedDate":"2022-02-28"},{"lineNumber":20,"author":{"gitId":"Lexus195"},"content":"        return \"[\" + getStatusIcon() + \"] \" + description;","lastModifiedDate":"2022-02-28"},{"lineNumber":21,"author":{"gitId":"Lexus195"},"content":"    }","lastModifiedDate":"2022-02-28"},{"lineNumber":22,"author":{"gitId":"Lexus195"},"content":"}","lastModifiedDate":"2022-02-28"}],"authorContributionMap":{"Lexus195":22}}]
