[{"path":"src/main/java/Duke.java","fileType":"java","lines":[{"lineNumber":1,"author":{"gitId":"Lexus195"},"content":"import java.util.Scanner;","lastModifiedDate":"2022-02-14"},{"lineNumber":2,"author":{"gitId":"Lexus195"},"content":"","lastModifiedDate":"2022-02-14"},{"lineNumber":3,"author":{"gitId":"Lexus195"},"content":"public class Duke ","lastModifiedDate":"2022-02-14"},{"lineNumber":4,"author":{"gitId":"Lexus195"},"content":"{","lastModifiedDate":"2022-02-14"},{"lineNumber":5,"author":{"gitId":"Lexus195"},"content":"    private static String[] event \u003d new String[100];","lastModifiedDate":"2022-02-14"},{"lineNumber":6,"author":{"gitId":"Lexus195"},"content":"    private static int eventCount \u003d 0;","lastModifiedDate":"2022-02-14"},{"lineNumber":7,"author":{"gitId":"Lexus195"},"content":"","lastModifiedDate":"2022-02-14"},{"lineNumber":8,"author":{"gitId":"Lexus195"},"content":"    public static void addEvent(String item) ","lastModifiedDate":"2022-02-14"},{"lineNumber":9,"author":{"gitId":"Lexus195"},"content":"    {","lastModifiedDate":"2022-02-14"},{"lineNumber":10,"author":{"gitId":"Lexus195"},"content":"        event[eventCount] \u003d item;","lastModifiedDate":"2022-02-14"},{"lineNumber":11,"author":{"gitId":"Lexus195"},"content":"        eventCount++;","lastModifiedDate":"2022-02-14"},{"lineNumber":12,"author":{"gitId":"Lexus195"},"content":"    }","lastModifiedDate":"2022-02-14"},{"lineNumber":13,"author":{"gitId":"Lexus195"},"content":"","lastModifiedDate":"2022-02-14"},{"lineNumber":14,"author":{"gitId":"Lexus195"},"content":"    public static void main(String[] args) ","lastModifiedDate":"2022-02-14"},{"lineNumber":15,"author":{"gitId":"Lexus195"},"content":"    {","lastModifiedDate":"2022-02-14"},{"lineNumber":16,"author":{"gitId":"-"},"content":"        String logo \u003d \" ____        _        \\n\"","lastModifiedDate":"2019-07-29"},{"lineNumber":17,"author":{"gitId":"-"},"content":"                + \"|  _ \\\\ _   _| | _____ \\n\"","lastModifiedDate":"2019-07-29"},{"lineNumber":18,"author":{"gitId":"-"},"content":"                + \"| | | | | | | |/ / _ \\\\\\n\"","lastModifiedDate":"2019-07-29"},{"lineNumber":19,"author":{"gitId":"-"},"content":"                + \"| |_| | |_| |   \u003c  __/\\n\"","lastModifiedDate":"2019-07-29"},{"lineNumber":20,"author":{"gitId":"-"},"content":"                + \"|____/ \\\\__,_|_|\\\\_\\\\___|\\n\";","lastModifiedDate":"2019-07-29"},{"lineNumber":21,"author":{"gitId":"-"},"content":"        System.out.println(\"Hello from\\n\" + logo);","lastModifiedDate":"2019-07-29"},{"lineNumber":22,"author":{"gitId":"Lexus195"},"content":"","lastModifiedDate":"2022-02-14"},{"lineNumber":23,"author":{"gitId":"Lexus195"},"content":"        System.out.println(\"_ _ _ _ _ _ _ _ _ _ _ _ _\\n\");","lastModifiedDate":"2022-02-14"},{"lineNumber":24,"author":{"gitId":"Lexus195"},"content":"        System.out.println(\"Hello I am Duke\\nWhat can I do for you today?\");","lastModifiedDate":"2022-02-14"},{"lineNumber":25,"author":{"gitId":"Lexus195"},"content":"        System.out.println(\"_ _ _ _ _ _ _ _ _ _ _ _ _\\n\");","lastModifiedDate":"2022-02-14"},{"lineNumber":26,"author":{"gitId":"Lexus195"},"content":"","lastModifiedDate":"2022-02-14"},{"lineNumber":27,"author":{"gitId":"Lexus195"},"content":"        Scanner in \u003d new Scanner(System.in);","lastModifiedDate":"2022-02-14"},{"lineNumber":28,"author":{"gitId":"Lexus195"},"content":"        String userInput;","lastModifiedDate":"2022-02-14"},{"lineNumber":29,"author":{"gitId":"Lexus195"},"content":"        userInput \u003d in.nextLine();","lastModifiedDate":"2022-02-14"},{"lineNumber":30,"author":{"gitId":"Lexus195"},"content":"","lastModifiedDate":"2022-02-14"},{"lineNumber":31,"author":{"gitId":"Lexus195"},"content":"        while(!userInput.equals(\"Bye\"))","lastModifiedDate":"2022-02-14"},{"lineNumber":32,"author":{"gitId":"Lexus195"},"content":"        {","lastModifiedDate":"2022-02-14"},{"lineNumber":33,"author":{"gitId":"Lexus195"},"content":"            if(userInput.equals(\"List\"))","lastModifiedDate":"2022-02-14"},{"lineNumber":34,"author":{"gitId":"Lexus195"},"content":"            {","lastModifiedDate":"2022-02-14"},{"lineNumber":35,"author":{"gitId":"Lexus195"},"content":"                System.out.println(\"Below are the list of events needed to be complete:\\n\");","lastModifiedDate":"2022-02-14"},{"lineNumber":36,"author":{"gitId":"Lexus195"},"content":"                for (int i \u003d 0; i \u003c eventCount; i++)","lastModifiedDate":"2022-02-14"},{"lineNumber":37,"author":{"gitId":"Lexus195"},"content":"                {","lastModifiedDate":"2022-02-14"},{"lineNumber":38,"author":{"gitId":"Lexus195"},"content":"                    System.out.println((i+1) + \": \" + event[i]);","lastModifiedDate":"2022-02-14"},{"lineNumber":39,"author":{"gitId":"Lexus195"},"content":"                }","lastModifiedDate":"2022-02-14"},{"lineNumber":40,"author":{"gitId":"Lexus195"},"content":"                System.out.println(\"_ _ _ _ _ _ _ _ _ _ _ _ _\\n\");","lastModifiedDate":"2022-02-14"},{"lineNumber":41,"author":{"gitId":"Lexus195"},"content":"                System.out.println(\"What can I do for you today?\");","lastModifiedDate":"2022-02-14"},{"lineNumber":42,"author":{"gitId":"Lexus195"},"content":"                userInput \u003d in.nextLine();","lastModifiedDate":"2022-02-14"},{"lineNumber":43,"author":{"gitId":"Lexus195"},"content":"                continue;","lastModifiedDate":"2022-02-14"},{"lineNumber":44,"author":{"gitId":"Lexus195"},"content":"            }","lastModifiedDate":"2022-02-14"},{"lineNumber":45,"author":{"gitId":"Lexus195"},"content":"                addEvent(userInput);","lastModifiedDate":"2022-02-14"},{"lineNumber":46,"author":{"gitId":"Lexus195"},"content":"                System.out.println(\"A new event has been added: \" + userInput);","lastModifiedDate":"2022-02-14"},{"lineNumber":47,"author":{"gitId":"Lexus195"},"content":"                System.out.println(\"What can I do for you today?\");","lastModifiedDate":"2022-02-14"},{"lineNumber":48,"author":{"gitId":"Lexus195"},"content":"                userInput \u003d in.nextLine();","lastModifiedDate":"2022-02-14"},{"lineNumber":49,"author":{"gitId":"Lexus195"},"content":"        }","lastModifiedDate":"2022-02-14"},{"lineNumber":50,"author":{"gitId":"Lexus195"},"content":"","lastModifiedDate":"2022-02-14"},{"lineNumber":51,"author":{"gitId":"Lexus195"},"content":"            System.out.println(\"_ _ _ _ _ _ _ _ _ _ _ _ _\\n\");","lastModifiedDate":"2022-02-14"},{"lineNumber":52,"author":{"gitId":"Lexus195"},"content":"            System.out.println(\"Bye Bye. Enjoy your day and hope to see you again soon!\\n\");","lastModifiedDate":"2022-02-14"},{"lineNumber":53,"author":{"gitId":"-"},"content":"    }","lastModifiedDate":"2019-07-29"},{"lineNumber":54,"author":{"gitId":"-"},"content":"}","lastModifiedDate":"2019-07-29"}],"authorContributionMap":{"-":8,"Lexus195":46}}]
