{"authorDailyContributionsMap":{"Lexus195":[{"date":"2022-02-14","commitResults":[{"hash":"c3ef15f92f6696826772f5b4cef007dc818e0967","messageTitle":"Level 1","messageBody":"","tags":["V1.0"],"fileTypesAndContributionMap":{"java":{"insertions":22,"deletions":1}}},{"hash":"c96686b0a8cea715b2b085088d5958a5fa0942eb","messageTitle":"Level 2","messageBody":"","tags":["V2.0"],"fileTypesAndContributionMap":{"java":{"insertions":30,"deletions":7}}}]}]},"authorFileTypeContributionMap":{"Lexus195":{"java":46,"md":0,"fxml":0,"sh":0,"bat":0,"gradle":0,"txt":0}},"authorContributionVariance":{"Lexus195":97.22221},"authorDisplayNameMap":{"Lexus195":"LIM ..SHEN"}}
